timestamp, utilization.gpu [%], memory.used [MiB], memory.total [MiB]
2026/04/15 19:17:37.511, 0 %, 0 MiB, 81920 MiB
2026/04/15 19:17:37.517, 2 %, 0 MiB, 81920 MiB
2026/04/15 19:17:42.524, 0 %, 0 MiB, 81920 MiB
2026/04/15 19:17:42.524, 0 %, 0 MiB, 81920 MiB
2026/04/15 19:17:47.525, 0 %, 0 MiB, 81920 MiB
2026/04/15 19:17:47.525, 0 %, 0 MiB, 81920 MiB
2026/04/15 19:17:52.526, 0 %, 0 MiB, 81920 MiB
2026/04/15 19:17:52.526, 0 %, 0 MiB, 81920 MiB
2026/04/15 19:17:57.526, 0 %, 0 MiB, 81920 MiB
2026/04/15 19:17:57.526, 0 %, 0 MiB, 81920 MiB
2026/04/15 19:18:02.527, 0 %, 0 MiB, 81920 MiB
2026/04/15 19:18:02.527, 0 %, 0 MiB, 81920 MiB
2026/04/15 19:18:07.528, 0 %, 0 MiB, 81920 MiB
2026/04/15 19:18:07.528, 0 %, 0 MiB, 81920 MiB
2026/04/15 19:18:12.529, 0 %, 0 MiB, 81920 MiB
2026/04/15 19:18:12.529, 0 %, 0 MiB, 81920 MiB
2026/04/15 19:18:17.529, 0 %, 0 MiB, 81920 MiB
2026/04/15 19:18:17.530, 0 %, 0 MiB, 81920 MiB
2026/04/15 19:18:22.530, 0 %, 0 MiB, 81920 MiB
2026/04/15 19:18:22.530, 0 %, 0 MiB, 81920 MiB
2026/04/15 19:18:27.531, 0 %, 0 MiB, 81920 MiB
2026/04/15 19:18:27.531, 0 %, 0 MiB, 81920 MiB
2026/04/15 19:18:32.532, 0 %, 0 MiB, 81920 MiB
2026/04/15 19:18:32.532, 0 %, 0 MiB, 81920 MiB
2026/04/15 19:18:37.533, 0 %, 0 MiB, 81920 MiB
2026/04/15 19:18:37.533, 0 %, 0 MiB, 81920 MiB
2026/04/15 19:18:42.534, 0 %, 0 MiB, 81920 MiB
2026/04/15 19:18:42.534, 0 %, 0 MiB, 81920 MiB
2026/04/15 19:18:47.535, 0 %, 0 MiB, 81920 MiB
2026/04/15 19:18:47.535, 0 %, 0 MiB, 81920 MiB
2026/04/15 19:18:52.535, 0 %, 0 MiB, 81920 MiB
2026/04/15 19:18:52.536, 0 %, 0 MiB, 81920 MiB
2026/04/15 19:18:57.536, 0 %, 0 MiB, 81920 MiB
2026/04/15 19:18:57.536, 0 %, 0 MiB, 81920 MiB
2026/04/15 19:19:02.537, 0 %, 0 MiB, 81920 MiB
2026/04/15 19:19:02.537, 0 %, 0 MiB, 81920 MiB
2026/04/15 19:19:07.538, 0 %, 423 MiB, 81920 MiB
2026/04/15 19:19:07.538, 0 %, 0 MiB, 81920 MiB
2026/04/15 19:19:12.539, 0 %, 425 MiB, 81920 MiB
2026/04/15 19:19:12.539, 0 %, 0 MiB, 81920 MiB
2026/04/15 19:19:17.540, 0 %, 425 MiB, 81920 MiB
2026/04/15 19:19:17.540, 0 %, 0 MiB, 81920 MiB
2026/04/15 19:19:22.541, 0 %, 427 MiB, 81920 MiB
2026/04/15 19:19:22.541, 0 %, 0 MiB, 81920 MiB
2026/04/15 19:19:27.541, 0 %, 435 MiB, 81920 MiB
2026/04/15 19:19:27.541, 0 %, 0 MiB, 81920 MiB
2026/04/15 19:19:32.542, 2 %, 439 MiB, 81920 MiB
2026/04/15 19:19:32.542, 0 %, 0 MiB, 81920 MiB
2026/04/15 19:19:37.543, 0 %, 501 MiB, 81920 MiB
2026/04/15 19:19:37.543, 0 %, 0 MiB, 81920 MiB
2026/04/15 19:19:42.543, 20 %, 415 MiB, 81920 MiB
2026/04/15 19:19:42.543, 0 %, 0 MiB, 81920 MiB
2026/04/15 19:19:47.544, 0 %, 463 MiB, 81920 MiB
2026/04/15 19:19:47.544, 0 %, 0 MiB, 81920 MiB
2026/04/15 19:19:52.545, 82 %, 573 MiB, 81920 MiB
2026/04/15 19:19:52.545, 0 %, 0 MiB, 81920 MiB
2026/04/15 19:19:57.548, 0 %, 463 MiB, 81920 MiB
2026/04/15 19:19:57.548, 0 %, 0 MiB, 81920 MiB
2026/04/15 19:20:02.553, 0 %, 463 MiB, 81920 MiB
2026/04/15 19:20:02.553, 0 %, 0 MiB, 81920 MiB
2026/04/15 19:20:07.554, 0 %, 463 MiB, 81920 MiB
2026/04/15 19:20:07.554, 0 %, 0 MiB, 81920 MiB
2026/04/15 19:20:12.555, 0 %, 463 MiB, 81920 MiB
2026/04/15 19:20:12.556, 0 %, 0 MiB, 81920 MiB
2026/04/15 19:20:17.556, 0 %, 463 MiB, 81920 MiB
2026/04/15 19:20:17.556, 0 %, 0 MiB, 81920 MiB
2026/04/15 19:20:22.557, 0 %, 463 MiB, 81920 MiB
2026/04/15 19:20:22.558, 0 %, 0 MiB, 81920 MiB
2026/04/15 19:20:27.559, 0 %, 463 MiB, 81920 MiB
2026/04/15 19:20:27.559, 0 %, 0 MiB, 81920 MiB
2026/04/15 19:20:32.560, 0 %, 463 MiB, 81920 MiB
2026/04/15 19:20:32.561, 0 %, 0 MiB, 81920 MiB
2026/04/15 19:20:37.562, 0 %, 463 MiB, 81920 MiB
2026/04/15 19:20:37.562, 0 %, 0 MiB, 81920 MiB
2026/04/15 19:20:42.563, 0 %, 463 MiB, 81920 MiB
2026/04/15 19:20:42.563, 0 %, 0 MiB, 81920 MiB
2026/04/15 19:20:47.564, 0 %, 463 MiB, 81920 MiB
2026/04/15 19:20:47.564, 0 %, 0 MiB, 81920 MiB
2026/04/15 19:20:52.565, 0 %, 463 MiB, 81920 MiB
2026/04/15 19:20:52.565, 0 %, 0 MiB, 81920 MiB
2026/04/15 19:20:57.566, 0 %, 463 MiB, 81920 MiB
2026/04/15 19:20:57.566, 0 %, 0 MiB, 81920 MiB
2026/04/15 19:21:02.567, 0 %, 463 MiB, 81920 MiB
2026/04/15 19:21:02.567, 0 %, 0 MiB, 81920 MiB
2026/04/15 19:21:07.567, 0 %, 463 MiB, 81920 MiB
2026/04/15 19:21:07.568, 0 %, 0 MiB, 81920 MiB
2026/04/15 19:21:12.568, 0 %, 463 MiB, 81920 MiB
2026/04/15 19:21:12.568, 0 %, 0 MiB, 81920 MiB
2026/04/15 19:21:17.569, 0 %, 463 MiB, 81920 MiB
2026/04/15 19:21:17.569, 0 %, 0 MiB, 81920 MiB
2026/04/15 19:21:22.570, 0 %, 463 MiB, 81920 MiB
2026/04/15 19:21:22.570, 0 %, 0 MiB, 81920 MiB
2026/04/15 19:21:27.571, 0 %, 463 MiB, 81920 MiB
2026/04/15 19:21:27.571, 0 %, 0 MiB, 81920 MiB
2026/04/15 19:21:32.572, 0 %, 463 MiB, 81920 MiB
2026/04/15 19:21:32.572, 0 %, 0 MiB, 81920 MiB
2026/04/15 19:21:37.573, 0 %, 463 MiB, 81920 MiB
2026/04/15 19:21:37.573, 0 %, 0 MiB, 81920 MiB
2026/04/15 19:21:42.574, 0 %, 463 MiB, 81920 MiB
2026/04/15 19:21:42.574, 0 %, 0 MiB, 81920 MiB
2026/04/15 19:21:47.574, 0 %, 463 MiB, 81920 MiB
2026/04/15 19:21:47.574, 0 %, 0 MiB, 81920 MiB
2026/04/15 19:21:52.575, 0 %, 463 MiB, 81920 MiB
2026/04/15 19:21:52.575, 0 %, 0 MiB, 81920 MiB
2026/04/15 19:21:57.576, 0 %, 463 MiB, 81920 MiB
2026/04/15 19:21:57.576, 0 %, 0 MiB, 81920 MiB
2026/04/15 19:22:02.577, 0 %, 463 MiB, 81920 MiB
2026/04/15 19:22:02.577, 0 %, 0 MiB, 81920 MiB
2026/04/15 19:22:07.578, 0 %, 463 MiB, 81920 MiB
2026/04/15 19:22:07.578, 0 %, 0 MiB, 81920 MiB
2026/04/15 19:22:12.579, 0 %, 463 MiB, 81920 MiB
2026/04/15 19:22:12.579, 0 %, 0 MiB, 81920 MiB
2026/04/15 19:22:17.580, 0 %, 463 MiB, 81920 MiB
2026/04/15 19:22:17.580, 0 %, 0 MiB, 81920 MiB
2026/04/15 19:22:22.582, 0 %, 463 MiB, 81920 MiB
2026/04/15 19:22:22.582, 0 %, 0 MiB, 81920 MiB
2026/04/15 19:22:27.583, 0 %, 463 MiB, 81920 MiB
2026/04/15 19:22:27.583, 0 %, 0 MiB, 81920 MiB
2026/04/15 19:22:32.584, 0 %, 463 MiB, 81920 MiB
2026/04/15 19:22:32.584, 0 %, 0 MiB, 81920 MiB
2026/04/15 19:22:37.585, 0 %, 463 MiB, 81920 MiB
2026/04/15 19:22:37.585, 0 %, 0 MiB, 81920 MiB
2026/04/15 19:22:42.586, 0 %, 463 MiB, 81920 MiB
2026/04/15 19:22:42.586, 0 %, 0 MiB, 81920 MiB
2026/04/15 19:22:47.587, 0 %, 463 MiB, 81920 MiB
2026/04/15 19:22:47.587, 0 %, 0 MiB, 81920 MiB
2026/04/15 19:22:52.588, 0 %, 463 MiB, 81920 MiB
2026/04/15 19:22:52.588, 0 %, 0 MiB, 81920 MiB
2026/04/15 19:22:57.589, 0 %, 463 MiB, 81920 MiB
2026/04/15 19:22:57.589, 0 %, 0 MiB, 81920 MiB
2026/04/15 19:23:02.590, 0 %, 463 MiB, 81920 MiB
2026/04/15 19:23:02.590, 0 %, 0 MiB, 81920 MiB
2026/04/15 19:23:07.591, 0 %, 463 MiB, 81920 MiB
2026/04/15 19:23:07.591, 0 %, 0 MiB, 81920 MiB
2026/04/15 19:23:12.592, 0 %, 463 MiB, 81920 MiB
2026/04/15 19:23:12.592, 0 %, 0 MiB, 81920 MiB
2026/04/15 19:23:17.593, 0 %, 463 MiB, 81920 MiB
2026/04/15 19:23:17.593, 0 %, 0 MiB, 81920 MiB
2026/04/15 19:23:22.594, 0 %, 463 MiB, 81920 MiB
2026/04/15 19:23:22.594, 0 %, 0 MiB, 81920 MiB
2026/04/15 19:23:27.595, 0 %, 463 MiB, 81920 MiB
2026/04/15 19:23:27.595, 0 %, 0 MiB, 81920 MiB
2026/04/15 19:23:32.596, 0 %, 463 MiB, 81920 MiB
2026/04/15 19:23:32.596, 0 %, 0 MiB, 81920 MiB
2026/04/15 19:23:37.597, 0 %, 463 MiB, 81920 MiB
2026/04/15 19:23:37.597, 0 %, 0 MiB, 81920 MiB
2026/04/15 19:23:42.598, 0 %, 463 MiB, 81920 MiB
2026/04/15 19:23:42.598, 0 %, 0 MiB, 81920 MiB
2026/04/15 19:23:47.599, 0 %, 463 MiB, 81920 MiB
2026/04/15 19:23:47.599, 0 %, 0 MiB, 81920 MiB
2026/04/15 19:23:52.600, 0 %, 463 MiB, 81920 MiB
2026/04/15 19:23:52.600, 0 %, 0 MiB, 81920 MiB
2026/04/15 19:23:57.601, 0 %, 463 MiB, 81920 MiB
2026/04/15 19:23:57.601, 0 %, 0 MiB, 81920 MiB
2026/04/15 19:24:02.601, 0 %, 463 MiB, 81920 MiB
2026/04/15 19:24:02.602, 0 %, 0 MiB, 81920 MiB
2026/04/15 19:24:07.602, 0 %, 463 MiB, 81920 MiB
2026/04/15 19:24:07.602, 0 %, 0 MiB, 81920 MiB
2026/04/15 19:24:12.603, 0 %, 463 MiB, 81920 MiB
2026/04/15 19:24:12.603, 0 %, 0 MiB, 81920 MiB
2026/04/15 19:24:17.604, 0 %, 463 MiB, 81920 MiB
2026/04/15 19:24:17.604, 0 %, 0 MiB, 81920 MiB
2026/04/15 19:24:22.605, 0 %, 463 MiB, 81920 MiB
2026/04/15 19:24:22.605, 0 %, 0 MiB, 81920 MiB
2026/04/15 19:24:27.606, 0 %, 463 MiB, 81920 MiB
2026/04/15 19:24:27.606, 0 %, 0 MiB, 81920 MiB
2026/04/15 19:24:32.607, 0 %, 463 MiB, 81920 MiB
2026/04/15 19:24:32.607, 0 %, 0 MiB, 81920 MiB
2026/04/15 19:24:37.608, 0 %, 463 MiB, 81920 MiB
2026/04/15 19:24:37.608, 0 %, 0 MiB, 81920 MiB
2026/04/15 19:24:42.609, 0 %, 463 MiB, 81920 MiB
2026/04/15 19:24:42.609, 0 %, 0 MiB, 81920 MiB
2026/04/15 19:24:47.609, 0 %, 463 MiB, 81920 MiB
2026/04/15 19:24:47.610, 0 %, 0 MiB, 81920 MiB
2026/04/15 19:24:52.610, 0 %, 463 MiB, 81920 MiB
2026/04/15 19:24:52.610, 0 %, 0 MiB, 81920 MiB
2026/04/15 19:24:57.611, 0 %, 463 MiB, 81920 MiB
2026/04/15 19:24:57.611, 0 %, 0 MiB, 81920 MiB
2026/04/15 19:25:02.612, 0 %, 463 MiB, 81920 MiB
2026/04/15 19:25:02.612, 0 %, 0 MiB, 81920 MiB
2026/04/15 19:25:07.613, 0 %, 463 MiB, 81920 MiB
2026/04/15 19:25:07.613, 0 %, 0 MiB, 81920 MiB
2026/04/15 19:25:12.614, 0 %, 463 MiB, 81920 MiB
2026/04/15 19:25:12.614, 0 %, 0 MiB, 81920 MiB
2026/04/15 19:25:17.615, 0 %, 463 MiB, 81920 MiB
2026/04/15 19:25:17.615, 0 %, 0 MiB, 81920 MiB
2026/04/15 19:25:22.616, 0 %, 463 MiB, 81920 MiB
2026/04/15 19:25:22.616, 0 %, 0 MiB, 81920 MiB
2026/04/15 19:25:27.617, 0 %, 463 MiB, 81920 MiB
2026/04/15 19:25:27.617, 0 %, 0 MiB, 81920 MiB
2026/04/15 19:25:32.617, 0 %, 463 MiB, 81920 MiB
2026/04/15 19:25:32.618, 0 %, 0 MiB, 81920 MiB
2026/04/15 19:25:37.618, 0 %, 463 MiB, 81920 MiB
2026/04/15 19:25:37.619, 0 %, 0 MiB, 81920 MiB
2026/04/15 19:25:42.619, 0 %, 61249 MiB, 81920 MiB
2026/04/15 19:25:42.619, 0 %, 0 MiB, 81920 MiB
2026/04/15 19:25:47.620, 0 %, 61249 MiB, 81920 MiB
2026/04/15 19:25:47.620, 0 %, 0 MiB, 81920 MiB
2026/04/15 19:25:52.621, 0 %, 61283 MiB, 81920 MiB
2026/04/15 19:25:52.621, 0 %, 0 MiB, 81920 MiB
2026/04/15 19:25:57.622, 0 %, 61283 MiB, 81920 MiB
2026/04/15 19:25:57.622, 0 %, 0 MiB, 81920 MiB
2026/04/15 19:26:02.623, 22 %, 61317 MiB, 81920 MiB
2026/04/15 19:26:02.623, 0 %, 0 MiB, 81920 MiB
2026/04/15 19:26:07.623, 11 %, 61283 MiB, 81920 MiB
2026/04/15 19:26:07.624, 0 %, 0 MiB, 81920 MiB
2026/04/15 19:26:12.624, 10 %, 61283 MiB, 81920 MiB
2026/04/15 19:26:12.624, 0 %, 0 MiB, 81920 MiB
2026/04/15 19:26:17.625, 0 %, 61283 MiB, 81920 MiB
2026/04/15 19:26:17.625, 0 %, 0 MiB, 81920 MiB
2026/04/15 19:26:22.626, 0 %, 61283 MiB, 81920 MiB
2026/04/15 19:26:22.626, 0 %, 0 MiB, 81920 MiB
2026/04/15 19:26:27.627, 0 %, 61283 MiB, 81920 MiB
2026/04/15 19:26:27.627, 0 %, 0 MiB, 81920 MiB
2026/04/15 19:26:32.627, 0 %, 61283 MiB, 81920 MiB
2026/04/15 19:26:32.627, 0 %, 0 MiB, 81920 MiB
2026/04/15 19:26:37.628, 0 %, 61283 MiB, 81920 MiB
2026/04/15 19:26:37.628, 0 %, 0 MiB, 81920 MiB
2026/04/15 19:26:42.629, 0 %, 61283 MiB, 81920 MiB
2026/04/15 19:26:42.629, 0 %, 0 MiB, 81920 MiB
2026/04/15 19:26:47.630, 0 %, 61283 MiB, 81920 MiB
2026/04/15 19:26:47.630, 0 %, 0 MiB, 81920 MiB
2026/04/15 19:26:52.630, 0 %, 61283 MiB, 81920 MiB
2026/04/15 19:26:52.630, 0 %, 0 MiB, 81920 MiB
2026/04/15 19:26:57.631, 0 %, 61283 MiB, 81920 MiB
2026/04/15 19:26:57.631, 0 %, 0 MiB, 81920 MiB
2026/04/15 19:27:02.632, 0 %, 61283 MiB, 81920 MiB
2026/04/15 19:27:02.632, 0 %, 0 MiB, 81920 MiB
2026/04/15 19:27:07.633, 0 %, 61283 MiB, 81920 MiB
2026/04/15 19:27:07.633, 0 %, 0 MiB, 81920 MiB
2026/04/15 19:27:12.633, 0 %, 61283 MiB, 81920 MiB
2026/04/15 19:27:12.634, 0 %, 0 MiB, 81920 MiB
2026/04/15 19:27:17.634, 0 %, 61283 MiB, 81920 MiB
2026/04/15 19:27:17.634, 0 %, 0 MiB, 81920 MiB
2026/04/15 19:27:22.635, 0 %, 61283 MiB, 81920 MiB
2026/04/15 19:27:22.635, 0 %, 0 MiB, 81920 MiB
2026/04/15 19:27:27.636, 0 %, 61283 MiB, 81920 MiB
2026/04/15 19:27:27.636, 0 %, 0 MiB, 81920 MiB
2026/04/15 19:27:32.637, 0 %, 61283 MiB, 81920 MiB
2026/04/15 19:27:32.637, 0 %, 0 MiB, 81920 MiB
2026/04/15 19:27:37.637, 0 %, 61283 MiB, 81920 MiB
2026/04/15 19:27:37.637, 0 %, 0 MiB, 81920 MiB
2026/04/15 19:27:42.638, 0 %, 61283 MiB, 81920 MiB
2026/04/15 19:27:42.638, 0 %, 0 MiB, 81920 MiB
2026/04/15 19:27:47.639, 0 %, 61283 MiB, 81920 MiB
2026/04/15 19:27:47.639, 0 %, 0 MiB, 81920 MiB
2026/04/15 19:27:52.640, 0 %, 61283 MiB, 81920 MiB
2026/04/15 19:27:52.640, 0 %, 0 MiB, 81920 MiB
2026/04/15 19:27:57.640, 0 %, 61283 MiB, 81920 MiB
2026/04/15 19:27:57.640, 0 %, 0 MiB, 81920 MiB
2026/04/15 19:28:02.641, 0 %, 61283 MiB, 81920 MiB
2026/04/15 19:28:02.641, 0 %, 0 MiB, 81920 MiB
2026/04/15 19:28:07.642, 0 %, 61283 MiB, 81920 MiB
2026/04/15 19:28:07.642, 0 %, 0 MiB, 81920 MiB
2026/04/15 19:28:12.643, 0 %, 61283 MiB, 81920 MiB
2026/04/15 19:28:12.643, 0 %, 0 MiB, 81920 MiB
2026/04/15 19:28:17.643, 0 %, 61283 MiB, 81920 MiB
2026/04/15 19:28:17.644, 0 %, 0 MiB, 81920 MiB
2026/04/15 19:28:22.644, 0 %, 61283 MiB, 81920 MiB
2026/04/15 19:28:22.644, 0 %, 0 MiB, 81920 MiB
2026/04/15 19:28:27.645, 0 %, 61283 MiB, 81920 MiB
2026/04/15 19:28:27.645, 0 %, 0 MiB, 81920 MiB
2026/04/15 19:28:32.646, 0 %, 61283 MiB, 81920 MiB
2026/04/15 19:28:32.646, 0 %, 0 MiB, 81920 MiB
2026/04/15 19:28:37.647, 0 %, 61283 MiB, 81920 MiB
2026/04/15 19:28:37.647, 0 %, 0 MiB, 81920 MiB
2026/04/15 19:28:42.647, 0 %, 61283 MiB, 81920 MiB
2026/04/15 19:28:42.647, 0 %, 0 MiB, 81920 MiB
2026/04/15 19:28:47.648, 0 %, 61283 MiB, 81920 MiB
2026/04/15 19:28:47.648, 0 %, 0 MiB, 81920 MiB
2026/04/15 19:28:52.649, 0 %, 61283 MiB, 81920 MiB
2026/04/15 19:28:52.649, 0 %, 0 MiB, 81920 MiB
2026/04/15 19:28:57.650, 0 %, 61283 MiB, 81920 MiB
2026/04/15 19:28:57.650, 0 %, 0 MiB, 81920 MiB
2026/04/15 19:29:02.650, 0 %, 61283 MiB, 81920 MiB
2026/04/15 19:29:02.651, 0 %, 0 MiB, 81920 MiB
2026/04/15 19:29:07.651, 0 %, 61283 MiB, 81920 MiB
2026/04/15 19:29:07.651, 0 %, 0 MiB, 81920 MiB
2026/04/15 19:29:12.652, 0 %, 61283 MiB, 81920 MiB
2026/04/15 19:29:12.652, 0 %, 0 MiB, 81920 MiB
2026/04/15 19:29:17.653, 0 %, 61283 MiB, 81920 MiB
2026/04/15 19:29:17.653, 0 %, 0 MiB, 81920 MiB
2026/04/15 19:29:22.654, 0 %, 61283 MiB, 81920 MiB
2026/04/15 19:29:22.654, 0 %, 0 MiB, 81920 MiB
2026/04/15 19:29:27.654, 0 %, 61283 MiB, 81920 MiB
2026/04/15 19:29:27.655, 0 %, 0 MiB, 81920 MiB
2026/04/15 19:29:32.655, 0 %, 61283 MiB, 81920 MiB
2026/04/15 19:29:32.655, 0 %, 0 MiB, 81920 MiB
2026/04/15 19:29:37.656, 0 %, 61283 MiB, 81920 MiB
2026/04/15 19:29:37.656, 0 %, 0 MiB, 81920 MiB
2026/04/15 19:29:42.657, 0 %, 61283 MiB, 81920 MiB
2026/04/15 19:29:42.657, 0 %, 0 MiB, 81920 MiB
2026/04/15 19:29:47.658, 0 %, 61283 MiB, 81920 MiB
2026/04/15 19:29:47.658, 0 %, 0 MiB, 81920 MiB
2026/04/15 19:29:52.658, 0 %, 61283 MiB, 81920 MiB
2026/04/15 19:29:52.658, 0 %, 0 MiB, 81920 MiB
2026/04/15 19:29:57.659, 0 %, 61283 MiB, 81920 MiB
2026/04/15 19:29:57.659, 0 %, 0 MiB, 81920 MiB
2026/04/15 19:30:02.660, 0 %, 61283 MiB, 81920 MiB
2026/04/15 19:30:02.660, 0 %, 0 MiB, 81920 MiB
2026/04/15 19:30:07.661, 0 %, 61283 MiB, 81920 MiB
2026/04/15 19:30:07.661, 0 %, 0 MiB, 81920 MiB
2026/04/15 19:30:12.661, 0 %, 61283 MiB, 81920 MiB
2026/04/15 19:30:12.662, 0 %, 0 MiB, 81920 MiB
2026/04/15 19:30:17.662, 0 %, 61283 MiB, 81920 MiB
2026/04/15 19:30:17.662, 0 %, 0 MiB, 81920 MiB
2026/04/15 19:30:22.663, 0 %, 61283 MiB, 81920 MiB
2026/04/15 19:30:22.663, 0 %, 0 MiB, 81920 MiB
2026/04/15 19:30:27.664, 0 %, 61283 MiB, 81920 MiB
2026/04/15 19:30:27.664, 0 %, 0 MiB, 81920 MiB
2026/04/15 19:30:32.665, 0 %, 61283 MiB, 81920 MiB
2026/04/15 19:30:32.665, 0 %, 0 MiB, 81920 MiB
2026/04/15 19:30:37.665, 0 %, 61283 MiB, 81920 MiB
2026/04/15 19:30:37.665, 0 %, 0 MiB, 81920 MiB
2026/04/15 19:30:42.666, 0 %, 61283 MiB, 81920 MiB
2026/04/15 19:30:42.666, 0 %, 0 MiB, 81920 MiB
2026/04/15 19:30:47.667, 0 %, 61283 MiB, 81920 MiB
2026/04/15 19:30:47.667, 0 %, 0 MiB, 81920 MiB
2026/04/15 19:30:52.668, 0 %, 61283 MiB, 81920 MiB
2026/04/15 19:30:52.668, 0 %, 0 MiB, 81920 MiB
2026/04/15 19:30:57.668, 0 %, 61283 MiB, 81920 MiB
2026/04/15 19:30:57.669, 0 %, 0 MiB, 81920 MiB
2026/04/15 19:31:02.669, 0 %, 61283 MiB, 81920 MiB
2026/04/15 19:31:02.669, 0 %, 0 MiB, 81920 MiB
2026/04/15 19:31:07.670, 0 %, 61283 MiB, 81920 MiB
2026/04/15 19:31:07.670, 0 %, 0 MiB, 81920 MiB
2026/04/15 19:31:12.671, 0 %, 61283 MiB, 81920 MiB
2026/04/15 19:31:12.671, 0 %, 0 MiB, 81920 MiB
2026/04/15 19:31:17.672, 0 %, 61283 MiB, 81920 MiB
2026/04/15 19:31:17.672, 0 %, 0 MiB, 81920 MiB
2026/04/15 19:31:22.672, 0 %, 61283 MiB, 81920 MiB
2026/04/15 19:31:22.672, 0 %, 0 MiB, 81920 MiB
2026/04/15 19:31:27.673, 0 %, 61283 MiB, 81920 MiB
2026/04/15 19:31:27.673, 0 %, 0 MiB, 81920 MiB
2026/04/15 19:31:32.674, 0 %, 61283 MiB, 81920 MiB
2026/04/15 19:31:32.674, 0 %, 0 MiB, 81920 MiB
2026/04/15 19:31:37.675, 0 %, 61283 MiB, 81920 MiB
2026/04/15 19:31:37.675, 0 %, 0 MiB, 81920 MiB
2026/04/15 19:31:42.675, 0 %, 61283 MiB, 81920 MiB
2026/04/15 19:31:42.676, 0 %, 0 MiB, 81920 MiB
2026/04/15 19:31:47.676, 0 %, 61283 MiB, 81920 MiB
2026/04/15 19:31:47.676, 0 %, 0 MiB, 81920 MiB
2026/04/15 19:31:52.677, 0 %, 61283 MiB, 81920 MiB
2026/04/15 19:31:52.677, 0 %, 0 MiB, 81920 MiB
2026/04/15 19:31:57.678, 0 %, 61283 MiB, 81920 MiB
2026/04/15 19:31:57.678, 0 %, 0 MiB, 81920 MiB
2026/04/15 19:32:02.679, 0 %, 61283 MiB, 81920 MiB
2026/04/15 19:32:02.679, 0 %, 0 MiB, 81920 MiB
2026/04/15 19:32:07.679, 0 %, 61283 MiB, 81920 MiB
2026/04/15 19:32:07.679, 0 %, 0 MiB, 81920 MiB
2026/04/15 19:32:12.680, 0 %, 61283 MiB, 81920 MiB
2026/04/15 19:32:12.680, 0 %, 0 MiB, 81920 MiB
2026/04/15 19:32:17.681, 0 %, 61283 MiB, 81920 MiB
2026/04/15 19:32:17.681, 0 %, 0 MiB, 81920 MiB
2026/04/15 19:32:22.682, 0 %, 61283 MiB, 81920 MiB
2026/04/15 19:32:22.682, 0 %, 0 MiB, 81920 MiB
2026/04/15 19:32:27.683, 0 %, 61283 MiB, 81920 MiB
2026/04/15 19:32:27.683, 0 %, 0 MiB, 81920 MiB
2026/04/15 19:32:32.683, 0 %, 61283 MiB, 81920 MiB
2026/04/15 19:32:32.683, 0 %, 0 MiB, 81920 MiB
2026/04/15 19:32:37.684, 0 %, 61283 MiB, 81920 MiB
2026/04/15 19:32:37.684, 0 %, 0 MiB, 81920 MiB
2026/04/15 19:32:42.685, 0 %, 61283 MiB, 81920 MiB
2026/04/15 19:32:42.685, 0 %, 0 MiB, 81920 MiB
2026/04/15 19:32:47.686, 0 %, 61283 MiB, 81920 MiB
2026/04/15 19:32:47.686, 0 %, 0 MiB, 81920 MiB
2026/04/15 19:32:52.686, 0 %, 61283 MiB, 81920 MiB
2026/04/15 19:32:52.687, 0 %, 0 MiB, 81920 MiB
2026/04/15 19:32:57.687, 0 %, 61283 MiB, 81920 MiB
2026/04/15 19:32:57.687, 0 %, 0 MiB, 81920 MiB
2026/04/15 19:33:02.688, 0 %, 61283 MiB, 81920 MiB
2026/04/15 19:33:02.688, 0 %, 0 MiB, 81920 MiB
2026/04/15 19:33:07.689, 0 %, 61283 MiB, 81920 MiB
2026/04/15 19:33:07.689, 0 %, 0 MiB, 81920 MiB
2026/04/15 19:33:12.690, 0 %, 61283 MiB, 81920 MiB
2026/04/15 19:33:12.690, 0 %, 0 MiB, 81920 MiB
2026/04/15 19:33:17.690, 0 %, 61283 MiB, 81920 MiB
2026/04/15 19:33:17.690, 0 %, 0 MiB, 81920 MiB
2026/04/15 19:33:22.691, 0 %, 61283 MiB, 81920 MiB
2026/04/15 19:33:22.691, 0 %, 0 MiB, 81920 MiB
2026/04/15 19:33:27.692, 0 %, 61283 MiB, 81920 MiB
2026/04/15 19:33:27.692, 0 %, 0 MiB, 81920 MiB
2026/04/15 19:33:32.693, 0 %, 61283 MiB, 81920 MiB
2026/04/15 19:33:32.693, 0 %, 0 MiB, 81920 MiB
2026/04/15 19:33:37.693, 0 %, 61283 MiB, 81920 MiB
2026/04/15 19:33:37.693, 0 %, 0 MiB, 81920 MiB
2026/04/15 19:33:42.694, 0 %, 61283 MiB, 81920 MiB
2026/04/15 19:33:42.694, 0 %, 0 MiB, 81920 MiB
2026/04/15 19:33:47.695, 0 %, 61283 MiB, 81920 MiB
2026/04/15 19:33:47.695, 0 %, 0 MiB, 81920 MiB
2026/04/15 19:33:52.696, 0 %, 61283 MiB, 81920 MiB
2026/04/15 19:33:52.696, 0 %, 0 MiB, 81920 MiB
2026/04/15 19:33:57.697, 0 %, 61283 MiB, 81920 MiB
2026/04/15 19:33:57.697, 0 %, 0 MiB, 81920 MiB
2026/04/15 19:34:02.697, 0 %, 61283 MiB, 81920 MiB
2026/04/15 19:34:02.697, 0 %, 0 MiB, 81920 MiB
2026/04/15 19:34:07.698, 0 %, 61283 MiB, 81920 MiB
2026/04/15 19:34:07.698, 0 %, 0 MiB, 81920 MiB
2026/04/15 19:34:12.699, 0 %, 61283 MiB, 81920 MiB
2026/04/15 19:34:12.699, 0 %, 0 MiB, 81920 MiB
2026/04/15 19:34:17.700, 0 %, 61283 MiB, 81920 MiB
2026/04/15 19:34:17.700, 0 %, 0 MiB, 81920 MiB
2026/04/15 19:34:22.700, 0 %, 61283 MiB, 81920 MiB
2026/04/15 19:34:22.701, 0 %, 0 MiB, 81920 MiB
2026/04/15 19:34:27.701, 0 %, 61283 MiB, 81920 MiB
2026/04/15 19:34:27.701, 0 %, 0 MiB, 81920 MiB
2026/04/15 19:34:32.702, 0 %, 61283 MiB, 81920 MiB
2026/04/15 19:34:32.702, 0 %, 0 MiB, 81920 MiB
2026/04/15 19:34:37.703, 0 %, 61283 MiB, 81920 MiB
2026/04/15 19:34:37.703, 0 %, 0 MiB, 81920 MiB
2026/04/15 19:34:42.704, 0 %, 61283 MiB, 81920 MiB
2026/04/15 19:34:42.704, 0 %, 0 MiB, 81920 MiB
2026/04/15 19:34:47.704, 0 %, 61283 MiB, 81920 MiB
2026/04/15 19:34:47.705, 0 %, 0 MiB, 81920 MiB
2026/04/15 19:34:52.705, 0 %, 61283 MiB, 81920 MiB
2026/04/15 19:34:52.705, 0 %, 0 MiB, 81920 MiB
2026/04/15 19:34:57.706, 0 %, 61283 MiB, 81920 MiB
2026/04/15 19:34:57.706, 0 %, 0 MiB, 81920 MiB
2026/04/15 19:35:02.707, 0 %, 61283 MiB, 81920 MiB
2026/04/15 19:35:02.707, 0 %, 0 MiB, 81920 MiB
2026/04/15 19:35:07.708, 0 %, 61283 MiB, 81920 MiB
2026/04/15 19:35:07.708, 0 %, 0 MiB, 81920 MiB
2026/04/15 19:35:12.708, 0 %, 61283 MiB, 81920 MiB
2026/04/15 19:35:12.709, 0 %, 0 MiB, 81920 MiB
2026/04/15 19:35:17.709, 0 %, 61283 MiB, 81920 MiB
2026/04/15 19:35:17.709, 0 %, 0 MiB, 81920 MiB
2026/04/15 19:35:22.710, 0 %, 61283 MiB, 81920 MiB
2026/04/15 19:35:22.710, 0 %, 0 MiB, 81920 MiB
2026/04/15 19:35:27.711, 0 %, 61283 MiB, 81920 MiB
2026/04/15 19:35:27.711, 0 %, 0 MiB, 81920 MiB
2026/04/15 19:35:32.712, 0 %, 61283 MiB, 81920 MiB
2026/04/15 19:35:32.712, 0 %, 0 MiB, 81920 MiB
2026/04/15 19:35:37.712, 0 %, 61283 MiB, 81920 MiB
2026/04/15 19:35:37.713, 0 %, 0 MiB, 81920 MiB
2026/04/15 19:35:42.713, 0 %, 61283 MiB, 81920 MiB
2026/04/15 19:35:42.713, 0 %, 0 MiB, 81920 MiB
2026/04/15 19:35:47.714, 0 %, 61283 MiB, 81920 MiB
2026/04/15 19:35:47.714, 0 %, 0 MiB, 81920 MiB
2026/04/15 19:35:52.715, 0 %, 61283 MiB, 81920 MiB
2026/04/15 19:35:52.715, 0 %, 0 MiB, 81920 MiB
2026/04/15 19:35:57.716, 0 %, 61283 MiB, 81920 MiB
2026/04/15 19:35:57.716, 0 %, 0 MiB, 81920 MiB
2026/04/15 19:36:02.716, 0 %, 61283 MiB, 81920 MiB
2026/04/15 19:36:02.716, 0 %, 0 MiB, 81920 MiB
2026/04/15 19:36:07.717, 0 %, 61283 MiB, 81920 MiB
2026/04/15 19:36:07.717, 0 %, 0 MiB, 81920 MiB
2026/04/15 19:36:12.718, 0 %, 61283 MiB, 81920 MiB
2026/04/15 19:36:12.718, 0 %, 0 MiB, 81920 MiB
2026/04/15 19:36:17.719, 0 %, 61283 MiB, 81920 MiB
2026/04/15 19:36:17.719, 0 %, 0 MiB, 81920 MiB
2026/04/15 19:36:22.719, 0 %, 61283 MiB, 81920 MiB
2026/04/15 19:36:22.719, 0 %, 0 MiB, 81920 MiB
2026/04/15 19:36:27.720, 0 %, 61283 MiB, 81920 MiB
2026/04/15 19:36:27.720, 0 %, 0 MiB, 81920 MiB
2026/04/15 19:36:32.721, 0 %, 61283 MiB, 81920 MiB
2026/04/15 19:36:32.721, 0 %, 0 MiB, 81920 MiB
2026/04/15 19:36:37.722, 0 %, 61283 MiB, 81920 MiB
2026/04/15 19:36:37.722, 0 %, 0 MiB, 81920 MiB
2026/04/15 19:36:42.723, 0 %, 61283 MiB, 81920 MiB
2026/04/15 19:36:42.723, 0 %, 0 MiB, 81920 MiB
2026/04/15 19:36:47.723, 0 %, 61283 MiB, 81920 MiB
2026/04/15 19:36:47.723, 0 %, 0 MiB, 81920 MiB
2026/04/15 19:36:52.724, 0 %, 61283 MiB, 81920 MiB
2026/04/15 19:36:52.724, 0 %, 0 MiB, 81920 MiB
2026/04/15 19:36:57.726, 0 %, 61283 MiB, 81920 MiB
2026/04/15 19:36:57.729, 0 %, 0 MiB, 81920 MiB
2026/04/15 19:37:02.730, 0 %, 61283 MiB, 81920 MiB
2026/04/15 19:37:02.730, 0 %, 0 MiB, 81920 MiB
2026/04/15 19:37:07.731, 0 %, 61283 MiB, 81920 MiB
2026/04/15 19:37:07.731, 0 %, 0 MiB, 81920 MiB
2026/04/15 19:37:12.732, 0 %, 61283 MiB, 81920 MiB
2026/04/15 19:37:12.732, 0 %, 0 MiB, 81920 MiB
2026/04/15 19:37:17.733, 0 %, 61283 MiB, 81920 MiB
2026/04/15 19:37:17.733, 0 %, 0 MiB, 81920 MiB
2026/04/15 19:37:22.734, 0 %, 61283 MiB, 81920 MiB
2026/04/15 19:37:22.734, 0 %, 0 MiB, 81920 MiB
2026/04/15 19:37:27.735, 0 %, 61283 MiB, 81920 MiB
2026/04/15 19:37:27.735, 0 %, 0 MiB, 81920 MiB
2026/04/15 19:37:32.736, 0 %, 61283 MiB, 81920 MiB
2026/04/15 19:37:32.736, 0 %, 0 MiB, 81920 MiB
2026/04/15 19:37:37.737, 0 %, 61283 MiB, 81920 MiB
2026/04/15 19:37:37.737, 0 %, 0 MiB, 81920 MiB
2026/04/15 19:37:42.737, 0 %, 61283 MiB, 81920 MiB
2026/04/15 19:37:42.738, 0 %, 0 MiB, 81920 MiB
2026/04/15 19:37:47.738, 0 %, 61283 MiB, 81920 MiB
2026/04/15 19:37:47.738, 0 %, 0 MiB, 81920 MiB
2026/04/15 19:37:52.739, 0 %, 61283 MiB, 81920 MiB
2026/04/15 19:37:52.739, 0 %, 0 MiB, 81920 MiB
2026/04/15 19:37:57.740, 0 %, 61283 MiB, 81920 MiB
2026/04/15 19:37:57.740, 0 %, 0 MiB, 81920 MiB
2026/04/15 19:38:02.741, 0 %, 61283 MiB, 81920 MiB
2026/04/15 19:38:02.741, 0 %, 0 MiB, 81920 MiB
2026/04/15 19:38:07.742, 0 %, 61283 MiB, 81920 MiB
2026/04/15 19:38:07.742, 0 %, 0 MiB, 81920 MiB
2026/04/15 19:38:12.743, 0 %, 61283 MiB, 81920 MiB
2026/04/15 19:38:12.743, 0 %, 0 MiB, 81920 MiB
2026/04/15 19:38:17.743, 0 %, 61283 MiB, 81920 MiB
2026/04/15 19:38:17.743, 0 %, 0 MiB, 81920 MiB
2026/04/15 19:38:22.744, 0 %, 61283 MiB, 81920 MiB
2026/04/15 19:38:22.744, 0 %, 0 MiB, 81920 MiB
2026/04/15 19:38:27.745, 0 %, 61283 MiB, 81920 MiB
2026/04/15 19:38:27.745, 0 %, 0 MiB, 81920 MiB
2026/04/15 19:38:32.746, 0 %, 61283 MiB, 81920 MiB
2026/04/15 19:38:32.746, 0 %, 0 MiB, 81920 MiB
2026/04/15 19:38:37.746, 0 %, 61283 MiB, 81920 MiB
2026/04/15 19:38:37.747, 0 %, 0 MiB, 81920 MiB
2026/04/15 19:38:42.747, 0 %, 61283 MiB, 81920 MiB
2026/04/15 19:38:42.747, 0 %, 0 MiB, 81920 MiB
2026/04/15 19:38:47.748, 0 %, 61283 MiB, 81920 MiB
2026/04/15 19:38:47.748, 0 %, 0 MiB, 81920 MiB
2026/04/15 19:38:52.749, 0 %, 61283 MiB, 81920 MiB
2026/04/15 19:38:52.749, 0 %, 0 MiB, 81920 MiB
2026/04/15 19:38:57.750, 0 %, 61283 MiB, 81920 MiB
2026/04/15 19:38:57.750, 0 %, 0 MiB, 81920 MiB
2026/04/15 19:39:02.750, 0 %, 61283 MiB, 81920 MiB
2026/04/15 19:39:02.751, 0 %, 0 MiB, 81920 MiB
2026/04/15 19:39:07.751, 0 %, 61283 MiB, 81920 MiB
2026/04/15 19:39:07.751, 0 %, 0 MiB, 81920 MiB
2026/04/15 19:39:12.752, 0 %, 61283 MiB, 81920 MiB
2026/04/15 19:39:12.752, 0 %, 0 MiB, 81920 MiB
2026/04/15 19:39:17.753, 0 %, 61283 MiB, 81920 MiB
2026/04/15 19:39:17.753, 0 %, 0 MiB, 81920 MiB
2026/04/15 19:39:22.753, 0 %, 61283 MiB, 81920 MiB
2026/04/15 19:39:22.753, 0 %, 0 MiB, 81920 MiB
2026/04/15 19:39:27.754, 0 %, 61283 MiB, 81920 MiB
2026/04/15 19:39:27.754, 0 %, 0 MiB, 81920 MiB
2026/04/15 19:39:32.755, 0 %, 61283 MiB, 81920 MiB
2026/04/15 19:39:32.755, 0 %, 0 MiB, 81920 MiB
2026/04/15 19:39:37.756, 0 %, 61283 MiB, 81920 MiB
2026/04/15 19:39:37.756, 0 %, 0 MiB, 81920 MiB
2026/04/15 19:39:42.757, 0 %, 61283 MiB, 81920 MiB
2026/04/15 19:39:42.757, 0 %, 0 MiB, 81920 MiB
2026/04/15 19:39:47.758, 0 %, 61283 MiB, 81920 MiB
2026/04/15 19:39:47.758, 0 %, 0 MiB, 81920 MiB
2026/04/15 19:39:52.759, 0 %, 61283 MiB, 81920 MiB
2026/04/15 19:39:52.759, 0 %, 0 MiB, 81920 MiB
2026/04/15 19:39:57.760, 0 %, 61283 MiB, 81920 MiB
2026/04/15 19:39:57.760, 0 %, 0 MiB, 81920 MiB
2026/04/15 19:40:02.761, 0 %, 61283 MiB, 81920 MiB
2026/04/15 19:40:02.761, 0 %, 0 MiB, 81920 MiB
2026/04/15 19:40:07.761, 0 %, 61317 MiB, 81920 MiB
2026/04/15 19:40:07.762, 0 %, 0 MiB, 81920 MiB
2026/04/15 19:40:12.762, 0 %, 61317 MiB, 81920 MiB
2026/04/15 19:40:12.762, 0 %, 0 MiB, 81920 MiB
2026/04/15 19:40:17.763, 5 %, 61317 MiB, 81920 MiB
2026/04/15 19:40:17.763, 0 %, 0 MiB, 81920 MiB
2026/04/15 19:40:22.764, 19 %, 61353 MiB, 81920 MiB
2026/04/15 19:40:22.764, 0 %, 0 MiB, 81920 MiB
2026/04/15 19:40:27.765, 8 %, 61317 MiB, 81920 MiB
2026/04/15 19:40:27.765, 0 %, 0 MiB, 81920 MiB
2026/04/15 19:40:32.765, 0 %, 61317 MiB, 81920 MiB
2026/04/15 19:40:32.766, 0 %, 0 MiB, 81920 MiB
2026/04/15 19:40:37.766, 0 %, 61317 MiB, 81920 MiB
2026/04/15 19:40:37.766, 0 %, 0 MiB, 81920 MiB
2026/04/15 19:40:42.767, 0 %, 61317 MiB, 81920 MiB
2026/04/15 19:40:42.767, 0 %, 0 MiB, 81920 MiB
2026/04/15 19:40:47.768, 0 %, 61317 MiB, 81920 MiB
2026/04/15 19:40:47.768, 0 %, 0 MiB, 81920 MiB
2026/04/15 19:40:52.769, 0 %, 61317 MiB, 81920 MiB
2026/04/15 19:40:52.769, 0 %, 0 MiB, 81920 MiB
2026/04/15 19:40:57.769, 0 %, 61317 MiB, 81920 MiB
2026/04/15 19:40:57.770, 0 %, 0 MiB, 81920 MiB
2026/04/15 19:41:02.770, 0 %, 61317 MiB, 81920 MiB
2026/04/15 19:41:02.770, 0 %, 0 MiB, 81920 MiB
2026/04/15 19:41:07.771, 0 %, 61317 MiB, 81920 MiB
2026/04/15 19:41:07.771, 0 %, 0 MiB, 81920 MiB
2026/04/15 19:41:12.772, 0 %, 61317 MiB, 81920 MiB
2026/04/15 19:41:12.772, 0 %, 0 MiB, 81920 MiB
2026/04/15 19:41:17.773, 0 %, 61317 MiB, 81920 MiB
2026/04/15 19:41:17.773, 0 %, 0 MiB, 81920 MiB
2026/04/15 19:41:22.773, 0 %, 61317 MiB, 81920 MiB
2026/04/15 19:41:22.773, 0 %, 0 MiB, 81920 MiB
2026/04/15 19:41:27.774, 0 %, 61317 MiB, 81920 MiB
2026/04/15 19:41:27.774, 0 %, 0 MiB, 81920 MiB
2026/04/15 19:41:32.775, 0 %, 61317 MiB, 81920 MiB
2026/04/15 19:41:32.775, 0 %, 0 MiB, 81920 MiB
2026/04/15 19:41:37.776, 0 %, 61317 MiB, 81920 MiB
2026/04/15 19:41:37.776, 0 %, 0 MiB, 81920 MiB
2026/04/15 19:41:42.777, 0 %, 61317 MiB, 81920 MiB
2026/04/15 19:41:42.777, 0 %, 0 MiB, 81920 MiB
2026/04/15 19:41:47.777, 0 %, 61317 MiB, 81920 MiB
2026/04/15 19:41:47.777, 0 %, 0 MiB, 81920 MiB
2026/04/15 19:41:52.778, 0 %, 61317 MiB, 81920 MiB
2026/04/15 19:41:52.778, 0 %, 0 MiB, 81920 MiB
2026/04/15 19:41:57.779, 0 %, 61317 MiB, 81920 MiB
2026/04/15 19:41:57.779, 0 %, 0 MiB, 81920 MiB
2026/04/15 19:42:02.780, 0 %, 61317 MiB, 81920 MiB
2026/04/15 19:42:02.780, 0 %, 0 MiB, 81920 MiB
2026/04/15 19:42:07.780, 0 %, 61317 MiB, 81920 MiB
2026/04/15 19:42:07.781, 0 %, 0 MiB, 81920 MiB
2026/04/15 19:42:12.781, 0 %, 61317 MiB, 81920 MiB
2026/04/15 19:42:12.781, 0 %, 0 MiB, 81920 MiB
2026/04/15 19:42:17.782, 0 %, 61317 MiB, 81920 MiB
2026/04/15 19:42:17.782, 0 %, 0 MiB, 81920 MiB
2026/04/15 19:42:22.783, 0 %, 61317 MiB, 81920 MiB
2026/04/15 19:42:22.783, 0 %, 0 MiB, 81920 MiB
2026/04/15 19:42:27.784, 0 %, 61317 MiB, 81920 MiB
2026/04/15 19:42:27.784, 0 %, 0 MiB, 81920 MiB
2026/04/15 19:42:32.784, 0 %, 61317 MiB, 81920 MiB
2026/04/15 19:42:32.784, 0 %, 0 MiB, 81920 MiB
2026/04/15 19:42:37.785, 0 %, 61317 MiB, 81920 MiB
2026/04/15 19:42:37.785, 0 %, 0 MiB, 81920 MiB
2026/04/15 19:42:42.786, 0 %, 61317 MiB, 81920 MiB
2026/04/15 19:42:42.786, 0 %, 0 MiB, 81920 MiB
2026/04/15 19:42:47.787, 0 %, 61317 MiB, 81920 MiB
2026/04/15 19:42:47.787, 0 %, 0 MiB, 81920 MiB
2026/04/15 19:42:52.788, 0 %, 61317 MiB, 81920 MiB
2026/04/15 19:42:52.788, 0 %, 0 MiB, 81920 MiB
2026/04/15 19:42:57.788, 0 %, 61317 MiB, 81920 MiB
2026/04/15 19:42:57.788, 0 %, 0 MiB, 81920 MiB
2026/04/15 19:43:02.789, 0 %, 61317 MiB, 81920 MiB
2026/04/15 19:43:02.789, 0 %, 0 MiB, 81920 MiB
2026/04/15 19:43:07.790, 0 %, 61317 MiB, 81920 MiB
2026/04/15 19:43:07.790, 0 %, 0 MiB, 81920 MiB
2026/04/15 19:43:12.791, 0 %, 61317 MiB, 81920 MiB
2026/04/15 19:43:12.791, 0 %, 0 MiB, 81920 MiB
2026/04/15 19:43:17.792, 0 %, 61317 MiB, 81920 MiB
2026/04/15 19:43:17.792, 0 %, 0 MiB, 81920 MiB
2026/04/15 19:43:22.792, 0 %, 61317 MiB, 81920 MiB
2026/04/15 19:43:22.792, 0 %, 0 MiB, 81920 MiB
2026/04/15 19:43:27.793, 0 %, 61317 MiB, 81920 MiB
2026/04/15 19:43:27.793, 0 %, 0 MiB, 81920 MiB
2026/04/15 19:43:32.794, 0 %, 61317 MiB, 81920 MiB
2026/04/15 19:43:32.794, 0 %, 0 MiB, 81920 MiB
2026/04/15 19:43:37.795, 0 %, 61317 MiB, 81920 MiB
2026/04/15 19:43:37.795, 0 %, 0 MiB, 81920 MiB
2026/04/15 19:43:42.795, 0 %, 61317 MiB, 81920 MiB
2026/04/15 19:43:42.796, 0 %, 0 MiB, 81920 MiB
2026/04/15 19:43:47.796, 0 %, 61317 MiB, 81920 MiB
2026/04/15 19:43:47.796, 0 %, 0 MiB, 81920 MiB
2026/04/15 19:43:52.797, 0 %, 61317 MiB, 81920 MiB
2026/04/15 19:43:52.797, 0 %, 0 MiB, 81920 MiB
2026/04/15 19:43:57.798, 0 %, 61317 MiB, 81920 MiB
2026/04/15 19:43:57.798, 0 %, 0 MiB, 81920 MiB
2026/04/15 19:44:02.799, 0 %, 61317 MiB, 81920 MiB
2026/04/15 19:44:02.799, 0 %, 0 MiB, 81920 MiB
2026/04/15 19:44:07.800, 0 %, 61317 MiB, 81920 MiB
2026/04/15 19:44:07.800, 0 %, 0 MiB, 81920 MiB
2026/04/15 19:44:12.800, 0 %, 61317 MiB, 81920 MiB
2026/04/15 19:44:12.800, 0 %, 0 MiB, 81920 MiB
2026/04/15 19:44:17.801, 0 %, 61317 MiB, 81920 MiB
2026/04/15 19:44:17.801, 0 %, 0 MiB, 81920 MiB
2026/04/15 19:44:22.802, 0 %, 61317 MiB, 81920 MiB
2026/04/15 19:44:22.802, 0 %, 0 MiB, 81920 MiB
2026/04/15 19:44:27.803, 0 %, 61317 MiB, 81920 MiB
2026/04/15 19:44:27.803, 0 %, 0 MiB, 81920 MiB
2026/04/15 19:44:32.804, 0 %, 61317 MiB, 81920 MiB
2026/04/15 19:44:32.804, 0 %, 0 MiB, 81920 MiB
2026/04/15 19:44:37.804, 0 %, 61317 MiB, 81920 MiB
2026/04/15 19:44:37.804, 0 %, 0 MiB, 81920 MiB
2026/04/15 19:44:42.805, 0 %, 61317 MiB, 81920 MiB
2026/04/15 19:44:42.805, 0 %, 0 MiB, 81920 MiB
2026/04/15 19:44:47.806, 0 %, 61317 MiB, 81920 MiB
2026/04/15 19:44:47.806, 0 %, 0 MiB, 81920 MiB
2026/04/15 19:44:52.807, 0 %, 61317 MiB, 81920 MiB
2026/04/15 19:44:52.807, 0 %, 0 MiB, 81920 MiB
2026/04/15 19:44:57.808, 0 %, 61317 MiB, 81920 MiB
2026/04/15 19:44:57.808, 0 %, 0 MiB, 81920 MiB
2026/04/15 19:45:02.808, 0 %, 61317 MiB, 81920 MiB
2026/04/15 19:45:02.809, 0 %, 0 MiB, 81920 MiB
2026/04/15 19:45:07.809, 0 %, 61317 MiB, 81920 MiB
2026/04/15 19:45:07.809, 0 %, 0 MiB, 81920 MiB
2026/04/15 19:45:12.810, 0 %, 61317 MiB, 81920 MiB
2026/04/15 19:45:12.810, 0 %, 0 MiB, 81920 MiB
2026/04/15 19:45:17.811, 0 %, 61317 MiB, 81920 MiB
2026/04/15 19:45:17.811, 0 %, 0 MiB, 81920 MiB
2026/04/15 19:45:22.812, 0 %, 61317 MiB, 81920 MiB
2026/04/15 19:45:22.812, 0 %, 0 MiB, 81920 MiB
2026/04/15 19:45:27.812, 0 %, 61317 MiB, 81920 MiB
2026/04/15 19:45:27.813, 0 %, 0 MiB, 81920 MiB
2026/04/15 19:45:32.813, 0 %, 61317 MiB, 81920 MiB
2026/04/15 19:45:32.813, 0 %, 0 MiB, 81920 MiB
2026/04/15 19:45:37.814, 0 %, 61317 MiB, 81920 MiB
2026/04/15 19:45:37.814, 0 %, 0 MiB, 81920 MiB
2026/04/15 19:45:42.815, 0 %, 61317 MiB, 81920 MiB
2026/04/15 19:45:42.815, 0 %, 0 MiB, 81920 MiB
2026/04/15 19:45:47.816, 0 %, 61317 MiB, 81920 MiB
2026/04/15 19:45:47.816, 0 %, 0 MiB, 81920 MiB
2026/04/15 19:45:52.816, 0 %, 61317 MiB, 81920 MiB
2026/04/15 19:45:52.817, 0 %, 0 MiB, 81920 MiB
2026/04/15 19:45:57.817, 0 %, 61317 MiB, 81920 MiB
2026/04/15 19:45:57.817, 0 %, 0 MiB, 81920 MiB
2026/04/15 19:46:02.818, 0 %, 61317 MiB, 81920 MiB
2026/04/15 19:46:02.818, 0 %, 0 MiB, 81920 MiB
2026/04/15 19:46:07.819, 0 %, 61317 MiB, 81920 MiB
2026/04/15 19:46:07.819, 0 %, 0 MiB, 81920 MiB
2026/04/15 19:46:12.820, 0 %, 61317 MiB, 81920 MiB
2026/04/15 19:46:12.820, 0 %, 0 MiB, 81920 MiB
2026/04/15 19:46:17.821, 0 %, 61317 MiB, 81920 MiB
2026/04/15 19:46:17.821, 0 %, 0 MiB, 81920 MiB
2026/04/15 19:46:22.821, 0 %, 61317 MiB, 81920 MiB
2026/04/15 19:46:22.821, 0 %, 0 MiB, 81920 MiB
2026/04/15 19:46:27.822, 0 %, 61317 MiB, 81920 MiB
2026/04/15 19:46:27.822, 0 %, 0 MiB, 81920 MiB
2026/04/15 19:46:32.823, 0 %, 61317 MiB, 81920 MiB
2026/04/15 19:46:32.823, 0 %, 0 MiB, 81920 MiB
2026/04/15 19:46:37.824, 0 %, 61317 MiB, 81920 MiB
2026/04/15 19:46:37.824, 0 %, 0 MiB, 81920 MiB
2026/04/15 19:46:42.825, 0 %, 61317 MiB, 81920 MiB
2026/04/15 19:46:42.825, 0 %, 0 MiB, 81920 MiB
2026/04/15 19:46:47.825, 0 %, 61317 MiB, 81920 MiB
2026/04/15 19:46:47.825, 0 %, 0 MiB, 81920 MiB
2026/04/15 19:46:52.826, 0 %, 61317 MiB, 81920 MiB
2026/04/15 19:46:52.826, 0 %, 0 MiB, 81920 MiB
2026/04/15 19:46:57.827, 0 %, 61317 MiB, 81920 MiB
2026/04/15 19:46:57.827, 0 %, 0 MiB, 81920 MiB
2026/04/15 19:47:02.828, 0 %, 61317 MiB, 81920 MiB
2026/04/15 19:47:02.828, 0 %, 0 MiB, 81920 MiB
2026/04/15 19:47:07.829, 0 %, 61317 MiB, 81920 MiB
2026/04/15 19:47:07.829, 0 %, 0 MiB, 81920 MiB
2026/04/15 19:47:12.829, 0 %, 61317 MiB, 81920 MiB
2026/04/15 19:47:12.829, 0 %, 0 MiB, 81920 MiB
2026/04/15 19:47:17.830, 0 %, 61317 MiB, 81920 MiB
2026/04/15 19:47:17.830, 0 %, 0 MiB, 81920 MiB
2026/04/15 19:47:22.831, 0 %, 61317 MiB, 81920 MiB
2026/04/15 19:47:22.831, 0 %, 0 MiB, 81920 MiB
2026/04/15 19:47:27.832, 0 %, 61317 MiB, 81920 MiB
2026/04/15 19:47:27.832, 0 %, 0 MiB, 81920 MiB
2026/04/15 19:47:32.833, 0 %, 61317 MiB, 81920 MiB
2026/04/15 19:47:32.833, 0 %, 0 MiB, 81920 MiB
2026/04/15 19:47:37.833, 0 %, 61317 MiB, 81920 MiB
2026/04/15 19:47:37.833, 0 %, 0 MiB, 81920 MiB
2026/04/15 19:47:42.834, 0 %, 61317 MiB, 81920 MiB
2026/04/15 19:47:42.834, 0 %, 0 MiB, 81920 MiB
2026/04/15 19:47:47.835, 0 %, 61317 MiB, 81920 MiB
2026/04/15 19:47:47.835, 0 %, 0 MiB, 81920 MiB
2026/04/15 19:47:52.836, 0 %, 61317 MiB, 81920 MiB
2026/04/15 19:47:52.836, 0 %, 0 MiB, 81920 MiB
2026/04/15 19:47:57.837, 0 %, 61317 MiB, 81920 MiB
2026/04/15 19:47:57.837, 0 %, 0 MiB, 81920 MiB
2026/04/15 19:48:02.837, 0 %, 61317 MiB, 81920 MiB
2026/04/15 19:48:02.838, 0 %, 0 MiB, 81920 MiB
2026/04/15 19:48:07.838, 0 %, 61317 MiB, 81920 MiB
2026/04/15 19:48:07.838, 0 %, 0 MiB, 81920 MiB
2026/04/15 19:48:12.839, 0 %, 61317 MiB, 81920 MiB
2026/04/15 19:48:12.839, 0 %, 0 MiB, 81920 MiB
2026/04/15 19:48:17.840, 0 %, 61317 MiB, 81920 MiB
2026/04/15 19:48:17.840, 0 %, 0 MiB, 81920 MiB
2026/04/15 19:48:22.841, 0 %, 61317 MiB, 81920 MiB
2026/04/15 19:48:22.841, 0 %, 0 MiB, 81920 MiB
2026/04/15 19:48:27.842, 0 %, 61317 MiB, 81920 MiB
2026/04/15 19:48:27.842, 0 %, 0 MiB, 81920 MiB
2026/04/15 19:48:32.842, 0 %, 61317 MiB, 81920 MiB
2026/04/15 19:48:32.842, 0 %, 0 MiB, 81920 MiB
2026/04/15 19:48:37.843, 0 %, 61317 MiB, 81920 MiB
2026/04/15 19:48:37.843, 0 %, 0 MiB, 81920 MiB
2026/04/15 19:48:42.844, 0 %, 61317 MiB, 81920 MiB
2026/04/15 19:48:42.844, 0 %, 0 MiB, 81920 MiB
2026/04/15 19:48:47.845, 0 %, 61317 MiB, 81920 MiB
2026/04/15 19:48:47.845, 0 %, 0 MiB, 81920 MiB
2026/04/15 19:48:52.846, 0 %, 61317 MiB, 81920 MiB
2026/04/15 19:48:52.846, 0 %, 0 MiB, 81920 MiB
2026/04/15 19:48:57.846, 0 %, 61317 MiB, 81920 MiB
2026/04/15 19:48:57.847, 0 %, 0 MiB, 81920 MiB
2026/04/15 19:49:02.847, 0 %, 61317 MiB, 81920 MiB
2026/04/15 19:49:02.847, 0 %, 0 MiB, 81920 MiB
2026/04/15 19:49:07.848, 0 %, 61317 MiB, 81920 MiB
2026/04/15 19:49:07.848, 0 %, 0 MiB, 81920 MiB
2026/04/15 19:49:12.849, 0 %, 61317 MiB, 81920 MiB
2026/04/15 19:49:12.849, 0 %, 0 MiB, 81920 MiB
2026/04/15 19:49:17.850, 0 %, 61317 MiB, 81920 MiB
2026/04/15 19:49:17.850, 0 %, 0 MiB, 81920 MiB
2026/04/15 19:49:22.850, 0 %, 61317 MiB, 81920 MiB
2026/04/15 19:49:22.851, 0 %, 0 MiB, 81920 MiB
2026/04/15 19:49:27.851, 0 %, 61317 MiB, 81920 MiB
2026/04/15 19:49:27.851, 0 %, 0 MiB, 81920 MiB
2026/04/15 19:49:32.852, 0 %, 61317 MiB, 81920 MiB
2026/04/15 19:49:32.852, 0 %, 0 MiB, 81920 MiB
2026/04/15 19:49:37.853, 0 %, 61317 MiB, 81920 MiB
2026/04/15 19:49:37.853, 0 %, 0 MiB, 81920 MiB
2026/04/15 19:49:42.854, 0 %, 61317 MiB, 81920 MiB
2026/04/15 19:49:42.854, 0 %, 0 MiB, 81920 MiB
2026/04/15 19:49:47.855, 0 %, 61317 MiB, 81920 MiB
2026/04/15 19:49:47.855, 0 %, 0 MiB, 81920 MiB
2026/04/15 19:49:52.856, 0 %, 61317 MiB, 81920 MiB
2026/04/15 19:49:52.856, 0 %, 0 MiB, 81920 MiB
2026/04/15 19:49:57.856, 0 %, 61317 MiB, 81920 MiB
2026/04/15 19:49:57.856, 0 %, 0 MiB, 81920 MiB
2026/04/15 19:50:02.857, 0 %, 61317 MiB, 81920 MiB
2026/04/15 19:50:02.857, 0 %, 0 MiB, 81920 MiB
2026/04/15 19:50:07.858, 0 %, 61317 MiB, 81920 MiB
2026/04/15 19:50:07.858, 0 %, 0 MiB, 81920 MiB
2026/04/15 19:50:12.859, 0 %, 61317 MiB, 81920 MiB
2026/04/15 19:50:12.859, 0 %, 0 MiB, 81920 MiB
2026/04/15 19:50:17.860, 0 %, 61317 MiB, 81920 MiB
2026/04/15 19:50:17.860, 0 %, 0 MiB, 81920 MiB
2026/04/15 19:50:22.860, 0 %, 61317 MiB, 81920 MiB
2026/04/15 19:50:22.861, 0 %, 0 MiB, 81920 MiB
2026/04/15 19:50:27.861, 0 %, 61317 MiB, 81920 MiB
2026/04/15 19:50:27.861, 0 %, 0 MiB, 81920 MiB
2026/04/15 19:50:32.862, 0 %, 61317 MiB, 81920 MiB
2026/04/15 19:50:32.862, 0 %, 0 MiB, 81920 MiB
2026/04/15 19:50:37.863, 0 %, 61317 MiB, 81920 MiB
2026/04/15 19:50:37.863, 0 %, 0 MiB, 81920 MiB
2026/04/15 19:50:42.864, 0 %, 61317 MiB, 81920 MiB
2026/04/15 19:50:42.864, 0 %, 0 MiB, 81920 MiB
2026/04/15 19:50:47.864, 0 %, 61317 MiB, 81920 MiB
2026/04/15 19:50:47.865, 0 %, 0 MiB, 81920 MiB
2026/04/15 19:50:52.865, 0 %, 61317 MiB, 81920 MiB
2026/04/15 19:50:52.865, 0 %, 0 MiB, 81920 MiB
2026/04/15 19:50:57.866, 0 %, 61317 MiB, 81920 MiB
2026/04/15 19:50:57.866, 0 %, 0 MiB, 81920 MiB
2026/04/15 19:51:02.867, 0 %, 61317 MiB, 81920 MiB
2026/04/15 19:51:02.867, 0 %, 0 MiB, 81920 MiB
2026/04/15 19:51:07.868, 0 %, 61317 MiB, 81920 MiB
2026/04/15 19:51:07.868, 0 %, 0 MiB, 81920 MiB
2026/04/15 19:51:12.869, 0 %, 61317 MiB, 81920 MiB
2026/04/15 19:51:12.869, 0 %, 0 MiB, 81920 MiB
2026/04/15 19:51:17.869, 0 %, 61317 MiB, 81920 MiB
2026/04/15 19:51:17.869, 0 %, 0 MiB, 81920 MiB
2026/04/15 19:51:22.870, 0 %, 61317 MiB, 81920 MiB
2026/04/15 19:51:22.870, 0 %, 0 MiB, 81920 MiB
2026/04/15 19:51:27.871, 0 %, 61317 MiB, 81920 MiB
2026/04/15 19:51:27.871, 0 %, 0 MiB, 81920 MiB
2026/04/15 19:51:32.871, 0 %, 61317 MiB, 81920 MiB
2026/04/15 19:51:32.872, 0 %, 0 MiB, 81920 MiB
2026/04/15 19:51:37.872, 0 %, 61317 MiB, 81920 MiB
2026/04/15 19:51:37.872, 0 %, 0 MiB, 81920 MiB
2026/04/15 19:51:42.873, 0 %, 61317 MiB, 81920 MiB
2026/04/15 19:51:42.873, 0 %, 0 MiB, 81920 MiB
2026/04/15 19:51:47.874, 0 %, 61317 MiB, 81920 MiB
2026/04/15 19:51:47.874, 0 %, 0 MiB, 81920 MiB
2026/04/15 19:51:52.874, 0 %, 61317 MiB, 81920 MiB
2026/04/15 19:51:52.875, 0 %, 0 MiB, 81920 MiB
2026/04/15 19:51:57.875, 0 %, 61317 MiB, 81920 MiB
2026/04/15 19:51:57.875, 0 %, 0 MiB, 81920 MiB
2026/04/15 19:52:02.876, 0 %, 61317 MiB, 81920 MiB
2026/04/15 19:52:02.876, 0 %, 0 MiB, 81920 MiB
2026/04/15 19:52:07.877, 0 %, 61317 MiB, 81920 MiB
2026/04/15 19:52:07.877, 0 %, 0 MiB, 81920 MiB
2026/04/15 19:52:12.878, 0 %, 61317 MiB, 81920 MiB
2026/04/15 19:52:12.878, 0 %, 0 MiB, 81920 MiB
2026/04/15 19:52:17.879, 0 %, 61317 MiB, 81920 MiB
2026/04/15 19:52:17.879, 0 %, 0 MiB, 81920 MiB
2026/04/15 19:52:22.879, 0 %, 61317 MiB, 81920 MiB
2026/04/15 19:52:22.880, 0 %, 0 MiB, 81920 MiB
2026/04/15 19:52:27.880, 0 %, 61317 MiB, 81920 MiB
2026/04/15 19:52:27.881, 0 %, 0 MiB, 81920 MiB
2026/04/15 19:52:32.881, 0 %, 61317 MiB, 81920 MiB
2026/04/15 19:52:32.881, 0 %, 0 MiB, 81920 MiB
2026/04/15 19:52:37.882, 0 %, 61317 MiB, 81920 MiB
2026/04/15 19:52:37.882, 0 %, 0 MiB, 81920 MiB
2026/04/15 19:52:42.883, 0 %, 61317 MiB, 81920 MiB
2026/04/15 19:52:42.883, 0 %, 0 MiB, 81920 MiB
2026/04/15 19:52:47.884, 0 %, 61317 MiB, 81920 MiB
2026/04/15 19:52:47.884, 0 %, 0 MiB, 81920 MiB
2026/04/15 19:52:52.885, 0 %, 61317 MiB, 81920 MiB
2026/04/15 19:52:52.885, 0 %, 0 MiB, 81920 MiB
2026/04/15 19:52:57.886, 0 %, 61317 MiB, 81920 MiB
2026/04/15 19:52:57.886, 0 %, 0 MiB, 81920 MiB
2026/04/15 19:53:02.887, 0 %, 61317 MiB, 81920 MiB
2026/04/15 19:53:02.887, 0 %, 0 MiB, 81920 MiB
2026/04/15 19:53:07.888, 0 %, 61317 MiB, 81920 MiB
2026/04/15 19:53:07.888, 0 %, 0 MiB, 81920 MiB
2026/04/15 19:53:12.889, 0 %, 61317 MiB, 81920 MiB
2026/04/15 19:53:12.889, 0 %, 0 MiB, 81920 MiB
2026/04/15 19:53:17.889, 0 %, 61317 MiB, 81920 MiB
2026/04/15 19:53:17.890, 0 %, 0 MiB, 81920 MiB
2026/04/15 19:53:22.890, 0 %, 61317 MiB, 81920 MiB
2026/04/15 19:53:22.890, 0 %, 0 MiB, 81920 MiB
2026/04/15 19:53:27.891, 0 %, 61317 MiB, 81920 MiB
2026/04/15 19:53:27.891, 0 %, 0 MiB, 81920 MiB
2026/04/15 19:53:32.892, 0 %, 61317 MiB, 81920 MiB
2026/04/15 19:53:32.892, 0 %, 0 MiB, 81920 MiB
2026/04/15 19:53:37.893, 0 %, 61317 MiB, 81920 MiB
2026/04/15 19:53:37.893, 0 %, 0 MiB, 81920 MiB
2026/04/15 19:53:42.926, 0 %, 61317 MiB, 81920 MiB
2026/04/15 19:53:42.927, 0 %, 0 MiB, 81920 MiB
2026/04/15 19:53:47.927, 0 %, 61317 MiB, 81920 MiB
2026/04/15 19:53:47.928, 0 %, 0 MiB, 81920 MiB
2026/04/15 19:53:52.928, 0 %, 61317 MiB, 81920 MiB
2026/04/15 19:53:52.928, 0 %, 0 MiB, 81920 MiB
2026/04/15 19:53:57.929, 0 %, 61317 MiB, 81920 MiB
2026/04/15 19:53:57.929, 0 %, 0 MiB, 81920 MiB
2026/04/15 19:54:02.979, 0 %, 61317 MiB, 81920 MiB
2026/04/15 19:54:02.979, 0 %, 0 MiB, 81920 MiB
2026/04/15 19:54:07.980, 0 %, 61317 MiB, 81920 MiB
2026/04/15 19:54:07.980, 0 %, 0 MiB, 81920 MiB
2026/04/15 19:54:12.981, 0 %, 61317 MiB, 81920 MiB
2026/04/15 19:54:12.981, 0 %, 0 MiB, 81920 MiB
2026/04/15 19:54:17.982, 0 %, 61317 MiB, 81920 MiB
2026/04/15 19:54:17.982, 0 %, 0 MiB, 81920 MiB
2026/04/15 19:54:22.982, 0 %, 61317 MiB, 81920 MiB
2026/04/15 19:54:22.982, 0 %, 0 MiB, 81920 MiB
2026/04/15 19:54:27.983, 0 %, 61317 MiB, 81920 MiB
2026/04/15 19:54:27.983, 0 %, 0 MiB, 81920 MiB
2026/04/15 19:54:32.984, 0 %, 61353 MiB, 81920 MiB
2026/04/15 19:54:32.984, 0 %, 0 MiB, 81920 MiB
2026/04/15 19:54:37.985, 0 %, 61353 MiB, 81920 MiB
2026/04/15 19:54:37.985, 0 %, 0 MiB, 81920 MiB
2026/04/15 19:54:42.986, 33 %, 61387 MiB, 81920 MiB
2026/04/15 19:54:42.986, 0 %, 0 MiB, 81920 MiB
2026/04/15 19:54:47.987, 19 %, 61387 MiB, 81920 MiB
2026/04/15 19:54:47.987, 0 %, 0 MiB, 81920 MiB
2026/04/15 19:54:52.988, 0 %, 61387 MiB, 81920 MiB
2026/04/15 19:54:52.988, 0 %, 0 MiB, 81920 MiB
2026/04/15 19:54:57.989, 0 %, 61353 MiB, 81920 MiB
2026/04/15 19:54:57.989, 0 %, 0 MiB, 81920 MiB
2026/04/15 19:55:02.990, 0 %, 61353 MiB, 81920 MiB
2026/04/15 19:55:02.990, 0 %, 0 MiB, 81920 MiB
2026/04/15 19:55:07.991, 0 %, 61353 MiB, 81920 MiB
2026/04/15 19:55:07.991, 0 %, 0 MiB, 81920 MiB
2026/04/15 19:55:12.992, 0 %, 61353 MiB, 81920 MiB
2026/04/15 19:55:12.992, 0 %, 0 MiB, 81920 MiB
2026/04/15 19:55:17.992, 0 %, 61353 MiB, 81920 MiB
2026/04/15 19:55:17.993, 0 %, 0 MiB, 81920 MiB
2026/04/15 19:55:22.993, 0 %, 61353 MiB, 81920 MiB
2026/04/15 19:55:22.993, 0 %, 0 MiB, 81920 MiB
2026/04/15 19:55:27.994, 0 %, 61353 MiB, 81920 MiB
2026/04/15 19:55:27.994, 0 %, 0 MiB, 81920 MiB
2026/04/15 19:55:32.995, 0 %, 61353 MiB, 81920 MiB
2026/04/15 19:55:32.995, 0 %, 0 MiB, 81920 MiB
2026/04/15 19:55:37.996, 0 %, 61353 MiB, 81920 MiB
2026/04/15 19:55:37.996, 0 %, 0 MiB, 81920 MiB
2026/04/15 19:55:42.997, 0 %, 61353 MiB, 81920 MiB
2026/04/15 19:55:42.997, 0 %, 0 MiB, 81920 MiB
2026/04/15 19:55:47.998, 0 %, 61353 MiB, 81920 MiB
2026/04/15 19:55:47.998, 0 %, 0 MiB, 81920 MiB
2026/04/15 19:55:52.999, 0 %, 61353 MiB, 81920 MiB
2026/04/15 19:55:52.999, 0 %, 0 MiB, 81920 MiB
2026/04/15 19:55:58.000, 0 %, 61353 MiB, 81920 MiB
2026/04/15 19:55:58.000, 0 %, 0 MiB, 81920 MiB
2026/04/15 19:56:03.001, 0 %, 61353 MiB, 81920 MiB
2026/04/15 19:56:03.001, 0 %, 0 MiB, 81920 MiB
2026/04/15 19:56:08.002, 0 %, 61353 MiB, 81920 MiB
2026/04/15 19:56:08.002, 0 %, 0 MiB, 81920 MiB
2026/04/15 19:56:13.002, 0 %, 61353 MiB, 81920 MiB
2026/04/15 19:56:13.003, 0 %, 0 MiB, 81920 MiB
2026/04/15 19:56:18.003, 0 %, 61353 MiB, 81920 MiB
2026/04/15 19:56:18.004, 0 %, 0 MiB, 81920 MiB
2026/04/15 19:56:23.004, 0 %, 61353 MiB, 81920 MiB
2026/04/15 19:56:23.004, 0 %, 0 MiB, 81920 MiB
2026/04/15 19:56:28.005, 0 %, 61353 MiB, 81920 MiB
2026/04/15 19:56:28.005, 0 %, 0 MiB, 81920 MiB
2026/04/15 19:56:33.006, 0 %, 61353 MiB, 81920 MiB
2026/04/15 19:56:33.006, 0 %, 0 MiB, 81920 MiB
2026/04/15 19:56:38.007, 0 %, 61353 MiB, 81920 MiB
2026/04/15 19:56:38.007, 0 %, 0 MiB, 81920 MiB
2026/04/15 19:56:43.008, 0 %, 61353 MiB, 81920 MiB
2026/04/15 19:56:43.008, 0 %, 0 MiB, 81920 MiB
2026/04/15 19:56:48.009, 0 %, 61353 MiB, 81920 MiB
2026/04/15 19:56:48.009, 0 %, 0 MiB, 81920 MiB
2026/04/15 19:56:53.010, 0 %, 61353 MiB, 81920 MiB
2026/04/15 19:56:53.010, 0 %, 0 MiB, 81920 MiB
2026/04/15 19:56:58.011, 0 %, 61353 MiB, 81920 MiB
2026/04/15 19:56:58.011, 0 %, 0 MiB, 81920 MiB
2026/04/15 19:57:03.012, 0 %, 61353 MiB, 81920 MiB
2026/04/15 19:57:03.012, 0 %, 0 MiB, 81920 MiB
2026/04/15 19:57:08.012, 0 %, 61353 MiB, 81920 MiB
2026/04/15 19:57:08.012, 0 %, 0 MiB, 81920 MiB
2026/04/15 19:57:13.013, 0 %, 61353 MiB, 81920 MiB
2026/04/15 19:57:13.013, 0 %, 0 MiB, 81920 MiB
2026/04/15 19:57:18.014, 0 %, 61353 MiB, 81920 MiB
2026/04/15 19:57:18.014, 0 %, 0 MiB, 81920 MiB
2026/04/15 19:57:23.015, 0 %, 61353 MiB, 81920 MiB
2026/04/15 19:57:23.015, 0 %, 0 MiB, 81920 MiB
2026/04/15 19:57:28.016, 0 %, 61353 MiB, 81920 MiB
2026/04/15 19:57:28.016, 0 %, 0 MiB, 81920 MiB
2026/04/15 19:57:33.017, 0 %, 61353 MiB, 81920 MiB
2026/04/15 19:57:33.017, 0 %, 0 MiB, 81920 MiB
2026/04/15 19:57:38.018, 0 %, 61353 MiB, 81920 MiB
2026/04/15 19:57:38.018, 0 %, 0 MiB, 81920 MiB
2026/04/15 19:57:43.018, 0 %, 61353 MiB, 81920 MiB
2026/04/15 19:57:43.019, 0 %, 0 MiB, 81920 MiB
2026/04/15 19:57:48.019, 0 %, 61353 MiB, 81920 MiB
2026/04/15 19:57:48.020, 0 %, 0 MiB, 81920 MiB
2026/04/15 19:57:53.020, 0 %, 61353 MiB, 81920 MiB
2026/04/15 19:57:53.020, 0 %, 0 MiB, 81920 MiB
2026/04/15 19:57:58.021, 0 %, 61353 MiB, 81920 MiB
2026/04/15 19:57:58.021, 0 %, 0 MiB, 81920 MiB
2026/04/15 19:58:03.022, 0 %, 61353 MiB, 81920 MiB
2026/04/15 19:58:03.022, 0 %, 0 MiB, 81920 MiB
2026/04/15 19:58:08.023, 0 %, 61353 MiB, 81920 MiB
2026/04/15 19:58:08.023, 0 %, 0 MiB, 81920 MiB
2026/04/15 19:58:13.024, 0 %, 61353 MiB, 81920 MiB
2026/04/15 19:58:13.024, 0 %, 0 MiB, 81920 MiB
2026/04/15 19:58:18.025, 0 %, 61353 MiB, 81920 MiB
2026/04/15 19:58:18.025, 0 %, 0 MiB, 81920 MiB
2026/04/15 19:58:23.026, 0 %, 61353 MiB, 81920 MiB
2026/04/15 19:58:23.026, 0 %, 0 MiB, 81920 MiB
2026/04/15 19:58:28.027, 0 %, 61353 MiB, 81920 MiB
2026/04/15 19:58:28.027, 0 %, 0 MiB, 81920 MiB
2026/04/15 19:58:33.027, 0 %, 61353 MiB, 81920 MiB
2026/04/15 19:58:33.028, 0 %, 0 MiB, 81920 MiB
2026/04/15 19:58:38.028, 0 %, 61353 MiB, 81920 MiB
2026/04/15 19:58:38.029, 0 %, 0 MiB, 81920 MiB
2026/04/15 19:58:43.029, 0 %, 61353 MiB, 81920 MiB
2026/04/15 19:58:43.029, 0 %, 0 MiB, 81920 MiB
2026/04/15 19:58:48.030, 0 %, 61353 MiB, 81920 MiB
2026/04/15 19:58:48.030, 0 %, 0 MiB, 81920 MiB
2026/04/15 19:58:53.031, 0 %, 61353 MiB, 81920 MiB
2026/04/15 19:58:53.031, 0 %, 0 MiB, 81920 MiB
2026/04/15 19:58:58.032, 0 %, 61353 MiB, 81920 MiB
2026/04/15 19:58:58.032, 0 %, 0 MiB, 81920 MiB
2026/04/15 19:59:03.033, 0 %, 61353 MiB, 81920 MiB
2026/04/15 19:59:03.033, 0 %, 0 MiB, 81920 MiB
2026/04/15 19:59:08.034, 0 %, 61353 MiB, 81920 MiB
2026/04/15 19:59:08.034, 0 %, 0 MiB, 81920 MiB
2026/04/15 19:59:13.035, 0 %, 61353 MiB, 81920 MiB
2026/04/15 19:59:13.035, 0 %, 0 MiB, 81920 MiB
2026/04/15 19:59:18.035, 0 %, 61353 MiB, 81920 MiB
2026/04/15 19:59:18.036, 0 %, 0 MiB, 81920 MiB
2026/04/15 19:59:23.036, 0 %, 61353 MiB, 81920 MiB
2026/04/15 19:59:23.037, 0 %, 0 MiB, 81920 MiB
2026/04/15 19:59:28.037, 0 %, 61353 MiB, 81920 MiB
2026/04/15 19:59:28.037, 0 %, 0 MiB, 81920 MiB
2026/04/15 19:59:33.038, 0 %, 61353 MiB, 81920 MiB
2026/04/15 19:59:33.038, 0 %, 0 MiB, 81920 MiB
2026/04/15 19:59:38.039, 0 %, 61353 MiB, 81920 MiB
2026/04/15 19:59:38.039, 0 %, 0 MiB, 81920 MiB
2026/04/15 19:59:43.040, 0 %, 61353 MiB, 81920 MiB
2026/04/15 19:59:43.040, 0 %, 0 MiB, 81920 MiB
2026/04/15 19:59:48.041, 0 %, 61353 MiB, 81920 MiB
2026/04/15 19:59:48.041, 0 %, 0 MiB, 81920 MiB
2026/04/15 19:59:53.042, 0 %, 61353 MiB, 81920 MiB
2026/04/15 19:59:53.042, 0 %, 0 MiB, 81920 MiB
2026/04/15 19:59:58.043, 0 %, 61353 MiB, 81920 MiB
2026/04/15 19:59:58.043, 0 %, 0 MiB, 81920 MiB
2026/04/15 20:00:03.044, 0 %, 61353 MiB, 81920 MiB
2026/04/15 20:00:03.044, 0 %, 0 MiB, 81920 MiB
2026/04/15 20:00:08.045, 0 %, 61353 MiB, 81920 MiB
2026/04/15 20:00:08.045, 0 %, 0 MiB, 81920 MiB
2026/04/15 20:00:13.046, 0 %, 61353 MiB, 81920 MiB
2026/04/15 20:00:13.046, 0 %, 0 MiB, 81920 MiB
2026/04/15 20:00:18.047, 0 %, 61353 MiB, 81920 MiB
2026/04/15 20:00:18.047, 0 %, 0 MiB, 81920 MiB
2026/04/15 20:00:23.047, 0 %, 61353 MiB, 81920 MiB
2026/04/15 20:00:23.048, 0 %, 0 MiB, 81920 MiB
2026/04/15 20:00:28.048, 0 %, 61353 MiB, 81920 MiB
2026/04/15 20:00:28.048, 0 %, 0 MiB, 81920 MiB
2026/04/15 20:00:33.049, 0 %, 61353 MiB, 81920 MiB
2026/04/15 20:00:33.049, 0 %, 0 MiB, 81920 MiB
2026/04/15 20:00:38.050, 0 %, 61353 MiB, 81920 MiB
2026/04/15 20:00:38.050, 0 %, 0 MiB, 81920 MiB
2026/04/15 20:00:43.051, 0 %, 61353 MiB, 81920 MiB
2026/04/15 20:00:43.051, 0 %, 0 MiB, 81920 MiB
2026/04/15 20:00:48.052, 0 %, 61353 MiB, 81920 MiB
2026/04/15 20:00:48.052, 0 %, 0 MiB, 81920 MiB
2026/04/15 20:00:53.053, 0 %, 61353 MiB, 81920 MiB
2026/04/15 20:00:53.053, 0 %, 0 MiB, 81920 MiB
2026/04/15 20:00:58.054, 0 %, 61353 MiB, 81920 MiB
2026/04/15 20:00:58.054, 0 %, 0 MiB, 81920 MiB
2026/04/15 20:01:03.055, 0 %, 61353 MiB, 81920 MiB
2026/04/15 20:01:03.055, 0 %, 0 MiB, 81920 MiB
2026/04/15 20:01:08.056, 0 %, 61353 MiB, 81920 MiB
2026/04/15 20:01:08.056, 0 %, 0 MiB, 81920 MiB
2026/04/15 20:01:13.057, 0 %, 61353 MiB, 81920 MiB
2026/04/15 20:01:13.057, 0 %, 0 MiB, 81920 MiB
2026/04/15 20:01:18.058, 0 %, 61353 MiB, 81920 MiB
2026/04/15 20:01:18.058, 0 %, 0 MiB, 81920 MiB
2026/04/15 20:01:23.059, 0 %, 61353 MiB, 81920 MiB
2026/04/15 20:01:23.059, 0 %, 0 MiB, 81920 MiB
2026/04/15 20:01:28.059, 0 %, 61353 MiB, 81920 MiB
2026/04/15 20:01:28.060, 0 %, 0 MiB, 81920 MiB
2026/04/15 20:01:33.060, 0 %, 61353 MiB, 81920 MiB
2026/04/15 20:01:33.060, 0 %, 0 MiB, 81920 MiB
2026/04/15 20:01:38.061, 0 %, 61353 MiB, 81920 MiB
2026/04/15 20:01:38.061, 0 %, 0 MiB, 81920 MiB
2026/04/15 20:01:43.062, 0 %, 61353 MiB, 81920 MiB
2026/04/15 20:01:43.062, 0 %, 0 MiB, 81920 MiB
2026/04/15 20:01:48.063, 0 %, 61353 MiB, 81920 MiB
2026/04/15 20:01:48.063, 0 %, 0 MiB, 81920 MiB
2026/04/15 20:01:53.064, 0 %, 61353 MiB, 81920 MiB
2026/04/15 20:01:53.064, 0 %, 0 MiB, 81920 MiB
2026/04/15 20:01:58.065, 0 %, 61353 MiB, 81920 MiB
2026/04/15 20:01:58.065, 0 %, 0 MiB, 81920 MiB
2026/04/15 20:02:03.066, 0 %, 61353 MiB, 81920 MiB
2026/04/15 20:02:03.066, 0 %, 0 MiB, 81920 MiB
2026/04/15 20:02:08.067, 0 %, 61353 MiB, 81920 MiB
2026/04/15 20:02:08.067, 0 %, 0 MiB, 81920 MiB
2026/04/15 20:02:13.068, 0 %, 61353 MiB, 81920 MiB
2026/04/15 20:02:13.068, 0 %, 0 MiB, 81920 MiB
2026/04/15 20:02:18.069, 0 %, 61353 MiB, 81920 MiB
2026/04/15 20:02:18.069, 0 %, 0 MiB, 81920 MiB
2026/04/15 20:02:23.070, 0 %, 61353 MiB, 81920 MiB
2026/04/15 20:02:23.070, 0 %, 0 MiB, 81920 MiB
2026/04/15 20:02:28.070, 0 %, 61353 MiB, 81920 MiB
2026/04/15 20:02:28.070, 0 %, 0 MiB, 81920 MiB
2026/04/15 20:02:33.071, 0 %, 61353 MiB, 81920 MiB
2026/04/15 20:02:33.071, 0 %, 0 MiB, 81920 MiB
2026/04/15 20:02:38.072, 0 %, 61353 MiB, 81920 MiB
2026/04/15 20:02:38.072, 0 %, 0 MiB, 81920 MiB
2026/04/15 20:02:43.073, 0 %, 61353 MiB, 81920 MiB
2026/04/15 20:02:43.073, 0 %, 0 MiB, 81920 MiB
2026/04/15 20:02:48.074, 0 %, 61353 MiB, 81920 MiB
2026/04/15 20:02:48.074, 0 %, 0 MiB, 81920 MiB
2026/04/15 20:02:53.075, 0 %, 61353 MiB, 81920 MiB
2026/04/15 20:02:53.075, 0 %, 0 MiB, 81920 MiB
2026/04/15 20:02:58.076, 0 %, 61353 MiB, 81920 MiB
2026/04/15 20:02:58.076, 0 %, 0 MiB, 81920 MiB
2026/04/15 20:03:03.077, 0 %, 61353 MiB, 81920 MiB
2026/04/15 20:03:03.077, 0 %, 0 MiB, 81920 MiB
2026/04/15 20:03:08.078, 0 %, 61353 MiB, 81920 MiB
2026/04/15 20:03:08.078, 0 %, 0 MiB, 81920 MiB
2026/04/15 20:03:13.079, 0 %, 61353 MiB, 81920 MiB
2026/04/15 20:03:13.079, 0 %, 0 MiB, 81920 MiB
2026/04/15 20:03:18.079, 0 %, 61353 MiB, 81920 MiB
2026/04/15 20:03:18.080, 0 %, 0 MiB, 81920 MiB
2026/04/15 20:03:23.080, 0 %, 61353 MiB, 81920 MiB
2026/04/15 20:03:23.081, 0 %, 0 MiB, 81920 MiB
2026/04/15 20:03:28.081, 0 %, 61353 MiB, 81920 MiB
2026/04/15 20:03:28.081, 0 %, 0 MiB, 81920 MiB
2026/04/15 20:03:33.082, 0 %, 61353 MiB, 81920 MiB
2026/04/15 20:03:33.082, 0 %, 0 MiB, 81920 MiB
2026/04/15 20:03:38.083, 0 %, 61353 MiB, 81920 MiB
2026/04/15 20:03:38.083, 0 %, 0 MiB, 81920 MiB
2026/04/15 20:03:43.084, 0 %, 61353 MiB, 81920 MiB
2026/04/15 20:03:43.084, 0 %, 0 MiB, 81920 MiB
2026/04/15 20:03:48.085, 0 %, 61353 MiB, 81920 MiB
2026/04/15 20:03:48.085, 0 %, 0 MiB, 81920 MiB
2026/04/15 20:03:53.086, 0 %, 61353 MiB, 81920 MiB
2026/04/15 20:03:53.086, 0 %, 0 MiB, 81920 MiB
2026/04/15 20:03:58.087, 0 %, 61353 MiB, 81920 MiB
2026/04/15 20:03:58.087, 0 %, 0 MiB, 81920 MiB
2026/04/15 20:04:03.088, 0 %, 61353 MiB, 81920 MiB
2026/04/15 20:04:03.088, 0 %, 0 MiB, 81920 MiB
2026/04/15 20:04:08.089, 0 %, 61353 MiB, 81920 MiB
2026/04/15 20:04:08.089, 0 %, 0 MiB, 81920 MiB
2026/04/15 20:04:13.089, 0 %, 61353 MiB, 81920 MiB
2026/04/15 20:04:13.090, 0 %, 0 MiB, 81920 MiB
2026/04/15 20:04:18.090, 0 %, 61353 MiB, 81920 MiB
2026/04/15 20:04:18.091, 0 %, 0 MiB, 81920 MiB
2026/04/15 20:04:23.091, 0 %, 61353 MiB, 81920 MiB
2026/04/15 20:04:23.092, 0 %, 0 MiB, 81920 MiB
2026/04/15 20:04:28.092, 0 %, 61353 MiB, 81920 MiB
2026/04/15 20:04:28.092, 0 %, 0 MiB, 81920 MiB
2026/04/15 20:04:33.093, 0 %, 61353 MiB, 81920 MiB
2026/04/15 20:04:33.093, 0 %, 0 MiB, 81920 MiB
2026/04/15 20:04:38.094, 0 %, 61353 MiB, 81920 MiB
2026/04/15 20:04:38.094, 0 %, 0 MiB, 81920 MiB
2026/04/15 20:04:43.095, 0 %, 61353 MiB, 81920 MiB
2026/04/15 20:04:43.095, 0 %, 0 MiB, 81920 MiB
2026/04/15 20:04:48.096, 0 %, 61353 MiB, 81920 MiB
2026/04/15 20:04:48.096, 0 %, 0 MiB, 81920 MiB
2026/04/15 20:04:53.097, 0 %, 61353 MiB, 81920 MiB
2026/04/15 20:04:53.097, 0 %, 0 MiB, 81920 MiB
2026/04/15 20:04:58.098, 0 %, 61353 MiB, 81920 MiB
2026/04/15 20:04:58.098, 0 %, 0 MiB, 81920 MiB
2026/04/15 20:05:03.099, 0 %, 61353 MiB, 81920 MiB
2026/04/15 20:05:03.099, 0 %, 0 MiB, 81920 MiB
2026/04/15 20:05:08.100, 0 %, 61353 MiB, 81920 MiB
2026/04/15 20:05:08.100, 0 %, 0 MiB, 81920 MiB
2026/04/15 20:05:13.101, 0 %, 61353 MiB, 81920 MiB
2026/04/15 20:05:13.101, 0 %, 0 MiB, 81920 MiB
2026/04/15 20:05:18.102, 0 %, 61353 MiB, 81920 MiB
2026/04/15 20:05:18.102, 0 %, 0 MiB, 81920 MiB
2026/04/15 20:05:23.102, 0 %, 61353 MiB, 81920 MiB
2026/04/15 20:05:23.103, 0 %, 0 MiB, 81920 MiB
2026/04/15 20:05:28.103, 0 %, 61353 MiB, 81920 MiB
2026/04/15 20:05:28.104, 0 %, 0 MiB, 81920 MiB
2026/04/15 20:05:33.104, 0 %, 61353 MiB, 81920 MiB
2026/04/15 20:05:33.104, 0 %, 0 MiB, 81920 MiB
2026/04/15 20:05:38.105, 0 %, 61353 MiB, 81920 MiB
2026/04/15 20:05:38.105, 0 %, 0 MiB, 81920 MiB
2026/04/15 20:05:43.106, 0 %, 61353 MiB, 81920 MiB
2026/04/15 20:05:43.106, 0 %, 0 MiB, 81920 MiB
2026/04/15 20:05:48.107, 0 %, 61353 MiB, 81920 MiB
2026/04/15 20:05:48.107, 0 %, 0 MiB, 81920 MiB
2026/04/15 20:05:53.108, 0 %, 61353 MiB, 81920 MiB
2026/04/15 20:05:53.108, 0 %, 0 MiB, 81920 MiB
2026/04/15 20:05:58.109, 0 %, 61353 MiB, 81920 MiB
2026/04/15 20:05:58.109, 0 %, 0 MiB, 81920 MiB
2026/04/15 20:06:03.110, 0 %, 61353 MiB, 81920 MiB
2026/04/15 20:06:03.110, 0 %, 0 MiB, 81920 MiB
2026/04/15 20:06:08.111, 0 %, 61353 MiB, 81920 MiB
2026/04/15 20:06:08.111, 0 %, 0 MiB, 81920 MiB
2026/04/15 20:06:13.111, 0 %, 61353 MiB, 81920 MiB
2026/04/15 20:06:13.112, 0 %, 0 MiB, 81920 MiB
2026/04/15 20:06:18.112, 0 %, 61353 MiB, 81920 MiB
2026/04/15 20:06:18.113, 0 %, 0 MiB, 81920 MiB
2026/04/15 20:06:23.113, 0 %, 61353 MiB, 81920 MiB
2026/04/15 20:06:23.113, 0 %, 0 MiB, 81920 MiB
2026/04/15 20:06:28.114, 0 %, 61353 MiB, 81920 MiB
2026/04/15 20:06:28.114, 0 %, 0 MiB, 81920 MiB
2026/04/15 20:06:33.116, 0 %, 61353 MiB, 81920 MiB
2026/04/15 20:06:33.116, 0 %, 0 MiB, 81920 MiB
2026/04/15 20:06:38.117, 0 %, 61353 MiB, 81920 MiB
2026/04/15 20:06:38.117, 0 %, 0 MiB, 81920 MiB
2026/04/15 20:06:43.117, 0 %, 61353 MiB, 81920 MiB
2026/04/15 20:06:43.118, 0 %, 0 MiB, 81920 MiB
2026/04/15 20:06:48.119, 0 %, 61353 MiB, 81920 MiB
2026/04/15 20:06:48.119, 0 %, 0 MiB, 81920 MiB
2026/04/15 20:06:53.119, 0 %, 61353 MiB, 81920 MiB
2026/04/15 20:06:53.120, 0 %, 0 MiB, 81920 MiB
2026/04/15 20:06:58.120, 0 %, 61353 MiB, 81920 MiB
2026/04/15 20:06:58.120, 0 %, 0 MiB, 81920 MiB
2026/04/15 20:07:03.121, 0 %, 61353 MiB, 81920 MiB
2026/04/15 20:07:03.121, 0 %, 0 MiB, 81920 MiB
2026/04/15 20:07:08.123, 0 %, 61353 MiB, 81920 MiB
2026/04/15 20:07:08.123, 0 %, 0 MiB, 81920 MiB
2026/04/15 20:07:13.123, 0 %, 61353 MiB, 81920 MiB
2026/04/15 20:07:13.124, 0 %, 0 MiB, 81920 MiB
2026/04/15 20:07:18.124, 0 %, 61353 MiB, 81920 MiB
2026/04/15 20:07:18.125, 0 %, 0 MiB, 81920 MiB
2026/04/15 20:07:23.125, 0 %, 61353 MiB, 81920 MiB
2026/04/15 20:07:23.126, 0 %, 0 MiB, 81920 MiB
2026/04/15 20:07:28.126, 0 %, 61353 MiB, 81920 MiB
2026/04/15 20:07:28.126, 0 %, 0 MiB, 81920 MiB
2026/04/15 20:07:33.127, 0 %, 61353 MiB, 81920 MiB
2026/04/15 20:07:33.127, 0 %, 0 MiB, 81920 MiB
2026/04/15 20:07:38.128, 0 %, 61353 MiB, 81920 MiB
2026/04/15 20:07:38.128, 0 %, 0 MiB, 81920 MiB
2026/04/15 20:07:43.129, 0 %, 61353 MiB, 81920 MiB
2026/04/15 20:07:43.129, 0 %, 0 MiB, 81920 MiB
2026/04/15 20:07:48.130, 0 %, 61353 MiB, 81920 MiB
2026/04/15 20:07:48.130, 0 %, 0 MiB, 81920 MiB
2026/04/15 20:07:53.131, 0 %, 61353 MiB, 81920 MiB
2026/04/15 20:07:53.131, 0 %, 0 MiB, 81920 MiB
2026/04/15 20:07:58.132, 0 %, 61353 MiB, 81920 MiB
2026/04/15 20:07:58.132, 0 %, 0 MiB, 81920 MiB
2026/04/15 20:08:03.133, 0 %, 61353 MiB, 81920 MiB
2026/04/15 20:08:03.133, 0 %, 0 MiB, 81920 MiB
2026/04/15 20:08:08.206, 0 %, 61353 MiB, 81920 MiB
2026/04/15 20:08:08.411, 0 %, 0 MiB, 81920 MiB
2026/04/15 20:08:13.412, 0 %, 61353 MiB, 81920 MiB
2026/04/15 20:08:13.412, 0 %, 0 MiB, 81920 MiB
2026/04/15 20:08:18.413, 0 %, 61353 MiB, 81920 MiB
2026/04/15 20:08:18.413, 0 %, 0 MiB, 81920 MiB
2026/04/15 20:08:23.414, 0 %, 61353 MiB, 81920 MiB
2026/04/15 20:08:23.414, 0 %, 0 MiB, 81920 MiB
2026/04/15 20:08:28.415, 0 %, 61353 MiB, 81920 MiB
2026/04/15 20:08:28.415, 0 %, 0 MiB, 81920 MiB
2026/04/15 20:08:33.416, 0 %, 61353 MiB, 81920 MiB
2026/04/15 20:08:33.416, 0 %, 0 MiB, 81920 MiB
2026/04/15 20:08:38.417, 0 %, 61353 MiB, 81920 MiB
2026/04/15 20:08:38.417, 0 %, 0 MiB, 81920 MiB
2026/04/15 20:08:43.418, 0 %, 61353 MiB, 81920 MiB
2026/04/15 20:08:43.418, 0 %, 0 MiB, 81920 MiB
2026/04/15 20:08:48.419, 0 %, 61353 MiB, 81920 MiB
2026/04/15 20:08:48.420, 0 %, 0 MiB, 81920 MiB
2026/04/15 20:08:53.421, 0 %, 61387 MiB, 81920 MiB
2026/04/15 20:08:53.421, 0 %, 0 MiB, 81920 MiB
2026/04/15 20:08:58.421, 0 %, 61387 MiB, 81920 MiB
2026/04/15 20:08:58.422, 0 %, 0 MiB, 81920 MiB
2026/04/15 20:09:03.422, 1 %, 61421 MiB, 81920 MiB
2026/04/15 20:09:03.422, 0 %, 0 MiB, 81920 MiB
2026/04/15 20:09:08.423, 0 %, 61387 MiB, 81920 MiB
2026/04/15 20:09:08.423, 0 %, 0 MiB, 81920 MiB
2026/04/15 20:09:13.424, 10 %, 61387 MiB, 81920 MiB
2026/04/15 20:09:13.424, 0 %, 0 MiB, 81920 MiB
2026/04/15 20:09:18.425, 0 %, 61387 MiB, 81920 MiB
2026/04/15 20:09:18.425, 0 %, 0 MiB, 81920 MiB
2026/04/15 20:09:23.426, 0 %, 61387 MiB, 81920 MiB
2026/04/15 20:09:23.426, 0 %, 0 MiB, 81920 MiB
2026/04/15 20:09:28.427, 0 %, 61387 MiB, 81920 MiB
2026/04/15 20:09:28.427, 0 %, 0 MiB, 81920 MiB
2026/04/15 20:09:33.428, 0 %, 61387 MiB, 81920 MiB
2026/04/15 20:09:33.428, 0 %, 0 MiB, 81920 MiB
2026/04/15 20:09:38.429, 0 %, 61387 MiB, 81920 MiB
2026/04/15 20:09:38.429, 0 %, 0 MiB, 81920 MiB
2026/04/15 20:09:43.429, 0 %, 61387 MiB, 81920 MiB
2026/04/15 20:09:43.430, 0 %, 0 MiB, 81920 MiB
2026/04/15 20:09:48.430, 0 %, 61387 MiB, 81920 MiB
2026/04/15 20:09:48.431, 0 %, 0 MiB, 81920 MiB
2026/04/15 20:09:53.431, 0 %, 61387 MiB, 81920 MiB
2026/04/15 20:09:53.432, 0 %, 0 MiB, 81920 MiB
2026/04/15 20:09:58.432, 0 %, 61387 MiB, 81920 MiB
2026/04/15 20:09:58.433, 0 %, 0 MiB, 81920 MiB
2026/04/15 20:10:03.433, 0 %, 61387 MiB, 81920 MiB
2026/04/15 20:10:03.433, 0 %, 0 MiB, 81920 MiB
2026/04/15 20:10:08.434, 0 %, 61387 MiB, 81920 MiB
2026/04/15 20:10:08.434, 0 %, 0 MiB, 81920 MiB
2026/04/15 20:10:13.435, 0 %, 61387 MiB, 81920 MiB
2026/04/15 20:10:13.435, 0 %, 0 MiB, 81920 MiB
2026/04/15 20:10:18.436, 0 %, 61387 MiB, 81920 MiB
2026/04/15 20:10:18.436, 0 %, 0 MiB, 81920 MiB
2026/04/15 20:10:23.437, 0 %, 61387 MiB, 81920 MiB
2026/04/15 20:10:23.437, 0 %, 0 MiB, 81920 MiB
2026/04/15 20:10:28.438, 0 %, 61387 MiB, 81920 MiB
2026/04/15 20:10:28.438, 0 %, 0 MiB, 81920 MiB
2026/04/15 20:10:33.439, 0 %, 61387 MiB, 81920 MiB
2026/04/15 20:10:33.439, 0 %, 0 MiB, 81920 MiB
2026/04/15 20:10:38.440, 0 %, 61387 MiB, 81920 MiB
2026/04/15 20:10:38.440, 0 %, 0 MiB, 81920 MiB
2026/04/15 20:10:43.441, 0 %, 61387 MiB, 81920 MiB
2026/04/15 20:10:43.441, 0 %, 0 MiB, 81920 MiB
2026/04/15 20:10:48.442, 0 %, 61387 MiB, 81920 MiB
2026/04/15 20:10:48.442, 0 %, 0 MiB, 81920 MiB
2026/04/15 20:10:53.443, 0 %, 61387 MiB, 81920 MiB
2026/04/15 20:10:53.443, 0 %, 0 MiB, 81920 MiB
2026/04/15 20:10:58.444, 0 %, 61387 MiB, 81920 MiB
2026/04/15 20:10:58.444, 0 %, 0 MiB, 81920 MiB
2026/04/15 20:11:03.444, 0 %, 61387 MiB, 81920 MiB
2026/04/15 20:11:03.445, 0 %, 0 MiB, 81920 MiB
2026/04/15 20:11:08.445, 0 %, 61387 MiB, 81920 MiB
2026/04/15 20:11:08.445, 0 %, 0 MiB, 81920 MiB
2026/04/15 20:11:13.446, 0 %, 61387 MiB, 81920 MiB
2026/04/15 20:11:13.446, 0 %, 0 MiB, 81920 MiB
2026/04/15 20:11:18.447, 0 %, 61387 MiB, 81920 MiB
2026/04/15 20:11:18.447, 0 %, 0 MiB, 81920 MiB
2026/04/15 20:11:23.448, 0 %, 61387 MiB, 81920 MiB
2026/04/15 20:11:23.448, 0 %, 0 MiB, 81920 MiB
2026/04/15 20:11:28.449, 0 %, 61387 MiB, 81920 MiB
2026/04/15 20:11:28.449, 0 %, 0 MiB, 81920 MiB
2026/04/15 20:11:33.450, 0 %, 61387 MiB, 81920 MiB
2026/04/15 20:11:33.450, 0 %, 0 MiB, 81920 MiB
2026/04/15 20:11:38.451, 0 %, 61387 MiB, 81920 MiB
2026/04/15 20:11:38.451, 0 %, 0 MiB, 81920 MiB
2026/04/15 20:11:43.452, 0 %, 61387 MiB, 81920 MiB
2026/04/15 20:11:43.452, 0 %, 0 MiB, 81920 MiB
2026/04/15 20:11:48.453, 0 %, 61387 MiB, 81920 MiB
2026/04/15 20:11:48.453, 0 %, 0 MiB, 81920 MiB
2026/04/15 20:11:53.453, 0 %, 61387 MiB, 81920 MiB
2026/04/15 20:11:53.454, 0 %, 0 MiB, 81920 MiB
2026/04/15 20:11:58.454, 0 %, 61387 MiB, 81920 MiB
2026/04/15 20:11:58.455, 0 %, 0 MiB, 81920 MiB
2026/04/15 20:12:03.455, 0 %, 61387 MiB, 81920 MiB
2026/04/15 20:12:03.456, 0 %, 0 MiB, 81920 MiB
2026/04/15 20:12:08.456, 0 %, 61387 MiB, 81920 MiB
2026/04/15 20:12:08.456, 0 %, 0 MiB, 81920 MiB
2026/04/15 20:12:13.457, 0 %, 61387 MiB, 81920 MiB
2026/04/15 20:12:13.457, 0 %, 0 MiB, 81920 MiB
2026/04/15 20:12:18.458, 0 %, 61387 MiB, 81920 MiB
2026/04/15 20:12:18.458, 0 %, 0 MiB, 81920 MiB
2026/04/15 20:12:23.459, 0 %, 61387 MiB, 81920 MiB
2026/04/15 20:12:23.459, 0 %, 0 MiB, 81920 MiB
2026/04/15 20:12:28.460, 0 %, 61387 MiB, 81920 MiB
2026/04/15 20:12:28.460, 0 %, 0 MiB, 81920 MiB
2026/04/15 20:12:33.461, 0 %, 61387 MiB, 81920 MiB
2026/04/15 20:12:33.461, 0 %, 0 MiB, 81920 MiB
2026/04/15 20:12:38.462, 0 %, 61387 MiB, 81920 MiB
2026/04/15 20:12:38.462, 0 %, 0 MiB, 81920 MiB
2026/04/15 20:12:43.463, 0 %, 61387 MiB, 81920 MiB
2026/04/15 20:12:43.463, 0 %, 0 MiB, 81920 MiB
2026/04/15 20:12:48.463, 0 %, 61387 MiB, 81920 MiB
2026/04/15 20:12:48.464, 0 %, 0 MiB, 81920 MiB
2026/04/15 20:12:53.464, 0 %, 61387 MiB, 81920 MiB
2026/04/15 20:12:53.465, 0 %, 0 MiB, 81920 MiB
2026/04/15 20:12:58.465, 0 %, 61387 MiB, 81920 MiB
2026/04/15 20:12:58.466, 0 %, 0 MiB, 81920 MiB
2026/04/15 20:13:03.466, 0 %, 61387 MiB, 81920 MiB
2026/04/15 20:13:03.466, 0 %, 0 MiB, 81920 MiB
2026/04/15 20:13:08.467, 0 %, 61387 MiB, 81920 MiB
2026/04/15 20:13:08.467, 0 %, 0 MiB, 81920 MiB
2026/04/15 20:13:13.468, 0 %, 61387 MiB, 81920 MiB
2026/04/15 20:13:13.468, 0 %, 0 MiB, 81920 MiB
2026/04/15 20:13:18.469, 0 %, 61387 MiB, 81920 MiB
2026/04/15 20:13:18.469, 0 %, 0 MiB, 81920 MiB
2026/04/15 20:13:23.470, 0 %, 61387 MiB, 81920 MiB
2026/04/15 20:13:23.470, 0 %, 0 MiB, 81920 MiB
2026/04/15 20:13:28.471, 0 %, 61387 MiB, 81920 MiB
2026/04/15 20:13:28.471, 0 %, 0 MiB, 81920 MiB
2026/04/15 20:13:33.472, 0 %, 61387 MiB, 81920 MiB
2026/04/15 20:13:33.472, 0 %, 0 MiB, 81920 MiB
2026/04/15 20:13:38.473, 0 %, 61387 MiB, 81920 MiB
2026/04/15 20:13:38.473, 0 %, 0 MiB, 81920 MiB
2026/04/15 20:13:43.474, 0 %, 61387 MiB, 81920 MiB
2026/04/15 20:13:43.474, 0 %, 0 MiB, 81920 MiB
2026/04/15 20:13:48.475, 0 %, 61387 MiB, 81920 MiB
2026/04/15 20:13:48.475, 0 %, 0 MiB, 81920 MiB
2026/04/15 20:13:53.475, 0 %, 61387 MiB, 81920 MiB
2026/04/15 20:13:53.476, 0 %, 0 MiB, 81920 MiB
2026/04/15 20:13:58.476, 0 %, 61387 MiB, 81920 MiB
2026/04/15 20:13:58.477, 0 %, 0 MiB, 81920 MiB
2026/04/15 20:14:03.477, 0 %, 61387 MiB, 81920 MiB
2026/04/15 20:14:03.477, 0 %, 0 MiB, 81920 MiB
2026/04/15 20:14:08.478, 0 %, 61387 MiB, 81920 MiB
2026/04/15 20:14:08.478, 0 %, 0 MiB, 81920 MiB
2026/04/15 20:14:13.479, 0 %, 61387 MiB, 81920 MiB
2026/04/15 20:14:13.479, 0 %, 0 MiB, 81920 MiB
2026/04/15 20:14:18.480, 0 %, 61387 MiB, 81920 MiB
2026/04/15 20:14:18.480, 0 %, 0 MiB, 81920 MiB
2026/04/15 20:14:23.481, 0 %, 61387 MiB, 81920 MiB
2026/04/15 20:14:23.481, 0 %, 0 MiB, 81920 MiB
2026/04/15 20:14:28.482, 0 %, 61387 MiB, 81920 MiB
2026/04/15 20:14:28.482, 0 %, 0 MiB, 81920 MiB
2026/04/15 20:14:33.483, 0 %, 61387 MiB, 81920 MiB
2026/04/15 20:14:33.483, 0 %, 0 MiB, 81920 MiB
2026/04/15 20:14:38.484, 0 %, 61387 MiB, 81920 MiB
2026/04/15 20:14:38.484, 0 %, 0 MiB, 81920 MiB
2026/04/15 20:14:43.485, 0 %, 61387 MiB, 81920 MiB
2026/04/15 20:14:43.485, 0 %, 0 MiB, 81920 MiB
2026/04/15 20:14:48.486, 0 %, 61387 MiB, 81920 MiB
2026/04/15 20:14:48.486, 0 %, 0 MiB, 81920 MiB
2026/04/15 20:14:53.486, 0 %, 61387 MiB, 81920 MiB
2026/04/15 20:14:53.487, 0 %, 0 MiB, 81920 MiB
2026/04/15 20:14:58.487, 0 %, 61387 MiB, 81920 MiB
2026/04/15 20:14:58.487, 0 %, 0 MiB, 81920 MiB
2026/04/15 20:15:03.488, 0 %, 61387 MiB, 81920 MiB
2026/04/15 20:15:03.488, 0 %, 0 MiB, 81920 MiB
2026/04/15 20:15:08.489, 0 %, 61387 MiB, 81920 MiB
2026/04/15 20:15:08.489, 0 %, 0 MiB, 81920 MiB
2026/04/15 20:15:13.490, 0 %, 61387 MiB, 81920 MiB
2026/04/15 20:15:13.490, 0 %, 0 MiB, 81920 MiB
2026/04/15 20:15:18.491, 0 %, 61387 MiB, 81920 MiB
2026/04/15 20:15:18.491, 0 %, 0 MiB, 81920 MiB
2026/04/15 20:15:23.492, 0 %, 61387 MiB, 81920 MiB
2026/04/15 20:15:23.492, 0 %, 0 MiB, 81920 MiB
2026/04/15 20:15:28.493, 0 %, 61387 MiB, 81920 MiB
2026/04/15 20:15:28.493, 0 %, 0 MiB, 81920 MiB
2026/04/15 20:15:33.494, 0 %, 61387 MiB, 81920 MiB
2026/04/15 20:15:33.494, 0 %, 0 MiB, 81920 MiB
2026/04/15 20:15:38.495, 0 %, 61387 MiB, 81920 MiB
2026/04/15 20:15:38.495, 0 %, 0 MiB, 81920 MiB
2026/04/15 20:15:43.496, 0 %, 61387 MiB, 81920 MiB
2026/04/15 20:15:43.496, 0 %, 0 MiB, 81920 MiB
2026/04/15 20:15:48.497, 0 %, 61387 MiB, 81920 MiB
2026/04/15 20:15:48.497, 0 %, 0 MiB, 81920 MiB
2026/04/15 20:15:53.498, 0 %, 61387 MiB, 81920 MiB
2026/04/15 20:15:53.498, 0 %, 0 MiB, 81920 MiB
2026/04/15 20:15:58.498, 0 %, 61387 MiB, 81920 MiB
2026/04/15 20:15:58.499, 0 %, 0 MiB, 81920 MiB
2026/04/15 20:16:03.499, 0 %, 61387 MiB, 81920 MiB
2026/04/15 20:16:03.499, 0 %, 0 MiB, 81920 MiB
2026/04/15 20:16:08.500, 0 %, 61387 MiB, 81920 MiB
2026/04/15 20:16:08.500, 0 %, 0 MiB, 81920 MiB
2026/04/15 20:16:13.501, 0 %, 61387 MiB, 81920 MiB
2026/04/15 20:16:13.501, 0 %, 0 MiB, 81920 MiB
2026/04/15 20:16:18.502, 0 %, 61387 MiB, 81920 MiB
2026/04/15 20:16:18.502, 0 %, 0 MiB, 81920 MiB
2026/04/15 20:16:23.503, 0 %, 61387 MiB, 81920 MiB
2026/04/15 20:16:23.503, 0 %, 0 MiB, 81920 MiB
2026/04/15 20:16:28.504, 0 %, 61387 MiB, 81920 MiB
2026/04/15 20:16:28.504, 0 %, 0 MiB, 81920 MiB
2026/04/15 20:16:33.505, 0 %, 61387 MiB, 81920 MiB
2026/04/15 20:16:33.505, 0 %, 0 MiB, 81920 MiB
2026/04/15 20:16:38.506, 0 %, 61387 MiB, 81920 MiB
2026/04/15 20:16:38.506, 0 %, 0 MiB, 81920 MiB
2026/04/15 20:16:43.507, 0 %, 61387 MiB, 81920 MiB
2026/04/15 20:16:43.507, 0 %, 0 MiB, 81920 MiB
2026/04/15 20:16:48.508, 0 %, 61387 MiB, 81920 MiB
2026/04/15 20:16:48.508, 0 %, 0 MiB, 81920 MiB
2026/04/15 20:16:53.508, 0 %, 61387 MiB, 81920 MiB
2026/04/15 20:16:53.509, 0 %, 0 MiB, 81920 MiB
2026/04/15 20:16:58.509, 0 %, 61387 MiB, 81920 MiB
2026/04/15 20:16:58.509, 0 %, 0 MiB, 81920 MiB
2026/04/15 20:17:03.510, 0 %, 61387 MiB, 81920 MiB
2026/04/15 20:17:03.510, 0 %, 0 MiB, 81920 MiB
2026/04/15 20:17:08.511, 0 %, 61387 MiB, 81920 MiB
2026/04/15 20:17:08.511, 0 %, 0 MiB, 81920 MiB
2026/04/15 20:17:13.512, 0 %, 61387 MiB, 81920 MiB
2026/04/15 20:17:13.512, 0 %, 0 MiB, 81920 MiB
2026/04/15 20:17:18.513, 0 %, 61387 MiB, 81920 MiB
2026/04/15 20:17:18.513, 0 %, 0 MiB, 81920 MiB
2026/04/15 20:17:23.514, 0 %, 61387 MiB, 81920 MiB
2026/04/15 20:17:23.514, 0 %, 0 MiB, 81920 MiB
2026/04/15 20:17:28.515, 0 %, 61387 MiB, 81920 MiB
2026/04/15 20:17:28.515, 0 %, 0 MiB, 81920 MiB
2026/04/15 20:17:33.516, 0 %, 61387 MiB, 81920 MiB
2026/04/15 20:17:33.516, 0 %, 0 MiB, 81920 MiB
2026/04/15 20:17:38.517, 0 %, 61387 MiB, 81920 MiB
2026/04/15 20:17:38.517, 0 %, 0 MiB, 81920 MiB
2026/04/15 20:17:43.517, 0 %, 61387 MiB, 81920 MiB
2026/04/15 20:17:43.518, 0 %, 0 MiB, 81920 MiB
2026/04/15 20:17:48.518, 0 %, 61387 MiB, 81920 MiB
2026/04/15 20:17:48.518, 0 %, 0 MiB, 81920 MiB
2026/04/15 20:17:53.519, 0 %, 61387 MiB, 81920 MiB
2026/04/15 20:17:53.519, 0 %, 0 MiB, 81920 MiB
2026/04/15 20:17:58.520, 0 %, 61387 MiB, 81920 MiB
2026/04/15 20:17:58.520, 0 %, 0 MiB, 81920 MiB
2026/04/15 20:18:03.521, 0 %, 61387 MiB, 81920 MiB
2026/04/15 20:18:03.521, 0 %, 0 MiB, 81920 MiB
2026/04/15 20:18:08.522, 0 %, 61387 MiB, 81920 MiB
2026/04/15 20:18:08.522, 0 %, 0 MiB, 81920 MiB
2026/04/15 20:18:13.523, 0 %, 61387 MiB, 81920 MiB
2026/04/15 20:18:13.523, 0 %, 0 MiB, 81920 MiB
2026/04/15 20:18:18.524, 0 %, 61387 MiB, 81920 MiB
2026/04/15 20:18:18.524, 0 %, 0 MiB, 81920 MiB
2026/04/15 20:18:23.525, 0 %, 61387 MiB, 81920 MiB
2026/04/15 20:18:23.525, 0 %, 0 MiB, 81920 MiB
2026/04/15 20:18:28.526, 0 %, 61387 MiB, 81920 MiB
2026/04/15 20:18:28.526, 0 %, 0 MiB, 81920 MiB
2026/04/15 20:18:33.527, 0 %, 61387 MiB, 81920 MiB
2026/04/15 20:18:33.527, 0 %, 0 MiB, 81920 MiB
2026/04/15 20:18:38.528, 0 %, 61387 MiB, 81920 MiB
2026/04/15 20:18:38.528, 0 %, 0 MiB, 81920 MiB
2026/04/15 20:18:43.529, 0 %, 61387 MiB, 81920 MiB
2026/04/15 20:18:43.529, 0 %, 0 MiB, 81920 MiB
2026/04/15 20:18:48.529, 0 %, 61387 MiB, 81920 MiB
2026/04/15 20:18:48.530, 0 %, 0 MiB, 81920 MiB
2026/04/15 20:18:53.530, 0 %, 61387 MiB, 81920 MiB
2026/04/15 20:18:53.531, 0 %, 0 MiB, 81920 MiB
2026/04/15 20:18:58.531, 0 %, 61387 MiB, 81920 MiB
2026/04/15 20:18:58.531, 0 %, 0 MiB, 81920 MiB
2026/04/15 20:19:03.532, 0 %, 61387 MiB, 81920 MiB
2026/04/15 20:19:03.532, 0 %, 0 MiB, 81920 MiB
2026/04/15 20:19:08.533, 0 %, 61387 MiB, 81920 MiB
2026/04/15 20:19:08.533, 0 %, 0 MiB, 81920 MiB
2026/04/15 20:19:13.534, 0 %, 61387 MiB, 81920 MiB
2026/04/15 20:19:13.534, 0 %, 0 MiB, 81920 MiB
2026/04/15 20:19:18.535, 0 %, 61387 MiB, 81920 MiB
2026/04/15 20:19:18.535, 0 %, 0 MiB, 81920 MiB
2026/04/15 20:19:23.536, 0 %, 61387 MiB, 81920 MiB
2026/04/15 20:19:23.536, 0 %, 0 MiB, 81920 MiB
2026/04/15 20:19:28.537, 0 %, 61387 MiB, 81920 MiB
2026/04/15 20:19:28.537, 0 %, 0 MiB, 81920 MiB
2026/04/15 20:19:33.538, 0 %, 61387 MiB, 81920 MiB
2026/04/15 20:19:33.538, 0 %, 0 MiB, 81920 MiB
2026/04/15 20:19:38.539, 0 %, 61387 MiB, 81920 MiB
2026/04/15 20:19:38.539, 0 %, 0 MiB, 81920 MiB
2026/04/15 20:19:43.540, 0 %, 61387 MiB, 81920 MiB
2026/04/15 20:19:43.540, 0 %, 0 MiB, 81920 MiB
2026/04/15 20:19:48.541, 0 %, 61387 MiB, 81920 MiB
2026/04/15 20:19:48.541, 0 %, 0 MiB, 81920 MiB
2026/04/15 20:19:53.542, 0 %, 61387 MiB, 81920 MiB
2026/04/15 20:19:53.542, 0 %, 0 MiB, 81920 MiB
2026/04/15 20:19:58.543, 0 %, 61387 MiB, 81920 MiB
2026/04/15 20:19:58.543, 0 %, 0 MiB, 81920 MiB
2026/04/15 20:20:03.544, 0 %, 61387 MiB, 81920 MiB
2026/04/15 20:20:03.544, 0 %, 0 MiB, 81920 MiB
2026/04/15 20:20:08.544, 0 %, 61387 MiB, 81920 MiB
2026/04/15 20:20:08.544, 0 %, 0 MiB, 81920 MiB
2026/04/15 20:20:13.545, 0 %, 61387 MiB, 81920 MiB
2026/04/15 20:20:13.545, 0 %, 0 MiB, 81920 MiB
2026/04/15 20:20:18.546, 0 %, 61387 MiB, 81920 MiB
2026/04/15 20:20:18.546, 0 %, 0 MiB, 81920 MiB
2026/04/15 20:20:23.547, 0 %, 61387 MiB, 81920 MiB
2026/04/15 20:20:23.547, 0 %, 0 MiB, 81920 MiB
2026/04/15 20:20:28.548, 0 %, 61387 MiB, 81920 MiB
2026/04/15 20:20:28.548, 0 %, 0 MiB, 81920 MiB
2026/04/15 20:20:33.548, 0 %, 61387 MiB, 81920 MiB
2026/04/15 20:20:33.548, 0 %, 0 MiB, 81920 MiB
2026/04/15 20:20:38.549, 0 %, 61387 MiB, 81920 MiB
2026/04/15 20:20:38.549, 0 %, 0 MiB, 81920 MiB
2026/04/15 20:20:43.550, 0 %, 61387 MiB, 81920 MiB
2026/04/15 20:20:43.550, 0 %, 0 MiB, 81920 MiB
2026/04/15 20:20:48.551, 0 %, 61387 MiB, 81920 MiB
2026/04/15 20:20:48.551, 0 %, 0 MiB, 81920 MiB
2026/04/15 20:20:53.552, 0 %, 61387 MiB, 81920 MiB
2026/04/15 20:20:53.552, 0 %, 0 MiB, 81920 MiB
2026/04/15 20:20:58.553, 0 %, 61387 MiB, 81920 MiB
2026/04/15 20:20:58.553, 0 %, 0 MiB, 81920 MiB
2026/04/15 20:21:03.554, 0 %, 61387 MiB, 81920 MiB
2026/04/15 20:21:03.554, 0 %, 0 MiB, 81920 MiB
2026/04/15 20:21:08.555, 0 %, 61387 MiB, 81920 MiB
2026/04/15 20:21:08.555, 0 %, 0 MiB, 81920 MiB
2026/04/15 20:21:13.556, 0 %, 61387 MiB, 81920 MiB
2026/04/15 20:21:13.556, 0 %, 0 MiB, 81920 MiB
2026/04/15 20:21:18.557, 0 %, 61387 MiB, 81920 MiB
2026/04/15 20:21:18.557, 0 %, 0 MiB, 81920 MiB
2026/04/15 20:21:23.557, 0 %, 61387 MiB, 81920 MiB
2026/04/15 20:21:23.558, 0 %, 0 MiB, 81920 MiB
2026/04/15 20:21:28.558, 0 %, 61387 MiB, 81920 MiB
2026/04/15 20:21:28.558, 0 %, 0 MiB, 81920 MiB
2026/04/15 20:21:33.559, 0 %, 61387 MiB, 81920 MiB
2026/04/15 20:21:33.559, 0 %, 0 MiB, 81920 MiB
2026/04/15 20:21:38.560, 0 %, 61387 MiB, 81920 MiB
2026/04/15 20:21:38.560, 0 %, 0 MiB, 81920 MiB
2026/04/15 20:21:43.561, 0 %, 61387 MiB, 81920 MiB
2026/04/15 20:21:43.561, 0 %, 0 MiB, 81920 MiB
2026/04/15 20:21:48.562, 0 %, 61387 MiB, 81920 MiB
2026/04/15 20:21:48.562, 0 %, 0 MiB, 81920 MiB
2026/04/15 20:21:53.563, 0 %, 61387 MiB, 81920 MiB
2026/04/15 20:21:53.563, 0 %, 0 MiB, 81920 MiB
2026/04/15 20:21:58.564, 0 %, 61387 MiB, 81920 MiB
2026/04/15 20:21:58.564, 0 %, 0 MiB, 81920 MiB
2026/04/15 20:22:03.565, 0 %, 61387 MiB, 81920 MiB
2026/04/15 20:22:03.565, 0 %, 0 MiB, 81920 MiB
2026/04/15 20:22:08.566, 0 %, 61387 MiB, 81920 MiB
2026/04/15 20:22:08.566, 0 %, 0 MiB, 81920 MiB
2026/04/15 20:22:13.567, 0 %, 61387 MiB, 81920 MiB
2026/04/15 20:22:13.567, 0 %, 0 MiB, 81920 MiB
2026/04/15 20:22:18.567, 0 %, 61387 MiB, 81920 MiB
2026/04/15 20:22:18.568, 0 %, 0 MiB, 81920 MiB
2026/04/15 20:22:23.568, 0 %, 61387 MiB, 81920 MiB
2026/04/15 20:22:23.568, 0 %, 0 MiB, 81920 MiB
2026/04/15 20:22:28.569, 0 %, 61387 MiB, 81920 MiB
2026/04/15 20:22:28.569, 0 %, 0 MiB, 81920 MiB
2026/04/15 20:22:33.570, 0 %, 61387 MiB, 81920 MiB
2026/04/15 20:22:33.570, 0 %, 0 MiB, 81920 MiB
2026/04/15 20:22:38.571, 0 %, 61387 MiB, 81920 MiB
2026/04/15 20:22:38.572, 0 %, 0 MiB, 81920 MiB
2026/04/15 20:22:43.572, 0 %, 61387 MiB, 81920 MiB
2026/04/15 20:22:43.573, 0 %, 0 MiB, 81920 MiB
2026/04/15 20:22:48.573, 0 %, 61387 MiB, 81920 MiB
2026/04/15 20:22:48.573, 0 %, 0 MiB, 81920 MiB
2026/04/15 20:22:53.574, 0 %, 61387 MiB, 81920 MiB
2026/04/15 20:22:53.575, 0 %, 0 MiB, 81920 MiB
2026/04/15 20:22:58.575, 0 %, 61387 MiB, 81920 MiB
2026/04/15 20:22:58.575, 0 %, 0 MiB, 81920 MiB
2026/04/15 20:23:03.576, 0 %, 61387 MiB, 81920 MiB
2026/04/15 20:23:03.576, 0 %, 0 MiB, 81920 MiB
2026/04/15 20:23:08.577, 0 %, 61387 MiB, 81920 MiB
2026/04/15 20:23:08.578, 0 %, 0 MiB, 81920 MiB
2026/04/15 20:23:13.578, 0 %, 61387 MiB, 81920 MiB
2026/04/15 20:23:13.579, 0 %, 0 MiB, 81920 MiB
2026/04/15 20:23:18.579, 0 %, 61421 MiB, 81920 MiB
2026/04/15 20:23:18.580, 0 %, 0 MiB, 81920 MiB
2026/04/15 20:23:23.580, 0 %, 61421 MiB, 81920 MiB
2026/04/15 20:23:23.580, 0 %, 0 MiB, 81920 MiB
2026/04/15 20:23:28.581, 0 %, 61421 MiB, 81920 MiB
2026/04/15 20:23:28.581, 0 %, 0 MiB, 81920 MiB
2026/04/15 20:23:33.582, 2 %, 61455 MiB, 81920 MiB
2026/04/15 20:23:33.582, 0 %, 0 MiB, 81920 MiB
2026/04/15 20:23:38.583, 35 %, 61421 MiB, 81920 MiB
2026/04/15 20:23:38.583, 0 %, 0 MiB, 81920 MiB
2026/04/15 20:23:43.584, 15 %, 61421 MiB, 81920 MiB
2026/04/15 20:23:43.584, 0 %, 0 MiB, 81920 MiB
2026/04/15 20:23:48.585, 0 %, 61421 MiB, 81920 MiB
2026/04/15 20:23:48.585, 0 %, 0 MiB, 81920 MiB
2026/04/15 20:23:53.586, 0 %, 61421 MiB, 81920 MiB
2026/04/15 20:23:53.586, 0 %, 0 MiB, 81920 MiB
2026/04/15 20:23:58.587, 0 %, 61421 MiB, 81920 MiB
2026/04/15 20:23:58.587, 0 %, 0 MiB, 81920 MiB
2026/04/15 20:24:03.588, 0 %, 61421 MiB, 81920 MiB
2026/04/15 20:24:03.588, 0 %, 0 MiB, 81920 MiB
2026/04/15 20:24:08.588, 0 %, 61421 MiB, 81920 MiB
2026/04/15 20:24:08.589, 0 %, 0 MiB, 81920 MiB
2026/04/15 20:24:13.590, 0 %, 61421 MiB, 81920 MiB
2026/04/15 20:24:13.590, 0 %, 0 MiB, 81920 MiB
2026/04/15 20:24:18.591, 0 %, 61421 MiB, 81920 MiB
2026/04/15 20:24:18.591, 0 %, 0 MiB, 81920 MiB
2026/04/15 20:24:23.592, 0 %, 61421 MiB, 81920 MiB
2026/04/15 20:24:23.592, 0 %, 0 MiB, 81920 MiB
2026/04/15 20:24:28.592, 0 %, 61421 MiB, 81920 MiB
2026/04/15 20:24:28.592, 0 %, 0 MiB, 81920 MiB
2026/04/15 20:24:33.593, 0 %, 61421 MiB, 81920 MiB
2026/04/15 20:24:33.593, 0 %, 0 MiB, 81920 MiB
2026/04/15 20:24:38.594, 0 %, 61421 MiB, 81920 MiB
2026/04/15 20:24:38.594, 0 %, 0 MiB, 81920 MiB
2026/04/15 20:24:43.595, 0 %, 61421 MiB, 81920 MiB
2026/04/15 20:24:43.595, 0 %, 0 MiB, 81920 MiB
2026/04/15 20:24:48.596, 0 %, 61421 MiB, 81920 MiB
2026/04/15 20:24:48.596, 0 %, 0 MiB, 81920 MiB
2026/04/15 20:24:53.597, 0 %, 61421 MiB, 81920 MiB
2026/04/15 20:24:53.597, 0 %, 0 MiB, 81920 MiB
2026/04/15 20:24:58.598, 0 %, 61421 MiB, 81920 MiB
2026/04/15 20:24:58.598, 0 %, 0 MiB, 81920 MiB
2026/04/15 20:25:03.599, 0 %, 61421 MiB, 81920 MiB
2026/04/15 20:25:03.599, 0 %, 0 MiB, 81920 MiB
2026/04/15 20:25:08.600, 0 %, 61421 MiB, 81920 MiB
2026/04/15 20:25:08.600, 0 %, 0 MiB, 81920 MiB
2026/04/15 20:25:13.601, 0 %, 61421 MiB, 81920 MiB
2026/04/15 20:25:13.601, 0 %, 0 MiB, 81920 MiB
2026/04/15 20:25:18.602, 0 %, 61421 MiB, 81920 MiB
2026/04/15 20:25:18.602, 0 %, 0 MiB, 81920 MiB
2026/04/15 20:25:23.602, 0 %, 61421 MiB, 81920 MiB
2026/04/15 20:25:23.603, 0 %, 0 MiB, 81920 MiB
2026/04/15 20:25:28.603, 0 %, 61421 MiB, 81920 MiB
2026/04/15 20:25:28.604, 0 %, 0 MiB, 81920 MiB
2026/04/15 20:25:33.604, 0 %, 61421 MiB, 81920 MiB
2026/04/15 20:25:33.604, 0 %, 0 MiB, 81920 MiB
2026/04/15 20:25:38.605, 0 %, 61421 MiB, 81920 MiB
2026/04/15 20:25:38.605, 0 %, 0 MiB, 81920 MiB
2026/04/15 20:25:43.606, 0 %, 61421 MiB, 81920 MiB
2026/04/15 20:25:43.606, 0 %, 0 MiB, 81920 MiB
2026/04/15 20:25:48.607, 0 %, 61421 MiB, 81920 MiB
2026/04/15 20:25:48.607, 0 %, 0 MiB, 81920 MiB
2026/04/15 20:25:53.608, 0 %, 61421 MiB, 81920 MiB
2026/04/15 20:25:53.608, 0 %, 0 MiB, 81920 MiB
2026/04/15 20:25:58.609, 0 %, 61421 MiB, 81920 MiB
2026/04/15 20:25:58.609, 0 %, 0 MiB, 81920 MiB
2026/04/15 20:26:03.610, 0 %, 61421 MiB, 81920 MiB
2026/04/15 20:26:03.610, 0 %, 0 MiB, 81920 MiB
2026/04/15 20:26:08.611, 0 %, 61421 MiB, 81920 MiB
2026/04/15 20:26:08.611, 0 %, 0 MiB, 81920 MiB
2026/04/15 20:26:13.612, 0 %, 61421 MiB, 81920 MiB
2026/04/15 20:26:13.612, 0 %, 0 MiB, 81920 MiB
2026/04/15 20:26:18.613, 0 %, 61421 MiB, 81920 MiB
2026/04/15 20:26:18.613, 0 %, 0 MiB, 81920 MiB
2026/04/15 20:26:23.614, 0 %, 61421 MiB, 81920 MiB
2026/04/15 20:26:23.614, 0 %, 0 MiB, 81920 MiB
2026/04/15 20:26:28.615, 0 %, 61421 MiB, 81920 MiB
2026/04/15 20:26:28.615, 0 %, 0 MiB, 81920 MiB
2026/04/15 20:26:33.615, 0 %, 61421 MiB, 81920 MiB
2026/04/15 20:26:33.616, 0 %, 0 MiB, 81920 MiB
2026/04/15 20:26:38.616, 0 %, 61421 MiB, 81920 MiB
2026/04/15 20:26:38.616, 0 %, 0 MiB, 81920 MiB
2026/04/15 20:26:43.617, 0 %, 61421 MiB, 81920 MiB
2026/04/15 20:26:43.617, 0 %, 0 MiB, 81920 MiB
2026/04/15 20:26:48.618, 0 %, 61421 MiB, 81920 MiB
2026/04/15 20:26:48.618, 0 %, 0 MiB, 81920 MiB
2026/04/15 20:26:53.619, 0 %, 61421 MiB, 81920 MiB
2026/04/15 20:26:53.619, 0 %, 0 MiB, 81920 MiB
2026/04/15 20:26:58.620, 0 %, 61421 MiB, 81920 MiB
2026/04/15 20:26:58.620, 0 %, 0 MiB, 81920 MiB
2026/04/15 20:27:03.621, 0 %, 61421 MiB, 81920 MiB
2026/04/15 20:27:03.621, 0 %, 0 MiB, 81920 MiB
2026/04/15 20:27:08.622, 0 %, 61421 MiB, 81920 MiB
2026/04/15 20:27:08.622, 0 %, 0 MiB, 81920 MiB
2026/04/15 20:27:13.623, 0 %, 61421 MiB, 81920 MiB
2026/04/15 20:27:13.623, 0 %, 0 MiB, 81920 MiB
2026/04/15 20:27:18.624, 0 %, 61421 MiB, 81920 MiB
2026/04/15 20:27:18.624, 0 %, 0 MiB, 81920 MiB
2026/04/15 20:27:23.625, 0 %, 61421 MiB, 81920 MiB
2026/04/15 20:27:23.625, 0 %, 0 MiB, 81920 MiB
2026/04/15 20:27:28.626, 0 %, 61421 MiB, 81920 MiB
2026/04/15 20:27:28.626, 0 %, 0 MiB, 81920 MiB
2026/04/15 20:27:33.627, 0 %, 61421 MiB, 81920 MiB
2026/04/15 20:27:33.627, 0 %, 0 MiB, 81920 MiB
2026/04/15 20:27:38.628, 0 %, 61421 MiB, 81920 MiB
2026/04/15 20:27:38.628, 0 %, 0 MiB, 81920 MiB
2026/04/15 20:27:43.628, 0 %, 61421 MiB, 81920 MiB
2026/04/15 20:27:43.629, 0 %, 0 MiB, 81920 MiB
2026/04/15 20:27:48.629, 0 %, 61421 MiB, 81920 MiB
2026/04/15 20:27:48.630, 0 %, 0 MiB, 81920 MiB
2026/04/15 20:27:53.630, 0 %, 61421 MiB, 81920 MiB
2026/04/15 20:27:53.631, 0 %, 0 MiB, 81920 MiB
2026/04/15 20:27:58.631, 0 %, 61421 MiB, 81920 MiB
2026/04/15 20:27:58.631, 0 %, 0 MiB, 81920 MiB
2026/04/15 20:28:03.632, 0 %, 61421 MiB, 81920 MiB
2026/04/15 20:28:03.632, 0 %, 0 MiB, 81920 MiB
2026/04/15 20:28:08.633, 0 %, 61421 MiB, 81920 MiB
2026/04/15 20:28:08.633, 0 %, 0 MiB, 81920 MiB
2026/04/15 20:28:13.634, 0 %, 61421 MiB, 81920 MiB
2026/04/15 20:28:13.634, 0 %, 0 MiB, 81920 MiB
2026/04/15 20:28:18.635, 0 %, 61421 MiB, 81920 MiB
2026/04/15 20:28:18.635, 0 %, 0 MiB, 81920 MiB
2026/04/15 20:28:23.636, 0 %, 61421 MiB, 81920 MiB
2026/04/15 20:28:23.636, 0 %, 0 MiB, 81920 MiB
2026/04/15 20:28:28.637, 0 %, 61421 MiB, 81920 MiB
2026/04/15 20:28:28.637, 0 %, 0 MiB, 81920 MiB
2026/04/15 20:28:33.638, 0 %, 61421 MiB, 81920 MiB
2026/04/15 20:28:33.638, 0 %, 0 MiB, 81920 MiB
2026/04/15 20:28:38.639, 0 %, 61421 MiB, 81920 MiB
2026/04/15 20:28:38.639, 0 %, 0 MiB, 81920 MiB
2026/04/15 20:28:43.640, 0 %, 61421 MiB, 81920 MiB
2026/04/15 20:28:43.640, 0 %, 0 MiB, 81920 MiB
2026/04/15 20:28:48.641, 0 %, 61421 MiB, 81920 MiB
2026/04/15 20:28:48.641, 0 %, 0 MiB, 81920 MiB
2026/04/15 20:28:53.642, 0 %, 61421 MiB, 81920 MiB
2026/04/15 20:28:53.642, 0 %, 0 MiB, 81920 MiB
2026/04/15 20:28:58.642, 0 %, 61421 MiB, 81920 MiB
2026/04/15 20:28:58.643, 0 %, 0 MiB, 81920 MiB
2026/04/15 20:29:03.643, 0 %, 61421 MiB, 81920 MiB
2026/04/15 20:29:03.644, 0 %, 0 MiB, 81920 MiB
2026/04/15 20:29:08.644, 0 %, 61421 MiB, 81920 MiB
2026/04/15 20:29:08.644, 0 %, 0 MiB, 81920 MiB
2026/04/15 20:29:13.645, 0 %, 61421 MiB, 81920 MiB
2026/04/15 20:29:13.645, 0 %, 0 MiB, 81920 MiB
2026/04/15 20:29:18.646, 0 %, 61421 MiB, 81920 MiB
2026/04/15 20:29:18.646, 0 %, 0 MiB, 81920 MiB
2026/04/15 20:29:23.647, 0 %, 61421 MiB, 81920 MiB
2026/04/15 20:29:23.647, 0 %, 0 MiB, 81920 MiB
2026/04/15 20:29:28.648, 0 %, 61421 MiB, 81920 MiB
2026/04/15 20:29:28.648, 0 %, 0 MiB, 81920 MiB
2026/04/15 20:29:33.649, 0 %, 61421 MiB, 81920 MiB
2026/04/15 20:29:33.649, 0 %, 0 MiB, 81920 MiB
2026/04/15 20:29:38.650, 0 %, 61421 MiB, 81920 MiB
2026/04/15 20:29:38.650, 0 %, 0 MiB, 81920 MiB
2026/04/15 20:29:43.651, 0 %, 61421 MiB, 81920 MiB
2026/04/15 20:29:43.651, 0 %, 0 MiB, 81920 MiB
2026/04/15 20:29:48.652, 0 %, 61421 MiB, 81920 MiB
2026/04/15 20:29:48.652, 0 %, 0 MiB, 81920 MiB
2026/04/15 20:29:53.653, 0 %, 61421 MiB, 81920 MiB
2026/04/15 20:29:53.653, 0 %, 0 MiB, 81920 MiB
2026/04/15 20:29:58.654, 0 %, 61421 MiB, 81920 MiB
2026/04/15 20:29:58.654, 0 %, 0 MiB, 81920 MiB
2026/04/15 20:30:03.654, 0 %, 61421 MiB, 81920 MiB
2026/04/15 20:30:03.655, 0 %, 0 MiB, 81920 MiB
2026/04/15 20:30:08.655, 0 %, 61421 MiB, 81920 MiB
2026/04/15 20:30:08.656, 0 %, 0 MiB, 81920 MiB
2026/04/15 20:30:13.656, 0 %, 61421 MiB, 81920 MiB
2026/04/15 20:30:13.656, 0 %, 0 MiB, 81920 MiB
2026/04/15 20:30:18.657, 0 %, 61421 MiB, 81920 MiB
2026/04/15 20:30:18.657, 0 %, 0 MiB, 81920 MiB
2026/04/15 20:30:23.658, 0 %, 61421 MiB, 81920 MiB
2026/04/15 20:30:23.658, 0 %, 0 MiB, 81920 MiB
2026/04/15 20:30:28.659, 0 %, 61421 MiB, 81920 MiB
2026/04/15 20:30:28.659, 0 %, 0 MiB, 81920 MiB
2026/04/15 20:30:33.660, 0 %, 61421 MiB, 81920 MiB
2026/04/15 20:30:33.660, 0 %, 0 MiB, 81920 MiB
2026/04/15 20:30:38.661, 0 %, 61421 MiB, 81920 MiB
2026/04/15 20:30:38.661, 0 %, 0 MiB, 81920 MiB
2026/04/15 20:30:43.662, 0 %, 61421 MiB, 81920 MiB
2026/04/15 20:30:43.662, 0 %, 0 MiB, 81920 MiB
2026/04/15 20:30:48.663, 0 %, 61421 MiB, 81920 MiB
2026/04/15 20:30:48.663, 0 %, 0 MiB, 81920 MiB
2026/04/15 20:30:53.664, 0 %, 61421 MiB, 81920 MiB
2026/04/15 20:30:53.664, 0 %, 0 MiB, 81920 MiB
2026/04/15 20:30:58.665, 0 %, 61421 MiB, 81920 MiB
2026/04/15 20:30:58.665, 0 %, 0 MiB, 81920 MiB
2026/04/15 20:31:03.666, 0 %, 61421 MiB, 81920 MiB
2026/04/15 20:31:03.666, 0 %, 0 MiB, 81920 MiB
2026/04/15 20:31:08.667, 0 %, 61421 MiB, 81920 MiB
2026/04/15 20:31:08.667, 0 %, 0 MiB, 81920 MiB
2026/04/15 20:31:13.668, 0 %, 61421 MiB, 81920 MiB
2026/04/15 20:31:13.668, 0 %, 0 MiB, 81920 MiB
2026/04/15 20:31:18.668, 0 %, 61421 MiB, 81920 MiB
2026/04/15 20:31:18.669, 0 %, 0 MiB, 81920 MiB
2026/04/15 20:31:23.669, 0 %, 61421 MiB, 81920 MiB
2026/04/15 20:31:23.670, 0 %, 0 MiB, 81920 MiB
2026/04/15 20:31:28.670, 0 %, 61421 MiB, 81920 MiB
2026/04/15 20:31:28.670, 0 %, 0 MiB, 81920 MiB
2026/04/15 20:31:33.671, 0 %, 61421 MiB, 81920 MiB
2026/04/15 20:31:33.671, 0 %, 0 MiB, 81920 MiB
2026/04/15 20:31:38.672, 0 %, 61421 MiB, 81920 MiB
2026/04/15 20:31:38.672, 0 %, 0 MiB, 81920 MiB
2026/04/15 20:31:43.673, 0 %, 61421 MiB, 81920 MiB
2026/04/15 20:31:43.673, 0 %, 0 MiB, 81920 MiB
2026/04/15 20:31:48.674, 0 %, 61421 MiB, 81920 MiB
2026/04/15 20:31:48.674, 0 %, 0 MiB, 81920 MiB
2026/04/15 20:31:53.675, 0 %, 61421 MiB, 81920 MiB
2026/04/15 20:31:53.675, 0 %, 0 MiB, 81920 MiB
2026/04/15 20:31:58.676, 0 %, 61421 MiB, 81920 MiB
2026/04/15 20:31:58.676, 0 %, 0 MiB, 81920 MiB
2026/04/15 20:32:03.677, 0 %, 61421 MiB, 81920 MiB
2026/04/15 20:32:03.677, 0 %, 0 MiB, 81920 MiB
2026/04/15 20:32:08.678, 0 %, 61421 MiB, 81920 MiB
2026/04/15 20:32:08.678, 0 %, 0 MiB, 81920 MiB
2026/04/15 20:32:13.679, 0 %, 61421 MiB, 81920 MiB
2026/04/15 20:32:13.679, 0 %, 0 MiB, 81920 MiB
2026/04/15 20:32:18.679, 0 %, 61421 MiB, 81920 MiB
2026/04/15 20:32:18.680, 0 %, 0 MiB, 81920 MiB
2026/04/15 20:32:23.680, 0 %, 61421 MiB, 81920 MiB
2026/04/15 20:32:23.681, 0 %, 0 MiB, 81920 MiB
2026/04/15 20:32:28.681, 0 %, 61421 MiB, 81920 MiB
2026/04/15 20:32:28.682, 0 %, 0 MiB, 81920 MiB
2026/04/15 20:32:33.682, 0 %, 61421 MiB, 81920 MiB
2026/04/15 20:32:33.682, 0 %, 0 MiB, 81920 MiB
2026/04/15 20:32:38.683, 0 %, 61421 MiB, 81920 MiB
2026/04/15 20:32:38.683, 0 %, 0 MiB, 81920 MiB
2026/04/15 20:32:43.684, 0 %, 61421 MiB, 81920 MiB
2026/04/15 20:32:43.684, 0 %, 0 MiB, 81920 MiB
2026/04/15 20:32:48.685, 0 %, 61421 MiB, 81920 MiB
2026/04/15 20:32:48.685, 0 %, 0 MiB, 81920 MiB
2026/04/15 20:32:53.686, 0 %, 61421 MiB, 81920 MiB
2026/04/15 20:32:53.686, 0 %, 0 MiB, 81920 MiB
2026/04/15 20:32:58.687, 0 %, 61421 MiB, 81920 MiB
2026/04/15 20:32:58.687, 0 %, 0 MiB, 81920 MiB
2026/04/15 20:33:03.688, 0 %, 61421 MiB, 81920 MiB
2026/04/15 20:33:03.688, 0 %, 0 MiB, 81920 MiB
2026/04/15 20:33:08.689, 0 %, 61421 MiB, 81920 MiB
2026/04/15 20:33:08.689, 0 %, 0 MiB, 81920 MiB
2026/04/15 20:33:13.690, 0 %, 61421 MiB, 81920 MiB
2026/04/15 20:33:13.690, 0 %, 0 MiB, 81920 MiB
2026/04/15 20:33:18.691, 0 %, 61421 MiB, 81920 MiB
2026/04/15 20:33:18.691, 0 %, 0 MiB, 81920 MiB
2026/04/15 20:33:23.692, 0 %, 61421 MiB, 81920 MiB
2026/04/15 20:33:23.692, 0 %, 0 MiB, 81920 MiB
2026/04/15 20:33:28.693, 0 %, 61421 MiB, 81920 MiB
2026/04/15 20:33:28.693, 0 %, 0 MiB, 81920 MiB
2026/04/15 20:33:33.694, 0 %, 61421 MiB, 81920 MiB
2026/04/15 20:33:33.694, 0 %, 0 MiB, 81920 MiB
2026/04/15 20:33:38.694, 0 %, 61421 MiB, 81920 MiB
2026/04/15 20:33:38.695, 0 %, 0 MiB, 81920 MiB
2026/04/15 20:33:43.695, 0 %, 61421 MiB, 81920 MiB
2026/04/15 20:33:43.695, 0 %, 0 MiB, 81920 MiB
2026/04/15 20:33:48.696, 0 %, 61421 MiB, 81920 MiB
2026/04/15 20:33:48.696, 0 %, 0 MiB, 81920 MiB
2026/04/15 20:33:53.697, 0 %, 61421 MiB, 81920 MiB
2026/04/15 20:33:53.697, 0 %, 0 MiB, 81920 MiB
2026/04/15 20:33:58.698, 0 %, 61421 MiB, 81920 MiB
2026/04/15 20:33:58.698, 0 %, 0 MiB, 81920 MiB
2026/04/15 20:34:03.699, 0 %, 61421 MiB, 81920 MiB
2026/04/15 20:34:03.699, 0 %, 0 MiB, 81920 MiB
2026/04/15 20:34:08.700, 0 %, 61421 MiB, 81920 MiB
2026/04/15 20:34:08.700, 0 %, 0 MiB, 81920 MiB
2026/04/15 20:34:13.701, 0 %, 61421 MiB, 81920 MiB
2026/04/15 20:34:13.701, 0 %, 0 MiB, 81920 MiB
2026/04/15 20:34:18.702, 0 %, 61421 MiB, 81920 MiB
2026/04/15 20:34:18.702, 0 %, 0 MiB, 81920 MiB
2026/04/15 20:34:23.703, 0 %, 61421 MiB, 81920 MiB
2026/04/15 20:34:23.703, 0 %, 0 MiB, 81920 MiB
2026/04/15 20:34:28.704, 0 %, 61421 MiB, 81920 MiB
2026/04/15 20:34:28.704, 0 %, 0 MiB, 81920 MiB
2026/04/15 20:34:33.704, 0 %, 61421 MiB, 81920 MiB
2026/04/15 20:34:33.705, 0 %, 0 MiB, 81920 MiB
2026/04/15 20:34:38.705, 0 %, 61421 MiB, 81920 MiB
2026/04/15 20:34:38.706, 0 %, 0 MiB, 81920 MiB
2026/04/15 20:34:43.707, 0 %, 61421 MiB, 81920 MiB
2026/04/15 20:34:43.707, 0 %, 0 MiB, 81920 MiB
2026/04/15 20:34:48.732, 0 %, 61421 MiB, 81920 MiB
2026/04/15 20:34:48.732, 0 %, 0 MiB, 81920 MiB
2026/04/15 20:34:53.733, 0 %, 61421 MiB, 81920 MiB
2026/04/15 20:34:53.733, 0 %, 0 MiB, 81920 MiB
2026/04/15 20:34:58.734, 0 %, 61421 MiB, 81920 MiB
2026/04/15 20:34:58.734, 0 %, 0 MiB, 81920 MiB
2026/04/15 20:35:03.734, 0 %, 61421 MiB, 81920 MiB
2026/04/15 20:35:03.735, 0 %, 0 MiB, 81920 MiB
2026/04/15 20:35:08.735, 0 %, 61421 MiB, 81920 MiB
2026/04/15 20:35:08.735, 0 %, 0 MiB, 81920 MiB
2026/04/15 20:35:13.737, 0 %, 61421 MiB, 81920 MiB
2026/04/15 20:35:13.737, 0 %, 0 MiB, 81920 MiB
2026/04/15 20:35:18.738, 0 %, 61421 MiB, 81920 MiB
2026/04/15 20:35:18.738, 0 %, 0 MiB, 81920 MiB
2026/04/15 20:35:23.739, 0 %, 61421 MiB, 81920 MiB
2026/04/15 20:35:23.739, 0 %, 0 MiB, 81920 MiB
2026/04/15 20:35:28.739, 0 %, 61421 MiB, 81920 MiB
2026/04/15 20:35:28.739, 0 %, 0 MiB, 81920 MiB
2026/04/15 20:35:33.740, 0 %, 61421 MiB, 81920 MiB
2026/04/15 20:35:33.740, 0 %, 0 MiB, 81920 MiB
2026/04/15 20:35:38.741, 0 %, 61421 MiB, 81920 MiB
2026/04/15 20:35:38.741, 0 %, 0 MiB, 81920 MiB
2026/04/15 20:35:43.742, 0 %, 61421 MiB, 81920 MiB
2026/04/15 20:35:43.742, 0 %, 0 MiB, 81920 MiB
2026/04/15 20:35:48.743, 0 %, 61421 MiB, 81920 MiB
2026/04/15 20:35:48.743, 0 %, 0 MiB, 81920 MiB
2026/04/15 20:35:53.744, 0 %, 61421 MiB, 81920 MiB
2026/04/15 20:35:53.744, 0 %, 0 MiB, 81920 MiB
2026/04/15 20:35:58.744, 0 %, 61421 MiB, 81920 MiB
2026/04/15 20:35:58.745, 0 %, 0 MiB, 81920 MiB
2026/04/15 20:36:03.746, 0 %, 61421 MiB, 81920 MiB
2026/04/15 20:36:03.746, 0 %, 0 MiB, 81920 MiB
2026/04/15 20:36:08.747, 0 %, 61421 MiB, 81920 MiB
2026/04/15 20:36:08.747, 0 %, 0 MiB, 81920 MiB
2026/04/15 20:36:13.747, 0 %, 61421 MiB, 81920 MiB
2026/04/15 20:36:13.747, 0 %, 0 MiB, 81920 MiB
2026/04/15 20:36:18.748, 0 %, 61421 MiB, 81920 MiB
2026/04/15 20:36:18.748, 0 %, 0 MiB, 81920 MiB
2026/04/15 20:36:23.749, 0 %, 61421 MiB, 81920 MiB
2026/04/15 20:36:23.749, 0 %, 0 MiB, 81920 MiB
2026/04/15 20:36:28.750, 0 %, 61421 MiB, 81920 MiB
2026/04/15 20:36:28.750, 0 %, 0 MiB, 81920 MiB
2026/04/15 20:36:33.750, 0 %, 61421 MiB, 81920 MiB
2026/04/15 20:36:33.751, 0 %, 0 MiB, 81920 MiB
2026/04/15 20:36:38.751, 0 %, 61421 MiB, 81920 MiB
2026/04/15 20:36:38.751, 0 %, 0 MiB, 81920 MiB
2026/04/15 20:36:43.752, 0 %, 61421 MiB, 81920 MiB
2026/04/15 20:36:43.752, 0 %, 0 MiB, 81920 MiB
2026/04/15 20:36:48.753, 0 %, 61421 MiB, 81920 MiB
2026/04/15 20:36:48.753, 0 %, 0 MiB, 81920 MiB
2026/04/15 20:36:53.753, 0 %, 61421 MiB, 81920 MiB
2026/04/15 20:36:53.754, 0 %, 0 MiB, 81920 MiB
2026/04/15 20:36:58.754, 0 %, 61421 MiB, 81920 MiB
2026/04/15 20:36:58.754, 0 %, 0 MiB, 81920 MiB
2026/04/15 20:37:03.755, 0 %, 61421 MiB, 81920 MiB
2026/04/15 20:37:03.755, 0 %, 0 MiB, 81920 MiB
2026/04/15 20:37:08.756, 0 %, 61421 MiB, 81920 MiB
2026/04/15 20:37:08.756, 0 %, 0 MiB, 81920 MiB
2026/04/15 20:37:13.757, 0 %, 61421 MiB, 81920 MiB
2026/04/15 20:37:13.757, 0 %, 0 MiB, 81920 MiB
2026/04/15 20:37:18.758, 0 %, 61421 MiB, 81920 MiB
2026/04/15 20:37:18.758, 0 %, 0 MiB, 81920 MiB
2026/04/15 20:37:23.758, 0 %, 61421 MiB, 81920 MiB
2026/04/15 20:37:23.759, 0 %, 0 MiB, 81920 MiB
2026/04/15 20:37:28.759, 0 %, 61421 MiB, 81920 MiB
2026/04/15 20:37:28.760, 0 %, 0 MiB, 81920 MiB
2026/04/15 20:37:33.760, 0 %, 61421 MiB, 81920 MiB
2026/04/15 20:37:33.760, 0 %, 0 MiB, 81920 MiB
2026/04/15 20:37:38.761, 0 %, 61421 MiB, 81920 MiB
2026/04/15 20:37:38.761, 0 %, 0 MiB, 81920 MiB
2026/04/15 20:37:43.762, 0 %, 61421 MiB, 81920 MiB
2026/04/15 20:37:43.762, 0 %, 0 MiB, 81920 MiB
2026/04/15 20:37:48.762, 0 %, 61421 MiB, 81920 MiB
2026/04/15 20:37:48.762, 0 %, 0 MiB, 81920 MiB
2026/04/15 20:37:53.763, 0 %, 61421 MiB, 81920 MiB
2026/04/15 20:37:53.764, 0 %, 0 MiB, 81920 MiB
2026/04/15 20:37:58.764, 0 %, 61421 MiB, 81920 MiB
2026/04/15 20:37:58.764, 0 %, 0 MiB, 81920 MiB
2026/04/15 20:38:03.765, 0 %, 61421 MiB, 81920 MiB
2026/04/15 20:38:03.765, 0 %, 0 MiB, 81920 MiB
2026/04/15 20:38:08.766, 0 %, 61455 MiB, 81920 MiB
2026/04/15 20:38:08.766, 0 %, 0 MiB, 81920 MiB
2026/04/15 20:38:13.767, 0 %, 61455 MiB, 81920 MiB
2026/04/15 20:38:13.767, 0 %, 0 MiB, 81920 MiB
2026/04/15 20:38:18.767, 0 %, 61455 MiB, 81920 MiB
2026/04/15 20:38:18.768, 0 %, 0 MiB, 81920 MiB
2026/04/15 20:38:23.768, 16 %, 61455 MiB, 81920 MiB
2026/04/15 20:38:23.768, 0 %, 0 MiB, 81920 MiB
2026/04/15 20:38:28.769, 3 %, 61455 MiB, 81920 MiB
2026/04/15 20:38:28.769, 0 %, 0 MiB, 81920 MiB
2026/04/15 20:38:33.770, 0 %, 61455 MiB, 81920 MiB
2026/04/15 20:38:33.770, 0 %, 0 MiB, 81920 MiB
2026/04/15 20:38:38.770, 0 %, 61455 MiB, 81920 MiB
2026/04/15 20:38:38.771, 0 %, 0 MiB, 81920 MiB
2026/04/15 20:38:43.771, 0 %, 61455 MiB, 81920 MiB
2026/04/15 20:38:43.771, 0 %, 0 MiB, 81920 MiB
2026/04/15 20:38:48.772, 0 %, 61455 MiB, 81920 MiB
2026/04/15 20:38:48.772, 0 %, 0 MiB, 81920 MiB
2026/04/15 20:38:53.773, 0 %, 61455 MiB, 81920 MiB
2026/04/15 20:38:53.773, 0 %, 0 MiB, 81920 MiB
2026/04/15 20:38:58.773, 0 %, 61455 MiB, 81920 MiB
2026/04/15 20:38:58.773, 0 %, 0 MiB, 81920 MiB
2026/04/15 20:39:03.774, 0 %, 61455 MiB, 81920 MiB
2026/04/15 20:39:03.774, 0 %, 0 MiB, 81920 MiB
2026/04/15 20:39:08.775, 0 %, 61455 MiB, 81920 MiB
2026/04/15 20:39:08.775, 0 %, 0 MiB, 81920 MiB
2026/04/15 20:39:13.775, 0 %, 61455 MiB, 81920 MiB
2026/04/15 20:39:13.775, 0 %, 0 MiB, 81920 MiB
2026/04/15 20:39:18.776, 0 %, 61455 MiB, 81920 MiB
2026/04/15 20:39:18.776, 0 %, 0 MiB, 81920 MiB
2026/04/15 20:39:23.777, 0 %, 61455 MiB, 81920 MiB
2026/04/15 20:39:23.777, 0 %, 0 MiB, 81920 MiB
2026/04/15 20:39:28.777, 0 %, 61455 MiB, 81920 MiB
2026/04/15 20:39:28.777, 0 %, 0 MiB, 81920 MiB
2026/04/15 20:39:33.778, 0 %, 61455 MiB, 81920 MiB
2026/04/15 20:39:33.778, 0 %, 0 MiB, 81920 MiB
2026/04/15 20:39:38.779, 0 %, 61455 MiB, 81920 MiB
2026/04/15 20:39:38.779, 0 %, 0 MiB, 81920 MiB
2026/04/15 20:39:43.780, 0 %, 61455 MiB, 81920 MiB
2026/04/15 20:39:43.780, 0 %, 0 MiB, 81920 MiB
2026/04/15 20:39:48.780, 0 %, 61455 MiB, 81920 MiB
2026/04/15 20:39:48.781, 0 %, 0 MiB, 81920 MiB
2026/04/15 20:39:53.781, 0 %, 61455 MiB, 81920 MiB
2026/04/15 20:39:53.781, 0 %, 0 MiB, 81920 MiB
2026/04/15 20:39:58.782, 0 %, 61455 MiB, 81920 MiB
2026/04/15 20:39:58.782, 0 %, 0 MiB, 81920 MiB
2026/04/15 20:40:03.783, 0 %, 61455 MiB, 81920 MiB
2026/04/15 20:40:03.783, 0 %, 0 MiB, 81920 MiB
2026/04/15 20:40:08.784, 0 %, 61455 MiB, 81920 MiB
2026/04/15 20:40:08.784, 0 %, 0 MiB, 81920 MiB
2026/04/15 20:40:13.784, 0 %, 61455 MiB, 81920 MiB
2026/04/15 20:40:13.784, 0 %, 0 MiB, 81920 MiB
2026/04/15 20:40:18.785, 0 %, 61455 MiB, 81920 MiB
2026/04/15 20:40:18.785, 0 %, 0 MiB, 81920 MiB
2026/04/15 20:40:23.786, 0 %, 61455 MiB, 81920 MiB
2026/04/15 20:40:23.786, 0 %, 0 MiB, 81920 MiB
2026/04/15 20:40:28.786, 0 %, 61455 MiB, 81920 MiB
2026/04/15 20:40:28.787, 0 %, 0 MiB, 81920 MiB
2026/04/15 20:40:33.787, 0 %, 61455 MiB, 81920 MiB
2026/04/15 20:40:33.787, 0 %, 0 MiB, 81920 MiB
2026/04/15 20:40:38.788, 0 %, 61455 MiB, 81920 MiB
2026/04/15 20:40:38.788, 0 %, 0 MiB, 81920 MiB
2026/04/15 20:40:43.789, 0 %, 61455 MiB, 81920 MiB
2026/04/15 20:40:43.789, 0 %, 0 MiB, 81920 MiB
2026/04/15 20:40:48.789, 0 %, 61455 MiB, 81920 MiB
2026/04/15 20:40:48.789, 0 %, 0 MiB, 81920 MiB
2026/04/15 20:40:53.790, 0 %, 61455 MiB, 81920 MiB
2026/04/15 20:40:53.790, 0 %, 0 MiB, 81920 MiB
2026/04/15 20:40:58.791, 0 %, 61455 MiB, 81920 MiB
2026/04/15 20:40:58.791, 0 %, 0 MiB, 81920 MiB
2026/04/15 20:41:03.792, 0 %, 61455 MiB, 81920 MiB
2026/04/15 20:41:03.792, 0 %, 0 MiB, 81920 MiB
2026/04/15 20:41:08.793, 0 %, 61455 MiB, 81920 MiB
2026/04/15 20:41:08.793, 0 %, 0 MiB, 81920 MiB
2026/04/15 20:41:13.793, 0 %, 61455 MiB, 81920 MiB
2026/04/15 20:41:13.793, 0 %, 0 MiB, 81920 MiB
2026/04/15 20:41:18.794, 0 %, 61455 MiB, 81920 MiB
2026/04/15 20:41:18.794, 0 %, 0 MiB, 81920 MiB
2026/04/15 20:41:23.795, 0 %, 61455 MiB, 81920 MiB
2026/04/15 20:41:23.795, 0 %, 0 MiB, 81920 MiB
2026/04/15 20:41:28.796, 0 %, 61455 MiB, 81920 MiB
2026/04/15 20:41:28.796, 0 %, 0 MiB, 81920 MiB
2026/04/15 20:41:33.796, 0 %, 61455 MiB, 81920 MiB
2026/04/15 20:41:33.797, 0 %, 0 MiB, 81920 MiB
2026/04/15 20:41:38.797, 0 %, 61455 MiB, 81920 MiB
2026/04/15 20:41:38.797, 0 %, 0 MiB, 81920 MiB
2026/04/15 20:41:43.798, 0 %, 61455 MiB, 81920 MiB
2026/04/15 20:41:43.798, 0 %, 0 MiB, 81920 MiB
2026/04/15 20:41:48.799, 0 %, 61455 MiB, 81920 MiB
2026/04/15 20:41:48.799, 0 %, 0 MiB, 81920 MiB
2026/04/15 20:41:53.799, 0 %, 61455 MiB, 81920 MiB
2026/04/15 20:41:53.799, 0 %, 0 MiB, 81920 MiB
2026/04/15 20:41:58.800, 0 %, 61455 MiB, 81920 MiB
2026/04/15 20:41:58.800, 0 %, 0 MiB, 81920 MiB
2026/04/15 20:42:03.801, 0 %, 61455 MiB, 81920 MiB
2026/04/15 20:42:03.801, 0 %, 0 MiB, 81920 MiB
2026/04/15 20:42:08.801, 0 %, 61455 MiB, 81920 MiB
2026/04/15 20:42:08.801, 0 %, 0 MiB, 81920 MiB
2026/04/15 20:42:13.802, 0 %, 61455 MiB, 81920 MiB
2026/04/15 20:42:13.802, 0 %, 0 MiB, 81920 MiB
2026/04/15 20:42:18.803, 0 %, 61455 MiB, 81920 MiB
2026/04/15 20:42:18.803, 0 %, 0 MiB, 81920 MiB
2026/04/15 20:42:23.804, 0 %, 61455 MiB, 81920 MiB
2026/04/15 20:42:23.804, 0 %, 0 MiB, 81920 MiB
2026/04/15 20:42:28.804, 0 %, 61455 MiB, 81920 MiB
2026/04/15 20:42:28.804, 0 %, 0 MiB, 81920 MiB
2026/04/15 20:42:33.805, 0 %, 61455 MiB, 81920 MiB
2026/04/15 20:42:33.805, 0 %, 0 MiB, 81920 MiB
2026/04/15 20:42:38.806, 0 %, 61455 MiB, 81920 MiB
2026/04/15 20:42:38.806, 0 %, 0 MiB, 81920 MiB
2026/04/15 20:42:43.806, 0 %, 61455 MiB, 81920 MiB
2026/04/15 20:42:43.806, 0 %, 0 MiB, 81920 MiB
2026/04/15 20:42:48.807, 0 %, 61455 MiB, 81920 MiB
2026/04/15 20:42:48.807, 0 %, 0 MiB, 81920 MiB
2026/04/15 20:42:53.808, 0 %, 61455 MiB, 81920 MiB
2026/04/15 20:42:53.808, 0 %, 0 MiB, 81920 MiB
2026/04/15 20:42:58.808, 0 %, 61455 MiB, 81920 MiB
2026/04/15 20:42:58.809, 0 %, 0 MiB, 81920 MiB
2026/04/15 20:43:03.809, 0 %, 61455 MiB, 81920 MiB
2026/04/15 20:43:03.809, 0 %, 0 MiB, 81920 MiB
2026/04/15 20:43:08.810, 0 %, 61455 MiB, 81920 MiB
2026/04/15 20:43:08.810, 0 %, 0 MiB, 81920 MiB
2026/04/15 20:43:13.811, 0 %, 61455 MiB, 81920 MiB
2026/04/15 20:43:13.811, 0 %, 0 MiB, 81920 MiB
2026/04/15 20:43:18.811, 0 %, 61455 MiB, 81920 MiB
2026/04/15 20:43:18.811, 0 %, 0 MiB, 81920 MiB
2026/04/15 20:43:23.812, 0 %, 61455 MiB, 81920 MiB
2026/04/15 20:43:23.812, 0 %, 0 MiB, 81920 MiB
2026/04/15 20:43:28.813, 0 %, 61455 MiB, 81920 MiB
2026/04/15 20:43:28.813, 0 %, 0 MiB, 81920 MiB
2026/04/15 20:43:33.813, 0 %, 61455 MiB, 81920 MiB
2026/04/15 20:43:33.813, 0 %, 0 MiB, 81920 MiB
2026/04/15 20:43:38.814, 0 %, 61455 MiB, 81920 MiB
2026/04/15 20:43:38.814, 0 %, 0 MiB, 81920 MiB
2026/04/15 20:43:43.815, 0 %, 61455 MiB, 81920 MiB
2026/04/15 20:43:43.815, 0 %, 0 MiB, 81920 MiB
2026/04/15 20:43:48.816, 0 %, 61455 MiB, 81920 MiB
2026/04/15 20:43:48.816, 0 %, 0 MiB, 81920 MiB
2026/04/15 20:43:53.816, 0 %, 61455 MiB, 81920 MiB
2026/04/15 20:43:53.816, 0 %, 0 MiB, 81920 MiB
2026/04/15 20:43:58.817, 0 %, 61455 MiB, 81920 MiB
2026/04/15 20:43:58.817, 0 %, 0 MiB, 81920 MiB
2026/04/15 20:44:03.818, 0 %, 61455 MiB, 81920 MiB
2026/04/15 20:44:03.818, 0 %, 0 MiB, 81920 MiB
2026/04/15 20:44:08.818, 0 %, 61455 MiB, 81920 MiB
2026/04/15 20:44:08.818, 0 %, 0 MiB, 81920 MiB
2026/04/15 20:44:13.819, 0 %, 61455 MiB, 81920 MiB
2026/04/15 20:44:13.819, 0 %, 0 MiB, 81920 MiB
2026/04/15 20:44:18.820, 0 %, 61455 MiB, 81920 MiB
2026/04/15 20:44:18.820, 0 %, 0 MiB, 81920 MiB
2026/04/15 20:44:23.821, 0 %, 61455 MiB, 81920 MiB
2026/04/15 20:44:23.821, 0 %, 0 MiB, 81920 MiB
2026/04/15 20:44:28.821, 0 %, 61455 MiB, 81920 MiB
2026/04/15 20:44:28.822, 0 %, 0 MiB, 81920 MiB
2026/04/15 20:44:33.822, 0 %, 61455 MiB, 81920 MiB
2026/04/15 20:44:33.822, 0 %, 0 MiB, 81920 MiB
2026/04/15 20:44:38.823, 0 %, 61455 MiB, 81920 MiB
2026/04/15 20:44:38.823, 0 %, 0 MiB, 81920 MiB
2026/04/15 20:44:43.824, 0 %, 61455 MiB, 81920 MiB
2026/04/15 20:44:43.824, 0 %, 0 MiB, 81920 MiB
2026/04/15 20:44:48.824, 0 %, 61455 MiB, 81920 MiB
2026/04/15 20:44:48.824, 0 %, 0 MiB, 81920 MiB
2026/04/15 20:44:53.825, 0 %, 61455 MiB, 81920 MiB
2026/04/15 20:44:53.825, 0 %, 0 MiB, 81920 MiB
2026/04/15 20:44:58.826, 0 %, 61455 MiB, 81920 MiB
2026/04/15 20:44:58.826, 0 %, 0 MiB, 81920 MiB
2026/04/15 20:45:03.826, 0 %, 61455 MiB, 81920 MiB
2026/04/15 20:45:03.826, 0 %, 0 MiB, 81920 MiB
2026/04/15 20:45:08.827, 0 %, 61455 MiB, 81920 MiB
2026/04/15 20:45:08.827, 0 %, 0 MiB, 81920 MiB
2026/04/15 20:45:13.828, 0 %, 61455 MiB, 81920 MiB
2026/04/15 20:45:13.828, 0 %, 0 MiB, 81920 MiB
2026/04/15 20:45:18.829, 0 %, 61455 MiB, 81920 MiB
2026/04/15 20:45:18.829, 0 %, 0 MiB, 81920 MiB
2026/04/15 20:45:23.829, 0 %, 61455 MiB, 81920 MiB
2026/04/15 20:45:23.829, 0 %, 0 MiB, 81920 MiB
2026/04/15 20:45:28.830, 0 %, 61455 MiB, 81920 MiB
2026/04/15 20:45:28.830, 0 %, 0 MiB, 81920 MiB
2026/04/15 20:45:33.831, 0 %, 61455 MiB, 81920 MiB
2026/04/15 20:45:33.831, 0 %, 0 MiB, 81920 MiB
2026/04/15 20:45:38.832, 0 %, 61455 MiB, 81920 MiB
2026/04/15 20:45:38.832, 0 %, 0 MiB, 81920 MiB
2026/04/15 20:45:43.832, 0 %, 61455 MiB, 81920 MiB
2026/04/15 20:45:43.832, 0 %, 0 MiB, 81920 MiB
2026/04/15 20:45:48.833, 0 %, 61455 MiB, 81920 MiB
2026/04/15 20:45:48.833, 0 %, 0 MiB, 81920 MiB
2026/04/15 20:45:53.834, 0 %, 61455 MiB, 81920 MiB
2026/04/15 20:45:53.834, 0 %, 0 MiB, 81920 MiB
2026/04/15 20:45:58.834, 0 %, 61455 MiB, 81920 MiB
2026/04/15 20:45:58.834, 0 %, 0 MiB, 81920 MiB
2026/04/15 20:46:03.835, 0 %, 61455 MiB, 81920 MiB
2026/04/15 20:46:03.835, 0 %, 0 MiB, 81920 MiB
2026/04/15 20:46:08.836, 0 %, 61455 MiB, 81920 MiB
2026/04/15 20:46:08.836, 0 %, 0 MiB, 81920 MiB
2026/04/15 20:46:13.837, 0 %, 61455 MiB, 81920 MiB
2026/04/15 20:46:13.837, 0 %, 0 MiB, 81920 MiB
2026/04/15 20:46:18.837, 0 %, 61455 MiB, 81920 MiB
2026/04/15 20:46:18.837, 0 %, 0 MiB, 81920 MiB
2026/04/15 20:46:23.838, 0 %, 61455 MiB, 81920 MiB
2026/04/15 20:46:23.838, 0 %, 0 MiB, 81920 MiB
2026/04/15 20:46:28.839, 0 %, 61455 MiB, 81920 MiB
2026/04/15 20:46:28.839, 0 %, 0 MiB, 81920 MiB
2026/04/15 20:46:33.839, 0 %, 61455 MiB, 81920 MiB
2026/04/15 20:46:33.839, 0 %, 0 MiB, 81920 MiB
2026/04/15 20:46:38.840, 0 %, 61455 MiB, 81920 MiB
2026/04/15 20:46:38.840, 0 %, 0 MiB, 81920 MiB
2026/04/15 20:46:43.841, 0 %, 61455 MiB, 81920 MiB
2026/04/15 20:46:43.841, 0 %, 0 MiB, 81920 MiB
2026/04/15 20:46:48.842, 0 %, 61455 MiB, 81920 MiB
2026/04/15 20:46:48.842, 0 %, 0 MiB, 81920 MiB
2026/04/15 20:46:53.842, 0 %, 61455 MiB, 81920 MiB
2026/04/15 20:46:53.842, 0 %, 0 MiB, 81920 MiB
2026/04/15 20:46:58.843, 0 %, 61455 MiB, 81920 MiB
2026/04/15 20:46:58.843, 0 %, 0 MiB, 81920 MiB
2026/04/15 20:47:03.844, 0 %, 61455 MiB, 81920 MiB
2026/04/15 20:47:03.844, 0 %, 0 MiB, 81920 MiB
2026/04/15 20:47:08.844, 0 %, 61455 MiB, 81920 MiB
2026/04/15 20:47:08.844, 0 %, 0 MiB, 81920 MiB
2026/04/15 20:47:13.845, 0 %, 61455 MiB, 81920 MiB
2026/04/15 20:47:13.845, 0 %, 0 MiB, 81920 MiB
2026/04/15 20:47:18.846, 0 %, 61455 MiB, 81920 MiB
2026/04/15 20:47:18.846, 0 %, 0 MiB, 81920 MiB
2026/04/15 20:47:23.846, 0 %, 61455 MiB, 81920 MiB
2026/04/15 20:47:23.847, 0 %, 0 MiB, 81920 MiB
2026/04/15 20:47:28.847, 0 %, 61455 MiB, 81920 MiB
2026/04/15 20:47:28.847, 0 %, 0 MiB, 81920 MiB
2026/04/15 20:47:33.848, 0 %, 61455 MiB, 81920 MiB
2026/04/15 20:47:33.848, 0 %, 0 MiB, 81920 MiB
2026/04/15 20:47:38.848, 0 %, 61455 MiB, 81920 MiB
2026/04/15 20:47:38.849, 0 %, 0 MiB, 81920 MiB
2026/04/15 20:47:43.849, 0 %, 61455 MiB, 81920 MiB
2026/04/15 20:47:43.849, 0 %, 0 MiB, 81920 MiB
2026/04/15 20:47:48.850, 0 %, 61455 MiB, 81920 MiB
2026/04/15 20:47:48.850, 0 %, 0 MiB, 81920 MiB
2026/04/15 20:47:53.851, 0 %, 61455 MiB, 81920 MiB
2026/04/15 20:47:53.851, 0 %, 0 MiB, 81920 MiB
2026/04/15 20:47:58.851, 0 %, 61455 MiB, 81920 MiB
2026/04/15 20:47:58.851, 0 %, 0 MiB, 81920 MiB
2026/04/15 20:48:03.852, 0 %, 61455 MiB, 81920 MiB
2026/04/15 20:48:03.852, 0 %, 0 MiB, 81920 MiB
2026/04/15 20:48:08.853, 0 %, 61455 MiB, 81920 MiB
2026/04/15 20:48:08.853, 0 %, 0 MiB, 81920 MiB
2026/04/15 20:48:13.853, 0 %, 61455 MiB, 81920 MiB
2026/04/15 20:48:13.853, 0 %, 0 MiB, 81920 MiB
2026/04/15 20:48:18.854, 0 %, 61455 MiB, 81920 MiB
2026/04/15 20:48:18.854, 0 %, 0 MiB, 81920 MiB
2026/04/15 20:48:23.855, 0 %, 61455 MiB, 81920 MiB
2026/04/15 20:48:23.855, 0 %, 0 MiB, 81920 MiB
2026/04/15 20:48:28.855, 0 %, 61455 MiB, 81920 MiB
2026/04/15 20:48:28.855, 0 %, 0 MiB, 81920 MiB
2026/04/15 20:48:33.856, 0 %, 61455 MiB, 81920 MiB
2026/04/15 20:48:33.856, 0 %, 0 MiB, 81920 MiB
2026/04/15 20:48:38.857, 0 %, 61455 MiB, 81920 MiB
2026/04/15 20:48:38.857, 0 %, 0 MiB, 81920 MiB
2026/04/15 20:48:43.857, 0 %, 61455 MiB, 81920 MiB
2026/04/15 20:48:43.857, 0 %, 0 MiB, 81920 MiB
2026/04/15 20:48:48.858, 0 %, 61455 MiB, 81920 MiB
2026/04/15 20:48:48.858, 0 %, 0 MiB, 81920 MiB
2026/04/15 20:48:53.859, 0 %, 61455 MiB, 81920 MiB
2026/04/15 20:48:53.859, 0 %, 0 MiB, 81920 MiB
2026/04/15 20:48:58.859, 0 %, 61455 MiB, 81920 MiB
2026/04/15 20:48:58.860, 0 %, 0 MiB, 81920 MiB
2026/04/15 20:49:03.860, 0 %, 61455 MiB, 81920 MiB
2026/04/15 20:49:03.860, 0 %, 0 MiB, 81920 MiB
2026/04/15 20:49:08.861, 0 %, 61455 MiB, 81920 MiB
2026/04/15 20:49:08.861, 0 %, 0 MiB, 81920 MiB
2026/04/15 20:49:13.862, 0 %, 61455 MiB, 81920 MiB
2026/04/15 20:49:13.862, 0 %, 0 MiB, 81920 MiB
2026/04/15 20:49:18.862, 0 %, 61455 MiB, 81920 MiB
2026/04/15 20:49:18.862, 0 %, 0 MiB, 81920 MiB
2026/04/15 20:49:23.863, 0 %, 61455 MiB, 81920 MiB
2026/04/15 20:49:23.863, 0 %, 0 MiB, 81920 MiB
2026/04/15 20:49:28.864, 0 %, 61455 MiB, 81920 MiB
2026/04/15 20:49:28.864, 0 %, 0 MiB, 81920 MiB
2026/04/15 20:49:33.864, 0 %, 61455 MiB, 81920 MiB
2026/04/15 20:49:33.865, 0 %, 0 MiB, 81920 MiB
2026/04/15 20:49:38.865, 0 %, 61455 MiB, 81920 MiB
2026/04/15 20:49:38.865, 0 %, 0 MiB, 81920 MiB
2026/04/15 20:49:43.866, 0 %, 61455 MiB, 81920 MiB
2026/04/15 20:49:43.866, 0 %, 0 MiB, 81920 MiB
2026/04/15 20:49:48.867, 0 %, 61455 MiB, 81920 MiB
2026/04/15 20:49:48.867, 0 %, 0 MiB, 81920 MiB
2026/04/15 20:49:53.868, 0 %, 61455 MiB, 81920 MiB
2026/04/15 20:49:53.868, 0 %, 0 MiB, 81920 MiB
2026/04/15 20:49:58.869, 0 %, 61455 MiB, 81920 MiB
2026/04/15 20:49:58.869, 0 %, 0 MiB, 81920 MiB
2026/04/15 20:50:03.870, 0 %, 61455 MiB, 81920 MiB
2026/04/15 20:50:03.870, 0 %, 0 MiB, 81920 MiB
2026/04/15 20:50:08.871, 0 %, 61455 MiB, 81920 MiB
2026/04/15 20:50:08.871, 0 %, 0 MiB, 81920 MiB
2026/04/15 20:50:13.871, 0 %, 61455 MiB, 81920 MiB
2026/04/15 20:50:13.872, 0 %, 0 MiB, 81920 MiB
2026/04/15 20:50:18.872, 0 %, 61455 MiB, 81920 MiB
2026/04/15 20:50:18.873, 0 %, 0 MiB, 81920 MiB
2026/04/15 20:50:23.873, 0 %, 61455 MiB, 81920 MiB
2026/04/15 20:50:23.873, 0 %, 0 MiB, 81920 MiB
2026/04/15 20:50:28.874, 0 %, 61455 MiB, 81920 MiB
2026/04/15 20:50:28.874, 0 %, 0 MiB, 81920 MiB
2026/04/15 20:50:33.875, 0 %, 61455 MiB, 81920 MiB
2026/04/15 20:50:33.875, 0 %, 0 MiB, 81920 MiB
2026/04/15 20:50:38.876, 0 %, 61455 MiB, 81920 MiB
2026/04/15 20:50:38.876, 0 %, 0 MiB, 81920 MiB
2026/04/15 20:50:43.877, 0 %, 61455 MiB, 81920 MiB
2026/04/15 20:50:43.877, 0 %, 0 MiB, 81920 MiB
2026/04/15 20:50:48.878, 0 %, 61455 MiB, 81920 MiB
2026/04/15 20:50:48.878, 0 %, 0 MiB, 81920 MiB
2026/04/15 20:50:53.878, 0 %, 61455 MiB, 81920 MiB
2026/04/15 20:50:53.879, 0 %, 0 MiB, 81920 MiB
2026/04/15 20:50:58.879, 0 %, 61455 MiB, 81920 MiB
2026/04/15 20:50:58.879, 0 %, 0 MiB, 81920 MiB
2026/04/15 20:51:03.880, 0 %, 61455 MiB, 81920 MiB
2026/04/15 20:51:03.880, 0 %, 0 MiB, 81920 MiB
2026/04/15 20:51:08.881, 0 %, 61455 MiB, 81920 MiB
2026/04/15 20:51:08.881, 0 %, 0 MiB, 81920 MiB
2026/04/15 20:51:13.881, 0 %, 61455 MiB, 81920 MiB
2026/04/15 20:51:13.882, 0 %, 0 MiB, 81920 MiB
2026/04/15 20:51:18.882, 0 %, 61455 MiB, 81920 MiB
2026/04/15 20:51:18.882, 0 %, 0 MiB, 81920 MiB
2026/04/15 20:51:23.883, 0 %, 61455 MiB, 81920 MiB
2026/04/15 20:51:23.883, 0 %, 0 MiB, 81920 MiB
2026/04/15 20:51:28.884, 0 %, 61455 MiB, 81920 MiB
2026/04/15 20:51:28.884, 0 %, 0 MiB, 81920 MiB
2026/04/15 20:51:33.885, 0 %, 61455 MiB, 81920 MiB
2026/04/15 20:51:33.885, 0 %, 0 MiB, 81920 MiB
2026/04/15 20:51:38.885, 0 %, 61455 MiB, 81920 MiB
2026/04/15 20:51:38.886, 0 %, 0 MiB, 81920 MiB
2026/04/15 20:51:43.886, 0 %, 61455 MiB, 81920 MiB
2026/04/15 20:51:43.886, 0 %, 0 MiB, 81920 MiB
2026/04/15 20:51:48.887, 0 %, 61455 MiB, 81920 MiB
2026/04/15 20:51:48.887, 0 %, 0 MiB, 81920 MiB
2026/04/15 20:51:53.888, 0 %, 61455 MiB, 81920 MiB
2026/04/15 20:51:53.888, 0 %, 0 MiB, 81920 MiB
2026/04/15 20:51:58.889, 0 %, 61455 MiB, 81920 MiB
2026/04/15 20:51:58.889, 0 %, 0 MiB, 81920 MiB
2026/04/15 20:52:03.889, 0 %, 61455 MiB, 81920 MiB
2026/04/15 20:52:03.889, 0 %, 0 MiB, 81920 MiB
2026/04/15 20:52:08.890, 0 %, 61455 MiB, 81920 MiB
2026/04/15 20:52:08.890, 0 %, 0 MiB, 81920 MiB
2026/04/15 20:52:13.891, 0 %, 61455 MiB, 81920 MiB
2026/04/15 20:52:13.891, 0 %, 0 MiB, 81920 MiB
2026/04/15 20:52:18.892, 0 %, 61455 MiB, 81920 MiB
2026/04/15 20:52:18.892, 0 %, 0 MiB, 81920 MiB
2026/04/15 20:52:23.893, 0 %, 61455 MiB, 81920 MiB
2026/04/15 20:52:23.893, 0 %, 0 MiB, 81920 MiB
2026/04/15 20:52:28.894, 0 %, 61455 MiB, 81920 MiB
2026/04/15 20:52:28.894, 0 %, 0 MiB, 81920 MiB
2026/04/15 20:52:33.895, 0 %, 61455 MiB, 81920 MiB
2026/04/15 20:52:33.895, 0 %, 0 MiB, 81920 MiB
2026/04/15 20:52:38.896, 0 %, 61455 MiB, 81920 MiB
2026/04/15 20:52:38.896, 0 %, 0 MiB, 81920 MiB
2026/04/15 20:52:43.896, 0 %, 61455 MiB, 81920 MiB
2026/04/15 20:52:43.897, 0 %, 0 MiB, 81920 MiB
2026/04/15 20:52:48.897, 33 %, 61523 MiB, 81920 MiB
2026/04/15 20:52:48.897, 0 %, 0 MiB, 81920 MiB
2026/04/15 20:52:53.898, 0 %, 61489 MiB, 81920 MiB
2026/04/15 20:52:53.898, 0 %, 0 MiB, 81920 MiB
2026/04/15 20:52:58.899, 0 %, 61489 MiB, 81920 MiB
2026/04/15 20:52:58.899, 0 %, 0 MiB, 81920 MiB
2026/04/15 20:53:03.900, 0 %, 61489 MiB, 81920 MiB
2026/04/15 20:53:03.900, 0 %, 0 MiB, 81920 MiB
2026/04/15 20:53:08.901, 2 %, 61523 MiB, 81920 MiB
2026/04/15 20:53:08.901, 0 %, 0 MiB, 81920 MiB
2026/04/15 20:53:13.902, 14 %, 61489 MiB, 81920 MiB
2026/04/15 20:53:13.902, 0 %, 0 MiB, 81920 MiB
2026/04/15 20:53:18.902, 0 %, 61489 MiB, 81920 MiB
2026/04/15 20:53:18.903, 0 %, 0 MiB, 81920 MiB
2026/04/15 20:53:23.903, 0 %, 61489 MiB, 81920 MiB
2026/04/15 20:53:23.903, 0 %, 0 MiB, 81920 MiB
2026/04/15 20:53:28.904, 0 %, 61489 MiB, 81920 MiB
2026/04/15 20:53:28.904, 0 %, 0 MiB, 81920 MiB
2026/04/15 20:53:33.905, 0 %, 61489 MiB, 81920 MiB
2026/04/15 20:53:33.905, 0 %, 0 MiB, 81920 MiB
2026/04/15 20:53:38.906, 0 %, 61489 MiB, 81920 MiB
2026/04/15 20:53:38.906, 0 %, 0 MiB, 81920 MiB
2026/04/15 20:53:43.907, 0 %, 61489 MiB, 81920 MiB
2026/04/15 20:53:43.907, 0 %, 0 MiB, 81920 MiB
2026/04/15 20:53:48.907, 0 %, 61489 MiB, 81920 MiB
2026/04/15 20:53:48.907, 0 %, 0 MiB, 81920 MiB
2026/04/15 20:53:53.908, 0 %, 61489 MiB, 81920 MiB
2026/04/15 20:53:53.908, 0 %, 0 MiB, 81920 MiB
2026/04/15 20:53:58.909, 0 %, 61489 MiB, 81920 MiB
2026/04/15 20:53:58.909, 0 %, 0 MiB, 81920 MiB
2026/04/15 20:54:03.910, 0 %, 61489 MiB, 81920 MiB
2026/04/15 20:54:03.910, 0 %, 0 MiB, 81920 MiB
2026/04/15 20:54:08.911, 0 %, 61489 MiB, 81920 MiB
2026/04/15 20:54:08.911, 0 %, 0 MiB, 81920 MiB
2026/04/15 20:54:13.911, 0 %, 61489 MiB, 81920 MiB
2026/04/15 20:54:13.912, 0 %, 0 MiB, 81920 MiB
2026/04/15 20:54:18.912, 0 %, 61489 MiB, 81920 MiB
2026/04/15 20:54:18.912, 0 %, 0 MiB, 81920 MiB
2026/04/15 20:54:23.913, 0 %, 61489 MiB, 81920 MiB
2026/04/15 20:54:23.913, 0 %, 0 MiB, 81920 MiB
2026/04/15 20:54:28.914, 0 %, 61489 MiB, 81920 MiB
2026/04/15 20:54:28.914, 0 %, 0 MiB, 81920 MiB
2026/04/15 20:54:33.915, 0 %, 61489 MiB, 81920 MiB
2026/04/15 20:54:33.915, 0 %, 0 MiB, 81920 MiB
2026/04/15 20:54:38.915, 0 %, 61489 MiB, 81920 MiB
2026/04/15 20:54:38.916, 0 %, 0 MiB, 81920 MiB
2026/04/15 20:54:43.916, 0 %, 61489 MiB, 81920 MiB
2026/04/15 20:54:43.916, 0 %, 0 MiB, 81920 MiB
2026/04/15 20:54:48.917, 0 %, 61489 MiB, 81920 MiB
2026/04/15 20:54:48.917, 0 %, 0 MiB, 81920 MiB
2026/04/15 20:54:53.918, 0 %, 61489 MiB, 81920 MiB
2026/04/15 20:54:53.918, 0 %, 0 MiB, 81920 MiB
2026/04/15 20:54:58.919, 0 %, 61489 MiB, 81920 MiB
2026/04/15 20:54:58.919, 0 %, 0 MiB, 81920 MiB
2026/04/15 20:55:03.919, 0 %, 61489 MiB, 81920 MiB
2026/04/15 20:55:03.920, 0 %, 0 MiB, 81920 MiB
2026/04/15 20:55:08.920, 0 %, 61489 MiB, 81920 MiB
2026/04/15 20:55:08.920, 0 %, 0 MiB, 81920 MiB
2026/04/15 20:55:13.921, 0 %, 61489 MiB, 81920 MiB
2026/04/15 20:55:13.921, 0 %, 0 MiB, 81920 MiB
2026/04/15 20:55:18.922, 0 %, 61489 MiB, 81920 MiB
2026/04/15 20:55:18.922, 0 %, 0 MiB, 81920 MiB
2026/04/15 20:55:23.923, 0 %, 61489 MiB, 81920 MiB
2026/04/15 20:55:23.923, 0 %, 0 MiB, 81920 MiB
2026/04/15 20:55:28.923, 0 %, 61489 MiB, 81920 MiB
2026/04/15 20:55:28.923, 0 %, 0 MiB, 81920 MiB
2026/04/15 20:55:33.924, 0 %, 61489 MiB, 81920 MiB
2026/04/15 20:55:33.924, 0 %, 0 MiB, 81920 MiB
2026/04/15 20:55:38.925, 0 %, 61489 MiB, 81920 MiB
2026/04/15 20:55:38.925, 0 %, 0 MiB, 81920 MiB
2026/04/15 20:55:43.926, 0 %, 61489 MiB, 81920 MiB
2026/04/15 20:55:43.926, 0 %, 0 MiB, 81920 MiB
2026/04/15 20:55:48.926, 0 %, 61489 MiB, 81920 MiB
2026/04/15 20:55:48.927, 0 %, 0 MiB, 81920 MiB
2026/04/15 20:55:53.927, 0 %, 61489 MiB, 81920 MiB
2026/04/15 20:55:53.927, 0 %, 0 MiB, 81920 MiB
2026/04/15 20:55:58.928, 0 %, 61489 MiB, 81920 MiB
2026/04/15 20:55:58.928, 0 %, 0 MiB, 81920 MiB
2026/04/15 20:56:03.929, 0 %, 61489 MiB, 81920 MiB
2026/04/15 20:56:03.929, 0 %, 0 MiB, 81920 MiB
2026/04/15 20:56:08.930, 0 %, 61489 MiB, 81920 MiB
2026/04/15 20:56:08.930, 0 %, 0 MiB, 81920 MiB
2026/04/15 20:56:13.930, 0 %, 61489 MiB, 81920 MiB
2026/04/15 20:56:13.930, 0 %, 0 MiB, 81920 MiB
2026/04/15 20:56:18.931, 0 %, 61489 MiB, 81920 MiB
2026/04/15 20:56:18.931, 0 %, 0 MiB, 81920 MiB
2026/04/15 20:56:23.932, 0 %, 61489 MiB, 81920 MiB
2026/04/15 20:56:23.932, 0 %, 0 MiB, 81920 MiB
2026/04/15 20:56:28.933, 0 %, 61489 MiB, 81920 MiB
2026/04/15 20:56:28.933, 0 %, 0 MiB, 81920 MiB
2026/04/15 20:56:33.934, 0 %, 61489 MiB, 81920 MiB
2026/04/15 20:56:33.934, 0 %, 0 MiB, 81920 MiB
2026/04/15 20:56:38.934, 0 %, 61489 MiB, 81920 MiB
2026/04/15 20:56:38.934, 0 %, 0 MiB, 81920 MiB
2026/04/15 20:56:43.935, 0 %, 61489 MiB, 81920 MiB
2026/04/15 20:56:43.935, 0 %, 0 MiB, 81920 MiB
2026/04/15 20:56:48.936, 0 %, 61489 MiB, 81920 MiB
2026/04/15 20:56:48.936, 0 %, 0 MiB, 81920 MiB
2026/04/15 20:56:53.937, 0 %, 61489 MiB, 81920 MiB
2026/04/15 20:56:53.937, 0 %, 0 MiB, 81920 MiB
2026/04/15 20:56:58.937, 0 %, 61489 MiB, 81920 MiB
2026/04/15 20:56:58.938, 0 %, 0 MiB, 81920 MiB
2026/04/15 20:57:03.938, 0 %, 61489 MiB, 81920 MiB
2026/04/15 20:57:03.938, 0 %, 0 MiB, 81920 MiB
2026/04/15 20:57:08.939, 0 %, 61489 MiB, 81920 MiB
2026/04/15 20:57:08.939, 0 %, 0 MiB, 81920 MiB
2026/04/15 20:57:13.940, 0 %, 61489 MiB, 81920 MiB
2026/04/15 20:57:13.940, 0 %, 0 MiB, 81920 MiB
2026/04/15 20:57:18.941, 0 %, 61489 MiB, 81920 MiB
2026/04/15 20:57:18.941, 0 %, 0 MiB, 81920 MiB
2026/04/15 20:57:23.942, 0 %, 61489 MiB, 81920 MiB
2026/04/15 20:57:23.942, 0 %, 0 MiB, 81920 MiB
2026/04/15 20:57:28.942, 0 %, 61489 MiB, 81920 MiB
2026/04/15 20:57:28.943, 0 %, 0 MiB, 81920 MiB
2026/04/15 20:57:33.943, 0 %, 61489 MiB, 81920 MiB
2026/04/15 20:57:33.943, 0 %, 0 MiB, 81920 MiB
2026/04/15 20:57:38.944, 0 %, 61489 MiB, 81920 MiB
2026/04/15 20:57:38.944, 0 %, 0 MiB, 81920 MiB
2026/04/15 20:57:43.945, 0 %, 61489 MiB, 81920 MiB
2026/04/15 20:57:43.945, 0 %, 0 MiB, 81920 MiB
2026/04/15 20:57:48.946, 0 %, 61489 MiB, 81920 MiB
2026/04/15 20:57:48.946, 0 %, 0 MiB, 81920 MiB
2026/04/15 20:57:53.947, 0 %, 61489 MiB, 81920 MiB
2026/04/15 20:57:53.947, 0 %, 0 MiB, 81920 MiB
2026/04/15 20:57:58.947, 0 %, 61489 MiB, 81920 MiB
2026/04/15 20:57:58.947, 0 %, 0 MiB, 81920 MiB
2026/04/15 20:58:03.948, 0 %, 61489 MiB, 81920 MiB
2026/04/15 20:58:03.948, 0 %, 0 MiB, 81920 MiB
2026/04/15 20:58:08.949, 0 %, 61489 MiB, 81920 MiB
2026/04/15 20:58:08.949, 0 %, 0 MiB, 81920 MiB
2026/04/15 20:58:13.950, 0 %, 61489 MiB, 81920 MiB
2026/04/15 20:58:13.950, 0 %, 0 MiB, 81920 MiB
2026/04/15 20:58:18.951, 0 %, 61489 MiB, 81920 MiB
2026/04/15 20:58:18.951, 0 %, 0 MiB, 81920 MiB
2026/04/15 20:58:23.951, 0 %, 61489 MiB, 81920 MiB
2026/04/15 20:58:23.951, 0 %, 0 MiB, 81920 MiB
2026/04/15 20:58:28.952, 0 %, 61489 MiB, 81920 MiB
2026/04/15 20:58:28.952, 0 %, 0 MiB, 81920 MiB
2026/04/15 20:58:33.953, 0 %, 61489 MiB, 81920 MiB
2026/04/15 20:58:33.953, 0 %, 0 MiB, 81920 MiB
2026/04/15 20:58:38.954, 0 %, 61489 MiB, 81920 MiB
2026/04/15 20:58:38.954, 0 %, 0 MiB, 81920 MiB
2026/04/15 20:58:43.955, 0 %, 61489 MiB, 81920 MiB
2026/04/15 20:58:43.955, 0 %, 0 MiB, 81920 MiB
2026/04/15 20:58:48.955, 0 %, 61489 MiB, 81920 MiB
2026/04/15 20:58:48.955, 0 %, 0 MiB, 81920 MiB
2026/04/15 20:58:53.956, 0 %, 61489 MiB, 81920 MiB
2026/04/15 20:58:53.956, 0 %, 0 MiB, 81920 MiB
2026/04/15 20:58:58.957, 0 %, 61489 MiB, 81920 MiB
2026/04/15 20:58:58.957, 0 %, 0 MiB, 81920 MiB
2026/04/15 20:59:03.958, 0 %, 61489 MiB, 81920 MiB
2026/04/15 20:59:03.958, 0 %, 0 MiB, 81920 MiB
2026/04/15 20:59:08.959, 0 %, 61489 MiB, 81920 MiB
2026/04/15 20:59:08.959, 0 %, 0 MiB, 81920 MiB
2026/04/15 20:59:13.959, 0 %, 61489 MiB, 81920 MiB
2026/04/15 20:59:13.959, 0 %, 0 MiB, 81920 MiB
2026/04/15 20:59:18.960, 0 %, 61489 MiB, 81920 MiB
2026/04/15 20:59:18.960, 0 %, 0 MiB, 81920 MiB
2026/04/15 20:59:23.961, 0 %, 61489 MiB, 81920 MiB
2026/04/15 20:59:23.961, 0 %, 0 MiB, 81920 MiB
2026/04/15 20:59:28.962, 0 %, 61489 MiB, 81920 MiB
2026/04/15 20:59:28.962, 0 %, 0 MiB, 81920 MiB
2026/04/15 20:59:33.962, 0 %, 61489 MiB, 81920 MiB
2026/04/15 20:59:33.963, 0 %, 0 MiB, 81920 MiB
2026/04/15 20:59:38.963, 0 %, 61489 MiB, 81920 MiB
2026/04/15 20:59:38.963, 0 %, 0 MiB, 81920 MiB
2026/04/15 20:59:43.964, 0 %, 61489 MiB, 81920 MiB
2026/04/15 20:59:43.964, 0 %, 0 MiB, 81920 MiB
2026/04/15 20:59:48.965, 0 %, 61489 MiB, 81920 MiB
2026/04/15 20:59:48.965, 0 %, 0 MiB, 81920 MiB
2026/04/15 20:59:53.966, 0 %, 61489 MiB, 81920 MiB
2026/04/15 20:59:53.966, 0 %, 0 MiB, 81920 MiB
2026/04/15 20:59:58.966, 0 %, 61489 MiB, 81920 MiB
2026/04/15 20:59:58.967, 0 %, 0 MiB, 81920 MiB
2026/04/15 21:00:03.967, 0 %, 61489 MiB, 81920 MiB
2026/04/15 21:00:03.967, 0 %, 0 MiB, 81920 MiB
2026/04/15 21:00:08.968, 0 %, 61489 MiB, 81920 MiB
2026/04/15 21:00:08.968, 0 %, 0 MiB, 81920 MiB
2026/04/15 21:00:13.969, 0 %, 61489 MiB, 81920 MiB
2026/04/15 21:00:13.969, 0 %, 0 MiB, 81920 MiB
2026/04/15 21:00:18.970, 0 %, 61489 MiB, 81920 MiB
2026/04/15 21:00:18.970, 0 %, 0 MiB, 81920 MiB
2026/04/15 21:00:23.971, 0 %, 61489 MiB, 81920 MiB
2026/04/15 21:00:23.971, 0 %, 0 MiB, 81920 MiB
2026/04/15 21:00:28.971, 0 %, 61489 MiB, 81920 MiB
2026/04/15 21:00:28.972, 0 %, 0 MiB, 81920 MiB
2026/04/15 21:00:33.972, 0 %, 61489 MiB, 81920 MiB
2026/04/15 21:00:33.972, 0 %, 0 MiB, 81920 MiB
2026/04/15 21:00:38.973, 0 %, 61489 MiB, 81920 MiB
2026/04/15 21:00:38.973, 0 %, 0 MiB, 81920 MiB
2026/04/15 21:00:43.974, 0 %, 61489 MiB, 81920 MiB
2026/04/15 21:00:43.974, 0 %, 0 MiB, 81920 MiB
2026/04/15 21:00:48.975, 0 %, 61489 MiB, 81920 MiB
2026/04/15 21:00:48.975, 0 %, 0 MiB, 81920 MiB
2026/04/15 21:00:53.976, 0 %, 61489 MiB, 81920 MiB
2026/04/15 21:00:53.976, 0 %, 0 MiB, 81920 MiB
2026/04/15 21:00:58.976, 0 %, 61489 MiB, 81920 MiB
2026/04/15 21:00:58.976, 0 %, 0 MiB, 81920 MiB
2026/04/15 21:01:03.977, 0 %, 61489 MiB, 81920 MiB
2026/04/15 21:01:03.977, 0 %, 0 MiB, 81920 MiB
2026/04/15 21:01:08.978, 0 %, 61489 MiB, 81920 MiB
2026/04/15 21:01:08.978, 0 %, 0 MiB, 81920 MiB
2026/04/15 21:01:13.979, 0 %, 61489 MiB, 81920 MiB
2026/04/15 21:01:13.979, 0 %, 0 MiB, 81920 MiB
2026/04/15 21:01:18.980, 0 %, 61489 MiB, 81920 MiB
2026/04/15 21:01:18.980, 0 %, 0 MiB, 81920 MiB
2026/04/15 21:01:23.980, 0 %, 61489 MiB, 81920 MiB
2026/04/15 21:01:23.980, 0 %, 0 MiB, 81920 MiB
2026/04/15 21:01:28.981, 0 %, 61489 MiB, 81920 MiB
2026/04/15 21:01:28.981, 0 %, 0 MiB, 81920 MiB
2026/04/15 21:01:33.982, 0 %, 61489 MiB, 81920 MiB
2026/04/15 21:01:33.982, 0 %, 0 MiB, 81920 MiB
2026/04/15 21:01:38.983, 0 %, 61489 MiB, 81920 MiB
2026/04/15 21:01:38.983, 0 %, 0 MiB, 81920 MiB
2026/04/15 21:01:43.984, 0 %, 61489 MiB, 81920 MiB
2026/04/15 21:01:43.984, 0 %, 0 MiB, 81920 MiB
2026/04/15 21:01:48.984, 0 %, 61489 MiB, 81920 MiB
2026/04/15 21:01:48.984, 0 %, 0 MiB, 81920 MiB
2026/04/15 21:01:53.985, 0 %, 61489 MiB, 81920 MiB
2026/04/15 21:01:53.985, 0 %, 0 MiB, 81920 MiB
2026/04/15 21:01:58.986, 0 %, 61489 MiB, 81920 MiB
2026/04/15 21:01:58.986, 0 %, 0 MiB, 81920 MiB
2026/04/15 21:02:03.987, 0 %, 61489 MiB, 81920 MiB
2026/04/15 21:02:03.987, 0 %, 0 MiB, 81920 MiB
2026/04/15 21:02:08.988, 0 %, 61489 MiB, 81920 MiB
2026/04/15 21:02:08.988, 0 %, 0 MiB, 81920 MiB
2026/04/15 21:02:13.988, 0 %, 61489 MiB, 81920 MiB
2026/04/15 21:02:13.988, 0 %, 0 MiB, 81920 MiB
2026/04/15 21:02:18.989, 0 %, 61489 MiB, 81920 MiB
2026/04/15 21:02:18.989, 0 %, 0 MiB, 81920 MiB
2026/04/15 21:02:23.990, 0 %, 61489 MiB, 81920 MiB
2026/04/15 21:02:23.990, 0 %, 0 MiB, 81920 MiB
2026/04/15 21:02:28.991, 0 %, 61489 MiB, 81920 MiB
2026/04/15 21:02:28.991, 0 %, 0 MiB, 81920 MiB
2026/04/15 21:02:33.992, 0 %, 61489 MiB, 81920 MiB
2026/04/15 21:02:33.992, 0 %, 0 MiB, 81920 MiB
2026/04/15 21:02:38.992, 0 %, 61489 MiB, 81920 MiB
2026/04/15 21:02:38.993, 0 %, 0 MiB, 81920 MiB
2026/04/15 21:02:43.993, 0 %, 61489 MiB, 81920 MiB
2026/04/15 21:02:43.993, 0 %, 0 MiB, 81920 MiB
2026/04/15 21:02:48.994, 0 %, 61489 MiB, 81920 MiB
2026/04/15 21:02:48.994, 0 %, 0 MiB, 81920 MiB
2026/04/15 21:02:53.995, 0 %, 61489 MiB, 81920 MiB
2026/04/15 21:02:53.995, 0 %, 0 MiB, 81920 MiB
2026/04/15 21:02:58.996, 0 %, 61489 MiB, 81920 MiB
2026/04/15 21:02:58.996, 0 %, 0 MiB, 81920 MiB
2026/04/15 21:03:03.996, 0 %, 61489 MiB, 81920 MiB
2026/04/15 21:03:03.996, 0 %, 0 MiB, 81920 MiB
2026/04/15 21:03:08.997, 0 %, 61489 MiB, 81920 MiB
2026/04/15 21:03:08.997, 0 %, 0 MiB, 81920 MiB
2026/04/15 21:03:13.998, 0 %, 61489 MiB, 81920 MiB
2026/04/15 21:03:13.998, 0 %, 0 MiB, 81920 MiB
2026/04/15 21:03:18.998, 0 %, 61489 MiB, 81920 MiB
2026/04/15 21:03:18.999, 0 %, 0 MiB, 81920 MiB
2026/04/15 21:03:23.999, 0 %, 61489 MiB, 81920 MiB
2026/04/15 21:03:23.999, 0 %, 0 MiB, 81920 MiB
2026/04/15 21:03:29.000, 0 %, 61489 MiB, 81920 MiB
2026/04/15 21:03:29.000, 0 %, 0 MiB, 81920 MiB
2026/04/15 21:03:34.001, 0 %, 61489 MiB, 81920 MiB
2026/04/15 21:03:34.001, 0 %, 0 MiB, 81920 MiB
2026/04/15 21:03:39.002, 0 %, 61489 MiB, 81920 MiB
2026/04/15 21:03:39.002, 0 %, 0 MiB, 81920 MiB
2026/04/15 21:03:44.003, 0 %, 61489 MiB, 81920 MiB
2026/04/15 21:03:44.003, 0 %, 0 MiB, 81920 MiB
2026/04/15 21:03:49.003, 0 %, 61489 MiB, 81920 MiB
2026/04/15 21:03:49.004, 0 %, 0 MiB, 81920 MiB
2026/04/15 21:03:54.004, 0 %, 61489 MiB, 81920 MiB
2026/04/15 21:03:54.004, 0 %, 0 MiB, 81920 MiB
2026/04/15 21:03:59.005, 0 %, 61489 MiB, 81920 MiB
2026/04/15 21:03:59.005, 0 %, 0 MiB, 81920 MiB
2026/04/15 21:04:04.006, 0 %, 61489 MiB, 81920 MiB
2026/04/15 21:04:04.006, 0 %, 0 MiB, 81920 MiB
2026/04/15 21:04:09.007, 0 %, 61489 MiB, 81920 MiB
2026/04/15 21:04:09.007, 0 %, 0 MiB, 81920 MiB
2026/04/15 21:04:14.008, 0 %, 61489 MiB, 81920 MiB
2026/04/15 21:04:14.008, 0 %, 0 MiB, 81920 MiB
2026/04/15 21:04:19.010, 0 %, 61489 MiB, 81920 MiB
2026/04/15 21:04:19.010, 0 %, 0 MiB, 81920 MiB
2026/04/15 21:04:24.010, 0 %, 61489 MiB, 81920 MiB
2026/04/15 21:04:24.011, 0 %, 0 MiB, 81920 MiB
2026/04/15 21:04:29.011, 0 %, 61489 MiB, 81920 MiB
2026/04/15 21:04:29.011, 0 %, 0 MiB, 81920 MiB
2026/04/15 21:04:34.012, 0 %, 61489 MiB, 81920 MiB
2026/04/15 21:04:34.012, 0 %, 0 MiB, 81920 MiB
2026/04/15 21:04:39.013, 0 %, 61489 MiB, 81920 MiB
2026/04/15 21:04:39.013, 0 %, 0 MiB, 81920 MiB
2026/04/15 21:04:44.014, 0 %, 61489 MiB, 81920 MiB
2026/04/15 21:04:44.014, 0 %, 0 MiB, 81920 MiB
2026/04/15 21:04:49.014, 0 %, 61489 MiB, 81920 MiB
2026/04/15 21:04:49.015, 0 %, 0 MiB, 81920 MiB
2026/04/15 21:04:54.015, 0 %, 61489 MiB, 81920 MiB
2026/04/15 21:04:54.015, 0 %, 0 MiB, 81920 MiB
2026/04/15 21:04:59.016, 0 %, 61489 MiB, 81920 MiB
2026/04/15 21:04:59.016, 0 %, 0 MiB, 81920 MiB
2026/04/15 21:05:04.017, 0 %, 61489 MiB, 81920 MiB
2026/04/15 21:05:04.017, 0 %, 0 MiB, 81920 MiB
2026/04/15 21:05:09.018, 0 %, 61489 MiB, 81920 MiB
2026/04/15 21:05:09.018, 0 %, 0 MiB, 81920 MiB
2026/04/15 21:05:14.019, 0 %, 61489 MiB, 81920 MiB
2026/04/15 21:05:14.019, 0 %, 0 MiB, 81920 MiB
2026/04/15 21:05:19.019, 0 %, 61489 MiB, 81920 MiB
2026/04/15 21:05:19.019, 0 %, 0 MiB, 81920 MiB
2026/04/15 21:05:24.020, 0 %, 61489 MiB, 81920 MiB
2026/04/15 21:05:24.020, 0 %, 0 MiB, 81920 MiB
2026/04/15 21:05:29.021, 0 %, 61489 MiB, 81920 MiB
2026/04/15 21:05:29.021, 0 %, 0 MiB, 81920 MiB
2026/04/15 21:05:34.022, 0 %, 61489 MiB, 81920 MiB
2026/04/15 21:05:34.022, 0 %, 0 MiB, 81920 MiB
2026/04/15 21:05:39.022, 0 %, 61489 MiB, 81920 MiB
2026/04/15 21:05:39.023, 0 %, 0 MiB, 81920 MiB
2026/04/15 21:05:44.023, 0 %, 61489 MiB, 81920 MiB
2026/04/15 21:05:44.024, 0 %, 0 MiB, 81920 MiB
2026/04/15 21:05:49.024, 0 %, 61489 MiB, 81920 MiB
2026/04/15 21:05:49.024, 0 %, 0 MiB, 81920 MiB
2026/04/15 21:05:54.025, 0 %, 61489 MiB, 81920 MiB
2026/04/15 21:05:54.025, 0 %, 0 MiB, 81920 MiB
2026/04/15 21:05:59.026, 0 %, 61489 MiB, 81920 MiB
2026/04/15 21:05:59.026, 0 %, 0 MiB, 81920 MiB
2026/04/15 21:06:04.027, 0 %, 61489 MiB, 81920 MiB
2026/04/15 21:06:04.027, 0 %, 0 MiB, 81920 MiB
2026/04/15 21:06:09.027, 0 %, 61489 MiB, 81920 MiB
2026/04/15 21:06:09.027, 0 %, 0 MiB, 81920 MiB
2026/04/15 21:06:14.028, 0 %, 61489 MiB, 81920 MiB
2026/04/15 21:06:14.028, 0 %, 0 MiB, 81920 MiB
2026/04/15 21:06:19.029, 0 %, 61489 MiB, 81920 MiB
2026/04/15 21:06:19.029, 0 %, 0 MiB, 81920 MiB
2026/04/15 21:06:24.030, 0 %, 61489 MiB, 81920 MiB
2026/04/15 21:06:24.030, 0 %, 0 MiB, 81920 MiB
2026/04/15 21:06:29.031, 0 %, 61489 MiB, 81920 MiB
2026/04/15 21:06:29.031, 0 %, 0 MiB, 81920 MiB
2026/04/15 21:06:34.031, 0 %, 61489 MiB, 81920 MiB
2026/04/15 21:06:34.032, 0 %, 0 MiB, 81920 MiB
2026/04/15 21:06:39.032, 0 %, 61489 MiB, 81920 MiB
2026/04/15 21:06:39.032, 0 %, 0 MiB, 81920 MiB
2026/04/15 21:06:44.033, 0 %, 61489 MiB, 81920 MiB
2026/04/15 21:06:44.033, 0 %, 0 MiB, 81920 MiB
2026/04/15 21:06:49.034, 0 %, 61489 MiB, 81920 MiB
2026/04/15 21:06:49.034, 0 %, 0 MiB, 81920 MiB
2026/04/15 21:06:54.035, 0 %, 61489 MiB, 81920 MiB
2026/04/15 21:06:54.035, 0 %, 0 MiB, 81920 MiB
2026/04/15 21:06:59.035, 0 %, 61489 MiB, 81920 MiB
2026/04/15 21:06:59.036, 0 %, 0 MiB, 81920 MiB
2026/04/15 21:07:04.036, 0 %, 61489 MiB, 81920 MiB
2026/04/15 21:07:04.036, 0 %, 0 MiB, 81920 MiB
2026/04/15 21:07:09.037, 0 %, 61489 MiB, 81920 MiB
2026/04/15 21:07:09.037, 0 %, 0 MiB, 81920 MiB
2026/04/15 21:07:14.038, 0 %, 61489 MiB, 81920 MiB
2026/04/15 21:07:14.038, 0 %, 0 MiB, 81920 MiB
2026/04/15 21:07:19.039, 0 %, 61489 MiB, 81920 MiB
2026/04/15 21:07:19.039, 0 %, 0 MiB, 81920 MiB
2026/04/15 21:07:24.040, 37 %, 61559 MiB, 81920 MiB
2026/04/15 21:07:24.040, 0 %, 0 MiB, 81920 MiB
2026/04/15 21:07:29.041, 0 %, 61523 MiB, 81920 MiB
2026/04/15 21:07:29.041, 0 %, 0 MiB, 81920 MiB
2026/04/15 21:07:34.042, 19 %, 61523 MiB, 81920 MiB
2026/04/15 21:07:34.042, 0 %, 0 MiB, 81920 MiB
2026/04/15 21:07:39.042, 0 %, 61523 MiB, 81920 MiB
2026/04/15 21:07:39.042, 0 %, 0 MiB, 81920 MiB
2026/04/15 21:07:44.043, 37 %, 61559 MiB, 81920 MiB
2026/04/15 21:07:44.043, 0 %, 0 MiB, 81920 MiB
2026/04/15 21:07:49.044, 37 %, 61523 MiB, 81920 MiB
2026/04/15 21:07:49.044, 0 %, 0 MiB, 81920 MiB
2026/04/15 21:07:54.045, 0 %, 61523 MiB, 81920 MiB
2026/04/15 21:07:54.045, 0 %, 0 MiB, 81920 MiB
2026/04/15 21:07:59.045, 0 %, 61523 MiB, 81920 MiB
2026/04/15 21:07:59.045, 0 %, 0 MiB, 81920 MiB
2026/04/15 21:08:04.046, 0 %, 61523 MiB, 81920 MiB
2026/04/15 21:08:04.046, 0 %, 0 MiB, 81920 MiB
2026/04/15 21:08:09.047, 0 %, 61523 MiB, 81920 MiB
2026/04/15 21:08:09.047, 0 %, 0 MiB, 81920 MiB
2026/04/15 21:08:14.048, 0 %, 61523 MiB, 81920 MiB
2026/04/15 21:08:14.048, 0 %, 0 MiB, 81920 MiB
2026/04/15 21:08:19.048, 0 %, 61523 MiB, 81920 MiB
2026/04/15 21:08:19.048, 0 %, 0 MiB, 81920 MiB
2026/04/15 21:08:24.049, 0 %, 61523 MiB, 81920 MiB
2026/04/15 21:08:24.049, 0 %, 0 MiB, 81920 MiB
2026/04/15 21:08:29.050, 0 %, 61523 MiB, 81920 MiB
2026/04/15 21:08:29.050, 0 %, 0 MiB, 81920 MiB
2026/04/15 21:08:34.051, 0 %, 61523 MiB, 81920 MiB
2026/04/15 21:08:34.051, 0 %, 0 MiB, 81920 MiB
2026/04/15 21:08:39.051, 0 %, 61523 MiB, 81920 MiB
2026/04/15 21:08:39.051, 0 %, 0 MiB, 81920 MiB
2026/04/15 21:08:44.052, 0 %, 61523 MiB, 81920 MiB
2026/04/15 21:08:44.052, 0 %, 0 MiB, 81920 MiB
2026/04/15 21:08:49.053, 0 %, 61523 MiB, 81920 MiB
2026/04/15 21:08:49.053, 0 %, 0 MiB, 81920 MiB
2026/04/15 21:08:54.053, 0 %, 61523 MiB, 81920 MiB
2026/04/15 21:08:54.054, 0 %, 0 MiB, 81920 MiB
2026/04/15 21:08:59.054, 0 %, 61523 MiB, 81920 MiB
2026/04/15 21:08:59.054, 0 %, 0 MiB, 81920 MiB
2026/04/15 21:09:04.055, 0 %, 61523 MiB, 81920 MiB
2026/04/15 21:09:04.055, 0 %, 0 MiB, 81920 MiB
2026/04/15 21:09:09.056, 0 %, 61523 MiB, 81920 MiB
2026/04/15 21:09:09.056, 0 %, 0 MiB, 81920 MiB
2026/04/15 21:09:14.056, 0 %, 61523 MiB, 81920 MiB
2026/04/15 21:09:14.057, 0 %, 0 MiB, 81920 MiB
2026/04/15 21:09:19.057, 0 %, 61523 MiB, 81920 MiB
2026/04/15 21:09:19.057, 0 %, 0 MiB, 81920 MiB
2026/04/15 21:09:24.058, 0 %, 61523 MiB, 81920 MiB
2026/04/15 21:09:24.058, 0 %, 0 MiB, 81920 MiB
2026/04/15 21:09:29.059, 0 %, 61523 MiB, 81920 MiB
2026/04/15 21:09:29.059, 0 %, 0 MiB, 81920 MiB
2026/04/15 21:09:34.059, 0 %, 61523 MiB, 81920 MiB
2026/04/15 21:09:34.060, 0 %, 0 MiB, 81920 MiB
2026/04/15 21:09:39.060, 0 %, 61523 MiB, 81920 MiB
2026/04/15 21:09:39.060, 0 %, 0 MiB, 81920 MiB
2026/04/15 21:09:44.061, 0 %, 61523 MiB, 81920 MiB
2026/04/15 21:09:44.061, 0 %, 0 MiB, 81920 MiB
2026/04/15 21:09:49.062, 0 %, 61523 MiB, 81920 MiB
2026/04/15 21:09:49.062, 0 %, 0 MiB, 81920 MiB
2026/04/15 21:09:54.062, 0 %, 61523 MiB, 81920 MiB
2026/04/15 21:09:54.062, 0 %, 0 MiB, 81920 MiB
2026/04/15 21:09:59.063, 0 %, 61523 MiB, 81920 MiB
2026/04/15 21:09:59.063, 0 %, 0 MiB, 81920 MiB
2026/04/15 21:10:04.064, 0 %, 61523 MiB, 81920 MiB
2026/04/15 21:10:04.064, 0 %, 0 MiB, 81920 MiB
2026/04/15 21:10:09.064, 0 %, 61523 MiB, 81920 MiB
2026/04/15 21:10:09.065, 0 %, 0 MiB, 81920 MiB
2026/04/15 21:10:14.065, 0 %, 61523 MiB, 81920 MiB
2026/04/15 21:10:14.065, 0 %, 0 MiB, 81920 MiB
2026/04/15 21:10:19.066, 0 %, 61523 MiB, 81920 MiB
2026/04/15 21:10:19.066, 0 %, 0 MiB, 81920 MiB
2026/04/15 21:10:24.067, 0 %, 61523 MiB, 81920 MiB
2026/04/15 21:10:24.067, 0 %, 0 MiB, 81920 MiB
2026/04/15 21:10:29.067, 0 %, 61523 MiB, 81920 MiB
2026/04/15 21:10:29.067, 0 %, 0 MiB, 81920 MiB
2026/04/15 21:10:34.068, 0 %, 61523 MiB, 81920 MiB
2026/04/15 21:10:34.068, 0 %, 0 MiB, 81920 MiB
2026/04/15 21:10:39.069, 0 %, 61523 MiB, 81920 MiB
2026/04/15 21:10:39.069, 0 %, 0 MiB, 81920 MiB
2026/04/15 21:10:44.069, 0 %, 61523 MiB, 81920 MiB
2026/04/15 21:10:44.070, 0 %, 0 MiB, 81920 MiB
2026/04/15 21:10:49.070, 0 %, 61523 MiB, 81920 MiB
2026/04/15 21:10:49.070, 0 %, 0 MiB, 81920 MiB
2026/04/15 21:10:54.071, 0 %, 61523 MiB, 81920 MiB
2026/04/15 21:10:54.071, 0 %, 0 MiB, 81920 MiB
2026/04/15 21:10:59.072, 0 %, 61523 MiB, 81920 MiB
2026/04/15 21:10:59.072, 0 %, 0 MiB, 81920 MiB
2026/04/15 21:11:04.073, 0 %, 61523 MiB, 81920 MiB
2026/04/15 21:11:04.073, 0 %, 0 MiB, 81920 MiB
2026/04/15 21:11:09.073, 0 %, 61523 MiB, 81920 MiB
2026/04/15 21:11:09.073, 0 %, 0 MiB, 81920 MiB
2026/04/15 21:11:14.074, 0 %, 61523 MiB, 81920 MiB
2026/04/15 21:11:14.074, 0 %, 0 MiB, 81920 MiB
2026/04/15 21:11:19.075, 0 %, 61523 MiB, 81920 MiB
2026/04/15 21:11:19.075, 0 %, 0 MiB, 81920 MiB
2026/04/15 21:11:24.076, 0 %, 61523 MiB, 81920 MiB
2026/04/15 21:11:24.076, 0 %, 0 MiB, 81920 MiB
2026/04/15 21:11:29.076, 0 %, 61523 MiB, 81920 MiB
2026/04/15 21:11:29.076, 0 %, 0 MiB, 81920 MiB
2026/04/15 21:11:34.077, 0 %, 61523 MiB, 81920 MiB
2026/04/15 21:11:34.077, 0 %, 0 MiB, 81920 MiB
2026/04/15 21:11:39.078, 0 %, 61523 MiB, 81920 MiB
2026/04/15 21:11:39.078, 0 %, 0 MiB, 81920 MiB
2026/04/15 21:11:44.079, 0 %, 61523 MiB, 81920 MiB
2026/04/15 21:11:44.079, 0 %, 0 MiB, 81920 MiB
2026/04/15 21:11:49.079, 0 %, 61523 MiB, 81920 MiB
2026/04/15 21:11:49.079, 0 %, 0 MiB, 81920 MiB
2026/04/15 21:11:54.080, 0 %, 61523 MiB, 81920 MiB
2026/04/15 21:11:54.080, 0 %, 0 MiB, 81920 MiB
2026/04/15 21:11:59.081, 0 %, 61523 MiB, 81920 MiB
2026/04/15 21:11:59.081, 0 %, 0 MiB, 81920 MiB
2026/04/15 21:12:04.082, 0 %, 61523 MiB, 81920 MiB
2026/04/15 21:12:04.082, 0 %, 0 MiB, 81920 MiB
2026/04/15 21:12:09.082, 0 %, 61523 MiB, 81920 MiB
2026/04/15 21:12:09.082, 0 %, 0 MiB, 81920 MiB
2026/04/15 21:12:14.083, 0 %, 61523 MiB, 81920 MiB
2026/04/15 21:12:14.083, 0 %, 0 MiB, 81920 MiB
2026/04/15 21:12:19.084, 0 %, 61523 MiB, 81920 MiB
2026/04/15 21:12:19.084, 0 %, 0 MiB, 81920 MiB
2026/04/15 21:12:24.085, 0 %, 61523 MiB, 81920 MiB
2026/04/15 21:12:24.085, 0 %, 0 MiB, 81920 MiB
2026/04/15 21:12:29.085, 0 %, 61523 MiB, 81920 MiB
2026/04/15 21:12:29.085, 0 %, 0 MiB, 81920 MiB
2026/04/15 21:12:34.086, 0 %, 61523 MiB, 81920 MiB
2026/04/15 21:12:34.086, 0 %, 0 MiB, 81920 MiB
2026/04/15 21:12:39.087, 0 %, 61523 MiB, 81920 MiB
2026/04/15 21:12:39.087, 0 %, 0 MiB, 81920 MiB
2026/04/15 21:12:44.088, 0 %, 61523 MiB, 81920 MiB
2026/04/15 21:12:44.088, 0 %, 0 MiB, 81920 MiB
2026/04/15 21:12:49.088, 0 %, 61523 MiB, 81920 MiB
2026/04/15 21:12:49.089, 0 %, 0 MiB, 81920 MiB
2026/04/15 21:12:54.089, 0 %, 61523 MiB, 81920 MiB
2026/04/15 21:12:54.089, 0 %, 0 MiB, 81920 MiB
2026/04/15 21:12:59.090, 0 %, 61523 MiB, 81920 MiB
2026/04/15 21:12:59.090, 0 %, 0 MiB, 81920 MiB
2026/04/15 21:13:04.091, 0 %, 61523 MiB, 81920 MiB
2026/04/15 21:13:04.091, 0 %, 0 MiB, 81920 MiB
2026/04/15 21:13:09.092, 0 %, 61523 MiB, 81920 MiB
2026/04/15 21:13:09.092, 0 %, 0 MiB, 81920 MiB
2026/04/15 21:13:14.092, 0 %, 61523 MiB, 81920 MiB
2026/04/15 21:13:14.092, 0 %, 0 MiB, 81920 MiB
2026/04/15 21:13:19.093, 0 %, 61523 MiB, 81920 MiB
2026/04/15 21:13:19.093, 0 %, 0 MiB, 81920 MiB
2026/04/15 21:13:24.094, 0 %, 61523 MiB, 81920 MiB
2026/04/15 21:13:24.094, 0 %, 0 MiB, 81920 MiB
2026/04/15 21:13:29.095, 0 %, 61523 MiB, 81920 MiB
2026/04/15 21:13:29.095, 0 %, 0 MiB, 81920 MiB
2026/04/15 21:13:34.095, 0 %, 61523 MiB, 81920 MiB
2026/04/15 21:13:34.095, 0 %, 0 MiB, 81920 MiB
2026/04/15 21:13:39.096, 0 %, 61523 MiB, 81920 MiB
2026/04/15 21:13:39.096, 0 %, 0 MiB, 81920 MiB
2026/04/15 21:13:44.097, 0 %, 61523 MiB, 81920 MiB
2026/04/15 21:13:44.097, 0 %, 0 MiB, 81920 MiB
2026/04/15 21:13:49.098, 0 %, 61523 MiB, 81920 MiB
2026/04/15 21:13:49.098, 0 %, 0 MiB, 81920 MiB
2026/04/15 21:13:54.098, 0 %, 61523 MiB, 81920 MiB
2026/04/15 21:13:54.098, 0 %, 0 MiB, 81920 MiB
2026/04/15 21:13:59.099, 0 %, 61523 MiB, 81920 MiB
2026/04/15 21:13:59.099, 0 %, 0 MiB, 81920 MiB
2026/04/15 21:14:04.100, 0 %, 61523 MiB, 81920 MiB
2026/04/15 21:14:04.100, 0 %, 0 MiB, 81920 MiB
2026/04/15 21:14:09.101, 0 %, 61523 MiB, 81920 MiB
2026/04/15 21:14:09.101, 0 %, 0 MiB, 81920 MiB
2026/04/15 21:14:14.101, 0 %, 61523 MiB, 81920 MiB
2026/04/15 21:14:14.101, 0 %, 0 MiB, 81920 MiB
2026/04/15 21:14:19.102, 0 %, 61523 MiB, 81920 MiB
2026/04/15 21:14:19.102, 0 %, 0 MiB, 81920 MiB
2026/04/15 21:14:24.103, 0 %, 61523 MiB, 81920 MiB
2026/04/15 21:14:24.103, 0 %, 0 MiB, 81920 MiB
2026/04/15 21:14:29.104, 0 %, 61523 MiB, 81920 MiB
2026/04/15 21:14:29.104, 0 %, 0 MiB, 81920 MiB
2026/04/15 21:14:34.104, 0 %, 61523 MiB, 81920 MiB
2026/04/15 21:14:34.104, 0 %, 0 MiB, 81920 MiB
2026/04/15 21:14:39.105, 0 %, 61523 MiB, 81920 MiB
2026/04/15 21:14:39.105, 0 %, 0 MiB, 81920 MiB
2026/04/15 21:14:44.106, 0 %, 61523 MiB, 81920 MiB
2026/04/15 21:14:44.106, 0 %, 0 MiB, 81920 MiB
2026/04/15 21:14:49.107, 0 %, 61523 MiB, 81920 MiB
2026/04/15 21:14:49.107, 0 %, 0 MiB, 81920 MiB
2026/04/15 21:14:54.107, 0 %, 61523 MiB, 81920 MiB
2026/04/15 21:14:54.107, 0 %, 0 MiB, 81920 MiB
2026/04/15 21:14:59.108, 0 %, 61523 MiB, 81920 MiB
2026/04/15 21:14:59.108, 0 %, 0 MiB, 81920 MiB
2026/04/15 21:15:04.109, 0 %, 61523 MiB, 81920 MiB
2026/04/15 21:15:04.109, 0 %, 0 MiB, 81920 MiB
2026/04/15 21:15:09.109, 0 %, 61523 MiB, 81920 MiB
2026/04/15 21:15:09.110, 0 %, 0 MiB, 81920 MiB
2026/04/15 21:15:14.110, 0 %, 61523 MiB, 81920 MiB
2026/04/15 21:15:14.110, 0 %, 0 MiB, 81920 MiB
2026/04/15 21:15:19.111, 0 %, 61523 MiB, 81920 MiB
2026/04/15 21:15:19.111, 0 %, 0 MiB, 81920 MiB
2026/04/15 21:15:24.112, 0 %, 61523 MiB, 81920 MiB
2026/04/15 21:15:24.112, 0 %, 0 MiB, 81920 MiB
2026/04/15 21:15:29.112, 0 %, 61523 MiB, 81920 MiB
2026/04/15 21:15:29.113, 0 %, 0 MiB, 81920 MiB
2026/04/15 21:15:34.113, 0 %, 61523 MiB, 81920 MiB
2026/04/15 21:15:34.113, 0 %, 0 MiB, 81920 MiB
2026/04/15 21:15:39.114, 0 %, 61523 MiB, 81920 MiB
2026/04/15 21:15:39.114, 0 %, 0 MiB, 81920 MiB
2026/04/15 21:15:44.115, 0 %, 61523 MiB, 81920 MiB
2026/04/15 21:15:44.115, 0 %, 0 MiB, 81920 MiB
2026/04/15 21:15:49.115, 0 %, 61523 MiB, 81920 MiB
2026/04/15 21:15:49.115, 0 %, 0 MiB, 81920 MiB
2026/04/15 21:15:54.116, 0 %, 61523 MiB, 81920 MiB
2026/04/15 21:15:54.116, 0 %, 0 MiB, 81920 MiB
2026/04/15 21:15:59.117, 0 %, 61523 MiB, 81920 MiB
2026/04/15 21:15:59.117, 0 %, 0 MiB, 81920 MiB
2026/04/15 21:16:04.117, 0 %, 61523 MiB, 81920 MiB
2026/04/15 21:16:04.118, 0 %, 0 MiB, 81920 MiB
2026/04/15 21:16:09.118, 0 %, 61523 MiB, 81920 MiB
2026/04/15 21:16:09.118, 0 %, 0 MiB, 81920 MiB
2026/04/15 21:16:14.119, 0 %, 61523 MiB, 81920 MiB
2026/04/15 21:16:14.119, 0 %, 0 MiB, 81920 MiB
2026/04/15 21:16:19.120, 0 %, 61523 MiB, 81920 MiB
2026/04/15 21:16:19.120, 0 %, 0 MiB, 81920 MiB
2026/04/15 21:16:24.121, 0 %, 61523 MiB, 81920 MiB
2026/04/15 21:16:24.121, 0 %, 0 MiB, 81920 MiB
2026/04/15 21:16:29.121, 0 %, 61523 MiB, 81920 MiB
2026/04/15 21:16:29.121, 0 %, 0 MiB, 81920 MiB
2026/04/15 21:16:34.122, 0 %, 61523 MiB, 81920 MiB
2026/04/15 21:16:34.122, 0 %, 0 MiB, 81920 MiB
2026/04/15 21:16:39.123, 0 %, 61523 MiB, 81920 MiB
2026/04/15 21:16:39.123, 0 %, 0 MiB, 81920 MiB
2026/04/15 21:16:44.124, 0 %, 61523 MiB, 81920 MiB
2026/04/15 21:16:44.124, 0 %, 0 MiB, 81920 MiB
2026/04/15 21:16:49.124, 0 %, 61523 MiB, 81920 MiB
2026/04/15 21:16:49.124, 0 %, 0 MiB, 81920 MiB
2026/04/15 21:16:54.125, 0 %, 61523 MiB, 81920 MiB
2026/04/15 21:16:54.125, 0 %, 0 MiB, 81920 MiB
2026/04/15 21:16:59.126, 0 %, 61523 MiB, 81920 MiB
2026/04/15 21:16:59.126, 0 %, 0 MiB, 81920 MiB
2026/04/15 21:17:04.127, 0 %, 61523 MiB, 81920 MiB
2026/04/15 21:17:04.127, 0 %, 0 MiB, 81920 MiB
2026/04/15 21:17:09.127, 0 %, 61523 MiB, 81920 MiB
2026/04/15 21:17:09.127, 0 %, 0 MiB, 81920 MiB
2026/04/15 21:17:14.128, 0 %, 61523 MiB, 81920 MiB
2026/04/15 21:17:14.128, 0 %, 0 MiB, 81920 MiB
2026/04/15 21:17:19.129, 0 %, 61523 MiB, 81920 MiB
2026/04/15 21:17:19.129, 0 %, 0 MiB, 81920 MiB
2026/04/15 21:17:24.129, 0 %, 61523 MiB, 81920 MiB
2026/04/15 21:17:24.130, 0 %, 0 MiB, 81920 MiB
2026/04/15 21:17:29.130, 0 %, 61523 MiB, 81920 MiB
2026/04/15 21:17:29.130, 0 %, 0 MiB, 81920 MiB
2026/04/15 21:17:34.131, 0 %, 61523 MiB, 81920 MiB
2026/04/15 21:17:34.131, 0 %, 0 MiB, 81920 MiB
2026/04/15 21:17:39.132, 0 %, 61523 MiB, 81920 MiB
2026/04/15 21:17:39.132, 0 %, 0 MiB, 81920 MiB
2026/04/15 21:17:44.132, 0 %, 61523 MiB, 81920 MiB
2026/04/15 21:17:44.132, 0 %, 0 MiB, 81920 MiB
2026/04/15 21:17:49.133, 0 %, 61523 MiB, 81920 MiB
2026/04/15 21:17:49.133, 0 %, 0 MiB, 81920 MiB
2026/04/15 21:17:54.134, 0 %, 61523 MiB, 81920 MiB
2026/04/15 21:17:54.134, 0 %, 0 MiB, 81920 MiB
2026/04/15 21:17:59.135, 0 %, 61523 MiB, 81920 MiB
2026/04/15 21:17:59.135, 0 %, 0 MiB, 81920 MiB
2026/04/15 21:18:04.135, 0 %, 61523 MiB, 81920 MiB
2026/04/15 21:18:04.135, 0 %, 0 MiB, 81920 MiB
2026/04/15 21:18:09.136, 0 %, 61523 MiB, 81920 MiB
2026/04/15 21:18:09.136, 0 %, 0 MiB, 81920 MiB
2026/04/15 21:18:14.137, 0 %, 61523 MiB, 81920 MiB
2026/04/15 21:18:14.137, 0 %, 0 MiB, 81920 MiB
2026/04/15 21:18:19.137, 0 %, 61523 MiB, 81920 MiB
2026/04/15 21:18:19.137, 0 %, 0 MiB, 81920 MiB
2026/04/15 21:18:24.138, 0 %, 61523 MiB, 81920 MiB
2026/04/15 21:18:24.138, 0 %, 0 MiB, 81920 MiB
2026/04/15 21:18:29.139, 0 %, 61523 MiB, 81920 MiB
2026/04/15 21:18:29.139, 0 %, 0 MiB, 81920 MiB
2026/04/15 21:18:34.140, 0 %, 61523 MiB, 81920 MiB
2026/04/15 21:18:34.140, 0 %, 0 MiB, 81920 MiB
2026/04/15 21:18:39.140, 0 %, 61523 MiB, 81920 MiB
2026/04/15 21:18:39.140, 0 %, 0 MiB, 81920 MiB
2026/04/15 21:18:44.142, 0 %, 61523 MiB, 81920 MiB
2026/04/15 21:18:44.142, 0 %, 0 MiB, 81920 MiB
2026/04/15 21:18:49.143, 0 %, 61523 MiB, 81920 MiB
2026/04/15 21:18:49.143, 0 %, 0 MiB, 81920 MiB
2026/04/15 21:18:54.143, 0 %, 61523 MiB, 81920 MiB
2026/04/15 21:18:54.144, 0 %, 0 MiB, 81920 MiB
2026/04/15 21:18:59.144, 0 %, 61523 MiB, 81920 MiB
2026/04/15 21:18:59.145, 0 %, 0 MiB, 81920 MiB
2026/04/15 21:19:04.145, 0 %, 61523 MiB, 81920 MiB
2026/04/15 21:19:04.145, 0 %, 0 MiB, 81920 MiB
2026/04/15 21:19:09.146, 0 %, 61523 MiB, 81920 MiB
2026/04/15 21:19:09.146, 0 %, 0 MiB, 81920 MiB
2026/04/15 21:19:14.146, 0 %, 61523 MiB, 81920 MiB
2026/04/15 21:19:14.147, 0 %, 0 MiB, 81920 MiB
2026/04/15 21:19:19.147, 0 %, 61523 MiB, 81920 MiB
2026/04/15 21:19:19.147, 0 %, 0 MiB, 81920 MiB
2026/04/15 21:19:24.148, 0 %, 61523 MiB, 81920 MiB
2026/04/15 21:19:24.148, 0 %, 0 MiB, 81920 MiB
2026/04/15 21:19:29.149, 0 %, 61523 MiB, 81920 MiB
2026/04/15 21:19:29.150, 0 %, 0 MiB, 81920 MiB
2026/04/15 21:19:34.151, 0 %, 61523 MiB, 81920 MiB
2026/04/15 21:19:34.151, 0 %, 0 MiB, 81920 MiB
2026/04/15 21:19:39.152, 0 %, 61523 MiB, 81920 MiB
2026/04/15 21:19:39.152, 0 %, 0 MiB, 81920 MiB
2026/04/15 21:19:44.152, 0 %, 61523 MiB, 81920 MiB
2026/04/15 21:19:44.153, 0 %, 0 MiB, 81920 MiB
2026/04/15 21:19:49.153, 0 %, 61523 MiB, 81920 MiB
2026/04/15 21:19:49.153, 0 %, 0 MiB, 81920 MiB
2026/04/15 21:19:54.154, 0 %, 61523 MiB, 81920 MiB
2026/04/15 21:19:54.154, 0 %, 0 MiB, 81920 MiB
2026/04/15 21:19:59.155, 0 %, 61523 MiB, 81920 MiB
2026/04/15 21:19:59.155, 0 %, 0 MiB, 81920 MiB
2026/04/15 21:20:04.156, 0 %, 61523 MiB, 81920 MiB
2026/04/15 21:20:04.156, 0 %, 0 MiB, 81920 MiB
2026/04/15 21:20:09.157, 0 %, 61523 MiB, 81920 MiB
2026/04/15 21:20:09.157, 0 %, 0 MiB, 81920 MiB
2026/04/15 21:20:14.158, 0 %, 61523 MiB, 81920 MiB
2026/04/15 21:20:14.158, 0 %, 0 MiB, 81920 MiB
2026/04/15 21:20:19.159, 0 %, 61523 MiB, 81920 MiB
2026/04/15 21:20:19.159, 0 %, 0 MiB, 81920 MiB
2026/04/15 21:20:24.159, 0 %, 61523 MiB, 81920 MiB
2026/04/15 21:20:24.159, 0 %, 0 MiB, 81920 MiB
2026/04/15 21:20:29.160, 0 %, 61523 MiB, 81920 MiB
2026/04/15 21:20:29.160, 0 %, 0 MiB, 81920 MiB
2026/04/15 21:20:34.161, 0 %, 61523 MiB, 81920 MiB
2026/04/15 21:20:34.161, 0 %, 0 MiB, 81920 MiB
2026/04/15 21:20:39.162, 0 %, 61523 MiB, 81920 MiB
2026/04/15 21:20:39.162, 0 %, 0 MiB, 81920 MiB
2026/04/15 21:20:44.163, 0 %, 61523 MiB, 81920 MiB
2026/04/15 21:20:44.163, 0 %, 0 MiB, 81920 MiB
2026/04/15 21:20:49.163, 0 %, 61523 MiB, 81920 MiB
2026/04/15 21:20:49.164, 0 %, 0 MiB, 81920 MiB
2026/04/15 21:20:54.164, 0 %, 61523 MiB, 81920 MiB
2026/04/15 21:20:54.164, 0 %, 0 MiB, 81920 MiB
2026/04/15 21:20:59.165, 0 %, 61523 MiB, 81920 MiB
2026/04/15 21:20:59.165, 0 %, 0 MiB, 81920 MiB
2026/04/15 21:21:04.166, 0 %, 61523 MiB, 81920 MiB
2026/04/15 21:21:04.166, 0 %, 0 MiB, 81920 MiB
2026/04/15 21:21:09.167, 0 %, 61523 MiB, 81920 MiB
2026/04/15 21:21:09.167, 0 %, 0 MiB, 81920 MiB
2026/04/15 21:21:14.167, 0 %, 61523 MiB, 81920 MiB
2026/04/15 21:21:14.168, 0 %, 0 MiB, 81920 MiB
2026/04/15 21:21:19.168, 0 %, 61523 MiB, 81920 MiB
2026/04/15 21:21:19.168, 0 %, 0 MiB, 81920 MiB
2026/04/15 21:21:24.169, 0 %, 61523 MiB, 81920 MiB
2026/04/15 21:21:24.169, 0 %, 0 MiB, 81920 MiB
2026/04/15 21:21:29.170, 0 %, 61523 MiB, 81920 MiB
2026/04/15 21:21:29.170, 0 %, 0 MiB, 81920 MiB
2026/04/15 21:21:34.171, 0 %, 61523 MiB, 81920 MiB
2026/04/15 21:21:34.171, 0 %, 0 MiB, 81920 MiB
2026/04/15 21:21:39.172, 0 %, 61523 MiB, 81920 MiB
2026/04/15 21:21:39.172, 0 %, 0 MiB, 81920 MiB
2026/04/15 21:21:44.173, 0 %, 61523 MiB, 81920 MiB
2026/04/15 21:21:44.173, 0 %, 0 MiB, 81920 MiB
2026/04/15 21:21:49.174, 0 %, 61523 MiB, 81920 MiB
2026/04/15 21:21:49.174, 0 %, 0 MiB, 81920 MiB
2026/04/15 21:21:54.175, 37 %, 61557 MiB, 81920 MiB
2026/04/15 21:21:54.175, 0 %, 0 MiB, 81920 MiB
2026/04/15 21:21:59.176, 0 %, 61557 MiB, 81920 MiB
2026/04/15 21:21:59.176, 0 %, 0 MiB, 81920 MiB
2026/04/15 21:22:04.177, 0 %, 61557 MiB, 81920 MiB
2026/04/15 21:22:04.177, 0 %, 0 MiB, 81920 MiB
2026/04/15 21:22:09.177, 5 %, 61557 MiB, 81920 MiB
2026/04/15 21:22:09.178, 0 %, 0 MiB, 81920 MiB
2026/04/15 21:22:14.178, 19 %, 61593 MiB, 81920 MiB
2026/04/15 21:22:14.178, 0 %, 0 MiB, 81920 MiB
2026/04/15 21:22:19.179, 16 %, 61557 MiB, 81920 MiB
2026/04/15 21:22:19.179, 0 %, 0 MiB, 81920 MiB
2026/04/15 21:22:24.180, 0 %, 61557 MiB, 81920 MiB
2026/04/15 21:22:24.180, 0 %, 0 MiB, 81920 MiB
2026/04/15 21:22:29.181, 0 %, 61557 MiB, 81920 MiB
2026/04/15 21:22:29.181, 0 %, 0 MiB, 81920 MiB
2026/04/15 21:22:34.181, 0 %, 61557 MiB, 81920 MiB
2026/04/15 21:22:34.181, 0 %, 0 MiB, 81920 MiB
2026/04/15 21:22:39.182, 0 %, 61557 MiB, 81920 MiB
2026/04/15 21:22:39.182, 0 %, 0 MiB, 81920 MiB
2026/04/15 21:22:44.183, 0 %, 61557 MiB, 81920 MiB
2026/04/15 21:22:44.183, 0 %, 0 MiB, 81920 MiB
2026/04/15 21:22:49.184, 0 %, 61557 MiB, 81920 MiB
2026/04/15 21:22:49.184, 0 %, 0 MiB, 81920 MiB
2026/04/15 21:22:54.185, 0 %, 61557 MiB, 81920 MiB
2026/04/15 21:22:54.185, 0 %, 0 MiB, 81920 MiB
2026/04/15 21:22:59.185, 0 %, 61557 MiB, 81920 MiB
2026/04/15 21:22:59.185, 0 %, 0 MiB, 81920 MiB
2026/04/15 21:23:04.186, 0 %, 61557 MiB, 81920 MiB
2026/04/15 21:23:04.186, 0 %, 0 MiB, 81920 MiB
2026/04/15 21:23:09.187, 0 %, 61557 MiB, 81920 MiB
2026/04/15 21:23:09.187, 0 %, 0 MiB, 81920 MiB
2026/04/15 21:23:14.188, 0 %, 61557 MiB, 81920 MiB
2026/04/15 21:23:14.188, 0 %, 0 MiB, 81920 MiB
2026/04/15 21:23:19.189, 0 %, 61557 MiB, 81920 MiB
2026/04/15 21:23:19.189, 0 %, 0 MiB, 81920 MiB
2026/04/15 21:23:24.189, 0 %, 61557 MiB, 81920 MiB
2026/04/15 21:23:24.189, 0 %, 0 MiB, 81920 MiB
2026/04/15 21:23:29.190, 0 %, 61557 MiB, 81920 MiB
2026/04/15 21:23:29.190, 0 %, 0 MiB, 81920 MiB
2026/04/15 21:23:34.191, 0 %, 61557 MiB, 81920 MiB
2026/04/15 21:23:34.191, 0 %, 0 MiB, 81920 MiB
2026/04/15 21:23:39.192, 0 %, 61557 MiB, 81920 MiB
2026/04/15 21:23:39.192, 0 %, 0 MiB, 81920 MiB
2026/04/15 21:23:44.193, 0 %, 61557 MiB, 81920 MiB
2026/04/15 21:23:44.193, 0 %, 0 MiB, 81920 MiB
2026/04/15 21:23:49.193, 0 %, 61557 MiB, 81920 MiB
2026/04/15 21:23:49.194, 0 %, 0 MiB, 81920 MiB
2026/04/15 21:23:54.194, 0 %, 61557 MiB, 81920 MiB
2026/04/15 21:23:54.194, 0 %, 0 MiB, 81920 MiB
2026/04/15 21:23:59.195, 0 %, 61557 MiB, 81920 MiB
2026/04/15 21:23:59.195, 0 %, 0 MiB, 81920 MiB
2026/04/15 21:24:04.196, 0 %, 61557 MiB, 81920 MiB
2026/04/15 21:24:04.196, 0 %, 0 MiB, 81920 MiB
2026/04/15 21:24:09.197, 0 %, 61557 MiB, 81920 MiB
2026/04/15 21:24:09.197, 0 %, 0 MiB, 81920 MiB
2026/04/15 21:24:14.198, 0 %, 61557 MiB, 81920 MiB
2026/04/15 21:24:14.198, 0 %, 0 MiB, 81920 MiB
2026/04/15 21:24:19.198, 0 %, 61557 MiB, 81920 MiB
2026/04/15 21:24:19.198, 0 %, 0 MiB, 81920 MiB
2026/04/15 21:24:24.199, 0 %, 61557 MiB, 81920 MiB
2026/04/15 21:24:24.199, 0 %, 0 MiB, 81920 MiB
2026/04/15 21:24:29.200, 0 %, 61557 MiB, 81920 MiB
2026/04/15 21:24:29.200, 0 %, 0 MiB, 81920 MiB
2026/04/15 21:24:34.201, 0 %, 61557 MiB, 81920 MiB
2026/04/15 21:24:34.201, 0 %, 0 MiB, 81920 MiB
2026/04/15 21:24:39.201, 0 %, 61557 MiB, 81920 MiB
2026/04/15 21:24:39.202, 0 %, 0 MiB, 81920 MiB
2026/04/15 21:24:44.202, 0 %, 61557 MiB, 81920 MiB
2026/04/15 21:24:44.202, 0 %, 0 MiB, 81920 MiB
2026/04/15 21:24:49.203, 0 %, 61557 MiB, 81920 MiB
2026/04/15 21:24:49.203, 0 %, 0 MiB, 81920 MiB
2026/04/15 21:24:54.204, 0 %, 61557 MiB, 81920 MiB
2026/04/15 21:24:54.204, 0 %, 0 MiB, 81920 MiB
2026/04/15 21:24:59.205, 0 %, 61557 MiB, 81920 MiB
2026/04/15 21:24:59.205, 0 %, 0 MiB, 81920 MiB
2026/04/15 21:25:04.206, 0 %, 61557 MiB, 81920 MiB
2026/04/15 21:25:04.206, 0 %, 0 MiB, 81920 MiB
2026/04/15 21:25:09.206, 0 %, 61557 MiB, 81920 MiB
2026/04/15 21:25:09.207, 0 %, 0 MiB, 81920 MiB
2026/04/15 21:25:14.207, 0 %, 61557 MiB, 81920 MiB
2026/04/15 21:25:14.207, 0 %, 0 MiB, 81920 MiB
2026/04/15 21:25:19.208, 0 %, 61557 MiB, 81920 MiB
2026/04/15 21:25:19.208, 0 %, 0 MiB, 81920 MiB
2026/04/15 21:25:24.209, 0 %, 61557 MiB, 81920 MiB
2026/04/15 21:25:24.209, 0 %, 0 MiB, 81920 MiB
2026/04/15 21:25:29.209, 0 %, 61557 MiB, 81920 MiB
2026/04/15 21:25:29.210, 0 %, 0 MiB, 81920 MiB
2026/04/15 21:25:34.210, 0 %, 61557 MiB, 81920 MiB
2026/04/15 21:25:34.210, 0 %, 0 MiB, 81920 MiB
2026/04/15 21:25:39.211, 0 %, 61557 MiB, 81920 MiB
2026/04/15 21:25:39.211, 0 %, 0 MiB, 81920 MiB
2026/04/15 21:25:44.212, 0 %, 61557 MiB, 81920 MiB
2026/04/15 21:25:44.212, 0 %, 0 MiB, 81920 MiB
2026/04/15 21:25:49.213, 0 %, 61557 MiB, 81920 MiB
2026/04/15 21:25:49.213, 0 %, 0 MiB, 81920 MiB
2026/04/15 21:25:54.213, 0 %, 61557 MiB, 81920 MiB
2026/04/15 21:25:54.213, 0 %, 0 MiB, 81920 MiB
2026/04/15 21:25:59.214, 0 %, 61557 MiB, 81920 MiB
2026/04/15 21:25:59.214, 0 %, 0 MiB, 81920 MiB
2026/04/15 21:26:04.215, 0 %, 61557 MiB, 81920 MiB
2026/04/15 21:26:04.215, 0 %, 0 MiB, 81920 MiB
2026/04/15 21:26:09.216, 0 %, 61557 MiB, 81920 MiB
2026/04/15 21:26:09.216, 0 %, 0 MiB, 81920 MiB
2026/04/15 21:26:14.216, 0 %, 61557 MiB, 81920 MiB
2026/04/15 21:26:14.216, 0 %, 0 MiB, 81920 MiB
2026/04/15 21:26:19.217, 0 %, 61557 MiB, 81920 MiB
2026/04/15 21:26:19.217, 0 %, 0 MiB, 81920 MiB
2026/04/15 21:26:24.218, 0 %, 61557 MiB, 81920 MiB
2026/04/15 21:26:24.218, 0 %, 0 MiB, 81920 MiB
2026/04/15 21:26:29.219, 0 %, 61557 MiB, 81920 MiB
2026/04/15 21:26:29.219, 0 %, 0 MiB, 81920 MiB
2026/04/15 21:26:34.219, 0 %, 61557 MiB, 81920 MiB
2026/04/15 21:26:34.219, 0 %, 0 MiB, 81920 MiB
2026/04/15 21:26:39.220, 0 %, 61557 MiB, 81920 MiB
2026/04/15 21:26:39.220, 0 %, 0 MiB, 81920 MiB
2026/04/15 21:26:44.221, 0 %, 61557 MiB, 81920 MiB
2026/04/15 21:26:44.221, 0 %, 0 MiB, 81920 MiB
2026/04/15 21:26:49.222, 0 %, 61557 MiB, 81920 MiB
2026/04/15 21:26:49.222, 0 %, 0 MiB, 81920 MiB
2026/04/15 21:26:54.222, 0 %, 61557 MiB, 81920 MiB
2026/04/15 21:26:54.223, 0 %, 0 MiB, 81920 MiB
2026/04/15 21:26:59.223, 0 %, 61557 MiB, 81920 MiB
2026/04/15 21:26:59.223, 0 %, 0 MiB, 81920 MiB
2026/04/15 21:27:04.224, 0 %, 61557 MiB, 81920 MiB
2026/04/15 21:27:04.224, 0 %, 0 MiB, 81920 MiB
2026/04/15 21:27:09.225, 0 %, 61557 MiB, 81920 MiB
2026/04/15 21:27:09.225, 0 %, 0 MiB, 81920 MiB
2026/04/15 21:27:14.226, 0 %, 61557 MiB, 81920 MiB
2026/04/15 21:27:14.226, 0 %, 0 MiB, 81920 MiB
2026/04/15 21:27:19.226, 0 %, 61557 MiB, 81920 MiB
2026/04/15 21:27:19.227, 0 %, 0 MiB, 81920 MiB
2026/04/15 21:27:24.227, 0 %, 61557 MiB, 81920 MiB
2026/04/15 21:27:24.227, 0 %, 0 MiB, 81920 MiB
2026/04/15 21:27:29.228, 0 %, 61557 MiB, 81920 MiB
2026/04/15 21:27:29.228, 0 %, 0 MiB, 81920 MiB
2026/04/15 21:27:34.229, 0 %, 61557 MiB, 81920 MiB
2026/04/15 21:27:34.229, 0 %, 0 MiB, 81920 MiB
2026/04/15 21:27:39.229, 0 %, 61557 MiB, 81920 MiB
2026/04/15 21:27:39.230, 0 %, 0 MiB, 81920 MiB
2026/04/15 21:27:44.231, 0 %, 61557 MiB, 81920 MiB
2026/04/15 21:27:44.231, 0 %, 0 MiB, 81920 MiB
2026/04/15 21:27:49.232, 0 %, 61557 MiB, 81920 MiB
2026/04/15 21:27:49.232, 0 %, 0 MiB, 81920 MiB
2026/04/15 21:27:54.233, 0 %, 61557 MiB, 81920 MiB
2026/04/15 21:27:54.233, 0 %, 0 MiB, 81920 MiB
2026/04/15 21:27:59.234, 0 %, 61557 MiB, 81920 MiB
2026/04/15 21:27:59.234, 0 %, 0 MiB, 81920 MiB
2026/04/15 21:28:04.234, 0 %, 61557 MiB, 81920 MiB
2026/04/15 21:28:04.234, 0 %, 0 MiB, 81920 MiB
2026/04/15 21:28:09.235, 0 %, 61557 MiB, 81920 MiB
2026/04/15 21:28:09.235, 0 %, 0 MiB, 81920 MiB
2026/04/15 21:28:14.236, 0 %, 61557 MiB, 81920 MiB
2026/04/15 21:28:14.236, 0 %, 0 MiB, 81920 MiB
2026/04/15 21:28:19.237, 0 %, 61557 MiB, 81920 MiB
2026/04/15 21:28:19.237, 0 %, 0 MiB, 81920 MiB
2026/04/15 21:28:24.238, 0 %, 61557 MiB, 81920 MiB
2026/04/15 21:28:24.238, 0 %, 0 MiB, 81920 MiB
2026/04/15 21:28:29.239, 0 %, 61557 MiB, 81920 MiB
2026/04/15 21:28:29.239, 0 %, 0 MiB, 81920 MiB
2026/04/15 21:28:34.240, 0 %, 61557 MiB, 81920 MiB
2026/04/15 21:28:34.240, 0 %, 0 MiB, 81920 MiB
2026/04/15 21:28:39.241, 0 %, 61557 MiB, 81920 MiB
2026/04/15 21:28:39.241, 0 %, 0 MiB, 81920 MiB
2026/04/15 21:28:44.242, 0 %, 61557 MiB, 81920 MiB
2026/04/15 21:28:44.242, 0 %, 0 MiB, 81920 MiB
2026/04/15 21:28:49.243, 0 %, 61557 MiB, 81920 MiB
2026/04/15 21:28:49.243, 0 %, 0 MiB, 81920 MiB
2026/04/15 21:28:54.243, 0 %, 61557 MiB, 81920 MiB
2026/04/15 21:28:54.244, 0 %, 0 MiB, 81920 MiB
2026/04/15 21:28:59.244, 0 %, 61557 MiB, 81920 MiB
2026/04/15 21:28:59.245, 0 %, 0 MiB, 81920 MiB
2026/04/15 21:29:04.245, 0 %, 61557 MiB, 81920 MiB
2026/04/15 21:29:04.245, 0 %, 0 MiB, 81920 MiB
2026/04/15 21:29:09.246, 0 %, 61557 MiB, 81920 MiB
2026/04/15 21:29:09.246, 0 %, 0 MiB, 81920 MiB
2026/04/15 21:29:14.247, 0 %, 61557 MiB, 81920 MiB
2026/04/15 21:29:14.247, 0 %, 0 MiB, 81920 MiB
2026/04/15 21:29:19.248, 0 %, 61557 MiB, 81920 MiB
2026/04/15 21:29:19.248, 0 %, 0 MiB, 81920 MiB
2026/04/15 21:29:24.249, 0 %, 61557 MiB, 81920 MiB
2026/04/15 21:29:24.249, 0 %, 0 MiB, 81920 MiB
2026/04/15 21:29:29.250, 0 %, 61557 MiB, 81920 MiB
2026/04/15 21:29:29.250, 0 %, 0 MiB, 81920 MiB
2026/04/15 21:29:34.251, 0 %, 61557 MiB, 81920 MiB
2026/04/15 21:29:34.251, 0 %, 0 MiB, 81920 MiB
2026/04/15 21:29:39.252, 0 %, 61557 MiB, 81920 MiB
2026/04/15 21:29:39.252, 0 %, 0 MiB, 81920 MiB
2026/04/15 21:29:44.253, 0 %, 61557 MiB, 81920 MiB
2026/04/15 21:29:44.253, 0 %, 0 MiB, 81920 MiB
2026/04/15 21:29:49.254, 0 %, 61557 MiB, 81920 MiB
2026/04/15 21:29:49.254, 0 %, 0 MiB, 81920 MiB
2026/04/15 21:29:54.254, 0 %, 61557 MiB, 81920 MiB
2026/04/15 21:29:54.254, 0 %, 0 MiB, 81920 MiB
2026/04/15 21:29:59.255, 0 %, 61557 MiB, 81920 MiB
2026/04/15 21:29:59.255, 0 %, 0 MiB, 81920 MiB
2026/04/15 21:30:04.256, 0 %, 61557 MiB, 81920 MiB
2026/04/15 21:30:04.256, 0 %, 0 MiB, 81920 MiB
2026/04/15 21:30:09.257, 0 %, 61557 MiB, 81920 MiB
2026/04/15 21:30:09.257, 0 %, 0 MiB, 81920 MiB
2026/04/15 21:30:14.258, 0 %, 61557 MiB, 81920 MiB
2026/04/15 21:30:14.258, 0 %, 0 MiB, 81920 MiB
2026/04/15 21:30:19.259, 0 %, 61557 MiB, 81920 MiB
2026/04/15 21:30:19.259, 0 %, 0 MiB, 81920 MiB
2026/04/15 21:30:24.260, 0 %, 61557 MiB, 81920 MiB
2026/04/15 21:30:24.260, 0 %, 0 MiB, 81920 MiB
2026/04/15 21:30:29.261, 0 %, 61557 MiB, 81920 MiB
2026/04/15 21:30:29.261, 0 %, 0 MiB, 81920 MiB
2026/04/15 21:30:34.262, 0 %, 61557 MiB, 81920 MiB
2026/04/15 21:30:34.262, 0 %, 0 MiB, 81920 MiB
2026/04/15 21:30:39.263, 0 %, 61557 MiB, 81920 MiB
2026/04/15 21:30:39.263, 0 %, 0 MiB, 81920 MiB
2026/04/15 21:30:44.264, 0 %, 61557 MiB, 81920 MiB
2026/04/15 21:30:44.264, 0 %, 0 MiB, 81920 MiB
2026/04/15 21:30:49.265, 0 %, 61557 MiB, 81920 MiB
2026/04/15 21:30:49.265, 0 %, 0 MiB, 81920 MiB
2026/04/15 21:30:54.266, 0 %, 61557 MiB, 81920 MiB
2026/04/15 21:30:54.266, 0 %, 0 MiB, 81920 MiB
2026/04/15 21:30:59.266, 0 %, 61557 MiB, 81920 MiB
2026/04/15 21:30:59.267, 0 %, 0 MiB, 81920 MiB
2026/04/15 21:31:04.267, 0 %, 61557 MiB, 81920 MiB
2026/04/15 21:31:04.268, 0 %, 0 MiB, 81920 MiB
2026/04/15 21:31:09.268, 0 %, 61557 MiB, 81920 MiB
2026/04/15 21:31:09.268, 0 %, 0 MiB, 81920 MiB
2026/04/15 21:31:14.269, 0 %, 61557 MiB, 81920 MiB
2026/04/15 21:31:14.269, 0 %, 0 MiB, 81920 MiB
2026/04/15 21:31:19.270, 0 %, 61557 MiB, 81920 MiB
2026/04/15 21:31:19.270, 0 %, 0 MiB, 81920 MiB
2026/04/15 21:31:24.271, 0 %, 61557 MiB, 81920 MiB
2026/04/15 21:31:24.271, 0 %, 0 MiB, 81920 MiB
2026/04/15 21:31:29.272, 0 %, 61557 MiB, 81920 MiB
2026/04/15 21:31:29.272, 0 %, 0 MiB, 81920 MiB
2026/04/15 21:31:34.273, 0 %, 61557 MiB, 81920 MiB
2026/04/15 21:31:34.273, 0 %, 0 MiB, 81920 MiB
2026/04/15 21:31:39.274, 0 %, 61557 MiB, 81920 MiB
2026/04/15 21:31:39.274, 0 %, 0 MiB, 81920 MiB
2026/04/15 21:31:44.275, 0 %, 61557 MiB, 81920 MiB
2026/04/15 21:31:44.275, 0 %, 0 MiB, 81920 MiB
2026/04/15 21:31:49.276, 0 %, 61557 MiB, 81920 MiB
2026/04/15 21:31:49.276, 0 %, 0 MiB, 81920 MiB
2026/04/15 21:31:54.276, 0 %, 61557 MiB, 81920 MiB
2026/04/15 21:31:54.277, 0 %, 0 MiB, 81920 MiB
2026/04/15 21:31:59.277, 0 %, 61557 MiB, 81920 MiB
2026/04/15 21:31:59.277, 0 %, 0 MiB, 81920 MiB
2026/04/15 21:32:04.278, 0 %, 61557 MiB, 81920 MiB
2026/04/15 21:32:04.278, 0 %, 0 MiB, 81920 MiB
2026/04/15 21:32:09.279, 0 %, 61557 MiB, 81920 MiB
2026/04/15 21:32:09.279, 0 %, 0 MiB, 81920 MiB
2026/04/15 21:32:14.280, 0 %, 61557 MiB, 81920 MiB
2026/04/15 21:32:14.280, 0 %, 0 MiB, 81920 MiB
2026/04/15 21:32:19.281, 0 %, 61557 MiB, 81920 MiB
2026/04/15 21:32:19.281, 0 %, 0 MiB, 81920 MiB
2026/04/15 21:32:24.282, 0 %, 61557 MiB, 81920 MiB
2026/04/15 21:32:24.282, 0 %, 0 MiB, 81920 MiB
2026/04/15 21:32:29.283, 0 %, 61557 MiB, 81920 MiB
2026/04/15 21:32:29.283, 0 %, 0 MiB, 81920 MiB
2026/04/15 21:32:34.284, 0 %, 61557 MiB, 81920 MiB
2026/04/15 21:32:34.284, 0 %, 0 MiB, 81920 MiB
2026/04/15 21:32:39.284, 0 %, 61557 MiB, 81920 MiB
2026/04/15 21:32:39.284, 0 %, 0 MiB, 81920 MiB
2026/04/15 21:32:44.285, 0 %, 61557 MiB, 81920 MiB
2026/04/15 21:32:44.285, 0 %, 0 MiB, 81920 MiB
2026/04/15 21:32:49.286, 0 %, 61557 MiB, 81920 MiB
2026/04/15 21:32:49.286, 0 %, 0 MiB, 81920 MiB
2026/04/15 21:32:54.287, 0 %, 61557 MiB, 81920 MiB
2026/04/15 21:32:54.287, 0 %, 0 MiB, 81920 MiB
2026/04/15 21:32:59.288, 0 %, 61557 MiB, 81920 MiB
2026/04/15 21:32:59.288, 0 %, 0 MiB, 81920 MiB
2026/04/15 21:33:04.289, 0 %, 61557 MiB, 81920 MiB
2026/04/15 21:33:04.289, 0 %, 0 MiB, 81920 MiB
2026/04/15 21:33:09.290, 0 %, 61557 MiB, 81920 MiB
2026/04/15 21:33:09.290, 0 %, 0 MiB, 81920 MiB
2026/04/15 21:33:14.291, 0 %, 61557 MiB, 81920 MiB
2026/04/15 21:33:14.291, 0 %, 0 MiB, 81920 MiB
2026/04/15 21:33:19.293, 0 %, 61557 MiB, 81920 MiB
2026/04/15 21:33:19.293, 0 %, 0 MiB, 81920 MiB
2026/04/15 21:33:24.294, 0 %, 61557 MiB, 81920 MiB
2026/04/15 21:33:24.294, 0 %, 0 MiB, 81920 MiB
2026/04/15 21:33:29.294, 0 %, 61557 MiB, 81920 MiB
2026/04/15 21:33:29.295, 0 %, 0 MiB, 81920 MiB
2026/04/15 21:33:34.295, 0 %, 61557 MiB, 81920 MiB
2026/04/15 21:33:34.296, 0 %, 0 MiB, 81920 MiB
2026/04/15 21:33:39.296, 0 %, 61557 MiB, 81920 MiB
2026/04/15 21:33:39.296, 0 %, 0 MiB, 81920 MiB
2026/04/15 21:33:44.297, 0 %, 61557 MiB, 81920 MiB
2026/04/15 21:33:44.297, 0 %, 0 MiB, 81920 MiB
2026/04/15 21:33:49.298, 0 %, 61557 MiB, 81920 MiB
2026/04/15 21:33:49.298, 0 %, 0 MiB, 81920 MiB
2026/04/15 21:33:54.299, 0 %, 61557 MiB, 81920 MiB
2026/04/15 21:33:54.299, 0 %, 0 MiB, 81920 MiB
2026/04/15 21:33:59.300, 0 %, 61557 MiB, 81920 MiB
2026/04/15 21:33:59.300, 0 %, 0 MiB, 81920 MiB
2026/04/15 21:34:04.301, 0 %, 61557 MiB, 81920 MiB
2026/04/15 21:34:04.301, 0 %, 0 MiB, 81920 MiB
2026/04/15 21:34:09.302, 0 %, 61557 MiB, 81920 MiB
2026/04/15 21:34:09.302, 0 %, 0 MiB, 81920 MiB
2026/04/15 21:34:14.302, 0 %, 61557 MiB, 81920 MiB
2026/04/15 21:34:14.303, 0 %, 0 MiB, 81920 MiB
2026/04/15 21:34:19.303, 0 %, 61557 MiB, 81920 MiB
2026/04/15 21:34:19.303, 0 %, 0 MiB, 81920 MiB
2026/04/15 21:34:24.304, 0 %, 61557 MiB, 81920 MiB
2026/04/15 21:34:24.304, 0 %, 0 MiB, 81920 MiB
2026/04/15 21:34:29.305, 0 %, 61557 MiB, 81920 MiB
2026/04/15 21:34:29.305, 0 %, 0 MiB, 81920 MiB
2026/04/15 21:34:34.306, 0 %, 61557 MiB, 81920 MiB
2026/04/15 21:34:34.306, 0 %, 0 MiB, 81920 MiB
2026/04/15 21:34:39.329, 0 %, 61557 MiB, 81920 MiB
2026/04/15 21:34:39.329, 0 %, 0 MiB, 81920 MiB
2026/04/15 21:34:44.330, 0 %, 61557 MiB, 81920 MiB
2026/04/15 21:34:44.330, 0 %, 0 MiB, 81920 MiB
2026/04/15 21:34:49.331, 0 %, 61557 MiB, 81920 MiB
2026/04/15 21:34:49.331, 0 %, 0 MiB, 81920 MiB
2026/04/15 21:34:54.332, 0 %, 61557 MiB, 81920 MiB
2026/04/15 21:34:54.332, 0 %, 0 MiB, 81920 MiB
2026/04/15 21:34:59.333, 0 %, 61557 MiB, 81920 MiB
2026/04/15 21:34:59.333, 0 %, 0 MiB, 81920 MiB
2026/04/15 21:35:04.333, 0 %, 61557 MiB, 81920 MiB
2026/04/15 21:35:04.334, 0 %, 0 MiB, 81920 MiB
2026/04/15 21:35:09.334, 0 %, 61557 MiB, 81920 MiB
2026/04/15 21:35:09.334, 0 %, 0 MiB, 81920 MiB
2026/04/15 21:35:14.335, 0 %, 61557 MiB, 81920 MiB
2026/04/15 21:35:14.335, 0 %, 0 MiB, 81920 MiB
2026/04/15 21:35:19.336, 0 %, 61557 MiB, 81920 MiB
2026/04/15 21:35:19.336, 0 %, 0 MiB, 81920 MiB
2026/04/15 21:35:24.337, 0 %, 61557 MiB, 81920 MiB
2026/04/15 21:35:24.337, 0 %, 0 MiB, 81920 MiB
2026/04/15 21:35:29.338, 0 %, 61557 MiB, 81920 MiB
2026/04/15 21:35:29.338, 0 %, 0 MiB, 81920 MiB
2026/04/15 21:35:34.338, 0 %, 61557 MiB, 81920 MiB
2026/04/15 21:35:34.339, 0 %, 0 MiB, 81920 MiB
2026/04/15 21:35:39.339, 0 %, 61557 MiB, 81920 MiB
2026/04/15 21:35:39.339, 0 %, 0 MiB, 81920 MiB
2026/04/15 21:35:44.340, 0 %, 61557 MiB, 81920 MiB
2026/04/15 21:35:44.340, 0 %, 0 MiB, 81920 MiB
2026/04/15 21:35:49.341, 0 %, 61557 MiB, 81920 MiB
2026/04/15 21:35:49.341, 0 %, 0 MiB, 81920 MiB
2026/04/15 21:35:54.342, 0 %, 61557 MiB, 81920 MiB
2026/04/15 21:35:54.342, 0 %, 0 MiB, 81920 MiB
2026/04/15 21:35:59.343, 0 %, 61557 MiB, 81920 MiB
2026/04/15 21:35:59.343, 0 %, 0 MiB, 81920 MiB
2026/04/15 21:36:04.343, 0 %, 61557 MiB, 81920 MiB
2026/04/15 21:36:04.343, 0 %, 0 MiB, 81920 MiB
2026/04/15 21:36:09.344, 0 %, 61557 MiB, 81920 MiB
2026/04/15 21:36:09.344, 0 %, 0 MiB, 81920 MiB
2026/04/15 21:36:14.345, 0 %, 61557 MiB, 81920 MiB
2026/04/15 21:36:14.345, 0 %, 0 MiB, 81920 MiB
2026/04/15 21:36:19.346, 0 %, 61557 MiB, 81920 MiB
2026/04/15 21:36:19.346, 0 %, 0 MiB, 81920 MiB
2026/04/15 21:36:24.346, 0 %, 61557 MiB, 81920 MiB
2026/04/15 21:36:24.346, 0 %, 0 MiB, 81920 MiB
2026/04/15 21:36:29.347, 0 %, 61593 MiB, 81920 MiB
2026/04/15 21:36:29.347, 0 %, 0 MiB, 81920 MiB
2026/04/15 21:36:34.348, 0 %, 61593 MiB, 81920 MiB
2026/04/15 21:36:34.348, 0 %, 0 MiB, 81920 MiB
2026/04/15 21:36:39.348, 0 %, 61593 MiB, 81920 MiB
2026/04/15 21:36:39.349, 0 %, 0 MiB, 81920 MiB
2026/04/15 21:36:44.349, 5 %, 61593 MiB, 81920 MiB
2026/04/15 21:36:44.349, 0 %, 0 MiB, 81920 MiB
2026/04/15 21:36:49.350, 5 %, 61593 MiB, 81920 MiB
2026/04/15 21:36:49.350, 0 %, 0 MiB, 81920 MiB
2026/04/15 21:36:54.351, 15 %, 61593 MiB, 81920 MiB
2026/04/15 21:36:54.351, 0 %, 0 MiB, 81920 MiB
2026/04/15 21:36:59.352, 0 %, 61593 MiB, 81920 MiB
2026/04/15 21:36:59.352, 0 %, 0 MiB, 81920 MiB
2026/04/15 21:37:04.352, 0 %, 61593 MiB, 81920 MiB
2026/04/15 21:37:04.352, 0 %, 0 MiB, 81920 MiB
2026/04/15 21:37:09.353, 0 %, 61593 MiB, 81920 MiB
2026/04/15 21:37:09.353, 0 %, 0 MiB, 81920 MiB
2026/04/15 21:37:14.354, 0 %, 61593 MiB, 81920 MiB
2026/04/15 21:37:14.354, 0 %, 0 MiB, 81920 MiB
2026/04/15 21:37:19.354, 0 %, 61593 MiB, 81920 MiB
2026/04/15 21:37:19.355, 0 %, 0 MiB, 81920 MiB
2026/04/15 21:37:24.355, 0 %, 61593 MiB, 81920 MiB
2026/04/15 21:37:24.355, 0 %, 0 MiB, 81920 MiB
2026/04/15 21:37:29.356, 0 %, 61593 MiB, 81920 MiB
2026/04/15 21:37:29.356, 0 %, 0 MiB, 81920 MiB
2026/04/15 21:37:34.357, 0 %, 61593 MiB, 81920 MiB
2026/04/15 21:37:34.357, 0 %, 0 MiB, 81920 MiB
2026/04/15 21:37:39.357, 0 %, 61593 MiB, 81920 MiB
2026/04/15 21:37:39.357, 0 %, 0 MiB, 81920 MiB
2026/04/15 21:37:44.358, 0 %, 61593 MiB, 81920 MiB
2026/04/15 21:37:44.358, 0 %, 0 MiB, 81920 MiB
2026/04/15 21:37:49.359, 0 %, 61593 MiB, 81920 MiB
2026/04/15 21:37:49.359, 0 %, 0 MiB, 81920 MiB
2026/04/15 21:37:54.359, 0 %, 61593 MiB, 81920 MiB
2026/04/15 21:37:54.360, 0 %, 0 MiB, 81920 MiB
2026/04/15 21:37:59.360, 0 %, 61593 MiB, 81920 MiB
2026/04/15 21:37:59.360, 0 %, 0 MiB, 81920 MiB
2026/04/15 21:38:04.361, 0 %, 61593 MiB, 81920 MiB
2026/04/15 21:38:04.361, 0 %, 0 MiB, 81920 MiB
2026/04/15 21:38:09.362, 0 %, 61593 MiB, 81920 MiB
2026/04/15 21:38:09.362, 0 %, 0 MiB, 81920 MiB
2026/04/15 21:38:14.362, 0 %, 61593 MiB, 81920 MiB
2026/04/15 21:38:14.363, 0 %, 0 MiB, 81920 MiB
2026/04/15 21:38:19.363, 0 %, 61593 MiB, 81920 MiB
2026/04/15 21:38:19.363, 0 %, 0 MiB, 81920 MiB
2026/04/15 21:38:24.364, 0 %, 61593 MiB, 81920 MiB
2026/04/15 21:38:24.364, 0 %, 0 MiB, 81920 MiB
2026/04/15 21:38:29.365, 0 %, 61593 MiB, 81920 MiB
2026/04/15 21:38:29.365, 0 %, 0 MiB, 81920 MiB
2026/04/15 21:38:34.365, 0 %, 61593 MiB, 81920 MiB
2026/04/15 21:38:34.365, 0 %, 0 MiB, 81920 MiB
2026/04/15 21:38:39.366, 0 %, 61593 MiB, 81920 MiB
2026/04/15 21:38:39.366, 0 %, 0 MiB, 81920 MiB
2026/04/15 21:38:44.367, 0 %, 61593 MiB, 81920 MiB
2026/04/15 21:38:44.367, 0 %, 0 MiB, 81920 MiB
2026/04/15 21:38:49.367, 0 %, 61593 MiB, 81920 MiB
2026/04/15 21:38:49.367, 0 %, 0 MiB, 81920 MiB
2026/04/15 21:38:54.368, 0 %, 61593 MiB, 81920 MiB
2026/04/15 21:38:54.368, 0 %, 0 MiB, 81920 MiB
2026/04/15 21:38:59.369, 0 %, 61593 MiB, 81920 MiB
2026/04/15 21:38:59.369, 0 %, 0 MiB, 81920 MiB
2026/04/15 21:39:04.369, 0 %, 61593 MiB, 81920 MiB
2026/04/15 21:39:04.369, 0 %, 0 MiB, 81920 MiB
2026/04/15 21:39:09.370, 0 %, 61593 MiB, 81920 MiB
2026/04/15 21:39:09.370, 0 %, 0 MiB, 81920 MiB
2026/04/15 21:39:14.371, 0 %, 61593 MiB, 81920 MiB
2026/04/15 21:39:14.371, 0 %, 0 MiB, 81920 MiB
2026/04/15 21:39:19.371, 0 %, 61593 MiB, 81920 MiB
2026/04/15 21:39:19.372, 0 %, 0 MiB, 81920 MiB
2026/04/15 21:39:24.372, 0 %, 61593 MiB, 81920 MiB
2026/04/15 21:39:24.372, 0 %, 0 MiB, 81920 MiB
2026/04/15 21:39:29.373, 0 %, 61593 MiB, 81920 MiB
2026/04/15 21:39:29.373, 0 %, 0 MiB, 81920 MiB
2026/04/15 21:39:34.374, 0 %, 61593 MiB, 81920 MiB
2026/04/15 21:39:34.374, 0 %, 0 MiB, 81920 MiB
2026/04/15 21:39:39.374, 0 %, 61593 MiB, 81920 MiB
2026/04/15 21:39:39.374, 0 %, 0 MiB, 81920 MiB
2026/04/15 21:39:44.375, 0 %, 61593 MiB, 81920 MiB
2026/04/15 21:39:44.375, 0 %, 0 MiB, 81920 MiB
2026/04/15 21:39:49.376, 0 %, 61593 MiB, 81920 MiB
2026/04/15 21:39:49.376, 0 %, 0 MiB, 81920 MiB
2026/04/15 21:39:54.376, 0 %, 61593 MiB, 81920 MiB
2026/04/15 21:39:54.376, 0 %, 0 MiB, 81920 MiB
2026/04/15 21:39:59.377, 0 %, 61593 MiB, 81920 MiB
2026/04/15 21:39:59.377, 0 %, 0 MiB, 81920 MiB
2026/04/15 21:40:04.378, 0 %, 61593 MiB, 81920 MiB
2026/04/15 21:40:04.378, 0 %, 0 MiB, 81920 MiB
2026/04/15 21:40:09.378, 0 %, 61593 MiB, 81920 MiB
2026/04/15 21:40:09.378, 0 %, 0 MiB, 81920 MiB
2026/04/15 21:40:14.379, 0 %, 61593 MiB, 81920 MiB
2026/04/15 21:40:14.379, 0 %, 0 MiB, 81920 MiB
2026/04/15 21:40:19.380, 0 %, 61593 MiB, 81920 MiB
2026/04/15 21:40:19.380, 0 %, 0 MiB, 81920 MiB
2026/04/15 21:40:24.380, 0 %, 61593 MiB, 81920 MiB
2026/04/15 21:40:24.380, 0 %, 0 MiB, 81920 MiB
2026/04/15 21:40:29.381, 0 %, 61593 MiB, 81920 MiB
2026/04/15 21:40:29.381, 0 %, 0 MiB, 81920 MiB
2026/04/15 21:40:34.382, 0 %, 61593 MiB, 81920 MiB
2026/04/15 21:40:34.382, 0 %, 0 MiB, 81920 MiB
2026/04/15 21:40:39.382, 0 %, 61593 MiB, 81920 MiB
2026/04/15 21:40:39.383, 0 %, 0 MiB, 81920 MiB
2026/04/15 21:40:44.383, 0 %, 61593 MiB, 81920 MiB
2026/04/15 21:40:44.383, 0 %, 0 MiB, 81920 MiB
2026/04/15 21:40:49.384, 0 %, 61593 MiB, 81920 MiB
2026/04/15 21:40:49.384, 0 %, 0 MiB, 81920 MiB
2026/04/15 21:40:54.384, 0 %, 61593 MiB, 81920 MiB
2026/04/15 21:40:54.385, 0 %, 0 MiB, 81920 MiB
2026/04/15 21:40:59.385, 0 %, 61593 MiB, 81920 MiB
2026/04/15 21:40:59.385, 0 %, 0 MiB, 81920 MiB
2026/04/15 21:41:04.386, 0 %, 61593 MiB, 81920 MiB
2026/04/15 21:41:04.386, 0 %, 0 MiB, 81920 MiB
2026/04/15 21:41:09.386, 0 %, 61593 MiB, 81920 MiB
2026/04/15 21:41:09.387, 0 %, 0 MiB, 81920 MiB
2026/04/15 21:41:14.387, 0 %, 61593 MiB, 81920 MiB
2026/04/15 21:41:14.387, 0 %, 0 MiB, 81920 MiB
2026/04/15 21:41:19.388, 0 %, 61593 MiB, 81920 MiB
2026/04/15 21:41:19.388, 0 %, 0 MiB, 81920 MiB
2026/04/15 21:41:24.388, 0 %, 61593 MiB, 81920 MiB
2026/04/15 21:41:24.389, 0 %, 0 MiB, 81920 MiB
2026/04/15 21:41:29.389, 0 %, 61593 MiB, 81920 MiB
2026/04/15 21:41:29.389, 0 %, 0 MiB, 81920 MiB
2026/04/15 21:41:34.390, 0 %, 61593 MiB, 81920 MiB
2026/04/15 21:41:34.390, 0 %, 0 MiB, 81920 MiB
2026/04/15 21:41:39.391, 0 %, 61593 MiB, 81920 MiB
2026/04/15 21:41:39.391, 0 %, 0 MiB, 81920 MiB
2026/04/15 21:41:44.391, 0 %, 61593 MiB, 81920 MiB
2026/04/15 21:41:44.391, 0 %, 0 MiB, 81920 MiB
2026/04/15 21:41:49.392, 0 %, 61593 MiB, 81920 MiB
2026/04/15 21:41:49.392, 0 %, 0 MiB, 81920 MiB
2026/04/15 21:41:54.393, 0 %, 61593 MiB, 81920 MiB
2026/04/15 21:41:54.393, 0 %, 0 MiB, 81920 MiB
2026/04/15 21:41:59.393, 0 %, 61593 MiB, 81920 MiB
2026/04/15 21:41:59.394, 0 %, 0 MiB, 81920 MiB
2026/04/15 21:42:04.394, 0 %, 61593 MiB, 81920 MiB
2026/04/15 21:42:04.394, 0 %, 0 MiB, 81920 MiB
2026/04/15 21:42:09.395, 0 %, 61593 MiB, 81920 MiB
2026/04/15 21:42:09.395, 0 %, 0 MiB, 81920 MiB
2026/04/15 21:42:14.396, 0 %, 61593 MiB, 81920 MiB
2026/04/15 21:42:14.396, 0 %, 0 MiB, 81920 MiB
2026/04/15 21:42:19.396, 0 %, 61593 MiB, 81920 MiB
2026/04/15 21:42:19.396, 0 %, 0 MiB, 81920 MiB
2026/04/15 21:42:24.397, 0 %, 61593 MiB, 81920 MiB
2026/04/15 21:42:24.397, 0 %, 0 MiB, 81920 MiB
2026/04/15 21:42:29.398, 0 %, 61593 MiB, 81920 MiB
2026/04/15 21:42:29.398, 0 %, 0 MiB, 81920 MiB
2026/04/15 21:42:34.398, 0 %, 61593 MiB, 81920 MiB
2026/04/15 21:42:34.399, 0 %, 0 MiB, 81920 MiB
2026/04/15 21:42:39.399, 0 %, 61593 MiB, 81920 MiB
2026/04/15 21:42:39.399, 0 %, 0 MiB, 81920 MiB
2026/04/15 21:42:44.400, 0 %, 61593 MiB, 81920 MiB
2026/04/15 21:42:44.400, 0 %, 0 MiB, 81920 MiB
2026/04/15 21:42:49.401, 0 %, 61593 MiB, 81920 MiB
2026/04/15 21:42:49.401, 0 %, 0 MiB, 81920 MiB
2026/04/15 21:42:54.401, 0 %, 61593 MiB, 81920 MiB
2026/04/15 21:42:54.401, 0 %, 0 MiB, 81920 MiB
2026/04/15 21:42:59.402, 0 %, 61593 MiB, 81920 MiB
2026/04/15 21:42:59.402, 0 %, 0 MiB, 81920 MiB
2026/04/15 21:43:04.403, 0 %, 61593 MiB, 81920 MiB
2026/04/15 21:43:04.403, 0 %, 0 MiB, 81920 MiB
2026/04/15 21:43:09.403, 0 %, 61593 MiB, 81920 MiB
2026/04/15 21:43:09.404, 0 %, 0 MiB, 81920 MiB
2026/04/15 21:43:14.404, 0 %, 61593 MiB, 81920 MiB
2026/04/15 21:43:14.404, 0 %, 0 MiB, 81920 MiB
2026/04/15 21:43:19.405, 0 %, 61593 MiB, 81920 MiB
2026/04/15 21:43:19.405, 0 %, 0 MiB, 81920 MiB
2026/04/15 21:43:24.406, 0 %, 61593 MiB, 81920 MiB
2026/04/15 21:43:24.406, 0 %, 0 MiB, 81920 MiB
2026/04/15 21:43:29.406, 0 %, 61593 MiB, 81920 MiB
2026/04/15 21:43:29.406, 0 %, 0 MiB, 81920 MiB
2026/04/15 21:43:34.407, 0 %, 61593 MiB, 81920 MiB
2026/04/15 21:43:34.407, 0 %, 0 MiB, 81920 MiB
2026/04/15 21:43:39.408, 0 %, 61593 MiB, 81920 MiB
2026/04/15 21:43:39.408, 0 %, 0 MiB, 81920 MiB
2026/04/15 21:43:44.408, 0 %, 61593 MiB, 81920 MiB
2026/04/15 21:43:44.408, 0 %, 0 MiB, 81920 MiB
2026/04/15 21:43:49.409, 0 %, 61593 MiB, 81920 MiB
2026/04/15 21:43:49.409, 0 %, 0 MiB, 81920 MiB
2026/04/15 21:43:54.410, 0 %, 61593 MiB, 81920 MiB
2026/04/15 21:43:54.410, 0 %, 0 MiB, 81920 MiB
2026/04/15 21:43:59.410, 0 %, 61593 MiB, 81920 MiB
2026/04/15 21:43:59.411, 0 %, 0 MiB, 81920 MiB
2026/04/15 21:44:04.411, 0 %, 61593 MiB, 81920 MiB
2026/04/15 21:44:04.411, 0 %, 0 MiB, 81920 MiB
2026/04/15 21:44:09.412, 0 %, 61593 MiB, 81920 MiB
2026/04/15 21:44:09.412, 0 %, 0 MiB, 81920 MiB
2026/04/15 21:44:14.413, 0 %, 61593 MiB, 81920 MiB
2026/04/15 21:44:14.413, 0 %, 0 MiB, 81920 MiB
2026/04/15 21:44:19.413, 0 %, 61593 MiB, 81920 MiB
2026/04/15 21:44:19.413, 0 %, 0 MiB, 81920 MiB
2026/04/15 21:44:24.414, 0 %, 61593 MiB, 81920 MiB
2026/04/15 21:44:24.414, 0 %, 0 MiB, 81920 MiB
2026/04/15 21:44:29.415, 0 %, 61593 MiB, 81920 MiB
2026/04/15 21:44:29.415, 0 %, 0 MiB, 81920 MiB
2026/04/15 21:44:34.415, 0 %, 61593 MiB, 81920 MiB
2026/04/15 21:44:34.415, 0 %, 0 MiB, 81920 MiB
2026/04/15 21:44:39.416, 0 %, 61593 MiB, 81920 MiB
2026/04/15 21:44:39.416, 0 %, 0 MiB, 81920 MiB
2026/04/15 21:44:44.417, 0 %, 61593 MiB, 81920 MiB
2026/04/15 21:44:44.417, 0 %, 0 MiB, 81920 MiB
2026/04/15 21:44:49.417, 0 %, 61593 MiB, 81920 MiB
2026/04/15 21:44:49.417, 0 %, 0 MiB, 81920 MiB
2026/04/15 21:44:54.418, 0 %, 61593 MiB, 81920 MiB
2026/04/15 21:44:54.418, 0 %, 0 MiB, 81920 MiB
2026/04/15 21:44:59.419, 0 %, 61593 MiB, 81920 MiB
2026/04/15 21:44:59.419, 0 %, 0 MiB, 81920 MiB
2026/04/15 21:45:04.419, 0 %, 61593 MiB, 81920 MiB
2026/04/15 21:45:04.419, 0 %, 0 MiB, 81920 MiB
2026/04/15 21:45:09.420, 0 %, 61593 MiB, 81920 MiB
2026/04/15 21:45:09.420, 0 %, 0 MiB, 81920 MiB
2026/04/15 21:45:14.421, 0 %, 61593 MiB, 81920 MiB
2026/04/15 21:45:14.421, 0 %, 0 MiB, 81920 MiB
2026/04/15 21:45:19.421, 0 %, 61593 MiB, 81920 MiB
2026/04/15 21:45:19.421, 0 %, 0 MiB, 81920 MiB
2026/04/15 21:45:24.422, 0 %, 61593 MiB, 81920 MiB
2026/04/15 21:45:24.422, 0 %, 0 MiB, 81920 MiB
2026/04/15 21:45:29.423, 0 %, 61593 MiB, 81920 MiB
2026/04/15 21:45:29.423, 0 %, 0 MiB, 81920 MiB
2026/04/15 21:45:34.423, 0 %, 61593 MiB, 81920 MiB
2026/04/15 21:45:34.424, 0 %, 0 MiB, 81920 MiB
2026/04/15 21:45:39.424, 0 %, 61593 MiB, 81920 MiB
2026/04/15 21:45:39.424, 0 %, 0 MiB, 81920 MiB
2026/04/15 21:45:44.425, 0 %, 61593 MiB, 81920 MiB
2026/04/15 21:45:44.425, 0 %, 0 MiB, 81920 MiB
2026/04/15 21:45:49.425, 0 %, 61593 MiB, 81920 MiB
2026/04/15 21:45:49.425, 0 %, 0 MiB, 81920 MiB
2026/04/15 21:45:54.426, 0 %, 61593 MiB, 81920 MiB
2026/04/15 21:45:54.426, 0 %, 0 MiB, 81920 MiB
2026/04/15 21:45:59.427, 0 %, 61593 MiB, 81920 MiB
2026/04/15 21:45:59.427, 0 %, 0 MiB, 81920 MiB
2026/04/15 21:46:04.427, 0 %, 61593 MiB, 81920 MiB
2026/04/15 21:46:04.428, 0 %, 0 MiB, 81920 MiB
2026/04/15 21:46:09.428, 0 %, 61593 MiB, 81920 MiB
2026/04/15 21:46:09.428, 0 %, 0 MiB, 81920 MiB
2026/04/15 21:46:14.429, 0 %, 61593 MiB, 81920 MiB
2026/04/15 21:46:14.429, 0 %, 0 MiB, 81920 MiB
2026/04/15 21:46:19.430, 0 %, 61593 MiB, 81920 MiB
2026/04/15 21:46:19.430, 0 %, 0 MiB, 81920 MiB
2026/04/15 21:46:24.430, 0 %, 61593 MiB, 81920 MiB
2026/04/15 21:46:24.430, 0 %, 0 MiB, 81920 MiB
2026/04/15 21:46:29.431, 0 %, 61593 MiB, 81920 MiB
2026/04/15 21:46:29.431, 0 %, 0 MiB, 81920 MiB
2026/04/15 21:46:34.432, 0 %, 61593 MiB, 81920 MiB
2026/04/15 21:46:34.432, 0 %, 0 MiB, 81920 MiB
2026/04/15 21:46:39.433, 0 %, 61593 MiB, 81920 MiB
2026/04/15 21:46:39.433, 0 %, 0 MiB, 81920 MiB
2026/04/15 21:46:44.433, 0 %, 61593 MiB, 81920 MiB
2026/04/15 21:46:44.433, 0 %, 0 MiB, 81920 MiB
2026/04/15 21:46:49.434, 0 %, 61593 MiB, 81920 MiB
2026/04/15 21:46:49.434, 0 %, 0 MiB, 81920 MiB
2026/04/15 21:46:54.435, 0 %, 61593 MiB, 81920 MiB
2026/04/15 21:46:54.435, 0 %, 0 MiB, 81920 MiB
2026/04/15 21:46:59.436, 0 %, 61593 MiB, 81920 MiB
2026/04/15 21:46:59.436, 0 %, 0 MiB, 81920 MiB
2026/04/15 21:47:04.436, 0 %, 61593 MiB, 81920 MiB
2026/04/15 21:47:04.436, 0 %, 0 MiB, 81920 MiB
2026/04/15 21:47:09.437, 0 %, 61593 MiB, 81920 MiB
2026/04/15 21:47:09.437, 0 %, 0 MiB, 81920 MiB
2026/04/15 21:47:14.438, 0 %, 61593 MiB, 81920 MiB
2026/04/15 21:47:14.438, 0 %, 0 MiB, 81920 MiB
2026/04/15 21:47:19.439, 0 %, 61593 MiB, 81920 MiB
2026/04/15 21:47:19.439, 0 %, 0 MiB, 81920 MiB
2026/04/15 21:47:24.440, 0 %, 61593 MiB, 81920 MiB
2026/04/15 21:47:24.440, 0 %, 0 MiB, 81920 MiB
2026/04/15 21:47:29.440, 0 %, 61593 MiB, 81920 MiB
2026/04/15 21:47:29.441, 0 %, 0 MiB, 81920 MiB
2026/04/15 21:47:34.441, 0 %, 61593 MiB, 81920 MiB
2026/04/15 21:47:34.441, 0 %, 0 MiB, 81920 MiB
2026/04/15 21:47:39.442, 0 %, 61593 MiB, 81920 MiB
2026/04/15 21:47:39.442, 0 %, 0 MiB, 81920 MiB
2026/04/15 21:47:44.443, 0 %, 61593 MiB, 81920 MiB
2026/04/15 21:47:44.443, 0 %, 0 MiB, 81920 MiB
2026/04/15 21:47:49.444, 0 %, 61593 MiB, 81920 MiB
2026/04/15 21:47:49.444, 0 %, 0 MiB, 81920 MiB
2026/04/15 21:47:54.444, 0 %, 61593 MiB, 81920 MiB
2026/04/15 21:47:54.445, 0 %, 0 MiB, 81920 MiB
2026/04/15 21:47:59.446, 0 %, 61593 MiB, 81920 MiB
2026/04/15 21:47:59.446, 0 %, 0 MiB, 81920 MiB
2026/04/15 21:48:04.447, 0 %, 61593 MiB, 81920 MiB
2026/04/15 21:48:04.447, 0 %, 0 MiB, 81920 MiB
2026/04/15 21:48:09.447, 0 %, 61593 MiB, 81920 MiB
2026/04/15 21:48:09.448, 0 %, 0 MiB, 81920 MiB
2026/04/15 21:48:14.448, 0 %, 61593 MiB, 81920 MiB
2026/04/15 21:48:14.449, 0 %, 0 MiB, 81920 MiB
2026/04/15 21:48:19.449, 0 %, 61593 MiB, 81920 MiB
2026/04/15 21:48:19.449, 0 %, 0 MiB, 81920 MiB
2026/04/15 21:48:24.450, 0 %, 61593 MiB, 81920 MiB
2026/04/15 21:48:24.450, 0 %, 0 MiB, 81920 MiB
2026/04/15 21:48:29.451, 0 %, 61593 MiB, 81920 MiB
2026/04/15 21:48:29.451, 0 %, 0 MiB, 81920 MiB
2026/04/15 21:48:34.451, 0 %, 61593 MiB, 81920 MiB
2026/04/15 21:48:34.452, 0 %, 0 MiB, 81920 MiB
2026/04/15 21:48:39.452, 0 %, 61593 MiB, 81920 MiB
2026/04/15 21:48:39.453, 0 %, 0 MiB, 81920 MiB
2026/04/15 21:48:44.453, 0 %, 61593 MiB, 81920 MiB
2026/04/15 21:48:44.453, 0 %, 0 MiB, 81920 MiB
2026/04/15 21:48:49.454, 0 %, 61593 MiB, 81920 MiB
2026/04/15 21:48:49.454, 0 %, 0 MiB, 81920 MiB
2026/04/15 21:48:54.455, 0 %, 61593 MiB, 81920 MiB
2026/04/15 21:48:54.455, 0 %, 0 MiB, 81920 MiB
2026/04/15 21:48:59.456, 0 %, 61593 MiB, 81920 MiB
2026/04/15 21:48:59.456, 0 %, 0 MiB, 81920 MiB
2026/04/15 21:49:04.457, 0 %, 61593 MiB, 81920 MiB
2026/04/15 21:49:04.457, 0 %, 0 MiB, 81920 MiB
2026/04/15 21:49:09.458, 0 %, 61593 MiB, 81920 MiB
2026/04/15 21:49:09.458, 0 %, 0 MiB, 81920 MiB
2026/04/15 21:49:14.458, 0 %, 61593 MiB, 81920 MiB
2026/04/15 21:49:14.459, 0 %, 0 MiB, 81920 MiB
2026/04/15 21:49:19.459, 0 %, 61593 MiB, 81920 MiB
2026/04/15 21:49:19.459, 0 %, 0 MiB, 81920 MiB
2026/04/15 21:49:24.460, 0 %, 61593 MiB, 81920 MiB
2026/04/15 21:49:24.460, 0 %, 0 MiB, 81920 MiB
2026/04/15 21:49:29.461, 0 %, 61593 MiB, 81920 MiB
2026/04/15 21:49:29.461, 0 %, 0 MiB, 81920 MiB
2026/04/15 21:49:34.462, 0 %, 61593 MiB, 81920 MiB
2026/04/15 21:49:34.462, 0 %, 0 MiB, 81920 MiB
2026/04/15 21:49:39.463, 0 %, 61593 MiB, 81920 MiB
2026/04/15 21:49:39.463, 0 %, 0 MiB, 81920 MiB
2026/04/15 21:49:44.464, 0 %, 61593 MiB, 81920 MiB
2026/04/15 21:49:44.464, 0 %, 0 MiB, 81920 MiB
2026/04/15 21:49:49.465, 0 %, 61593 MiB, 81920 MiB
2026/04/15 21:49:49.465, 0 %, 0 MiB, 81920 MiB
2026/04/15 21:49:54.466, 0 %, 61593 MiB, 81920 MiB
2026/04/15 21:49:54.466, 0 %, 0 MiB, 81920 MiB
2026/04/15 21:49:59.466, 0 %, 61593 MiB, 81920 MiB
2026/04/15 21:49:59.466, 0 %, 0 MiB, 81920 MiB
2026/04/15 21:50:04.467, 0 %, 61593 MiB, 81920 MiB
2026/04/15 21:50:04.467, 0 %, 0 MiB, 81920 MiB
2026/04/15 21:50:09.468, 0 %, 61593 MiB, 81920 MiB
2026/04/15 21:50:09.468, 0 %, 0 MiB, 81920 MiB
2026/04/15 21:50:14.469, 0 %, 61593 MiB, 81920 MiB
2026/04/15 21:50:14.469, 0 %, 0 MiB, 81920 MiB
2026/04/15 21:50:19.470, 0 %, 61593 MiB, 81920 MiB
2026/04/15 21:50:19.470, 0 %, 0 MiB, 81920 MiB
2026/04/15 21:50:24.471, 0 %, 61593 MiB, 81920 MiB
2026/04/15 21:50:24.471, 0 %, 0 MiB, 81920 MiB
2026/04/15 21:50:29.472, 0 %, 61593 MiB, 81920 MiB
2026/04/15 21:50:29.472, 0 %, 0 MiB, 81920 MiB
2026/04/15 21:50:34.473, 0 %, 61593 MiB, 81920 MiB
2026/04/15 21:50:34.473, 0 %, 0 MiB, 81920 MiB
2026/04/15 21:50:39.473, 0 %, 61593 MiB, 81920 MiB
2026/04/15 21:50:39.474, 0 %, 0 MiB, 81920 MiB
2026/04/15 21:50:44.474, 0 %, 61593 MiB, 81920 MiB
2026/04/15 21:50:44.475, 0 %, 0 MiB, 81920 MiB
2026/04/15 21:50:49.475, 0 %, 61593 MiB, 81920 MiB
2026/04/15 21:50:49.475, 0 %, 0 MiB, 81920 MiB
2026/04/15 21:50:54.476, 0 %, 61593 MiB, 81920 MiB
2026/04/15 21:50:54.476, 0 %, 0 MiB, 81920 MiB
2026/04/15 21:50:59.477, 0 %, 61593 MiB, 81920 MiB
2026/04/15 21:50:59.477, 0 %, 0 MiB, 81920 MiB
2026/04/15 21:51:04.478, 0 %, 61593 MiB, 81920 MiB
2026/04/15 21:51:04.478, 0 %, 0 MiB, 81920 MiB
2026/04/15 21:51:09.479, 0 %, 61593 MiB, 81920 MiB
2026/04/15 21:51:09.479, 0 %, 0 MiB, 81920 MiB
2026/04/15 21:51:14.480, 0 %, 61627 MiB, 81920 MiB
2026/04/15 21:51:14.480, 0 %, 0 MiB, 81920 MiB
2026/04/15 21:51:19.481, 0 %, 61627 MiB, 81920 MiB
2026/04/15 21:51:19.481, 0 %, 0 MiB, 81920 MiB
2026/04/15 21:51:24.481, 0 %, 61661 MiB, 81920 MiB
2026/04/15 21:51:24.481, 0 %, 0 MiB, 81920 MiB
2026/04/15 21:51:29.482, 0 %, 61627 MiB, 81920 MiB
2026/04/15 21:51:29.482, 0 %, 0 MiB, 81920 MiB
2026/04/15 21:51:34.483, 0 %, 61627 MiB, 81920 MiB
2026/04/15 21:51:34.483, 0 %, 0 MiB, 81920 MiB
2026/04/15 21:51:39.484, 0 %, 61627 MiB, 81920 MiB
2026/04/15 21:51:39.484, 0 %, 0 MiB, 81920 MiB
2026/04/15 21:51:44.485, 0 %, 61627 MiB, 81920 MiB
2026/04/15 21:51:44.485, 0 %, 0 MiB, 81920 MiB
2026/04/15 21:51:49.486, 0 %, 61627 MiB, 81920 MiB
2026/04/15 21:51:49.486, 0 %, 0 MiB, 81920 MiB
2026/04/15 21:51:54.486, 0 %, 61627 MiB, 81920 MiB
2026/04/15 21:51:54.486, 0 %, 0 MiB, 81920 MiB
2026/04/15 21:51:59.487, 0 %, 61627 MiB, 81920 MiB
2026/04/15 21:51:59.487, 0 %, 0 MiB, 81920 MiB
2026/04/15 21:52:04.488, 0 %, 61627 MiB, 81920 MiB
2026/04/15 21:52:04.488, 0 %, 0 MiB, 81920 MiB
2026/04/15 21:52:09.489, 0 %, 61627 MiB, 81920 MiB
2026/04/15 21:52:09.489, 0 %, 0 MiB, 81920 MiB
2026/04/15 21:52:14.490, 0 %, 61627 MiB, 81920 MiB
2026/04/15 21:52:14.490, 0 %, 0 MiB, 81920 MiB
2026/04/15 21:52:19.490, 0 %, 61627 MiB, 81920 MiB
2026/04/15 21:52:19.490, 0 %, 0 MiB, 81920 MiB
2026/04/15 21:52:24.491, 0 %, 61627 MiB, 81920 MiB
2026/04/15 21:52:24.491, 0 %, 0 MiB, 81920 MiB
2026/04/15 21:52:29.492, 0 %, 61627 MiB, 81920 MiB
2026/04/15 21:52:29.492, 0 %, 0 MiB, 81920 MiB
2026/04/15 21:52:34.493, 0 %, 61627 MiB, 81920 MiB
2026/04/15 21:52:34.493, 0 %, 0 MiB, 81920 MiB
2026/04/15 21:52:39.494, 0 %, 61627 MiB, 81920 MiB
2026/04/15 21:52:39.494, 0 %, 0 MiB, 81920 MiB
2026/04/15 21:52:44.494, 0 %, 61627 MiB, 81920 MiB
2026/04/15 21:52:44.494, 0 %, 0 MiB, 81920 MiB
2026/04/15 21:52:49.495, 0 %, 61627 MiB, 81920 MiB
2026/04/15 21:52:49.495, 0 %, 0 MiB, 81920 MiB
2026/04/15 21:52:54.496, 0 %, 61627 MiB, 81920 MiB
2026/04/15 21:52:54.496, 0 %, 0 MiB, 81920 MiB
2026/04/15 21:52:59.497, 0 %, 61627 MiB, 81920 MiB
2026/04/15 21:52:59.497, 0 %, 0 MiB, 81920 MiB
2026/04/15 21:53:04.497, 0 %, 61627 MiB, 81920 MiB
2026/04/15 21:53:04.498, 0 %, 0 MiB, 81920 MiB
2026/04/15 21:53:09.498, 0 %, 61627 MiB, 81920 MiB
2026/04/15 21:53:09.498, 0 %, 0 MiB, 81920 MiB
2026/04/15 21:53:14.499, 0 %, 61627 MiB, 81920 MiB
2026/04/15 21:53:14.499, 0 %, 0 MiB, 81920 MiB
2026/04/15 21:53:19.500, 0 %, 61627 MiB, 81920 MiB
2026/04/15 21:53:19.500, 0 %, 0 MiB, 81920 MiB
2026/04/15 21:53:24.501, 0 %, 61627 MiB, 81920 MiB
2026/04/15 21:53:24.501, 0 %, 0 MiB, 81920 MiB
2026/04/15 21:53:29.501, 0 %, 61627 MiB, 81920 MiB
2026/04/15 21:53:29.501, 0 %, 0 MiB, 81920 MiB
2026/04/15 21:53:34.502, 0 %, 61627 MiB, 81920 MiB
2026/04/15 21:53:34.502, 0 %, 0 MiB, 81920 MiB
2026/04/15 21:53:39.503, 0 %, 61627 MiB, 81920 MiB
2026/04/15 21:53:39.503, 0 %, 0 MiB, 81920 MiB
2026/04/15 21:53:44.504, 0 %, 61627 MiB, 81920 MiB
2026/04/15 21:53:44.504, 0 %, 0 MiB, 81920 MiB
2026/04/15 21:53:49.504, 0 %, 61627 MiB, 81920 MiB
2026/04/15 21:53:49.505, 0 %, 0 MiB, 81920 MiB
2026/04/15 21:53:54.505, 0 %, 61627 MiB, 81920 MiB
2026/04/15 21:53:54.505, 0 %, 0 MiB, 81920 MiB
2026/04/15 21:53:59.506, 0 %, 61627 MiB, 81920 MiB
2026/04/15 21:53:59.506, 0 %, 0 MiB, 81920 MiB
2026/04/15 21:54:04.507, 0 %, 61627 MiB, 81920 MiB
2026/04/15 21:54:04.507, 0 %, 0 MiB, 81920 MiB
2026/04/15 21:54:09.507, 0 %, 61627 MiB, 81920 MiB
2026/04/15 21:54:09.508, 0 %, 0 MiB, 81920 MiB
2026/04/15 21:54:14.508, 0 %, 61627 MiB, 81920 MiB
2026/04/15 21:54:14.508, 0 %, 0 MiB, 81920 MiB
2026/04/15 21:54:19.509, 0 %, 61627 MiB, 81920 MiB
2026/04/15 21:54:19.509, 0 %, 0 MiB, 81920 MiB
2026/04/15 21:54:24.510, 0 %, 61627 MiB, 81920 MiB
2026/04/15 21:54:24.510, 0 %, 0 MiB, 81920 MiB
2026/04/15 21:54:29.511, 0 %, 61627 MiB, 81920 MiB
2026/04/15 21:54:29.511, 0 %, 0 MiB, 81920 MiB
2026/04/15 21:54:34.511, 0 %, 61627 MiB, 81920 MiB
2026/04/15 21:54:34.511, 0 %, 0 MiB, 81920 MiB
2026/04/15 21:54:39.512, 0 %, 61627 MiB, 81920 MiB
2026/04/15 21:54:39.512, 0 %, 0 MiB, 81920 MiB
2026/04/15 21:54:44.513, 0 %, 61627 MiB, 81920 MiB
2026/04/15 21:54:44.513, 0 %, 0 MiB, 81920 MiB
2026/04/15 21:54:49.514, 0 %, 61627 MiB, 81920 MiB
2026/04/15 21:54:49.514, 0 %, 0 MiB, 81920 MiB
2026/04/15 21:54:54.515, 0 %, 61627 MiB, 81920 MiB
2026/04/15 21:54:54.515, 0 %, 0 MiB, 81920 MiB
2026/04/15 21:54:59.515, 0 %, 61627 MiB, 81920 MiB
2026/04/15 21:54:59.516, 0 %, 0 MiB, 81920 MiB
2026/04/15 21:55:04.516, 0 %, 61627 MiB, 81920 MiB
2026/04/15 21:55:04.516, 0 %, 0 MiB, 81920 MiB
2026/04/15 21:55:09.517, 0 %, 61627 MiB, 81920 MiB
2026/04/15 21:55:09.517, 0 %, 0 MiB, 81920 MiB
2026/04/15 21:55:14.518, 0 %, 61627 MiB, 81920 MiB
2026/04/15 21:55:14.518, 0 %, 0 MiB, 81920 MiB
2026/04/15 21:55:19.519, 0 %, 61627 MiB, 81920 MiB
2026/04/15 21:55:19.519, 0 %, 0 MiB, 81920 MiB
2026/04/15 21:55:24.519, 0 %, 61627 MiB, 81920 MiB
2026/04/15 21:55:24.520, 0 %, 0 MiB, 81920 MiB
2026/04/15 21:55:29.520, 0 %, 61627 MiB, 81920 MiB
2026/04/15 21:55:29.520, 0 %, 0 MiB, 81920 MiB
2026/04/15 21:55:34.521, 0 %, 61627 MiB, 81920 MiB
2026/04/15 21:55:34.521, 0 %, 0 MiB, 81920 MiB
2026/04/15 21:55:39.522, 0 %, 61627 MiB, 81920 MiB
2026/04/15 21:55:39.522, 0 %, 0 MiB, 81920 MiB
2026/04/15 21:55:44.523, 0 %, 61627 MiB, 81920 MiB
2026/04/15 21:55:44.523, 0 %, 0 MiB, 81920 MiB
2026/04/15 21:55:49.523, 0 %, 61627 MiB, 81920 MiB
2026/04/15 21:55:49.524, 0 %, 0 MiB, 81920 MiB
2026/04/15 21:55:54.524, 0 %, 61627 MiB, 81920 MiB
2026/04/15 21:55:54.524, 0 %, 0 MiB, 81920 MiB
2026/04/15 21:55:59.525, 0 %, 61627 MiB, 81920 MiB
2026/04/15 21:55:59.525, 0 %, 0 MiB, 81920 MiB
2026/04/15 21:56:04.526, 0 %, 61627 MiB, 81920 MiB
2026/04/15 21:56:04.526, 0 %, 0 MiB, 81920 MiB
2026/04/15 21:56:09.527, 0 %, 61627 MiB, 81920 MiB
2026/04/15 21:56:09.527, 0 %, 0 MiB, 81920 MiB
2026/04/15 21:56:14.527, 0 %, 61627 MiB, 81920 MiB
2026/04/15 21:56:14.527, 0 %, 0 MiB, 81920 MiB
2026/04/15 21:56:19.528, 0 %, 61627 MiB, 81920 MiB
2026/04/15 21:56:19.528, 0 %, 0 MiB, 81920 MiB
2026/04/15 21:56:24.529, 0 %, 61627 MiB, 81920 MiB
2026/04/15 21:56:24.529, 0 %, 0 MiB, 81920 MiB
2026/04/15 21:56:29.530, 0 %, 61627 MiB, 81920 MiB
2026/04/15 21:56:29.530, 0 %, 0 MiB, 81920 MiB
2026/04/15 21:56:34.530, 0 %, 61627 MiB, 81920 MiB
2026/04/15 21:56:34.531, 0 %, 0 MiB, 81920 MiB
2026/04/15 21:56:39.531, 0 %, 61627 MiB, 81920 MiB
2026/04/15 21:56:39.531, 0 %, 0 MiB, 81920 MiB
2026/04/15 21:56:44.532, 0 %, 61627 MiB, 81920 MiB
2026/04/15 21:56:44.532, 0 %, 0 MiB, 81920 MiB
2026/04/15 21:56:49.533, 0 %, 61627 MiB, 81920 MiB
2026/04/15 21:56:49.533, 0 %, 0 MiB, 81920 MiB
2026/04/15 21:56:54.533, 0 %, 61627 MiB, 81920 MiB
2026/04/15 21:56:54.534, 0 %, 0 MiB, 81920 MiB
2026/04/15 21:56:59.534, 0 %, 61627 MiB, 81920 MiB
2026/04/15 21:56:59.534, 0 %, 0 MiB, 81920 MiB
2026/04/15 21:57:04.535, 0 %, 61627 MiB, 81920 MiB
2026/04/15 21:57:04.535, 0 %, 0 MiB, 81920 MiB
2026/04/15 21:57:09.536, 0 %, 61627 MiB, 81920 MiB
2026/04/15 21:57:09.536, 0 %, 0 MiB, 81920 MiB
2026/04/15 21:57:14.537, 0 %, 61627 MiB, 81920 MiB
2026/04/15 21:57:14.537, 0 %, 0 MiB, 81920 MiB
2026/04/15 21:57:19.537, 0 %, 61627 MiB, 81920 MiB
2026/04/15 21:57:19.537, 0 %, 0 MiB, 81920 MiB
2026/04/15 21:57:24.538, 0 %, 61627 MiB, 81920 MiB
2026/04/15 21:57:24.538, 0 %, 0 MiB, 81920 MiB
2026/04/15 21:57:29.539, 0 %, 61627 MiB, 81920 MiB
2026/04/15 21:57:29.539, 0 %, 0 MiB, 81920 MiB
2026/04/15 21:57:34.540, 0 %, 61627 MiB, 81920 MiB
2026/04/15 21:57:34.540, 0 %, 0 MiB, 81920 MiB
2026/04/15 21:57:39.540, 0 %, 61627 MiB, 81920 MiB
2026/04/15 21:57:39.540, 0 %, 0 MiB, 81920 MiB
2026/04/15 21:57:44.541, 0 %, 61627 MiB, 81920 MiB
2026/04/15 21:57:44.541, 0 %, 0 MiB, 81920 MiB
2026/04/15 21:57:49.542, 0 %, 61627 MiB, 81920 MiB
2026/04/15 21:57:49.542, 0 %, 0 MiB, 81920 MiB
2026/04/15 21:57:54.543, 0 %, 61627 MiB, 81920 MiB
2026/04/15 21:57:54.543, 0 %, 0 MiB, 81920 MiB
2026/04/15 21:57:59.543, 0 %, 61627 MiB, 81920 MiB
2026/04/15 21:57:59.544, 0 %, 0 MiB, 81920 MiB
2026/04/15 21:58:04.544, 0 %, 61627 MiB, 81920 MiB
2026/04/15 21:58:04.544, 0 %, 0 MiB, 81920 MiB
2026/04/15 21:58:09.545, 0 %, 61627 MiB, 81920 MiB
2026/04/15 21:58:09.545, 0 %, 0 MiB, 81920 MiB
2026/04/15 21:58:14.546, 0 %, 61627 MiB, 81920 MiB
2026/04/15 21:58:14.546, 0 %, 0 MiB, 81920 MiB
2026/04/15 21:58:19.546, 0 %, 61627 MiB, 81920 MiB
2026/04/15 21:58:19.547, 0 %, 0 MiB, 81920 MiB
2026/04/15 21:58:24.547, 0 %, 61627 MiB, 81920 MiB
2026/04/15 21:58:24.547, 0 %, 0 MiB, 81920 MiB
2026/04/15 21:58:29.548, 0 %, 61627 MiB, 81920 MiB
2026/04/15 21:58:29.548, 0 %, 0 MiB, 81920 MiB
2026/04/15 21:58:34.549, 0 %, 61627 MiB, 81920 MiB
2026/04/15 21:58:34.549, 0 %, 0 MiB, 81920 MiB
2026/04/15 21:58:39.549, 0 %, 61627 MiB, 81920 MiB
2026/04/15 21:58:39.550, 0 %, 0 MiB, 81920 MiB
2026/04/15 21:58:44.550, 0 %, 61627 MiB, 81920 MiB
2026/04/15 21:58:44.550, 0 %, 0 MiB, 81920 MiB
2026/04/15 21:58:49.551, 0 %, 61627 MiB, 81920 MiB
2026/04/15 21:58:49.551, 0 %, 0 MiB, 81920 MiB
2026/04/15 21:58:54.552, 0 %, 61627 MiB, 81920 MiB
2026/04/15 21:58:54.552, 0 %, 0 MiB, 81920 MiB
2026/04/15 21:58:59.553, 0 %, 61627 MiB, 81920 MiB
2026/04/15 21:58:59.553, 0 %, 0 MiB, 81920 MiB
2026/04/15 21:59:04.553, 0 %, 61627 MiB, 81920 MiB
2026/04/15 21:59:04.553, 0 %, 0 MiB, 81920 MiB
2026/04/15 21:59:09.554, 0 %, 61627 MiB, 81920 MiB
2026/04/15 21:59:09.554, 0 %, 0 MiB, 81920 MiB
2026/04/15 21:59:14.555, 0 %, 61627 MiB, 81920 MiB
2026/04/15 21:59:14.555, 0 %, 0 MiB, 81920 MiB
2026/04/15 21:59:19.556, 0 %, 61627 MiB, 81920 MiB
2026/04/15 21:59:19.556, 0 %, 0 MiB, 81920 MiB
2026/04/15 21:59:24.556, 0 %, 61627 MiB, 81920 MiB
2026/04/15 21:59:24.557, 0 %, 0 MiB, 81920 MiB
2026/04/15 21:59:29.557, 0 %, 61627 MiB, 81920 MiB
2026/04/15 21:59:29.557, 0 %, 0 MiB, 81920 MiB
2026/04/15 21:59:34.558, 0 %, 61627 MiB, 81920 MiB
2026/04/15 21:59:34.558, 0 %, 0 MiB, 81920 MiB
2026/04/15 21:59:39.559, 0 %, 61627 MiB, 81920 MiB
2026/04/15 21:59:39.559, 0 %, 0 MiB, 81920 MiB
2026/04/15 21:59:44.560, 0 %, 61627 MiB, 81920 MiB
2026/04/15 21:59:44.560, 0 %, 0 MiB, 81920 MiB
2026/04/15 21:59:49.561, 0 %, 61627 MiB, 81920 MiB
2026/04/15 21:59:49.561, 0 %, 0 MiB, 81920 MiB
2026/04/15 21:59:54.561, 0 %, 61627 MiB, 81920 MiB
2026/04/15 21:59:54.562, 0 %, 0 MiB, 81920 MiB
2026/04/15 21:59:59.562, 0 %, 61627 MiB, 81920 MiB
2026/04/15 21:59:59.562, 0 %, 0 MiB, 81920 MiB
2026/04/15 22:00:04.563, 0 %, 61627 MiB, 81920 MiB
2026/04/15 22:00:04.563, 0 %, 0 MiB, 81920 MiB
2026/04/15 22:00:09.564, 0 %, 61627 MiB, 81920 MiB
2026/04/15 22:00:09.564, 0 %, 0 MiB, 81920 MiB
2026/04/15 22:00:14.565, 0 %, 61627 MiB, 81920 MiB
2026/04/15 22:00:14.565, 0 %, 0 MiB, 81920 MiB
2026/04/15 22:00:19.565, 0 %, 61627 MiB, 81920 MiB
2026/04/15 22:00:19.565, 0 %, 0 MiB, 81920 MiB
2026/04/15 22:00:24.566, 0 %, 61627 MiB, 81920 MiB
2026/04/15 22:00:24.566, 0 %, 0 MiB, 81920 MiB
2026/04/15 22:00:29.567, 0 %, 61627 MiB, 81920 MiB
2026/04/15 22:00:29.567, 0 %, 0 MiB, 81920 MiB
2026/04/15 22:00:34.568, 0 %, 61627 MiB, 81920 MiB
2026/04/15 22:00:34.568, 0 %, 0 MiB, 81920 MiB
2026/04/15 22:00:39.569, 0 %, 61627 MiB, 81920 MiB
2026/04/15 22:00:39.569, 0 %, 0 MiB, 81920 MiB
2026/04/15 22:00:44.569, 0 %, 61627 MiB, 81920 MiB
2026/04/15 22:00:44.570, 0 %, 0 MiB, 81920 MiB
2026/04/15 22:00:49.570, 0 %, 61627 MiB, 81920 MiB
2026/04/15 22:00:49.570, 0 %, 0 MiB, 81920 MiB
2026/04/15 22:00:54.571, 0 %, 61627 MiB, 81920 MiB
2026/04/15 22:00:54.571, 0 %, 0 MiB, 81920 MiB
2026/04/15 22:00:59.572, 0 %, 61627 MiB, 81920 MiB
2026/04/15 22:00:59.572, 0 %, 0 MiB, 81920 MiB
2026/04/15 22:01:04.573, 0 %, 61627 MiB, 81920 MiB
2026/04/15 22:01:04.573, 0 %, 0 MiB, 81920 MiB
2026/04/15 22:01:09.573, 0 %, 61627 MiB, 81920 MiB
2026/04/15 22:01:09.574, 0 %, 0 MiB, 81920 MiB
2026/04/15 22:01:14.574, 0 %, 61627 MiB, 81920 MiB
2026/04/15 22:01:14.574, 0 %, 0 MiB, 81920 MiB
2026/04/15 22:01:19.575, 0 %, 61627 MiB, 81920 MiB
2026/04/15 22:01:19.575, 0 %, 0 MiB, 81920 MiB
2026/04/15 22:01:24.576, 0 %, 61627 MiB, 81920 MiB
2026/04/15 22:01:24.576, 0 %, 0 MiB, 81920 MiB
2026/04/15 22:01:29.577, 0 %, 61627 MiB, 81920 MiB
2026/04/15 22:01:29.577, 0 %, 0 MiB, 81920 MiB
2026/04/15 22:01:34.577, 0 %, 61627 MiB, 81920 MiB
2026/04/15 22:01:34.577, 0 %, 0 MiB, 81920 MiB
2026/04/15 22:01:39.578, 0 %, 61627 MiB, 81920 MiB
2026/04/15 22:01:39.578, 0 %, 0 MiB, 81920 MiB
2026/04/15 22:01:44.579, 0 %, 61627 MiB, 81920 MiB
2026/04/15 22:01:44.579, 0 %, 0 MiB, 81920 MiB
2026/04/15 22:01:49.580, 0 %, 61627 MiB, 81920 MiB
2026/04/15 22:01:49.580, 0 %, 0 MiB, 81920 MiB
2026/04/15 22:01:54.581, 0 %, 61627 MiB, 81920 MiB
2026/04/15 22:01:54.581, 0 %, 0 MiB, 81920 MiB
2026/04/15 22:01:59.581, 0 %, 61627 MiB, 81920 MiB
2026/04/15 22:01:59.581, 0 %, 0 MiB, 81920 MiB
2026/04/15 22:02:04.582, 0 %, 61627 MiB, 81920 MiB
2026/04/15 22:02:04.582, 0 %, 0 MiB, 81920 MiB
2026/04/15 22:02:09.583, 0 %, 61627 MiB, 81920 MiB
2026/04/15 22:02:09.583, 0 %, 0 MiB, 81920 MiB
2026/04/15 22:02:14.584, 0 %, 61627 MiB, 81920 MiB
2026/04/15 22:02:14.584, 0 %, 0 MiB, 81920 MiB
2026/04/15 22:02:19.584, 0 %, 61627 MiB, 81920 MiB
2026/04/15 22:02:19.585, 0 %, 0 MiB, 81920 MiB
2026/04/15 22:02:24.585, 0 %, 61627 MiB, 81920 MiB
2026/04/15 22:02:24.585, 0 %, 0 MiB, 81920 MiB
2026/04/15 22:02:29.587, 0 %, 61627 MiB, 81920 MiB
2026/04/15 22:02:29.587, 0 %, 0 MiB, 81920 MiB
2026/04/15 22:02:34.588, 0 %, 61627 MiB, 81920 MiB
2026/04/15 22:02:34.588, 0 %, 0 MiB, 81920 MiB
2026/04/15 22:02:39.589, 0 %, 61627 MiB, 81920 MiB
2026/04/15 22:02:39.589, 0 %, 0 MiB, 81920 MiB
2026/04/15 22:02:44.590, 0 %, 61627 MiB, 81920 MiB
2026/04/15 22:02:44.590, 0 %, 0 MiB, 81920 MiB
2026/04/15 22:02:49.591, 0 %, 61627 MiB, 81920 MiB
2026/04/15 22:02:49.591, 0 %, 0 MiB, 81920 MiB
2026/04/15 22:02:54.592, 0 %, 61627 MiB, 81920 MiB
2026/04/15 22:02:54.592, 0 %, 0 MiB, 81920 MiB
2026/04/15 22:02:59.592, 0 %, 61627 MiB, 81920 MiB
2026/04/15 22:02:59.593, 0 %, 0 MiB, 81920 MiB
2026/04/15 22:03:04.593, 0 %, 61627 MiB, 81920 MiB
2026/04/15 22:03:04.593, 0 %, 0 MiB, 81920 MiB
2026/04/15 22:03:09.594, 0 %, 61627 MiB, 81920 MiB
2026/04/15 22:03:09.594, 0 %, 0 MiB, 81920 MiB
2026/04/15 22:03:14.595, 0 %, 61627 MiB, 81920 MiB
2026/04/15 22:03:14.595, 0 %, 0 MiB, 81920 MiB
2026/04/15 22:03:19.596, 0 %, 61627 MiB, 81920 MiB
2026/04/15 22:03:19.596, 0 %, 0 MiB, 81920 MiB
2026/04/15 22:03:24.597, 0 %, 61627 MiB, 81920 MiB
2026/04/15 22:03:24.597, 0 %, 0 MiB, 81920 MiB
2026/04/15 22:03:29.598, 0 %, 61627 MiB, 81920 MiB
2026/04/15 22:03:29.598, 0 %, 0 MiB, 81920 MiB
2026/04/15 22:03:34.599, 0 %, 61627 MiB, 81920 MiB
2026/04/15 22:03:34.599, 0 %, 0 MiB, 81920 MiB
2026/04/15 22:03:39.600, 0 %, 61627 MiB, 81920 MiB
2026/04/15 22:03:39.600, 0 %, 0 MiB, 81920 MiB
2026/04/15 22:03:44.601, 0 %, 61627 MiB, 81920 MiB
2026/04/15 22:03:44.601, 0 %, 0 MiB, 81920 MiB
2026/04/15 22:03:49.602, 0 %, 61627 MiB, 81920 MiB
2026/04/15 22:03:49.602, 0 %, 0 MiB, 81920 MiB
2026/04/15 22:03:54.603, 0 %, 61627 MiB, 81920 MiB
2026/04/15 22:03:54.603, 0 %, 0 MiB, 81920 MiB
2026/04/15 22:03:59.604, 0 %, 61627 MiB, 81920 MiB
2026/04/15 22:03:59.604, 0 %, 0 MiB, 81920 MiB
2026/04/15 22:04:04.605, 0 %, 61627 MiB, 81920 MiB
2026/04/15 22:04:04.605, 0 %, 0 MiB, 81920 MiB
2026/04/15 22:04:09.606, 0 %, 61627 MiB, 81920 MiB
2026/04/15 22:04:09.606, 0 %, 0 MiB, 81920 MiB
2026/04/15 22:04:14.607, 0 %, 61627 MiB, 81920 MiB
2026/04/15 22:04:14.607, 0 %, 0 MiB, 81920 MiB
2026/04/15 22:04:19.608, 0 %, 61627 MiB, 81920 MiB
2026/04/15 22:04:19.608, 0 %, 0 MiB, 81920 MiB
2026/04/15 22:04:24.608, 0 %, 61627 MiB, 81920 MiB
2026/04/15 22:04:24.609, 0 %, 0 MiB, 81920 MiB
2026/04/15 22:04:29.609, 0 %, 61627 MiB, 81920 MiB
2026/04/15 22:04:29.609, 0 %, 0 MiB, 81920 MiB
2026/04/15 22:04:34.610, 0 %, 61627 MiB, 81920 MiB
2026/04/15 22:04:34.610, 0 %, 0 MiB, 81920 MiB
2026/04/15 22:04:39.611, 0 %, 61627 MiB, 81920 MiB
2026/04/15 22:04:39.611, 0 %, 0 MiB, 81920 MiB
2026/04/15 22:04:44.612, 0 %, 61627 MiB, 81920 MiB
2026/04/15 22:04:44.612, 0 %, 0 MiB, 81920 MiB
2026/04/15 22:04:49.613, 0 %, 61627 MiB, 81920 MiB
2026/04/15 22:04:49.613, 0 %, 0 MiB, 81920 MiB
2026/04/15 22:04:54.614, 0 %, 61627 MiB, 81920 MiB
2026/04/15 22:04:54.614, 0 %, 0 MiB, 81920 MiB
2026/04/15 22:04:59.615, 0 %, 61627 MiB, 81920 MiB
2026/04/15 22:04:59.615, 0 %, 0 MiB, 81920 MiB
2026/04/15 22:05:04.616, 0 %, 61627 MiB, 81920 MiB
2026/04/15 22:05:04.616, 0 %, 0 MiB, 81920 MiB
2026/04/15 22:05:09.617, 0 %, 61627 MiB, 81920 MiB
2026/04/15 22:05:09.617, 0 %, 0 MiB, 81920 MiB
2026/04/15 22:05:14.618, 0 %, 61627 MiB, 81920 MiB
2026/04/15 22:05:14.618, 0 %, 0 MiB, 81920 MiB
2026/04/15 22:05:19.619, 0 %, 61627 MiB, 81920 MiB
2026/04/15 22:05:19.619, 0 %, 0 MiB, 81920 MiB
2026/04/15 22:05:24.620, 0 %, 61627 MiB, 81920 MiB
2026/04/15 22:05:24.620, 0 %, 0 MiB, 81920 MiB
2026/04/15 22:05:29.621, 0 %, 61627 MiB, 81920 MiB
2026/04/15 22:05:29.621, 0 %, 0 MiB, 81920 MiB
2026/04/15 22:05:34.621, 0 %, 61627 MiB, 81920 MiB
2026/04/15 22:05:34.622, 0 %, 0 MiB, 81920 MiB
2026/04/15 22:05:39.622, 0 %, 61661 MiB, 81920 MiB
2026/04/15 22:05:39.622, 0 %, 0 MiB, 81920 MiB
2026/04/15 22:05:44.623, 0 %, 61661 MiB, 81920 MiB
2026/04/15 22:05:44.623, 0 %, 0 MiB, 81920 MiB
2026/04/15 22:05:49.624, 0 %, 61661 MiB, 81920 MiB
2026/04/15 22:05:49.624, 0 %, 0 MiB, 81920 MiB
2026/04/15 22:05:54.625, 0 %, 61661 MiB, 81920 MiB
2026/04/15 22:05:54.625, 0 %, 0 MiB, 81920 MiB
2026/04/15 22:05:59.626, 10 %, 61661 MiB, 81920 MiB
2026/04/15 22:05:59.626, 0 %, 0 MiB, 81920 MiB
2026/04/15 22:06:04.626, 19 %, 61661 MiB, 81920 MiB
2026/04/15 22:06:04.627, 0 %, 0 MiB, 81920 MiB
2026/04/15 22:06:09.627, 0 %, 61661 MiB, 81920 MiB
2026/04/15 22:06:09.627, 0 %, 0 MiB, 81920 MiB
2026/04/15 22:06:14.628, 0 %, 61661 MiB, 81920 MiB
2026/04/15 22:06:14.628, 0 %, 0 MiB, 81920 MiB
2026/04/15 22:06:19.629, 0 %, 61661 MiB, 81920 MiB
2026/04/15 22:06:19.629, 0 %, 0 MiB, 81920 MiB
2026/04/15 22:06:24.630, 0 %, 61661 MiB, 81920 MiB
2026/04/15 22:06:24.630, 0 %, 0 MiB, 81920 MiB
2026/04/15 22:06:29.631, 0 %, 61661 MiB, 81920 MiB
2026/04/15 22:06:29.631, 0 %, 0 MiB, 81920 MiB
2026/04/15 22:06:34.631, 0 %, 61661 MiB, 81920 MiB
2026/04/15 22:06:34.632, 0 %, 0 MiB, 81920 MiB
2026/04/15 22:06:39.632, 0 %, 61661 MiB, 81920 MiB
2026/04/15 22:06:39.632, 0 %, 0 MiB, 81920 MiB
2026/04/15 22:06:44.633, 0 %, 61661 MiB, 81920 MiB
2026/04/15 22:06:44.633, 0 %, 0 MiB, 81920 MiB
2026/04/15 22:06:49.634, 0 %, 61661 MiB, 81920 MiB
2026/04/15 22:06:49.634, 0 %, 0 MiB, 81920 MiB
2026/04/15 22:06:54.635, 0 %, 61661 MiB, 81920 MiB
2026/04/15 22:06:54.635, 0 %, 0 MiB, 81920 MiB
2026/04/15 22:06:59.636, 0 %, 61661 MiB, 81920 MiB
2026/04/15 22:06:59.636, 0 %, 0 MiB, 81920 MiB
2026/04/15 22:07:04.636, 0 %, 61661 MiB, 81920 MiB
2026/04/15 22:07:04.636, 0 %, 0 MiB, 81920 MiB
2026/04/15 22:07:09.637, 0 %, 61661 MiB, 81920 MiB
2026/04/15 22:07:09.637, 0 %, 0 MiB, 81920 MiB
2026/04/15 22:07:14.638, 0 %, 61661 MiB, 81920 MiB
2026/04/15 22:07:14.638, 0 %, 0 MiB, 81920 MiB
2026/04/15 22:07:19.639, 0 %, 61661 MiB, 81920 MiB
2026/04/15 22:07:19.639, 0 %, 0 MiB, 81920 MiB
2026/04/15 22:07:24.640, 0 %, 61661 MiB, 81920 MiB
2026/04/15 22:07:24.640, 0 %, 0 MiB, 81920 MiB
2026/04/15 22:07:29.640, 0 %, 61661 MiB, 81920 MiB
2026/04/15 22:07:29.640, 0 %, 0 MiB, 81920 MiB
2026/04/15 22:07:34.641, 0 %, 61661 MiB, 81920 MiB
2026/04/15 22:07:34.641, 0 %, 0 MiB, 81920 MiB
2026/04/15 22:07:39.642, 0 %, 61661 MiB, 81920 MiB
2026/04/15 22:07:39.642, 0 %, 0 MiB, 81920 MiB
2026/04/15 22:07:44.643, 0 %, 61661 MiB, 81920 MiB
2026/04/15 22:07:44.643, 0 %, 0 MiB, 81920 MiB
2026/04/15 22:07:49.643, 0 %, 61661 MiB, 81920 MiB
2026/04/15 22:07:49.644, 0 %, 0 MiB, 81920 MiB
2026/04/15 22:07:54.644, 0 %, 61661 MiB, 81920 MiB
2026/04/15 22:07:54.644, 0 %, 0 MiB, 81920 MiB
2026/04/15 22:07:59.645, 0 %, 61661 MiB, 81920 MiB
2026/04/15 22:07:59.645, 0 %, 0 MiB, 81920 MiB
2026/04/15 22:08:04.645, 0 %, 61661 MiB, 81920 MiB
2026/04/15 22:08:04.646, 0 %, 0 MiB, 81920 MiB
2026/04/15 22:08:09.646, 0 %, 61661 MiB, 81920 MiB
2026/04/15 22:08:09.646, 0 %, 0 MiB, 81920 MiB
2026/04/15 22:08:14.647, 0 %, 61661 MiB, 81920 MiB
2026/04/15 22:08:14.647, 0 %, 0 MiB, 81920 MiB
2026/04/15 22:08:19.647, 0 %, 61661 MiB, 81920 MiB
2026/04/15 22:08:19.648, 0 %, 0 MiB, 81920 MiB
2026/04/15 22:08:24.648, 0 %, 61661 MiB, 81920 MiB
2026/04/15 22:08:24.648, 0 %, 0 MiB, 81920 MiB
2026/04/15 22:08:29.649, 0 %, 61661 MiB, 81920 MiB
2026/04/15 22:08:29.649, 0 %, 0 MiB, 81920 MiB
2026/04/15 22:08:34.650, 0 %, 61661 MiB, 81920 MiB
2026/04/15 22:08:34.650, 0 %, 0 MiB, 81920 MiB
2026/04/15 22:08:39.651, 0 %, 61661 MiB, 81920 MiB
2026/04/15 22:08:39.651, 0 %, 0 MiB, 81920 MiB
2026/04/15 22:08:44.652, 0 %, 61661 MiB, 81920 MiB
2026/04/15 22:08:44.652, 0 %, 0 MiB, 81920 MiB
2026/04/15 22:08:49.652, 0 %, 61661 MiB, 81920 MiB
2026/04/15 22:08:49.653, 0 %, 0 MiB, 81920 MiB
2026/04/15 22:08:54.653, 0 %, 61661 MiB, 81920 MiB
2026/04/15 22:08:54.653, 0 %, 0 MiB, 81920 MiB
2026/04/15 22:08:59.654, 0 %, 61661 MiB, 81920 MiB
2026/04/15 22:08:59.654, 0 %, 0 MiB, 81920 MiB
2026/04/15 22:09:04.655, 0 %, 61661 MiB, 81920 MiB
2026/04/15 22:09:04.655, 0 %, 0 MiB, 81920 MiB
2026/04/15 22:09:09.656, 0 %, 61661 MiB, 81920 MiB
2026/04/15 22:09:09.656, 0 %, 0 MiB, 81920 MiB
2026/04/15 22:09:14.657, 0 %, 61661 MiB, 81920 MiB
2026/04/15 22:09:14.657, 0 %, 0 MiB, 81920 MiB
2026/04/15 22:09:19.657, 0 %, 61661 MiB, 81920 MiB
2026/04/15 22:09:19.657, 0 %, 0 MiB, 81920 MiB
2026/04/15 22:09:24.658, 0 %, 61661 MiB, 81920 MiB
2026/04/15 22:09:24.658, 0 %, 0 MiB, 81920 MiB
2026/04/15 22:09:29.659, 0 %, 61661 MiB, 81920 MiB
2026/04/15 22:09:29.659, 0 %, 0 MiB, 81920 MiB
2026/04/15 22:09:34.660, 0 %, 61661 MiB, 81920 MiB
2026/04/15 22:09:34.660, 0 %, 0 MiB, 81920 MiB
2026/04/15 22:09:39.661, 0 %, 61661 MiB, 81920 MiB
2026/04/15 22:09:39.661, 0 %, 0 MiB, 81920 MiB
2026/04/15 22:09:44.661, 0 %, 61661 MiB, 81920 MiB
2026/04/15 22:09:44.661, 0 %, 0 MiB, 81920 MiB
2026/04/15 22:09:49.662, 0 %, 61661 MiB, 81920 MiB
2026/04/15 22:09:49.662, 0 %, 0 MiB, 81920 MiB
2026/04/15 22:09:54.663, 0 %, 61661 MiB, 81920 MiB
2026/04/15 22:09:54.663, 0 %, 0 MiB, 81920 MiB
2026/04/15 22:09:59.664, 0 %, 61661 MiB, 81920 MiB
2026/04/15 22:09:59.664, 0 %, 0 MiB, 81920 MiB
2026/04/15 22:10:04.664, 0 %, 61661 MiB, 81920 MiB
2026/04/15 22:10:04.665, 0 %, 0 MiB, 81920 MiB
2026/04/15 22:10:09.665, 0 %, 61661 MiB, 81920 MiB
2026/04/15 22:10:09.665, 0 %, 0 MiB, 81920 MiB
2026/04/15 22:10:14.666, 0 %, 61661 MiB, 81920 MiB
2026/04/15 22:10:14.666, 0 %, 0 MiB, 81920 MiB
2026/04/15 22:10:19.667, 0 %, 61661 MiB, 81920 MiB
2026/04/15 22:10:19.667, 0 %, 0 MiB, 81920 MiB
2026/04/15 22:10:24.668, 0 %, 61661 MiB, 81920 MiB
2026/04/15 22:10:24.668, 0 %, 0 MiB, 81920 MiB
2026/04/15 22:10:29.669, 0 %, 61661 MiB, 81920 MiB
2026/04/15 22:10:29.669, 0 %, 0 MiB, 81920 MiB
2026/04/15 22:10:34.669, 0 %, 61661 MiB, 81920 MiB
2026/04/15 22:10:34.669, 0 %, 0 MiB, 81920 MiB
2026/04/15 22:10:39.670, 0 %, 61661 MiB, 81920 MiB
2026/04/15 22:10:39.670, 0 %, 0 MiB, 81920 MiB
2026/04/15 22:10:44.671, 0 %, 61661 MiB, 81920 MiB
2026/04/15 22:10:44.671, 0 %, 0 MiB, 81920 MiB
2026/04/15 22:10:49.672, 0 %, 61661 MiB, 81920 MiB
2026/04/15 22:10:49.672, 0 %, 0 MiB, 81920 MiB
2026/04/15 22:10:54.672, 0 %, 61661 MiB, 81920 MiB
2026/04/15 22:10:54.673, 0 %, 0 MiB, 81920 MiB
2026/04/15 22:10:59.673, 0 %, 61661 MiB, 81920 MiB
2026/04/15 22:10:59.673, 0 %, 0 MiB, 81920 MiB
2026/04/15 22:11:04.674, 0 %, 61661 MiB, 81920 MiB
2026/04/15 22:11:04.674, 0 %, 0 MiB, 81920 MiB
2026/04/15 22:11:09.675, 0 %, 61661 MiB, 81920 MiB
2026/04/15 22:11:09.675, 0 %, 0 MiB, 81920 MiB
2026/04/15 22:11:14.676, 0 %, 61661 MiB, 81920 MiB
2026/04/15 22:11:14.676, 0 %, 0 MiB, 81920 MiB
2026/04/15 22:11:19.676, 0 %, 61661 MiB, 81920 MiB
2026/04/15 22:11:19.676, 0 %, 0 MiB, 81920 MiB
2026/04/15 22:11:24.677, 0 %, 61661 MiB, 81920 MiB
2026/04/15 22:11:24.677, 0 %, 0 MiB, 81920 MiB
2026/04/15 22:11:29.678, 0 %, 61661 MiB, 81920 MiB
2026/04/15 22:11:29.678, 0 %, 0 MiB, 81920 MiB
2026/04/15 22:11:34.679, 0 %, 61661 MiB, 81920 MiB
2026/04/15 22:11:34.679, 0 %, 0 MiB, 81920 MiB
2026/04/15 22:11:39.679, 0 %, 61661 MiB, 81920 MiB
2026/04/15 22:11:39.680, 0 %, 0 MiB, 81920 MiB
2026/04/15 22:11:44.680, 0 %, 61661 MiB, 81920 MiB
2026/04/15 22:11:44.680, 0 %, 0 MiB, 81920 MiB
2026/04/15 22:11:49.681, 0 %, 61661 MiB, 81920 MiB
2026/04/15 22:11:49.681, 0 %, 0 MiB, 81920 MiB
2026/04/15 22:11:54.681, 0 %, 61661 MiB, 81920 MiB
2026/04/15 22:11:54.682, 0 %, 0 MiB, 81920 MiB
2026/04/15 22:11:59.682, 0 %, 61661 MiB, 81920 MiB
2026/04/15 22:11:59.682, 0 %, 0 MiB, 81920 MiB
2026/04/15 22:12:04.683, 0 %, 61661 MiB, 81920 MiB
2026/04/15 22:12:04.683, 0 %, 0 MiB, 81920 MiB
2026/04/15 22:12:09.683, 0 %, 61661 MiB, 81920 MiB
2026/04/15 22:12:09.684, 0 %, 0 MiB, 81920 MiB
2026/04/15 22:12:14.684, 0 %, 61661 MiB, 81920 MiB
2026/04/15 22:12:14.684, 0 %, 0 MiB, 81920 MiB
2026/04/15 22:12:19.685, 0 %, 61661 MiB, 81920 MiB
2026/04/15 22:12:19.685, 0 %, 0 MiB, 81920 MiB
2026/04/15 22:12:24.686, 0 %, 61661 MiB, 81920 MiB
2026/04/15 22:12:24.686, 0 %, 0 MiB, 81920 MiB
2026/04/15 22:12:29.686, 0 %, 61661 MiB, 81920 MiB
2026/04/15 22:12:29.686, 0 %, 0 MiB, 81920 MiB
2026/04/15 22:12:34.687, 0 %, 61661 MiB, 81920 MiB
2026/04/15 22:12:34.687, 0 %, 0 MiB, 81920 MiB
2026/04/15 22:12:39.687, 0 %, 61661 MiB, 81920 MiB
2026/04/15 22:12:39.688, 0 %, 0 MiB, 81920 MiB
2026/04/15 22:12:44.688, 0 %, 61661 MiB, 81920 MiB
2026/04/15 22:12:44.688, 0 %, 0 MiB, 81920 MiB
2026/04/15 22:12:49.689, 0 %, 61661 MiB, 81920 MiB
2026/04/15 22:12:49.689, 0 %, 0 MiB, 81920 MiB
2026/04/15 22:12:54.689, 0 %, 61661 MiB, 81920 MiB
2026/04/15 22:12:54.690, 0 %, 0 MiB, 81920 MiB
2026/04/15 22:12:59.690, 0 %, 61661 MiB, 81920 MiB
2026/04/15 22:12:59.690, 0 %, 0 MiB, 81920 MiB
2026/04/15 22:13:04.691, 0 %, 61661 MiB, 81920 MiB
2026/04/15 22:13:04.691, 0 %, 0 MiB, 81920 MiB
2026/04/15 22:13:09.691, 0 %, 61661 MiB, 81920 MiB
2026/04/15 22:13:09.692, 0 %, 0 MiB, 81920 MiB
2026/04/15 22:13:14.692, 0 %, 61661 MiB, 81920 MiB
2026/04/15 22:13:14.692, 0 %, 0 MiB, 81920 MiB
2026/04/15 22:13:19.693, 0 %, 61661 MiB, 81920 MiB
2026/04/15 22:13:19.693, 0 %, 0 MiB, 81920 MiB
2026/04/15 22:13:24.694, 0 %, 61661 MiB, 81920 MiB
2026/04/15 22:13:24.694, 0 %, 0 MiB, 81920 MiB
2026/04/15 22:13:29.694, 0 %, 61661 MiB, 81920 MiB
2026/04/15 22:13:29.694, 0 %, 0 MiB, 81920 MiB
2026/04/15 22:13:34.695, 0 %, 61661 MiB, 81920 MiB
2026/04/15 22:13:34.695, 0 %, 0 MiB, 81920 MiB
2026/04/15 22:13:39.696, 0 %, 61661 MiB, 81920 MiB
2026/04/15 22:13:39.696, 0 %, 0 MiB, 81920 MiB
2026/04/15 22:13:44.696, 0 %, 61661 MiB, 81920 MiB
2026/04/15 22:13:44.697, 0 %, 0 MiB, 81920 MiB
2026/04/15 22:13:49.697, 0 %, 61661 MiB, 81920 MiB
2026/04/15 22:13:49.697, 0 %, 0 MiB, 81920 MiB
2026/04/15 22:13:54.698, 0 %, 61661 MiB, 81920 MiB
2026/04/15 22:13:54.698, 0 %, 0 MiB, 81920 MiB
2026/04/15 22:13:59.699, 0 %, 61661 MiB, 81920 MiB
2026/04/15 22:13:59.699, 0 %, 0 MiB, 81920 MiB
2026/04/15 22:14:04.700, 0 %, 61661 MiB, 81920 MiB
2026/04/15 22:14:04.700, 0 %, 0 MiB, 81920 MiB
2026/04/15 22:14:09.701, 0 %, 61661 MiB, 81920 MiB
2026/04/15 22:14:09.701, 0 %, 0 MiB, 81920 MiB
2026/04/15 22:14:14.701, 0 %, 61661 MiB, 81920 MiB
2026/04/15 22:14:14.701, 0 %, 0 MiB, 81920 MiB
2026/04/15 22:14:19.702, 0 %, 61661 MiB, 81920 MiB
2026/04/15 22:14:19.702, 0 %, 0 MiB, 81920 MiB
2026/04/15 22:14:24.703, 0 %, 61661 MiB, 81920 MiB
2026/04/15 22:14:24.703, 0 %, 0 MiB, 81920 MiB
2026/04/15 22:14:29.704, 0 %, 61661 MiB, 81920 MiB
2026/04/15 22:14:29.704, 0 %, 0 MiB, 81920 MiB
2026/04/15 22:14:34.705, 0 %, 61661 MiB, 81920 MiB
2026/04/15 22:14:34.705, 0 %, 0 MiB, 81920 MiB
2026/04/15 22:14:39.705, 0 %, 61661 MiB, 81920 MiB
2026/04/15 22:14:39.705, 0 %, 0 MiB, 81920 MiB
2026/04/15 22:14:44.706, 0 %, 61661 MiB, 81920 MiB
2026/04/15 22:14:44.706, 0 %, 0 MiB, 81920 MiB
2026/04/15 22:14:49.707, 0 %, 61661 MiB, 81920 MiB
2026/04/15 22:14:49.707, 0 %, 0 MiB, 81920 MiB
2026/04/15 22:14:54.708, 0 %, 61661 MiB, 81920 MiB
2026/04/15 22:14:54.708, 0 %, 0 MiB, 81920 MiB
2026/04/15 22:14:59.709, 0 %, 61661 MiB, 81920 MiB
2026/04/15 22:14:59.709, 0 %, 0 MiB, 81920 MiB
2026/04/15 22:15:04.709, 0 %, 61661 MiB, 81920 MiB
2026/04/15 22:15:04.709, 0 %, 0 MiB, 81920 MiB
2026/04/15 22:15:09.710, 0 %, 61661 MiB, 81920 MiB
2026/04/15 22:15:09.710, 0 %, 0 MiB, 81920 MiB
2026/04/15 22:15:14.711, 0 %, 61661 MiB, 81920 MiB
2026/04/15 22:15:14.711, 0 %, 0 MiB, 81920 MiB
2026/04/15 22:15:19.712, 0 %, 61661 MiB, 81920 MiB
2026/04/15 22:15:19.712, 0 %, 0 MiB, 81920 MiB
2026/04/15 22:15:24.713, 0 %, 61661 MiB, 81920 MiB
2026/04/15 22:15:24.713, 0 %, 0 MiB, 81920 MiB
2026/04/15 22:15:29.713, 0 %, 61661 MiB, 81920 MiB
2026/04/15 22:15:29.713, 0 %, 0 MiB, 81920 MiB
2026/04/15 22:15:34.714, 0 %, 61661 MiB, 81920 MiB
2026/04/15 22:15:34.714, 0 %, 0 MiB, 81920 MiB
2026/04/15 22:15:39.715, 0 %, 61661 MiB, 81920 MiB
2026/04/15 22:15:39.715, 0 %, 0 MiB, 81920 MiB
2026/04/15 22:15:44.716, 0 %, 61661 MiB, 81920 MiB
2026/04/15 22:15:44.716, 0 %, 0 MiB, 81920 MiB
2026/04/15 22:15:49.716, 0 %, 61661 MiB, 81920 MiB
2026/04/15 22:15:49.717, 0 %, 0 MiB, 81920 MiB
2026/04/15 22:15:54.717, 0 %, 61661 MiB, 81920 MiB
2026/04/15 22:15:54.717, 0 %, 0 MiB, 81920 MiB
2026/04/15 22:15:59.718, 0 %, 61661 MiB, 81920 MiB
2026/04/15 22:15:59.718, 0 %, 0 MiB, 81920 MiB
2026/04/15 22:16:04.719, 0 %, 61661 MiB, 81920 MiB
2026/04/15 22:16:04.719, 0 %, 0 MiB, 81920 MiB
2026/04/15 22:16:09.720, 0 %, 61661 MiB, 81920 MiB
2026/04/15 22:16:09.720, 0 %, 0 MiB, 81920 MiB
2026/04/15 22:16:14.720, 0 %, 61661 MiB, 81920 MiB
2026/04/15 22:16:14.720, 0 %, 0 MiB, 81920 MiB
2026/04/15 22:16:19.721, 0 %, 61661 MiB, 81920 MiB
2026/04/15 22:16:19.721, 0 %, 0 MiB, 81920 MiB
2026/04/15 22:16:24.722, 0 %, 61661 MiB, 81920 MiB
2026/04/15 22:16:24.722, 0 %, 0 MiB, 81920 MiB
2026/04/15 22:16:29.723, 0 %, 61661 MiB, 81920 MiB
2026/04/15 22:16:29.723, 0 %, 0 MiB, 81920 MiB
2026/04/15 22:16:34.723, 0 %, 61661 MiB, 81920 MiB
2026/04/15 22:16:34.724, 0 %, 0 MiB, 81920 MiB
2026/04/15 22:16:39.724, 0 %, 61661 MiB, 81920 MiB
2026/04/15 22:16:39.724, 0 %, 0 MiB, 81920 MiB
2026/04/15 22:16:44.725, 0 %, 61661 MiB, 81920 MiB
2026/04/15 22:16:44.725, 0 %, 0 MiB, 81920 MiB
2026/04/15 22:16:49.726, 0 %, 61661 MiB, 81920 MiB
2026/04/15 22:16:49.726, 0 %, 0 MiB, 81920 MiB
2026/04/15 22:16:54.727, 0 %, 61661 MiB, 81920 MiB
2026/04/15 22:16:54.727, 0 %, 0 MiB, 81920 MiB
2026/04/15 22:16:59.727, 0 %, 61661 MiB, 81920 MiB
2026/04/15 22:16:59.727, 0 %, 0 MiB, 81920 MiB
2026/04/15 22:17:04.728, 0 %, 61661 MiB, 81920 MiB
2026/04/15 22:17:04.728, 0 %, 0 MiB, 81920 MiB
2026/04/15 22:17:09.769, 0 %, 61661 MiB, 81920 MiB
2026/04/15 22:17:09.769, 0 %, 0 MiB, 81920 MiB
2026/04/15 22:17:14.770, 0 %, 61661 MiB, 81920 MiB
2026/04/15 22:17:14.770, 0 %, 0 MiB, 81920 MiB
2026/04/15 22:17:19.771, 0 %, 61661 MiB, 81920 MiB
2026/04/15 22:17:19.771, 0 %, 0 MiB, 81920 MiB
2026/04/15 22:17:24.772, 0 %, 61661 MiB, 81920 MiB
2026/04/15 22:17:24.772, 0 %, 0 MiB, 81920 MiB
2026/04/15 22:17:29.772, 0 %, 61661 MiB, 81920 MiB
2026/04/15 22:17:29.772, 0 %, 0 MiB, 81920 MiB
2026/04/15 22:17:34.773, 0 %, 61661 MiB, 81920 MiB
2026/04/15 22:17:34.773, 0 %, 0 MiB, 81920 MiB
2026/04/15 22:17:39.774, 0 %, 61661 MiB, 81920 MiB
2026/04/15 22:17:39.774, 0 %, 0 MiB, 81920 MiB
2026/04/15 22:17:44.775, 0 %, 61661 MiB, 81920 MiB
2026/04/15 22:17:44.775, 0 %, 0 MiB, 81920 MiB
2026/04/15 22:17:49.776, 0 %, 61661 MiB, 81920 MiB
2026/04/15 22:17:49.776, 0 %, 0 MiB, 81920 MiB
2026/04/15 22:17:54.777, 0 %, 61661 MiB, 81920 MiB
2026/04/15 22:17:54.777, 0 %, 0 MiB, 81920 MiB
2026/04/15 22:17:59.777, 0 %, 61661 MiB, 81920 MiB
2026/04/15 22:17:59.777, 0 %, 0 MiB, 81920 MiB
2026/04/15 22:18:04.778, 0 %, 61661 MiB, 81920 MiB
2026/04/15 22:18:04.778, 0 %, 0 MiB, 81920 MiB
2026/04/15 22:18:09.779, 0 %, 61661 MiB, 81920 MiB
2026/04/15 22:18:09.779, 0 %, 0 MiB, 81920 MiB
2026/04/15 22:18:14.779, 0 %, 61661 MiB, 81920 MiB
2026/04/15 22:18:14.780, 0 %, 0 MiB, 81920 MiB
2026/04/15 22:18:19.780, 0 %, 61661 MiB, 81920 MiB
2026/04/15 22:18:19.780, 0 %, 0 MiB, 81920 MiB
2026/04/15 22:18:24.781, 0 %, 61661 MiB, 81920 MiB
2026/04/15 22:18:24.781, 0 %, 0 MiB, 81920 MiB
2026/04/15 22:18:29.782, 0 %, 61661 MiB, 81920 MiB
2026/04/15 22:18:29.782, 0 %, 0 MiB, 81920 MiB
2026/04/15 22:18:34.782, 0 %, 61661 MiB, 81920 MiB
2026/04/15 22:18:34.783, 0 %, 0 MiB, 81920 MiB
2026/04/15 22:18:39.783, 0 %, 61661 MiB, 81920 MiB
2026/04/15 22:18:39.783, 0 %, 0 MiB, 81920 MiB
2026/04/15 22:18:44.784, 0 %, 61661 MiB, 81920 MiB
2026/04/15 22:18:44.784, 0 %, 0 MiB, 81920 MiB
2026/04/15 22:18:49.785, 0 %, 61661 MiB, 81920 MiB
2026/04/15 22:18:49.785, 0 %, 0 MiB, 81920 MiB
2026/04/15 22:18:54.786, 0 %, 61661 MiB, 81920 MiB
2026/04/15 22:18:54.786, 0 %, 0 MiB, 81920 MiB
2026/04/15 22:18:59.787, 0 %, 61661 MiB, 81920 MiB
2026/04/15 22:18:59.787, 0 %, 0 MiB, 81920 MiB
2026/04/15 22:19:04.787, 0 %, 61661 MiB, 81920 MiB
2026/04/15 22:19:04.787, 0 %, 0 MiB, 81920 MiB
2026/04/15 22:19:09.788, 0 %, 61661 MiB, 81920 MiB
2026/04/15 22:19:09.788, 0 %, 0 MiB, 81920 MiB
2026/04/15 22:19:14.789, 0 %, 61661 MiB, 81920 MiB
2026/04/15 22:19:14.789, 0 %, 0 MiB, 81920 MiB
2026/04/15 22:19:19.790, 0 %, 61661 MiB, 81920 MiB
2026/04/15 22:19:19.790, 0 %, 0 MiB, 81920 MiB
2026/04/15 22:19:24.791, 0 %, 61661 MiB, 81920 MiB
2026/04/15 22:19:24.791, 0 %, 0 MiB, 81920 MiB
2026/04/15 22:19:29.792, 0 %, 61661 MiB, 81920 MiB
2026/04/15 22:19:29.792, 0 %, 0 MiB, 81920 MiB
2026/04/15 22:19:34.792, 0 %, 61661 MiB, 81920 MiB
2026/04/15 22:19:34.793, 0 %, 0 MiB, 81920 MiB
2026/04/15 22:19:39.793, 0 %, 61661 MiB, 81920 MiB
2026/04/15 22:19:39.793, 0 %, 0 MiB, 81920 MiB
2026/04/15 22:19:44.794, 0 %, 61661 MiB, 81920 MiB
2026/04/15 22:19:44.794, 0 %, 0 MiB, 81920 MiB
2026/04/15 22:19:49.795, 0 %, 61661 MiB, 81920 MiB
2026/04/15 22:19:49.796, 0 %, 0 MiB, 81920 MiB
2026/04/15 22:19:54.796, 0 %, 61661 MiB, 81920 MiB
2026/04/15 22:19:54.796, 0 %, 0 MiB, 81920 MiB
2026/04/15 22:19:59.797, 0 %, 61661 MiB, 81920 MiB
2026/04/15 22:19:59.797, 0 %, 0 MiB, 81920 MiB
2026/04/15 22:20:04.798, 0 %, 61661 MiB, 81920 MiB
2026/04/15 22:20:04.798, 0 %, 0 MiB, 81920 MiB
2026/04/15 22:20:09.798, 0 %, 61661 MiB, 81920 MiB
2026/04/15 22:20:09.798, 0 %, 0 MiB, 81920 MiB
2026/04/15 22:20:14.799, 0 %, 61661 MiB, 81920 MiB
2026/04/15 22:20:14.799, 0 %, 0 MiB, 81920 MiB
2026/04/15 22:20:19.800, 0 %, 61661 MiB, 81920 MiB
2026/04/15 22:20:19.800, 0 %, 0 MiB, 81920 MiB
2026/04/15 22:20:24.801, 0 %, 61661 MiB, 81920 MiB
2026/04/15 22:20:24.801, 0 %, 0 MiB, 81920 MiB
2026/04/15 22:20:29.801, 0 %, 61661 MiB, 81920 MiB
2026/04/15 22:20:29.802, 0 %, 0 MiB, 81920 MiB
2026/04/15 22:20:34.802, 0 %, 61695 MiB, 81920 MiB
2026/04/15 22:20:34.803, 0 %, 0 MiB, 81920 MiB
2026/04/15 22:20:39.803, 0 %, 61695 MiB, 81920 MiB
2026/04/15 22:20:39.804, 0 %, 0 MiB, 81920 MiB
2026/04/15 22:20:44.804, 0 %, 61695 MiB, 81920 MiB
2026/04/15 22:20:44.804, 0 %, 0 MiB, 81920 MiB
2026/04/15 22:20:49.805, 0 %, 61695 MiB, 81920 MiB
2026/04/15 22:20:49.805, 0 %, 0 MiB, 81920 MiB
2026/04/15 22:20:54.806, 0 %, 61695 MiB, 81920 MiB
2026/04/15 22:20:54.806, 0 %, 0 MiB, 81920 MiB
2026/04/15 22:20:59.807, 0 %, 61695 MiB, 81920 MiB
2026/04/15 22:20:59.807, 0 %, 0 MiB, 81920 MiB
2026/04/15 22:21:04.808, 0 %, 61695 MiB, 81920 MiB
2026/04/15 22:21:04.808, 0 %, 0 MiB, 81920 MiB
2026/04/15 22:21:09.809, 11 %, 61695 MiB, 81920 MiB
2026/04/15 22:21:09.809, 0 %, 0 MiB, 81920 MiB
2026/04/15 22:21:14.810, 0 %, 61695 MiB, 81920 MiB
2026/04/15 22:21:14.810, 0 %, 0 MiB, 81920 MiB
2026/04/15 22:21:19.811, 0 %, 61695 MiB, 81920 MiB
2026/04/15 22:21:19.811, 0 %, 0 MiB, 81920 MiB
2026/04/15 22:21:24.812, 0 %, 61695 MiB, 81920 MiB
2026/04/15 22:21:24.812, 0 %, 0 MiB, 81920 MiB
2026/04/15 22:21:29.813, 0 %, 61695 MiB, 81920 MiB
2026/04/15 22:21:29.813, 0 %, 0 MiB, 81920 MiB
2026/04/15 22:21:34.814, 0 %, 61695 MiB, 81920 MiB
2026/04/15 22:21:34.814, 0 %, 0 MiB, 81920 MiB
2026/04/15 22:21:39.815, 0 %, 61695 MiB, 81920 MiB
2026/04/15 22:21:39.815, 0 %, 0 MiB, 81920 MiB
2026/04/15 22:21:44.816, 0 %, 61695 MiB, 81920 MiB
2026/04/15 22:21:44.816, 0 %, 0 MiB, 81920 MiB
2026/04/15 22:21:49.817, 0 %, 61695 MiB, 81920 MiB
2026/04/15 22:21:49.817, 0 %, 0 MiB, 81920 MiB
2026/04/15 22:21:54.818, 0 %, 61695 MiB, 81920 MiB
2026/04/15 22:21:54.818, 0 %, 0 MiB, 81920 MiB
2026/04/15 22:21:59.819, 0 %, 61695 MiB, 81920 MiB
2026/04/15 22:21:59.819, 0 %, 0 MiB, 81920 MiB
2026/04/15 22:22:04.820, 0 %, 61695 MiB, 81920 MiB
2026/04/15 22:22:04.820, 0 %, 0 MiB, 81920 MiB
2026/04/15 22:22:09.820, 0 %, 61695 MiB, 81920 MiB
2026/04/15 22:22:09.821, 0 %, 0 MiB, 81920 MiB
2026/04/15 22:22:14.821, 0 %, 61695 MiB, 81920 MiB
2026/04/15 22:22:14.822, 0 %, 0 MiB, 81920 MiB
2026/04/15 22:22:19.822, 0 %, 61695 MiB, 81920 MiB
2026/04/15 22:22:19.822, 0 %, 0 MiB, 81920 MiB
2026/04/15 22:22:24.823, 0 %, 61695 MiB, 81920 MiB
2026/04/15 22:22:24.824, 0 %, 0 MiB, 81920 MiB
2026/04/15 22:22:29.824, 0 %, 61695 MiB, 81920 MiB
2026/04/15 22:22:29.824, 0 %, 0 MiB, 81920 MiB
2026/04/15 22:22:34.825, 0 %, 61695 MiB, 81920 MiB
2026/04/15 22:22:34.825, 0 %, 0 MiB, 81920 MiB
2026/04/15 22:22:39.826, 0 %, 61695 MiB, 81920 MiB
2026/04/15 22:22:39.826, 0 %, 0 MiB, 81920 MiB
2026/04/15 22:22:44.827, 0 %, 61695 MiB, 81920 MiB
2026/04/15 22:22:44.827, 0 %, 0 MiB, 81920 MiB
2026/04/15 22:22:49.828, 0 %, 61695 MiB, 81920 MiB
2026/04/15 22:22:49.828, 0 %, 0 MiB, 81920 MiB
2026/04/15 22:22:54.829, 0 %, 61695 MiB, 81920 MiB
2026/04/15 22:22:54.829, 0 %, 0 MiB, 81920 MiB
2026/04/15 22:22:59.830, 0 %, 61695 MiB, 81920 MiB
2026/04/15 22:22:59.830, 0 %, 0 MiB, 81920 MiB
2026/04/15 22:23:04.831, 0 %, 61695 MiB, 81920 MiB
2026/04/15 22:23:04.831, 0 %, 0 MiB, 81920 MiB
2026/04/15 22:23:09.832, 0 %, 61695 MiB, 81920 MiB
2026/04/15 22:23:09.832, 0 %, 0 MiB, 81920 MiB
2026/04/15 22:23:14.833, 0 %, 61695 MiB, 81920 MiB
2026/04/15 22:23:14.833, 0 %, 0 MiB, 81920 MiB
2026/04/15 22:23:19.834, 0 %, 61695 MiB, 81920 MiB
2026/04/15 22:23:19.834, 0 %, 0 MiB, 81920 MiB
2026/04/15 22:23:24.835, 0 %, 61695 MiB, 81920 MiB
2026/04/15 22:23:24.835, 0 %, 0 MiB, 81920 MiB
2026/04/15 22:23:29.836, 0 %, 61695 MiB, 81920 MiB
2026/04/15 22:23:29.836, 0 %, 0 MiB, 81920 MiB
2026/04/15 22:23:34.837, 0 %, 61695 MiB, 81920 MiB
2026/04/15 22:23:34.837, 0 %, 0 MiB, 81920 MiB
2026/04/15 22:23:39.838, 0 %, 61695 MiB, 81920 MiB
2026/04/15 22:23:39.838, 0 %, 0 MiB, 81920 MiB
2026/04/15 22:23:44.839, 0 %, 61695 MiB, 81920 MiB
2026/04/15 22:23:44.839, 0 %, 0 MiB, 81920 MiB
2026/04/15 22:23:49.840, 0 %, 61695 MiB, 81920 MiB
2026/04/15 22:23:49.840, 0 %, 0 MiB, 81920 MiB
2026/04/15 22:23:54.841, 0 %, 61695 MiB, 81920 MiB
2026/04/15 22:23:54.841, 0 %, 0 MiB, 81920 MiB
2026/04/15 22:23:59.841, 0 %, 61695 MiB, 81920 MiB
2026/04/15 22:23:59.842, 0 %, 0 MiB, 81920 MiB
2026/04/15 22:24:04.842, 0 %, 61695 MiB, 81920 MiB
2026/04/15 22:24:04.843, 0 %, 0 MiB, 81920 MiB
2026/04/15 22:24:09.843, 0 %, 61695 MiB, 81920 MiB
2026/04/15 22:24:09.843, 0 %, 0 MiB, 81920 MiB
2026/04/15 22:24:14.844, 0 %, 61695 MiB, 81920 MiB
2026/04/15 22:24:14.844, 0 %, 0 MiB, 81920 MiB
2026/04/15 22:24:19.845, 0 %, 61695 MiB, 81920 MiB
2026/04/15 22:24:19.845, 0 %, 0 MiB, 81920 MiB
2026/04/15 22:24:24.846, 0 %, 61695 MiB, 81920 MiB
2026/04/15 22:24:24.846, 0 %, 0 MiB, 81920 MiB
2026/04/15 22:24:29.847, 0 %, 61695 MiB, 81920 MiB
2026/04/15 22:24:29.847, 0 %, 0 MiB, 81920 MiB
2026/04/15 22:24:34.848, 0 %, 61695 MiB, 81920 MiB
2026/04/15 22:24:34.848, 0 %, 0 MiB, 81920 MiB
2026/04/15 22:24:39.848, 0 %, 61695 MiB, 81920 MiB
2026/04/15 22:24:39.848, 0 %, 0 MiB, 81920 MiB
2026/04/15 22:24:44.849, 0 %, 61695 MiB, 81920 MiB
2026/04/15 22:24:44.849, 0 %, 0 MiB, 81920 MiB
2026/04/15 22:24:49.850, 0 %, 61695 MiB, 81920 MiB
2026/04/15 22:24:49.850, 0 %, 0 MiB, 81920 MiB
2026/04/15 22:24:54.850, 0 %, 61695 MiB, 81920 MiB
2026/04/15 22:24:54.850, 0 %, 0 MiB, 81920 MiB
2026/04/15 22:24:59.851, 0 %, 61695 MiB, 81920 MiB
2026/04/15 22:24:59.851, 0 %, 0 MiB, 81920 MiB
2026/04/15 22:25:04.852, 0 %, 61695 MiB, 81920 MiB
2026/04/15 22:25:04.852, 0 %, 0 MiB, 81920 MiB
2026/04/15 22:25:09.852, 0 %, 61695 MiB, 81920 MiB
2026/04/15 22:25:09.852, 0 %, 0 MiB, 81920 MiB
2026/04/15 22:25:14.853, 0 %, 61695 MiB, 81920 MiB
2026/04/15 22:25:14.853, 0 %, 0 MiB, 81920 MiB
2026/04/15 22:25:19.854, 0 %, 61695 MiB, 81920 MiB
2026/04/15 22:25:19.854, 0 %, 0 MiB, 81920 MiB
2026/04/15 22:25:24.854, 0 %, 61695 MiB, 81920 MiB
2026/04/15 22:25:24.854, 0 %, 0 MiB, 81920 MiB
2026/04/15 22:25:29.855, 0 %, 61695 MiB, 81920 MiB
2026/04/15 22:25:29.855, 0 %, 0 MiB, 81920 MiB
2026/04/15 22:25:34.856, 0 %, 61695 MiB, 81920 MiB
2026/04/15 22:25:34.856, 0 %, 0 MiB, 81920 MiB
2026/04/15 22:25:39.856, 0 %, 61695 MiB, 81920 MiB
2026/04/15 22:25:39.856, 0 %, 0 MiB, 81920 MiB
2026/04/15 22:25:44.857, 0 %, 61695 MiB, 81920 MiB
2026/04/15 22:25:44.857, 0 %, 0 MiB, 81920 MiB
2026/04/15 22:25:49.858, 0 %, 61695 MiB, 81920 MiB
2026/04/15 22:25:49.858, 0 %, 0 MiB, 81920 MiB
2026/04/15 22:25:54.858, 0 %, 61695 MiB, 81920 MiB
2026/04/15 22:25:54.858, 0 %, 0 MiB, 81920 MiB
2026/04/15 22:25:59.859, 0 %, 61695 MiB, 81920 MiB
2026/04/15 22:25:59.859, 0 %, 0 MiB, 81920 MiB
2026/04/15 22:26:04.860, 0 %, 61695 MiB, 81920 MiB
2026/04/15 22:26:04.860, 0 %, 0 MiB, 81920 MiB
2026/04/15 22:26:09.860, 0 %, 61695 MiB, 81920 MiB
2026/04/15 22:26:09.861, 0 %, 0 MiB, 81920 MiB
2026/04/15 22:26:14.861, 0 %, 61695 MiB, 81920 MiB
2026/04/15 22:26:14.861, 0 %, 0 MiB, 81920 MiB
2026/04/15 22:26:19.862, 0 %, 61695 MiB, 81920 MiB
2026/04/15 22:26:19.862, 0 %, 0 MiB, 81920 MiB
2026/04/15 22:26:24.862, 0 %, 61695 MiB, 81920 MiB
2026/04/15 22:26:24.863, 0 %, 0 MiB, 81920 MiB
2026/04/15 22:26:29.863, 0 %, 61695 MiB, 81920 MiB
2026/04/15 22:26:29.863, 0 %, 0 MiB, 81920 MiB
2026/04/15 22:26:34.864, 0 %, 61695 MiB, 81920 MiB
2026/04/15 22:26:34.864, 0 %, 0 MiB, 81920 MiB
2026/04/15 22:26:39.864, 0 %, 61695 MiB, 81920 MiB
2026/04/15 22:26:39.865, 0 %, 0 MiB, 81920 MiB
2026/04/15 22:26:44.865, 0 %, 61695 MiB, 81920 MiB
2026/04/15 22:26:44.865, 0 %, 0 MiB, 81920 MiB
2026/04/15 22:26:49.866, 0 %, 61695 MiB, 81920 MiB
2026/04/15 22:26:49.866, 0 %, 0 MiB, 81920 MiB
2026/04/15 22:26:54.866, 0 %, 61695 MiB, 81920 MiB
2026/04/15 22:26:54.867, 0 %, 0 MiB, 81920 MiB
2026/04/15 22:26:59.867, 0 %, 61695 MiB, 81920 MiB
2026/04/15 22:26:59.867, 0 %, 0 MiB, 81920 MiB
2026/04/15 22:27:04.868, 0 %, 61695 MiB, 81920 MiB
2026/04/15 22:27:04.868, 0 %, 0 MiB, 81920 MiB
2026/04/15 22:27:09.868, 0 %, 61695 MiB, 81920 MiB
2026/04/15 22:27:09.869, 0 %, 0 MiB, 81920 MiB
2026/04/15 22:27:14.869, 0 %, 61695 MiB, 81920 MiB
2026/04/15 22:27:14.869, 0 %, 0 MiB, 81920 MiB
2026/04/15 22:27:19.870, 0 %, 61695 MiB, 81920 MiB
2026/04/15 22:27:19.870, 0 %, 0 MiB, 81920 MiB
2026/04/15 22:27:24.870, 0 %, 61695 MiB, 81920 MiB
2026/04/15 22:27:24.870, 0 %, 0 MiB, 81920 MiB
2026/04/15 22:27:29.871, 0 %, 61695 MiB, 81920 MiB
2026/04/15 22:27:29.871, 0 %, 0 MiB, 81920 MiB
2026/04/15 22:27:34.872, 0 %, 61695 MiB, 81920 MiB
2026/04/15 22:27:34.872, 0 %, 0 MiB, 81920 MiB
2026/04/15 22:27:39.872, 0 %, 61695 MiB, 81920 MiB
2026/04/15 22:27:39.872, 0 %, 0 MiB, 81920 MiB
2026/04/15 22:27:44.873, 0 %, 61695 MiB, 81920 MiB
2026/04/15 22:27:44.873, 0 %, 0 MiB, 81920 MiB
2026/04/15 22:27:49.874, 0 %, 61695 MiB, 81920 MiB
2026/04/15 22:27:49.874, 0 %, 0 MiB, 81920 MiB
2026/04/15 22:27:54.874, 0 %, 61695 MiB, 81920 MiB
2026/04/15 22:27:54.874, 0 %, 0 MiB, 81920 MiB
2026/04/15 22:27:59.875, 0 %, 61695 MiB, 81920 MiB
2026/04/15 22:27:59.875, 0 %, 0 MiB, 81920 MiB
2026/04/15 22:28:04.876, 0 %, 61695 MiB, 81920 MiB
2026/04/15 22:28:04.876, 0 %, 0 MiB, 81920 MiB
2026/04/15 22:28:09.876, 0 %, 61695 MiB, 81920 MiB
2026/04/15 22:28:09.876, 0 %, 0 MiB, 81920 MiB
2026/04/15 22:28:14.877, 0 %, 61695 MiB, 81920 MiB
2026/04/15 22:28:14.877, 0 %, 0 MiB, 81920 MiB
2026/04/15 22:28:19.878, 0 %, 61695 MiB, 81920 MiB
2026/04/15 22:28:19.878, 0 %, 0 MiB, 81920 MiB
2026/04/15 22:28:24.878, 0 %, 61695 MiB, 81920 MiB
2026/04/15 22:28:24.878, 0 %, 0 MiB, 81920 MiB
2026/04/15 22:28:29.879, 0 %, 61695 MiB, 81920 MiB
2026/04/15 22:28:29.879, 0 %, 0 MiB, 81920 MiB
2026/04/15 22:28:34.880, 0 %, 61695 MiB, 81920 MiB
2026/04/15 22:28:34.880, 0 %, 0 MiB, 81920 MiB
2026/04/15 22:28:39.880, 0 %, 61695 MiB, 81920 MiB
2026/04/15 22:28:39.880, 0 %, 0 MiB, 81920 MiB
2026/04/15 22:28:44.881, 0 %, 61695 MiB, 81920 MiB
2026/04/15 22:28:44.881, 0 %, 0 MiB, 81920 MiB
2026/04/15 22:28:49.882, 0 %, 61695 MiB, 81920 MiB
2026/04/15 22:28:49.882, 0 %, 0 MiB, 81920 MiB
2026/04/15 22:28:54.883, 0 %, 61695 MiB, 81920 MiB
2026/04/15 22:28:54.883, 0 %, 0 MiB, 81920 MiB
2026/04/15 22:28:59.883, 0 %, 61695 MiB, 81920 MiB
2026/04/15 22:28:59.884, 0 %, 0 MiB, 81920 MiB
2026/04/15 22:29:04.884, 0 %, 61695 MiB, 81920 MiB
2026/04/15 22:29:04.884, 0 %, 0 MiB, 81920 MiB
2026/04/15 22:29:09.885, 0 %, 61695 MiB, 81920 MiB
2026/04/15 22:29:09.885, 0 %, 0 MiB, 81920 MiB
2026/04/15 22:29:14.886, 0 %, 61695 MiB, 81920 MiB
2026/04/15 22:29:14.886, 0 %, 0 MiB, 81920 MiB
2026/04/15 22:29:19.886, 0 %, 61695 MiB, 81920 MiB
2026/04/15 22:29:19.886, 0 %, 0 MiB, 81920 MiB
2026/04/15 22:29:24.887, 0 %, 61695 MiB, 81920 MiB
2026/04/15 22:29:24.887, 0 %, 0 MiB, 81920 MiB
2026/04/15 22:29:29.888, 0 %, 61695 MiB, 81920 MiB
2026/04/15 22:29:29.888, 0 %, 0 MiB, 81920 MiB
2026/04/15 22:29:34.888, 0 %, 61695 MiB, 81920 MiB
2026/04/15 22:29:34.888, 0 %, 0 MiB, 81920 MiB
2026/04/15 22:29:39.889, 0 %, 61695 MiB, 81920 MiB
2026/04/15 22:29:39.889, 0 %, 0 MiB, 81920 MiB
2026/04/15 22:29:44.890, 0 %, 61695 MiB, 81920 MiB
2026/04/15 22:29:44.890, 0 %, 0 MiB, 81920 MiB
2026/04/15 22:29:49.890, 0 %, 61695 MiB, 81920 MiB
2026/04/15 22:29:49.891, 0 %, 0 MiB, 81920 MiB
2026/04/15 22:29:54.891, 0 %, 61695 MiB, 81920 MiB
2026/04/15 22:29:54.891, 0 %, 0 MiB, 81920 MiB
2026/04/15 22:29:59.892, 0 %, 61695 MiB, 81920 MiB
2026/04/15 22:29:59.892, 0 %, 0 MiB, 81920 MiB
2026/04/15 22:30:04.892, 0 %, 61695 MiB, 81920 MiB
2026/04/15 22:30:04.893, 0 %, 0 MiB, 81920 MiB
2026/04/15 22:30:09.893, 0 %, 61695 MiB, 81920 MiB
2026/04/15 22:30:09.893, 0 %, 0 MiB, 81920 MiB
2026/04/15 22:30:14.894, 0 %, 61695 MiB, 81920 MiB
2026/04/15 22:30:14.894, 0 %, 0 MiB, 81920 MiB
2026/04/15 22:30:19.895, 0 %, 61695 MiB, 81920 MiB
2026/04/15 22:30:19.895, 0 %, 0 MiB, 81920 MiB
2026/04/15 22:30:24.895, 0 %, 61695 MiB, 81920 MiB
2026/04/15 22:30:24.895, 0 %, 0 MiB, 81920 MiB
2026/04/15 22:30:29.896, 0 %, 61695 MiB, 81920 MiB
2026/04/15 22:30:29.896, 0 %, 0 MiB, 81920 MiB
2026/04/15 22:30:34.897, 0 %, 61695 MiB, 81920 MiB
2026/04/15 22:30:34.897, 0 %, 0 MiB, 81920 MiB
2026/04/15 22:30:39.897, 0 %, 61695 MiB, 81920 MiB
2026/04/15 22:30:39.897, 0 %, 0 MiB, 81920 MiB
2026/04/15 22:30:44.898, 0 %, 61695 MiB, 81920 MiB
2026/04/15 22:30:44.898, 0 %, 0 MiB, 81920 MiB
2026/04/15 22:30:49.899, 0 %, 61695 MiB, 81920 MiB
2026/04/15 22:30:49.899, 0 %, 0 MiB, 81920 MiB
2026/04/15 22:30:54.899, 0 %, 61695 MiB, 81920 MiB
2026/04/15 22:30:54.899, 0 %, 0 MiB, 81920 MiB
2026/04/15 22:30:59.900, 0 %, 61695 MiB, 81920 MiB
2026/04/15 22:30:59.900, 0 %, 0 MiB, 81920 MiB
2026/04/15 22:31:04.901, 0 %, 61695 MiB, 81920 MiB
2026/04/15 22:31:04.901, 0 %, 0 MiB, 81920 MiB
2026/04/15 22:31:09.901, 0 %, 61695 MiB, 81920 MiB
2026/04/15 22:31:09.902, 0 %, 0 MiB, 81920 MiB
2026/04/15 22:31:14.902, 0 %, 61695 MiB, 81920 MiB
2026/04/15 22:31:14.902, 0 %, 0 MiB, 81920 MiB
2026/04/15 22:31:19.903, 0 %, 61695 MiB, 81920 MiB
2026/04/15 22:31:19.903, 0 %, 0 MiB, 81920 MiB
2026/04/15 22:31:24.903, 0 %, 61695 MiB, 81920 MiB
2026/04/15 22:31:24.904, 0 %, 0 MiB, 81920 MiB
2026/04/15 22:31:29.904, 0 %, 61695 MiB, 81920 MiB
2026/04/15 22:31:29.904, 0 %, 0 MiB, 81920 MiB
2026/04/15 22:31:34.905, 0 %, 61695 MiB, 81920 MiB
2026/04/15 22:31:34.905, 0 %, 0 MiB, 81920 MiB
2026/04/15 22:31:39.905, 0 %, 61695 MiB, 81920 MiB
2026/04/15 22:31:39.906, 0 %, 0 MiB, 81920 MiB
2026/04/15 22:31:44.906, 0 %, 61695 MiB, 81920 MiB
2026/04/15 22:31:44.906, 0 %, 0 MiB, 81920 MiB
2026/04/15 22:31:49.907, 0 %, 61695 MiB, 81920 MiB
2026/04/15 22:31:49.907, 0 %, 0 MiB, 81920 MiB
2026/04/15 22:31:54.908, 0 %, 61695 MiB, 81920 MiB
2026/04/15 22:31:54.908, 0 %, 0 MiB, 81920 MiB
2026/04/15 22:31:59.908, 0 %, 61695 MiB, 81920 MiB
2026/04/15 22:31:59.908, 0 %, 0 MiB, 81920 MiB
2026/04/15 22:32:04.915, 0 %, 61695 MiB, 81920 MiB
2026/04/15 22:32:04.915, 0 %, 0 MiB, 81920 MiB
2026/04/15 22:32:09.916, 0 %, 61695 MiB, 81920 MiB
2026/04/15 22:32:09.916, 0 %, 0 MiB, 81920 MiB
2026/04/15 22:32:14.917, 0 %, 61695 MiB, 81920 MiB
2026/04/15 22:32:14.917, 0 %, 0 MiB, 81920 MiB
2026/04/15 22:32:19.918, 0 %, 61695 MiB, 81920 MiB
2026/04/15 22:32:19.918, 0 %, 0 MiB, 81920 MiB
2026/04/15 22:32:24.918, 0 %, 61695 MiB, 81920 MiB
2026/04/15 22:32:24.919, 0 %, 0 MiB, 81920 MiB
2026/04/15 22:32:29.919, 0 %, 61695 MiB, 81920 MiB
2026/04/15 22:32:29.919, 0 %, 0 MiB, 81920 MiB
2026/04/15 22:32:34.920, 0 %, 61695 MiB, 81920 MiB
2026/04/15 22:32:34.921, 0 %, 0 MiB, 81920 MiB
2026/04/15 22:32:39.921, 0 %, 61695 MiB, 81920 MiB
2026/04/15 22:32:39.922, 0 %, 0 MiB, 81920 MiB
2026/04/15 22:32:44.923, 0 %, 61695 MiB, 81920 MiB
2026/04/15 22:32:44.923, 0 %, 0 MiB, 81920 MiB
2026/04/15 22:32:49.924, 0 %, 61695 MiB, 81920 MiB
2026/04/15 22:32:49.925, 0 %, 0 MiB, 81920 MiB
2026/04/15 22:32:54.925, 0 %, 61695 MiB, 81920 MiB
2026/04/15 22:32:54.926, 0 %, 0 MiB, 81920 MiB
2026/04/15 22:32:59.926, 0 %, 61695 MiB, 81920 MiB
2026/04/15 22:32:59.927, 0 %, 0 MiB, 81920 MiB
2026/04/15 22:33:04.927, 0 %, 61695 MiB, 81920 MiB
2026/04/15 22:33:04.927, 0 %, 0 MiB, 81920 MiB
2026/04/15 22:33:09.928, 0 %, 61695 MiB, 81920 MiB
2026/04/15 22:33:09.928, 0 %, 0 MiB, 81920 MiB
2026/04/15 22:33:14.929, 0 %, 61695 MiB, 81920 MiB
2026/04/15 22:33:14.929, 0 %, 0 MiB, 81920 MiB
2026/04/15 22:33:19.930, 0 %, 61695 MiB, 81920 MiB
2026/04/15 22:33:19.930, 0 %, 0 MiB, 81920 MiB
2026/04/15 22:33:24.931, 0 %, 61695 MiB, 81920 MiB
2026/04/15 22:33:24.931, 0 %, 0 MiB, 81920 MiB
2026/04/15 22:33:29.932, 0 %, 61695 MiB, 81920 MiB
2026/04/15 22:33:29.933, 0 %, 0 MiB, 81920 MiB
2026/04/15 22:33:34.933, 0 %, 61695 MiB, 81920 MiB
2026/04/15 22:33:34.934, 0 %, 0 MiB, 81920 MiB
2026/04/15 22:33:39.934, 0 %, 61695 MiB, 81920 MiB
2026/04/15 22:33:39.935, 0 %, 0 MiB, 81920 MiB
2026/04/15 22:33:44.935, 0 %, 61695 MiB, 81920 MiB
2026/04/15 22:33:44.936, 0 %, 0 MiB, 81920 MiB
2026/04/15 22:33:49.936, 0 %, 61695 MiB, 81920 MiB
2026/04/15 22:33:49.937, 0 %, 0 MiB, 81920 MiB
2026/04/15 22:33:54.937, 0 %, 61695 MiB, 81920 MiB
2026/04/15 22:33:54.937, 0 %, 0 MiB, 81920 MiB
2026/04/15 22:33:59.938, 0 %, 61695 MiB, 81920 MiB
2026/04/15 22:33:59.938, 0 %, 0 MiB, 81920 MiB
2026/04/15 22:34:04.939, 0 %, 61695 MiB, 81920 MiB
2026/04/15 22:34:04.939, 0 %, 0 MiB, 81920 MiB
2026/04/15 22:34:09.940, 0 %, 61695 MiB, 81920 MiB
2026/04/15 22:34:09.940, 0 %, 0 MiB, 81920 MiB
2026/04/15 22:34:14.941, 0 %, 61695 MiB, 81920 MiB
2026/04/15 22:34:14.941, 0 %, 0 MiB, 81920 MiB
2026/04/15 22:34:19.942, 0 %, 61695 MiB, 81920 MiB
2026/04/15 22:34:19.942, 0 %, 0 MiB, 81920 MiB
2026/04/15 22:34:24.943, 0 %, 61695 MiB, 81920 MiB
2026/04/15 22:34:24.943, 0 %, 0 MiB, 81920 MiB
2026/04/15 22:34:29.944, 0 %, 61695 MiB, 81920 MiB
2026/04/15 22:34:29.944, 0 %, 0 MiB, 81920 MiB
2026/04/15 22:34:34.944, 0 %, 61695 MiB, 81920 MiB
2026/04/15 22:34:34.945, 0 %, 0 MiB, 81920 MiB
2026/04/15 22:34:39.945, 0 %, 61695 MiB, 81920 MiB
2026/04/15 22:34:39.946, 0 %, 0 MiB, 81920 MiB
2026/04/15 22:34:44.946, 0 %, 61695 MiB, 81920 MiB
2026/04/15 22:34:44.947, 0 %, 0 MiB, 81920 MiB
2026/04/15 22:34:49.947, 0 %, 61695 MiB, 81920 MiB
2026/04/15 22:34:49.948, 0 %, 0 MiB, 81920 MiB
2026/04/15 22:34:54.949, 0 %, 61695 MiB, 81920 MiB
2026/04/15 22:34:54.949, 0 %, 0 MiB, 81920 MiB
2026/04/15 22:34:59.950, 0 %, 61695 MiB, 81920 MiB
2026/04/15 22:34:59.950, 0 %, 0 MiB, 81920 MiB
2026/04/15 22:35:04.951, 0 %, 61695 MiB, 81920 MiB
2026/04/15 22:35:04.951, 0 %, 0 MiB, 81920 MiB
2026/04/15 22:35:09.952, 0 %, 61695 MiB, 81920 MiB
2026/04/15 22:35:09.952, 0 %, 0 MiB, 81920 MiB
2026/04/15 22:35:14.953, 0 %, 61695 MiB, 81920 MiB
2026/04/15 22:35:14.954, 0 %, 0 MiB, 81920 MiB
2026/04/15 22:35:19.955, 0 %, 61729 MiB, 81920 MiB
2026/04/15 22:35:19.955, 0 %, 0 MiB, 81920 MiB
2026/04/15 22:35:24.956, 1 %, 61729 MiB, 81920 MiB
2026/04/15 22:35:24.956, 0 %, 0 MiB, 81920 MiB
2026/04/15 22:35:29.957, 0 %, 61729 MiB, 81920 MiB
2026/04/15 22:35:29.957, 0 %, 0 MiB, 81920 MiB
2026/04/15 22:35:34.957, 0 %, 61729 MiB, 81920 MiB
2026/04/15 22:35:34.958, 0 %, 0 MiB, 81920 MiB
2026/04/15 22:35:39.958, 0 %, 61729 MiB, 81920 MiB
2026/04/15 22:35:39.959, 0 %, 0 MiB, 81920 MiB
2026/04/15 22:35:44.959, 36 %, 61729 MiB, 81920 MiB
2026/04/15 22:35:44.960, 0 %, 0 MiB, 81920 MiB
2026/04/15 22:35:49.960, 36 %, 61765 MiB, 81920 MiB
2026/04/15 22:35:49.961, 0 %, 0 MiB, 81920 MiB
2026/04/15 22:35:54.961, 0 %, 61729 MiB, 81920 MiB
2026/04/15 22:35:54.961, 0 %, 0 MiB, 81920 MiB
2026/04/15 22:35:59.962, 0 %, 61729 MiB, 81920 MiB
2026/04/15 22:35:59.962, 0 %, 0 MiB, 81920 MiB
2026/04/15 22:36:04.963, 0 %, 61729 MiB, 81920 MiB
2026/04/15 22:36:04.963, 0 %, 0 MiB, 81920 MiB
2026/04/15 22:36:09.964, 0 %, 61729 MiB, 81920 MiB
2026/04/15 22:36:09.964, 0 %, 0 MiB, 81920 MiB
2026/04/15 22:36:14.965, 0 %, 61729 MiB, 81920 MiB
2026/04/15 22:36:14.965, 0 %, 0 MiB, 81920 MiB
2026/04/15 22:36:19.966, 0 %, 61729 MiB, 81920 MiB
2026/04/15 22:36:19.966, 0 %, 0 MiB, 81920 MiB
2026/04/15 22:36:24.967, 0 %, 61729 MiB, 81920 MiB
2026/04/15 22:36:24.967, 0 %, 0 MiB, 81920 MiB
2026/04/15 22:36:29.968, 0 %, 61729 MiB, 81920 MiB
2026/04/15 22:36:29.968, 0 %, 0 MiB, 81920 MiB
2026/04/15 22:36:34.969, 0 %, 61729 MiB, 81920 MiB
2026/04/15 22:36:34.969, 0 %, 0 MiB, 81920 MiB
2026/04/15 22:36:39.970, 0 %, 61729 MiB, 81920 MiB
2026/04/15 22:36:39.970, 0 %, 0 MiB, 81920 MiB
2026/04/15 22:36:44.971, 0 %, 61729 MiB, 81920 MiB
2026/04/15 22:36:44.971, 0 %, 0 MiB, 81920 MiB
2026/04/15 22:36:49.972, 0 %, 61729 MiB, 81920 MiB
2026/04/15 22:36:49.972, 0 %, 0 MiB, 81920 MiB
2026/04/15 22:36:54.972, 0 %, 61729 MiB, 81920 MiB
2026/04/15 22:36:54.973, 0 %, 0 MiB, 81920 MiB
2026/04/15 22:36:59.973, 0 %, 61729 MiB, 81920 MiB
2026/04/15 22:36:59.973, 0 %, 0 MiB, 81920 MiB
2026/04/15 22:37:04.974, 0 %, 61729 MiB, 81920 MiB
2026/04/15 22:37:04.974, 0 %, 0 MiB, 81920 MiB
2026/04/15 22:37:09.975, 0 %, 61729 MiB, 81920 MiB
2026/04/15 22:37:09.975, 0 %, 0 MiB, 81920 MiB
2026/04/15 22:37:14.976, 0 %, 61729 MiB, 81920 MiB
2026/04/15 22:37:14.976, 0 %, 0 MiB, 81920 MiB
2026/04/15 22:37:19.977, 0 %, 61729 MiB, 81920 MiB
2026/04/15 22:37:19.977, 0 %, 0 MiB, 81920 MiB
2026/04/15 22:37:24.978, 0 %, 61729 MiB, 81920 MiB
2026/04/15 22:37:24.978, 0 %, 0 MiB, 81920 MiB
2026/04/15 22:37:29.979, 0 %, 61729 MiB, 81920 MiB
2026/04/15 22:37:29.979, 0 %, 0 MiB, 81920 MiB
2026/04/15 22:37:34.980, 0 %, 61729 MiB, 81920 MiB
2026/04/15 22:37:34.980, 0 %, 0 MiB, 81920 MiB
2026/04/15 22:37:39.981, 0 %, 61729 MiB, 81920 MiB
2026/04/15 22:37:39.981, 0 %, 0 MiB, 81920 MiB
2026/04/15 22:37:44.982, 0 %, 61729 MiB, 81920 MiB
2026/04/15 22:37:44.982, 0 %, 0 MiB, 81920 MiB
2026/04/15 22:37:49.982, 0 %, 61729 MiB, 81920 MiB
2026/04/15 22:37:49.983, 0 %, 0 MiB, 81920 MiB
2026/04/15 22:37:54.983, 0 %, 61729 MiB, 81920 MiB
2026/04/15 22:37:54.984, 0 %, 0 MiB, 81920 MiB
2026/04/15 22:37:59.984, 0 %, 61729 MiB, 81920 MiB
2026/04/15 22:37:59.984, 0 %, 0 MiB, 81920 MiB
2026/04/15 22:38:04.985, 0 %, 61729 MiB, 81920 MiB
2026/04/15 22:38:04.985, 0 %, 0 MiB, 81920 MiB
2026/04/15 22:38:09.986, 0 %, 61729 MiB, 81920 MiB
2026/04/15 22:38:09.986, 0 %, 0 MiB, 81920 MiB
2026/04/15 22:38:14.987, 0 %, 61729 MiB, 81920 MiB
2026/04/15 22:38:14.987, 0 %, 0 MiB, 81920 MiB
2026/04/15 22:38:19.988, 0 %, 61729 MiB, 81920 MiB
2026/04/15 22:38:19.988, 0 %, 0 MiB, 81920 MiB
2026/04/15 22:38:24.989, 0 %, 61729 MiB, 81920 MiB
2026/04/15 22:38:24.989, 0 %, 0 MiB, 81920 MiB
2026/04/15 22:38:29.990, 0 %, 61729 MiB, 81920 MiB
2026/04/15 22:38:29.990, 0 %, 0 MiB, 81920 MiB
2026/04/15 22:38:34.991, 0 %, 61729 MiB, 81920 MiB
2026/04/15 22:38:34.991, 0 %, 0 MiB, 81920 MiB
2026/04/15 22:38:39.992, 0 %, 61729 MiB, 81920 MiB
2026/04/15 22:38:39.992, 0 %, 0 MiB, 81920 MiB
2026/04/15 22:38:44.993, 0 %, 61729 MiB, 81920 MiB
2026/04/15 22:38:44.993, 0 %, 0 MiB, 81920 MiB
2026/04/15 22:38:49.994, 0 %, 61729 MiB, 81920 MiB
2026/04/15 22:38:49.994, 0 %, 0 MiB, 81920 MiB
2026/04/15 22:38:54.994, 0 %, 61729 MiB, 81920 MiB
2026/04/15 22:38:54.995, 0 %, 0 MiB, 81920 MiB
2026/04/15 22:38:59.995, 0 %, 61729 MiB, 81920 MiB
2026/04/15 22:38:59.995, 0 %, 0 MiB, 81920 MiB
2026/04/15 22:39:04.996, 0 %, 61729 MiB, 81920 MiB
2026/04/15 22:39:04.996, 0 %, 0 MiB, 81920 MiB
2026/04/15 22:39:09.997, 0 %, 61729 MiB, 81920 MiB
2026/04/15 22:39:09.997, 0 %, 0 MiB, 81920 MiB
2026/04/15 22:39:14.998, 0 %, 61729 MiB, 81920 MiB
2026/04/15 22:39:14.998, 0 %, 0 MiB, 81920 MiB
2026/04/15 22:39:19.999, 0 %, 61729 MiB, 81920 MiB
2026/04/15 22:39:19.999, 0 %, 0 MiB, 81920 MiB
2026/04/15 22:39:25.000, 0 %, 61729 MiB, 81920 MiB
2026/04/15 22:39:25.000, 0 %, 0 MiB, 81920 MiB
2026/04/15 22:39:30.001, 0 %, 61729 MiB, 81920 MiB
2026/04/15 22:39:30.001, 0 %, 0 MiB, 81920 MiB
2026/04/15 22:39:35.002, 0 %, 61729 MiB, 81920 MiB
2026/04/15 22:39:35.002, 0 %, 0 MiB, 81920 MiB
2026/04/15 22:39:40.003, 0 %, 61729 MiB, 81920 MiB
2026/04/15 22:39:40.003, 0 %, 0 MiB, 81920 MiB
2026/04/15 22:39:45.004, 0 %, 61729 MiB, 81920 MiB
2026/04/15 22:39:45.004, 0 %, 0 MiB, 81920 MiB
2026/04/15 22:39:50.004, 0 %, 61729 MiB, 81920 MiB
2026/04/15 22:39:50.005, 0 %, 0 MiB, 81920 MiB
2026/04/15 22:39:55.005, 0 %, 61729 MiB, 81920 MiB
2026/04/15 22:39:55.006, 0 %, 0 MiB, 81920 MiB
2026/04/15 22:40:00.006, 0 %, 61729 MiB, 81920 MiB
2026/04/15 22:40:00.006, 0 %, 0 MiB, 81920 MiB
2026/04/15 22:40:05.007, 0 %, 61729 MiB, 81920 MiB
2026/04/15 22:40:05.007, 0 %, 0 MiB, 81920 MiB
2026/04/15 22:40:10.008, 0 %, 61729 MiB, 81920 MiB
2026/04/15 22:40:10.008, 0 %, 0 MiB, 81920 MiB
2026/04/15 22:40:15.009, 0 %, 61729 MiB, 81920 MiB
2026/04/15 22:40:15.009, 0 %, 0 MiB, 81920 MiB
2026/04/15 22:40:20.010, 0 %, 61729 MiB, 81920 MiB
2026/04/15 22:40:20.010, 0 %, 0 MiB, 81920 MiB
2026/04/15 22:40:25.011, 0 %, 61729 MiB, 81920 MiB
2026/04/15 22:40:25.011, 0 %, 0 MiB, 81920 MiB
2026/04/15 22:40:30.012, 0 %, 61729 MiB, 81920 MiB
2026/04/15 22:40:30.012, 0 %, 0 MiB, 81920 MiB
2026/04/15 22:40:35.013, 0 %, 61729 MiB, 81920 MiB
2026/04/15 22:40:35.013, 0 %, 0 MiB, 81920 MiB
2026/04/15 22:40:40.014, 0 %, 61729 MiB, 81920 MiB
2026/04/15 22:40:40.014, 0 %, 0 MiB, 81920 MiB
2026/04/15 22:40:45.015, 0 %, 61729 MiB, 81920 MiB
2026/04/15 22:40:45.015, 0 %, 0 MiB, 81920 MiB
2026/04/15 22:40:50.016, 0 %, 61729 MiB, 81920 MiB
2026/04/15 22:40:50.016, 0 %, 0 MiB, 81920 MiB
2026/04/15 22:40:55.016, 0 %, 61729 MiB, 81920 MiB
2026/04/15 22:40:55.017, 0 %, 0 MiB, 81920 MiB
2026/04/15 22:41:00.017, 0 %, 61729 MiB, 81920 MiB
2026/04/15 22:41:00.017, 0 %, 0 MiB, 81920 MiB
2026/04/15 22:41:05.018, 0 %, 61729 MiB, 81920 MiB
2026/04/15 22:41:05.018, 0 %, 0 MiB, 81920 MiB
2026/04/15 22:41:10.019, 0 %, 61729 MiB, 81920 MiB
2026/04/15 22:41:10.019, 0 %, 0 MiB, 81920 MiB
2026/04/15 22:41:15.020, 0 %, 61729 MiB, 81920 MiB
2026/04/15 22:41:15.020, 0 %, 0 MiB, 81920 MiB
2026/04/15 22:41:20.021, 0 %, 61729 MiB, 81920 MiB
2026/04/15 22:41:20.021, 0 %, 0 MiB, 81920 MiB
2026/04/15 22:41:25.022, 0 %, 61729 MiB, 81920 MiB
2026/04/15 22:41:25.022, 0 %, 0 MiB, 81920 MiB
2026/04/15 22:41:30.023, 0 %, 61729 MiB, 81920 MiB
2026/04/15 22:41:30.023, 0 %, 0 MiB, 81920 MiB
2026/04/15 22:41:35.024, 0 %, 61729 MiB, 81920 MiB
2026/04/15 22:41:35.024, 0 %, 0 MiB, 81920 MiB
2026/04/15 22:41:40.025, 0 %, 61729 MiB, 81920 MiB
2026/04/15 22:41:40.025, 0 %, 0 MiB, 81920 MiB
2026/04/15 22:41:45.026, 0 %, 61729 MiB, 81920 MiB
2026/04/15 22:41:45.026, 0 %, 0 MiB, 81920 MiB
2026/04/15 22:41:50.026, 0 %, 61729 MiB, 81920 MiB
2026/04/15 22:41:50.027, 0 %, 0 MiB, 81920 MiB
2026/04/15 22:41:55.027, 0 %, 61729 MiB, 81920 MiB
2026/04/15 22:41:55.027, 0 %, 0 MiB, 81920 MiB
2026/04/15 22:42:00.028, 0 %, 61729 MiB, 81920 MiB
2026/04/15 22:42:00.028, 0 %, 0 MiB, 81920 MiB
2026/04/15 22:42:05.029, 0 %, 61729 MiB, 81920 MiB
2026/04/15 22:42:05.029, 0 %, 0 MiB, 81920 MiB
2026/04/15 22:42:10.030, 0 %, 61729 MiB, 81920 MiB
2026/04/15 22:42:10.030, 0 %, 0 MiB, 81920 MiB
2026/04/15 22:42:15.031, 0 %, 61729 MiB, 81920 MiB
2026/04/15 22:42:15.031, 0 %, 0 MiB, 81920 MiB
2026/04/15 22:42:20.032, 0 %, 61729 MiB, 81920 MiB
2026/04/15 22:42:20.032, 0 %, 0 MiB, 81920 MiB
2026/04/15 22:42:25.033, 0 %, 61729 MiB, 81920 MiB
2026/04/15 22:42:25.033, 0 %, 0 MiB, 81920 MiB
2026/04/15 22:42:30.034, 0 %, 61729 MiB, 81920 MiB
2026/04/15 22:42:30.034, 0 %, 0 MiB, 81920 MiB
2026/04/15 22:42:35.035, 0 %, 61729 MiB, 81920 MiB
2026/04/15 22:42:35.035, 0 %, 0 MiB, 81920 MiB
2026/04/15 22:42:40.036, 0 %, 61729 MiB, 81920 MiB
2026/04/15 22:42:40.036, 0 %, 0 MiB, 81920 MiB
2026/04/15 22:42:45.036, 0 %, 61729 MiB, 81920 MiB
2026/04/15 22:42:45.037, 0 %, 0 MiB, 81920 MiB
2026/04/15 22:42:50.037, 0 %, 61729 MiB, 81920 MiB
2026/04/15 22:42:50.037, 0 %, 0 MiB, 81920 MiB
2026/04/15 22:42:55.038, 0 %, 61729 MiB, 81920 MiB
2026/04/15 22:42:55.038, 0 %, 0 MiB, 81920 MiB
2026/04/15 22:43:00.039, 0 %, 61729 MiB, 81920 MiB
2026/04/15 22:43:00.039, 0 %, 0 MiB, 81920 MiB
2026/04/15 22:43:05.040, 0 %, 61729 MiB, 81920 MiB
2026/04/15 22:43:05.040, 0 %, 0 MiB, 81920 MiB
2026/04/15 22:43:10.041, 0 %, 61729 MiB, 81920 MiB
2026/04/15 22:43:10.041, 0 %, 0 MiB, 81920 MiB
2026/04/15 22:43:15.042, 0 %, 61729 MiB, 81920 MiB
2026/04/15 22:43:15.042, 0 %, 0 MiB, 81920 MiB
2026/04/15 22:43:20.043, 0 %, 61729 MiB, 81920 MiB
2026/04/15 22:43:20.043, 0 %, 0 MiB, 81920 MiB
2026/04/15 22:43:25.044, 0 %, 61729 MiB, 81920 MiB
2026/04/15 22:43:25.044, 0 %, 0 MiB, 81920 MiB
2026/04/15 22:43:30.045, 0 %, 61729 MiB, 81920 MiB
2026/04/15 22:43:30.045, 0 %, 0 MiB, 81920 MiB
2026/04/15 22:43:35.046, 0 %, 61729 MiB, 81920 MiB
2026/04/15 22:43:35.046, 0 %, 0 MiB, 81920 MiB
2026/04/15 22:43:40.047, 0 %, 61729 MiB, 81920 MiB
2026/04/15 22:43:40.047, 0 %, 0 MiB, 81920 MiB
2026/04/15 22:43:45.047, 0 %, 61729 MiB, 81920 MiB
2026/04/15 22:43:45.048, 0 %, 0 MiB, 81920 MiB
2026/04/15 22:43:50.048, 0 %, 61729 MiB, 81920 MiB
2026/04/15 22:43:50.048, 0 %, 0 MiB, 81920 MiB
2026/04/15 22:43:55.049, 0 %, 61729 MiB, 81920 MiB
2026/04/15 22:43:55.049, 0 %, 0 MiB, 81920 MiB
2026/04/15 22:44:00.050, 0 %, 61729 MiB, 81920 MiB
2026/04/15 22:44:00.050, 0 %, 0 MiB, 81920 MiB
2026/04/15 22:44:05.051, 0 %, 61729 MiB, 81920 MiB
2026/04/15 22:44:05.051, 0 %, 0 MiB, 81920 MiB
2026/04/15 22:44:10.052, 0 %, 61729 MiB, 81920 MiB
2026/04/15 22:44:10.052, 0 %, 0 MiB, 81920 MiB
2026/04/15 22:44:15.053, 0 %, 61729 MiB, 81920 MiB
2026/04/15 22:44:15.053, 0 %, 0 MiB, 81920 MiB
2026/04/15 22:44:20.054, 0 %, 61729 MiB, 81920 MiB
2026/04/15 22:44:20.054, 0 %, 0 MiB, 81920 MiB
2026/04/15 22:44:25.055, 0 %, 61729 MiB, 81920 MiB
2026/04/15 22:44:25.055, 0 %, 0 MiB, 81920 MiB
2026/04/15 22:44:30.056, 0 %, 61729 MiB, 81920 MiB
2026/04/15 22:44:30.056, 0 %, 0 MiB, 81920 MiB
2026/04/15 22:44:35.057, 0 %, 61729 MiB, 81920 MiB
2026/04/15 22:44:35.057, 0 %, 0 MiB, 81920 MiB
2026/04/15 22:44:40.058, 0 %, 61729 MiB, 81920 MiB
2026/04/15 22:44:40.058, 0 %, 0 MiB, 81920 MiB
2026/04/15 22:44:45.058, 0 %, 61729 MiB, 81920 MiB
2026/04/15 22:44:45.059, 0 %, 0 MiB, 81920 MiB
2026/04/15 22:44:50.059, 0 %, 61729 MiB, 81920 MiB
2026/04/15 22:44:50.059, 0 %, 0 MiB, 81920 MiB
2026/04/15 22:44:55.060, 0 %, 61729 MiB, 81920 MiB
2026/04/15 22:44:55.060, 0 %, 0 MiB, 81920 MiB
2026/04/15 22:45:00.061, 0 %, 61729 MiB, 81920 MiB
2026/04/15 22:45:00.061, 0 %, 0 MiB, 81920 MiB
2026/04/15 22:45:05.062, 0 %, 61729 MiB, 81920 MiB
2026/04/15 22:45:05.062, 0 %, 0 MiB, 81920 MiB
2026/04/15 22:45:10.063, 0 %, 61729 MiB, 81920 MiB
2026/04/15 22:45:10.063, 0 %, 0 MiB, 81920 MiB
2026/04/15 22:45:15.064, 0 %, 61729 MiB, 81920 MiB
2026/04/15 22:45:15.064, 0 %, 0 MiB, 81920 MiB
2026/04/15 22:45:20.065, 0 %, 61729 MiB, 81920 MiB
2026/04/15 22:45:20.065, 0 %, 0 MiB, 81920 MiB
2026/04/15 22:45:25.066, 0 %, 61729 MiB, 81920 MiB
2026/04/15 22:45:25.066, 0 %, 0 MiB, 81920 MiB
2026/04/15 22:45:30.067, 0 %, 61729 MiB, 81920 MiB
2026/04/15 22:45:30.067, 0 %, 0 MiB, 81920 MiB
2026/04/15 22:45:35.068, 0 %, 61729 MiB, 81920 MiB
2026/04/15 22:45:35.068, 0 %, 0 MiB, 81920 MiB
2026/04/15 22:45:40.069, 0 %, 61729 MiB, 81920 MiB
2026/04/15 22:45:40.069, 0 %, 0 MiB, 81920 MiB
2026/04/15 22:45:45.069, 0 %, 61729 MiB, 81920 MiB
2026/04/15 22:45:45.070, 0 %, 0 MiB, 81920 MiB
2026/04/15 22:45:50.070, 0 %, 61729 MiB, 81920 MiB
2026/04/15 22:45:50.070, 0 %, 0 MiB, 81920 MiB
2026/04/15 22:45:55.071, 0 %, 61729 MiB, 81920 MiB
2026/04/15 22:45:55.071, 0 %, 0 MiB, 81920 MiB
2026/04/15 22:46:00.072, 0 %, 61729 MiB, 81920 MiB
2026/04/15 22:46:00.072, 0 %, 0 MiB, 81920 MiB
2026/04/15 22:46:05.073, 0 %, 61729 MiB, 81920 MiB
2026/04/15 22:46:05.073, 0 %, 0 MiB, 81920 MiB
2026/04/15 22:46:10.074, 0 %, 61729 MiB, 81920 MiB
2026/04/15 22:46:10.074, 0 %, 0 MiB, 81920 MiB
2026/04/15 22:46:15.075, 0 %, 61729 MiB, 81920 MiB
2026/04/15 22:46:15.075, 0 %, 0 MiB, 81920 MiB
2026/04/15 22:46:20.076, 0 %, 61729 MiB, 81920 MiB
2026/04/15 22:46:20.076, 0 %, 0 MiB, 81920 MiB
2026/04/15 22:46:25.077, 0 %, 61729 MiB, 81920 MiB
2026/04/15 22:46:25.077, 0 %, 0 MiB, 81920 MiB
2026/04/15 22:46:30.078, 0 %, 61729 MiB, 81920 MiB
2026/04/15 22:46:30.078, 0 %, 0 MiB, 81920 MiB
2026/04/15 22:46:35.079, 0 %, 61729 MiB, 81920 MiB
2026/04/15 22:46:35.079, 0 %, 0 MiB, 81920 MiB
2026/04/15 22:46:40.080, 0 %, 61729 MiB, 81920 MiB
2026/04/15 22:46:40.080, 0 %, 0 MiB, 81920 MiB
2026/04/15 22:46:45.080, 0 %, 61729 MiB, 81920 MiB
2026/04/15 22:46:45.081, 0 %, 0 MiB, 81920 MiB
2026/04/15 22:46:50.081, 0 %, 61729 MiB, 81920 MiB
2026/04/15 22:46:50.082, 0 %, 0 MiB, 81920 MiB
2026/04/15 22:46:55.083, 0 %, 61729 MiB, 81920 MiB
2026/04/15 22:46:55.083, 0 %, 0 MiB, 81920 MiB
2026/04/15 22:47:00.084, 0 %, 61729 MiB, 81920 MiB
2026/04/15 22:47:00.084, 0 %, 0 MiB, 81920 MiB
2026/04/15 22:47:05.084, 0 %, 61729 MiB, 81920 MiB
2026/04/15 22:47:05.085, 0 %, 0 MiB, 81920 MiB
2026/04/15 22:47:10.085, 0 %, 61729 MiB, 81920 MiB
2026/04/15 22:47:10.085, 0 %, 0 MiB, 81920 MiB
2026/04/15 22:47:15.086, 0 %, 61729 MiB, 81920 MiB
2026/04/15 22:47:15.086, 0 %, 0 MiB, 81920 MiB
2026/04/15 22:47:20.087, 0 %, 61729 MiB, 81920 MiB
2026/04/15 22:47:20.087, 0 %, 0 MiB, 81920 MiB
2026/04/15 22:47:25.087, 0 %, 61729 MiB, 81920 MiB
2026/04/15 22:47:25.088, 0 %, 0 MiB, 81920 MiB
2026/04/15 22:47:30.088, 0 %, 61729 MiB, 81920 MiB
2026/04/15 22:47:30.089, 0 %, 0 MiB, 81920 MiB
2026/04/15 22:47:35.089, 0 %, 61729 MiB, 81920 MiB
2026/04/15 22:47:35.090, 0 %, 0 MiB, 81920 MiB
2026/04/15 22:47:40.091, 0 %, 61729 MiB, 81920 MiB
2026/04/15 22:47:40.091, 0 %, 0 MiB, 81920 MiB
2026/04/15 22:47:45.092, 0 %, 61729 MiB, 81920 MiB
2026/04/15 22:47:45.092, 0 %, 0 MiB, 81920 MiB
2026/04/15 22:47:50.093, 0 %, 61729 MiB, 81920 MiB
2026/04/15 22:47:50.093, 0 %, 0 MiB, 81920 MiB
2026/04/15 22:47:55.094, 0 %, 61729 MiB, 81920 MiB
2026/04/15 22:47:55.094, 0 %, 0 MiB, 81920 MiB
2026/04/15 22:48:00.095, 0 %, 61729 MiB, 81920 MiB
2026/04/15 22:48:00.095, 0 %, 0 MiB, 81920 MiB
2026/04/15 22:48:05.096, 0 %, 61729 MiB, 81920 MiB
2026/04/15 22:48:05.096, 0 %, 0 MiB, 81920 MiB
2026/04/15 22:48:10.097, 0 %, 61729 MiB, 81920 MiB
2026/04/15 22:48:10.097, 0 %, 0 MiB, 81920 MiB
2026/04/15 22:48:15.098, 0 %, 61729 MiB, 81920 MiB
2026/04/15 22:48:15.098, 0 %, 0 MiB, 81920 MiB
2026/04/15 22:48:20.099, 0 %, 61729 MiB, 81920 MiB
2026/04/15 22:48:20.099, 0 %, 0 MiB, 81920 MiB
2026/04/15 22:48:25.100, 0 %, 61729 MiB, 81920 MiB
2026/04/15 22:48:25.100, 0 %, 0 MiB, 81920 MiB
2026/04/15 22:48:30.101, 0 %, 61729 MiB, 81920 MiB
2026/04/15 22:48:30.101, 0 %, 0 MiB, 81920 MiB
2026/04/15 22:48:35.102, 0 %, 61729 MiB, 81920 MiB
2026/04/15 22:48:35.102, 0 %, 0 MiB, 81920 MiB
2026/04/15 22:48:40.103, 0 %, 61729 MiB, 81920 MiB
2026/04/15 22:48:40.103, 0 %, 0 MiB, 81920 MiB
2026/04/15 22:48:45.103, 0 %, 61729 MiB, 81920 MiB
2026/04/15 22:48:45.104, 0 %, 0 MiB, 81920 MiB
2026/04/15 22:48:50.104, 0 %, 61729 MiB, 81920 MiB
2026/04/15 22:48:50.105, 0 %, 0 MiB, 81920 MiB
2026/04/15 22:48:55.105, 0 %, 61729 MiB, 81920 MiB
2026/04/15 22:48:55.105, 0 %, 0 MiB, 81920 MiB
2026/04/15 22:49:00.106, 0 %, 61729 MiB, 81920 MiB
2026/04/15 22:49:00.106, 0 %, 0 MiB, 81920 MiB
2026/04/15 22:49:05.107, 0 %, 61729 MiB, 81920 MiB
2026/04/15 22:49:05.107, 0 %, 0 MiB, 81920 MiB
2026/04/15 22:49:10.108, 0 %, 61729 MiB, 81920 MiB
2026/04/15 22:49:10.108, 0 %, 0 MiB, 81920 MiB
2026/04/15 22:49:15.109, 0 %, 61729 MiB, 81920 MiB
2026/04/15 22:49:15.109, 0 %, 0 MiB, 81920 MiB
2026/04/15 22:49:20.110, 0 %, 61729 MiB, 81920 MiB
2026/04/15 22:49:20.110, 0 %, 0 MiB, 81920 MiB
2026/04/15 22:49:25.111, 0 %, 61729 MiB, 81920 MiB
2026/04/15 22:49:25.111, 0 %, 0 MiB, 81920 MiB
2026/04/15 22:49:30.112, 0 %, 61729 MiB, 81920 MiB
2026/04/15 22:49:30.112, 0 %, 0 MiB, 81920 MiB
2026/04/15 22:49:35.113, 0 %, 61729 MiB, 81920 MiB
2026/04/15 22:49:35.113, 0 %, 0 MiB, 81920 MiB
2026/04/15 22:49:40.114, 0 %, 61729 MiB, 81920 MiB
2026/04/15 22:49:40.114, 0 %, 0 MiB, 81920 MiB
2026/04/15 22:49:45.115, 0 %, 61729 MiB, 81920 MiB
2026/04/15 22:49:45.115, 0 %, 0 MiB, 81920 MiB
2026/04/15 22:49:50.116, 0 %, 61729 MiB, 81920 MiB
2026/04/15 22:49:50.116, 0 %, 0 MiB, 81920 MiB
2026/04/15 22:49:55.117, 0 %, 61729 MiB, 81920 MiB
2026/04/15 22:49:55.117, 0 %, 0 MiB, 81920 MiB
2026/04/15 22:50:00.117, 0 %, 61729 MiB, 81920 MiB
2026/04/15 22:50:00.118, 0 %, 0 MiB, 81920 MiB
2026/04/15 22:50:05.118, 0 %, 61729 MiB, 81920 MiB
2026/04/15 22:50:05.119, 0 %, 0 MiB, 81920 MiB
2026/04/15 22:50:10.119, 0 %, 61729 MiB, 81920 MiB
2026/04/15 22:50:10.119, 0 %, 0 MiB, 81920 MiB
2026/04/15 22:50:15.120, 0 %, 61763 MiB, 81920 MiB
2026/04/15 22:50:15.120, 0 %, 0 MiB, 81920 MiB
2026/04/15 22:50:20.121, 0 %, 61763 MiB, 81920 MiB
2026/04/15 22:50:20.121, 0 %, 0 MiB, 81920 MiB
2026/04/15 22:50:25.122, 22 %, 61763 MiB, 81920 MiB
2026/04/15 22:50:25.122, 0 %, 0 MiB, 81920 MiB
2026/04/15 22:50:30.123, 8 %, 61763 MiB, 81920 MiB
2026/04/15 22:50:30.123, 0 %, 0 MiB, 81920 MiB
2026/04/15 22:50:35.124, 0 %, 61763 MiB, 81920 MiB
2026/04/15 22:50:35.124, 0 %, 0 MiB, 81920 MiB
2026/04/15 22:50:40.125, 0 %, 61763 MiB, 81920 MiB
2026/04/15 22:50:40.125, 0 %, 0 MiB, 81920 MiB
2026/04/15 22:50:45.126, 0 %, 61763 MiB, 81920 MiB
2026/04/15 22:50:45.126, 0 %, 0 MiB, 81920 MiB
2026/04/15 22:50:50.126, 0 %, 61763 MiB, 81920 MiB
2026/04/15 22:50:50.127, 0 %, 0 MiB, 81920 MiB
2026/04/15 22:50:55.127, 0 %, 61763 MiB, 81920 MiB
2026/04/15 22:50:55.128, 0 %, 0 MiB, 81920 MiB
2026/04/15 22:51:00.128, 0 %, 61763 MiB, 81920 MiB
2026/04/15 22:51:00.128, 0 %, 0 MiB, 81920 MiB
2026/04/15 22:51:05.129, 0 %, 61763 MiB, 81920 MiB
2026/04/15 22:51:05.129, 0 %, 0 MiB, 81920 MiB
2026/04/15 22:51:10.130, 0 %, 61763 MiB, 81920 MiB
2026/04/15 22:51:10.130, 0 %, 0 MiB, 81920 MiB
2026/04/15 22:51:15.131, 0 %, 61763 MiB, 81920 MiB
2026/04/15 22:51:15.131, 0 %, 0 MiB, 81920 MiB
2026/04/15 22:51:20.132, 0 %, 61763 MiB, 81920 MiB
2026/04/15 22:51:20.132, 0 %, 0 MiB, 81920 MiB
2026/04/15 22:51:25.133, 0 %, 61763 MiB, 81920 MiB
2026/04/15 22:51:25.133, 0 %, 0 MiB, 81920 MiB
2026/04/15 22:51:30.134, 0 %, 61763 MiB, 81920 MiB
2026/04/15 22:51:30.134, 0 %, 0 MiB, 81920 MiB
2026/04/15 22:51:35.134, 0 %, 61763 MiB, 81920 MiB
2026/04/15 22:51:35.135, 0 %, 0 MiB, 81920 MiB
2026/04/15 22:51:40.135, 0 %, 61763 MiB, 81920 MiB
2026/04/15 22:51:40.136, 0 %, 0 MiB, 81920 MiB
2026/04/15 22:51:45.136, 0 %, 61763 MiB, 81920 MiB
2026/04/15 22:51:45.136, 0 %, 0 MiB, 81920 MiB
2026/04/15 22:51:50.137, 0 %, 61763 MiB, 81920 MiB
2026/04/15 22:51:50.137, 0 %, 0 MiB, 81920 MiB
2026/04/15 22:51:55.138, 0 %, 61763 MiB, 81920 MiB
2026/04/15 22:51:55.138, 0 %, 0 MiB, 81920 MiB
2026/04/15 22:52:00.139, 0 %, 61763 MiB, 81920 MiB
2026/04/15 22:52:00.139, 0 %, 0 MiB, 81920 MiB
2026/04/15 22:52:05.140, 0 %, 61763 MiB, 81920 MiB
2026/04/15 22:52:05.140, 0 %, 0 MiB, 81920 MiB
2026/04/15 22:52:10.141, 0 %, 61763 MiB, 81920 MiB
2026/04/15 22:52:10.141, 0 %, 0 MiB, 81920 MiB
2026/04/15 22:52:15.142, 0 %, 61763 MiB, 81920 MiB
2026/04/15 22:52:15.142, 0 %, 0 MiB, 81920 MiB
2026/04/15 22:52:20.142, 0 %, 61763 MiB, 81920 MiB
2026/04/15 22:52:20.143, 0 %, 0 MiB, 81920 MiB
2026/04/15 22:52:25.143, 0 %, 61763 MiB, 81920 MiB
2026/04/15 22:52:25.143, 0 %, 0 MiB, 81920 MiB
2026/04/15 22:52:30.144, 0 %, 61763 MiB, 81920 MiB
2026/04/15 22:52:30.144, 0 %, 0 MiB, 81920 MiB
2026/04/15 22:52:35.145, 0 %, 61763 MiB, 81920 MiB
2026/04/15 22:52:35.145, 0 %, 0 MiB, 81920 MiB
2026/04/15 22:52:40.146, 0 %, 61763 MiB, 81920 MiB
2026/04/15 22:52:40.146, 0 %, 0 MiB, 81920 MiB
2026/04/15 22:52:45.147, 0 %, 61763 MiB, 81920 MiB
2026/04/15 22:52:45.147, 0 %, 0 MiB, 81920 MiB
2026/04/15 22:52:50.148, 0 %, 61763 MiB, 81920 MiB
2026/04/15 22:52:50.148, 0 %, 0 MiB, 81920 MiB
2026/04/15 22:52:55.149, 0 %, 61763 MiB, 81920 MiB
2026/04/15 22:52:55.149, 0 %, 0 MiB, 81920 MiB
2026/04/15 22:53:00.150, 0 %, 61763 MiB, 81920 MiB
2026/04/15 22:53:00.150, 0 %, 0 MiB, 81920 MiB
2026/04/15 22:53:05.150, 0 %, 61763 MiB, 81920 MiB
2026/04/15 22:53:05.151, 0 %, 0 MiB, 81920 MiB
2026/04/15 22:53:10.151, 0 %, 61763 MiB, 81920 MiB
2026/04/15 22:53:10.152, 0 %, 0 MiB, 81920 MiB
2026/04/15 22:53:15.152, 0 %, 61763 MiB, 81920 MiB
2026/04/15 22:53:15.152, 0 %, 0 MiB, 81920 MiB
2026/04/15 22:53:20.153, 0 %, 61763 MiB, 81920 MiB
2026/04/15 22:53:20.153, 0 %, 0 MiB, 81920 MiB
2026/04/15 22:53:25.154, 0 %, 61763 MiB, 81920 MiB
2026/04/15 22:53:25.154, 0 %, 0 MiB, 81920 MiB
2026/04/15 22:53:30.155, 0 %, 61763 MiB, 81920 MiB
2026/04/15 22:53:30.155, 0 %, 0 MiB, 81920 MiB
2026/04/15 22:53:35.156, 0 %, 61763 MiB, 81920 MiB
2026/04/15 22:53:35.156, 0 %, 0 MiB, 81920 MiB
2026/04/15 22:53:40.157, 0 %, 61763 MiB, 81920 MiB
2026/04/15 22:53:40.157, 0 %, 0 MiB, 81920 MiB
2026/04/15 22:53:45.158, 0 %, 61763 MiB, 81920 MiB
2026/04/15 22:53:45.158, 0 %, 0 MiB, 81920 MiB
2026/04/15 22:53:50.159, 0 %, 61763 MiB, 81920 MiB
2026/04/15 22:53:50.159, 0 %, 0 MiB, 81920 MiB
2026/04/15 22:53:55.160, 0 %, 61763 MiB, 81920 MiB
2026/04/15 22:53:55.160, 0 %, 0 MiB, 81920 MiB
2026/04/15 22:54:00.161, 0 %, 61763 MiB, 81920 MiB
2026/04/15 22:54:00.161, 0 %, 0 MiB, 81920 MiB
2026/04/15 22:54:05.162, 0 %, 61763 MiB, 81920 MiB
2026/04/15 22:54:05.162, 0 %, 0 MiB, 81920 MiB
2026/04/15 22:54:10.162, 0 %, 61763 MiB, 81920 MiB
2026/04/15 22:54:10.163, 0 %, 0 MiB, 81920 MiB
2026/04/15 22:54:15.163, 0 %, 61763 MiB, 81920 MiB
2026/04/15 22:54:15.164, 0 %, 0 MiB, 81920 MiB
2026/04/15 22:54:20.164, 0 %, 61763 MiB, 81920 MiB
2026/04/15 22:54:20.165, 0 %, 0 MiB, 81920 MiB
2026/04/15 22:54:25.165, 0 %, 61763 MiB, 81920 MiB
2026/04/15 22:54:25.165, 0 %, 0 MiB, 81920 MiB
2026/04/15 22:54:30.166, 0 %, 61763 MiB, 81920 MiB
2026/04/15 22:54:30.166, 0 %, 0 MiB, 81920 MiB
2026/04/15 22:54:35.167, 0 %, 61763 MiB, 81920 MiB
2026/04/15 22:54:35.167, 0 %, 0 MiB, 81920 MiB
2026/04/15 22:54:40.168, 0 %, 61763 MiB, 81920 MiB
2026/04/15 22:54:40.168, 0 %, 0 MiB, 81920 MiB
2026/04/15 22:54:45.169, 0 %, 61763 MiB, 81920 MiB
2026/04/15 22:54:45.169, 0 %, 0 MiB, 81920 MiB
2026/04/15 22:54:50.170, 0 %, 61763 MiB, 81920 MiB
2026/04/15 22:54:50.170, 0 %, 0 MiB, 81920 MiB
2026/04/15 22:54:55.171, 0 %, 61763 MiB, 81920 MiB
2026/04/15 22:54:55.171, 0 %, 0 MiB, 81920 MiB
2026/04/15 22:55:00.172, 0 %, 61763 MiB, 81920 MiB
2026/04/15 22:55:00.172, 0 %, 0 MiB, 81920 MiB
2026/04/15 22:55:05.173, 0 %, 61763 MiB, 81920 MiB
2026/04/15 22:55:05.173, 0 %, 0 MiB, 81920 MiB
2026/04/15 22:55:10.174, 0 %, 61763 MiB, 81920 MiB
2026/04/15 22:55:10.174, 0 %, 0 MiB, 81920 MiB
2026/04/15 22:55:15.175, 0 %, 61763 MiB, 81920 MiB
2026/04/15 22:55:15.175, 0 %, 0 MiB, 81920 MiB
2026/04/15 22:55:20.176, 0 %, 61763 MiB, 81920 MiB
2026/04/15 22:55:20.176, 0 %, 0 MiB, 81920 MiB
2026/04/15 22:55:25.176, 0 %, 61763 MiB, 81920 MiB
2026/04/15 22:55:25.177, 0 %, 0 MiB, 81920 MiB
2026/04/15 22:55:30.177, 0 %, 61763 MiB, 81920 MiB
2026/04/15 22:55:30.177, 0 %, 0 MiB, 81920 MiB
2026/04/15 22:55:35.178, 0 %, 61763 MiB, 81920 MiB
2026/04/15 22:55:35.178, 0 %, 0 MiB, 81920 MiB
2026/04/15 22:55:40.179, 0 %, 61763 MiB, 81920 MiB
2026/04/15 22:55:40.179, 0 %, 0 MiB, 81920 MiB
2026/04/15 22:55:45.180, 0 %, 61763 MiB, 81920 MiB
2026/04/15 22:55:45.180, 0 %, 0 MiB, 81920 MiB
2026/04/15 22:55:50.181, 0 %, 61763 MiB, 81920 MiB
2026/04/15 22:55:50.181, 0 %, 0 MiB, 81920 MiB
2026/04/15 22:55:55.182, 0 %, 61763 MiB, 81920 MiB
2026/04/15 22:55:55.182, 0 %, 0 MiB, 81920 MiB
2026/04/15 22:56:00.183, 0 %, 61763 MiB, 81920 MiB
2026/04/15 22:56:00.183, 0 %, 0 MiB, 81920 MiB
2026/04/15 22:56:05.184, 0 %, 61763 MiB, 81920 MiB
2026/04/15 22:56:05.184, 0 %, 0 MiB, 81920 MiB
2026/04/15 22:56:10.185, 0 %, 61763 MiB, 81920 MiB
2026/04/15 22:56:10.185, 0 %, 0 MiB, 81920 MiB
2026/04/15 22:56:15.186, 0 %, 61763 MiB, 81920 MiB
2026/04/15 22:56:15.186, 0 %, 0 MiB, 81920 MiB
2026/04/15 22:56:20.187, 0 %, 61763 MiB, 81920 MiB
2026/04/15 22:56:20.187, 0 %, 0 MiB, 81920 MiB
2026/04/15 22:56:25.188, 0 %, 61763 MiB, 81920 MiB
2026/04/15 22:56:25.188, 0 %, 0 MiB, 81920 MiB
2026/04/15 22:56:30.189, 0 %, 61763 MiB, 81920 MiB
2026/04/15 22:56:30.189, 0 %, 0 MiB, 81920 MiB
2026/04/15 22:56:35.190, 0 %, 61763 MiB, 81920 MiB
2026/04/15 22:56:35.190, 0 %, 0 MiB, 81920 MiB
2026/04/15 22:56:40.190, 0 %, 61763 MiB, 81920 MiB
2026/04/15 22:56:40.190, 0 %, 0 MiB, 81920 MiB
2026/04/15 22:56:45.191, 0 %, 61763 MiB, 81920 MiB
2026/04/15 22:56:45.191, 0 %, 0 MiB, 81920 MiB
2026/04/15 22:56:50.192, 0 %, 61763 MiB, 81920 MiB
2026/04/15 22:56:50.192, 0 %, 0 MiB, 81920 MiB
2026/04/15 22:56:55.193, 0 %, 61763 MiB, 81920 MiB
2026/04/15 22:56:55.193, 0 %, 0 MiB, 81920 MiB
2026/04/15 22:57:00.194, 0 %, 61763 MiB, 81920 MiB
2026/04/15 22:57:00.194, 0 %, 0 MiB, 81920 MiB
2026/04/15 22:57:05.195, 0 %, 61763 MiB, 81920 MiB
2026/04/15 22:57:05.195, 0 %, 0 MiB, 81920 MiB
2026/04/15 22:57:10.196, 0 %, 61763 MiB, 81920 MiB
2026/04/15 22:57:10.196, 0 %, 0 MiB, 81920 MiB
2026/04/15 22:57:15.197, 0 %, 61763 MiB, 81920 MiB
2026/04/15 22:57:15.197, 0 %, 0 MiB, 81920 MiB
2026/04/15 22:57:20.198, 0 %, 61763 MiB, 81920 MiB
2026/04/15 22:57:20.198, 0 %, 0 MiB, 81920 MiB
2026/04/15 22:57:25.199, 0 %, 61763 MiB, 81920 MiB
2026/04/15 22:57:25.199, 0 %, 0 MiB, 81920 MiB
2026/04/15 22:57:30.200, 0 %, 61763 MiB, 81920 MiB
2026/04/15 22:57:30.200, 0 %, 0 MiB, 81920 MiB
2026/04/15 22:57:35.201, 0 %, 61763 MiB, 81920 MiB
2026/04/15 22:57:35.201, 0 %, 0 MiB, 81920 MiB
2026/04/15 22:57:40.202, 0 %, 61763 MiB, 81920 MiB
2026/04/15 22:57:40.202, 0 %, 0 MiB, 81920 MiB
2026/04/15 22:57:45.203, 0 %, 61763 MiB, 81920 MiB
2026/04/15 22:57:45.203, 0 %, 0 MiB, 81920 MiB
2026/04/15 22:57:50.204, 0 %, 61763 MiB, 81920 MiB
2026/04/15 22:57:50.204, 0 %, 0 MiB, 81920 MiB
2026/04/15 22:57:55.205, 0 %, 61763 MiB, 81920 MiB
2026/04/15 22:57:55.205, 0 %, 0 MiB, 81920 MiB
2026/04/15 22:58:00.205, 0 %, 61763 MiB, 81920 MiB
2026/04/15 22:58:00.206, 0 %, 0 MiB, 81920 MiB
2026/04/15 22:58:05.206, 0 %, 61763 MiB, 81920 MiB
2026/04/15 22:58:05.207, 0 %, 0 MiB, 81920 MiB
2026/04/15 22:58:10.207, 0 %, 61763 MiB, 81920 MiB
2026/04/15 22:58:10.207, 0 %, 0 MiB, 81920 MiB
2026/04/15 22:58:15.208, 0 %, 61763 MiB, 81920 MiB
2026/04/15 22:58:15.208, 0 %, 0 MiB, 81920 MiB
2026/04/15 22:58:20.209, 0 %, 61763 MiB, 81920 MiB
2026/04/15 22:58:20.209, 0 %, 0 MiB, 81920 MiB
2026/04/15 22:58:25.210, 0 %, 61763 MiB, 81920 MiB
2026/04/15 22:58:25.210, 0 %, 0 MiB, 81920 MiB
2026/04/15 22:58:30.211, 0 %, 61763 MiB, 81920 MiB
2026/04/15 22:58:30.211, 0 %, 0 MiB, 81920 MiB
2026/04/15 22:58:35.212, 0 %, 61763 MiB, 81920 MiB
2026/04/15 22:58:35.212, 0 %, 0 MiB, 81920 MiB
2026/04/15 22:58:40.213, 0 %, 61763 MiB, 81920 MiB
2026/04/15 22:58:40.213, 0 %, 0 MiB, 81920 MiB
2026/04/15 22:58:45.214, 0 %, 61763 MiB, 81920 MiB
2026/04/15 22:58:45.214, 0 %, 0 MiB, 81920 MiB
2026/04/15 22:58:50.215, 0 %, 61763 MiB, 81920 MiB
2026/04/15 22:58:50.215, 0 %, 0 MiB, 81920 MiB
2026/04/15 22:58:55.216, 0 %, 61763 MiB, 81920 MiB
2026/04/15 22:58:55.216, 0 %, 0 MiB, 81920 MiB
2026/04/15 22:59:00.217, 0 %, 61763 MiB, 81920 MiB
2026/04/15 22:59:00.217, 0 %, 0 MiB, 81920 MiB
2026/04/15 22:59:05.218, 0 %, 61763 MiB, 81920 MiB
2026/04/15 22:59:05.218, 0 %, 0 MiB, 81920 MiB
2026/04/15 22:59:10.219, 0 %, 61763 MiB, 81920 MiB
2026/04/15 22:59:10.219, 0 %, 0 MiB, 81920 MiB
2026/04/15 22:59:15.220, 0 %, 61763 MiB, 81920 MiB
2026/04/15 22:59:15.220, 0 %, 0 MiB, 81920 MiB
2026/04/15 22:59:20.220, 0 %, 61763 MiB, 81920 MiB
2026/04/15 22:59:20.221, 0 %, 0 MiB, 81920 MiB
2026/04/15 22:59:25.221, 0 %, 61763 MiB, 81920 MiB
2026/04/15 22:59:25.222, 0 %, 0 MiB, 81920 MiB
2026/04/15 22:59:30.222, 0 %, 61763 MiB, 81920 MiB
2026/04/15 22:59:30.222, 0 %, 0 MiB, 81920 MiB
2026/04/15 22:59:35.223, 0 %, 61763 MiB, 81920 MiB
2026/04/15 22:59:35.223, 0 %, 0 MiB, 81920 MiB
2026/04/15 22:59:40.224, 0 %, 61763 MiB, 81920 MiB
2026/04/15 22:59:40.224, 0 %, 0 MiB, 81920 MiB
2026/04/15 22:59:45.225, 0 %, 61763 MiB, 81920 MiB
2026/04/15 22:59:45.225, 0 %, 0 MiB, 81920 MiB
2026/04/15 22:59:50.226, 0 %, 61763 MiB, 81920 MiB
2026/04/15 22:59:50.226, 0 %, 0 MiB, 81920 MiB
2026/04/15 22:59:55.227, 0 %, 61763 MiB, 81920 MiB
2026/04/15 22:59:55.227, 0 %, 0 MiB, 81920 MiB
2026/04/15 23:00:00.228, 0 %, 61763 MiB, 81920 MiB
2026/04/15 23:00:00.228, 0 %, 0 MiB, 81920 MiB
2026/04/15 23:00:05.229, 0 %, 61763 MiB, 81920 MiB
2026/04/15 23:00:05.229, 0 %, 0 MiB, 81920 MiB
2026/04/15 23:00:10.230, 0 %, 61763 MiB, 81920 MiB
2026/04/15 23:00:10.230, 0 %, 0 MiB, 81920 MiB
2026/04/15 23:00:15.231, 0 %, 61763 MiB, 81920 MiB
2026/04/15 23:00:15.231, 0 %, 0 MiB, 81920 MiB
2026/04/15 23:00:20.232, 0 %, 61763 MiB, 81920 MiB
2026/04/15 23:00:20.232, 0 %, 0 MiB, 81920 MiB
2026/04/15 23:00:25.233, 0 %, 61763 MiB, 81920 MiB
2026/04/15 23:00:25.233, 0 %, 0 MiB, 81920 MiB
2026/04/15 23:00:30.233, 0 %, 61763 MiB, 81920 MiB
2026/04/15 23:00:30.234, 0 %, 0 MiB, 81920 MiB
2026/04/15 23:00:35.234, 0 %, 61763 MiB, 81920 MiB
2026/04/15 23:00:35.235, 0 %, 0 MiB, 81920 MiB
2026/04/15 23:00:40.235, 0 %, 61763 MiB, 81920 MiB
2026/04/15 23:00:40.235, 0 %, 0 MiB, 81920 MiB
2026/04/15 23:00:45.236, 0 %, 61763 MiB, 81920 MiB
2026/04/15 23:00:45.236, 0 %, 0 MiB, 81920 MiB
2026/04/15 23:00:50.237, 0 %, 61763 MiB, 81920 MiB
2026/04/15 23:00:50.237, 0 %, 0 MiB, 81920 MiB
2026/04/15 23:00:55.238, 0 %, 61763 MiB, 81920 MiB
2026/04/15 23:00:55.238, 0 %, 0 MiB, 81920 MiB
2026/04/15 23:01:00.239, 0 %, 61763 MiB, 81920 MiB
2026/04/15 23:01:00.239, 0 %, 0 MiB, 81920 MiB
2026/04/15 23:01:05.240, 0 %, 61763 MiB, 81920 MiB
2026/04/15 23:01:05.240, 0 %, 0 MiB, 81920 MiB
2026/04/15 23:01:10.241, 0 %, 61763 MiB, 81920 MiB
2026/04/15 23:01:10.241, 0 %, 0 MiB, 81920 MiB
2026/04/15 23:01:15.242, 0 %, 61763 MiB, 81920 MiB
2026/04/15 23:01:15.245, 0 %, 0 MiB, 81920 MiB
2026/04/15 23:01:20.246, 0 %, 61763 MiB, 81920 MiB
2026/04/15 23:01:20.246, 0 %, 0 MiB, 81920 MiB
2026/04/15 23:01:25.247, 0 %, 61763 MiB, 81920 MiB
2026/04/15 23:01:25.247, 0 %, 0 MiB, 81920 MiB
2026/04/15 23:01:30.248, 0 %, 61763 MiB, 81920 MiB
2026/04/15 23:01:30.248, 0 %, 0 MiB, 81920 MiB
2026/04/15 23:01:35.248, 0 %, 61763 MiB, 81920 MiB
2026/04/15 23:01:35.248, 0 %, 0 MiB, 81920 MiB
2026/04/15 23:01:40.252, 0 %, 61763 MiB, 81920 MiB
2026/04/15 23:01:40.252, 0 %, 0 MiB, 81920 MiB
2026/04/15 23:01:45.253, 0 %, 61763 MiB, 81920 MiB
2026/04/15 23:01:45.253, 0 %, 0 MiB, 81920 MiB
2026/04/15 23:01:50.254, 0 %, 61763 MiB, 81920 MiB
2026/04/15 23:01:50.254, 0 %, 0 MiB, 81920 MiB
2026/04/15 23:01:55.255, 0 %, 61763 MiB, 81920 MiB
2026/04/15 23:01:55.255, 0 %, 0 MiB, 81920 MiB
2026/04/15 23:02:00.256, 0 %, 61763 MiB, 81920 MiB
2026/04/15 23:02:00.256, 0 %, 0 MiB, 81920 MiB
2026/04/15 23:02:05.257, 0 %, 61763 MiB, 81920 MiB
2026/04/15 23:02:05.258, 0 %, 0 MiB, 81920 MiB
2026/04/15 23:02:10.258, 0 %, 61763 MiB, 81920 MiB
2026/04/15 23:02:10.259, 0 %, 0 MiB, 81920 MiB
2026/04/15 23:02:15.259, 0 %, 61763 MiB, 81920 MiB
2026/04/15 23:02:15.259, 0 %, 0 MiB, 81920 MiB
2026/04/15 23:02:20.260, 0 %, 61763 MiB, 81920 MiB
2026/04/15 23:02:20.260, 0 %, 0 MiB, 81920 MiB
2026/04/15 23:02:25.261, 0 %, 61763 MiB, 81920 MiB
2026/04/15 23:02:25.262, 0 %, 0 MiB, 81920 MiB
2026/04/15 23:02:30.262, 0 %, 61763 MiB, 81920 MiB
2026/04/15 23:02:30.263, 0 %, 0 MiB, 81920 MiB
2026/04/15 23:02:35.263, 0 %, 61763 MiB, 81920 MiB
2026/04/15 23:02:35.264, 0 %, 0 MiB, 81920 MiB
2026/04/15 23:02:40.264, 0 %, 61763 MiB, 81920 MiB
2026/04/15 23:02:40.264, 0 %, 0 MiB, 81920 MiB
2026/04/15 23:02:45.266, 0 %, 61763 MiB, 81920 MiB
2026/04/15 23:02:45.266, 0 %, 0 MiB, 81920 MiB
2026/04/15 23:02:50.267, 0 %, 61763 MiB, 81920 MiB
2026/04/15 23:02:50.267, 0 %, 0 MiB, 81920 MiB
2026/04/15 23:02:55.267, 0 %, 61763 MiB, 81920 MiB
2026/04/15 23:02:55.268, 0 %, 0 MiB, 81920 MiB
2026/04/15 23:03:00.268, 0 %, 61763 MiB, 81920 MiB
2026/04/15 23:03:00.268, 0 %, 0 MiB, 81920 MiB
2026/04/15 23:03:05.269, 0 %, 61763 MiB, 81920 MiB
2026/04/15 23:03:05.269, 0 %, 0 MiB, 81920 MiB
2026/04/15 23:03:10.270, 0 %, 61763 MiB, 81920 MiB
2026/04/15 23:03:10.270, 0 %, 0 MiB, 81920 MiB
2026/04/15 23:03:15.271, 0 %, 61763 MiB, 81920 MiB
2026/04/15 23:03:15.271, 0 %, 0 MiB, 81920 MiB
2026/04/15 23:03:20.272, 0 %, 61763 MiB, 81920 MiB
2026/04/15 23:03:20.272, 0 %, 0 MiB, 81920 MiB
2026/04/15 23:03:25.273, 0 %, 61763 MiB, 81920 MiB
2026/04/15 23:03:25.273, 0 %, 0 MiB, 81920 MiB
2026/04/15 23:03:30.274, 0 %, 61763 MiB, 81920 MiB
2026/04/15 23:03:30.274, 0 %, 0 MiB, 81920 MiB
2026/04/15 23:03:35.275, 0 %, 61763 MiB, 81920 MiB
2026/04/15 23:03:35.275, 0 %, 0 MiB, 81920 MiB
2026/04/15 23:03:40.276, 0 %, 61763 MiB, 81920 MiB
2026/04/15 23:03:40.276, 0 %, 0 MiB, 81920 MiB
2026/04/15 23:03:45.277, 0 %, 61763 MiB, 81920 MiB
2026/04/15 23:03:45.277, 0 %, 0 MiB, 81920 MiB
2026/04/15 23:03:50.278, 0 %, 61763 MiB, 81920 MiB
2026/04/15 23:03:50.278, 0 %, 0 MiB, 81920 MiB
2026/04/15 23:03:55.279, 0 %, 61763 MiB, 81920 MiB
2026/04/15 23:03:55.279, 0 %, 0 MiB, 81920 MiB
2026/04/15 23:04:00.280, 0 %, 61763 MiB, 81920 MiB
2026/04/15 23:04:00.280, 0 %, 0 MiB, 81920 MiB
2026/04/15 23:04:05.280, 0 %, 61763 MiB, 81920 MiB
2026/04/15 23:04:05.280, 0 %, 0 MiB, 81920 MiB
2026/04/15 23:04:10.281, 0 %, 61763 MiB, 81920 MiB
2026/04/15 23:04:10.281, 0 %, 0 MiB, 81920 MiB
2026/04/15 23:04:15.282, 0 %, 61763 MiB, 81920 MiB
2026/04/15 23:04:15.282, 0 %, 0 MiB, 81920 MiB
2026/04/15 23:04:20.283, 0 %, 61763 MiB, 81920 MiB
2026/04/15 23:04:20.283, 0 %, 0 MiB, 81920 MiB
2026/04/15 23:04:25.283, 0 %, 61763 MiB, 81920 MiB
2026/04/15 23:04:25.284, 0 %, 0 MiB, 81920 MiB
2026/04/15 23:04:30.284, 0 %, 61763 MiB, 81920 MiB
2026/04/15 23:04:30.285, 0 %, 0 MiB, 81920 MiB
2026/04/15 23:04:35.285, 0 %, 61763 MiB, 81920 MiB
2026/04/15 23:04:35.285, 0 %, 0 MiB, 81920 MiB
2026/04/15 23:04:40.287, 0 %, 61763 MiB, 81920 MiB
2026/04/15 23:04:40.287, 0 %, 0 MiB, 81920 MiB
2026/04/15 23:04:45.288, 0 %, 61763 MiB, 81920 MiB
2026/04/15 23:04:45.288, 0 %, 0 MiB, 81920 MiB
2026/04/15 23:04:50.289, 0 %, 61763 MiB, 81920 MiB
2026/04/15 23:04:50.289, 0 %, 0 MiB, 81920 MiB
2026/04/15 23:04:55.290, 0 %, 61799 MiB, 81920 MiB
2026/04/15 23:04:55.290, 0 %, 0 MiB, 81920 MiB
2026/04/15 23:05:00.291, 0 %, 61799 MiB, 81920 MiB
2026/04/15 23:05:00.291, 0 %, 0 MiB, 81920 MiB
2026/04/15 23:05:05.292, 0 %, 61799 MiB, 81920 MiB
2026/04/15 23:05:05.292, 0 %, 0 MiB, 81920 MiB
2026/04/15 23:05:10.293, 0 %, 61799 MiB, 81920 MiB
2026/04/15 23:05:10.293, 0 %, 0 MiB, 81920 MiB
2026/04/15 23:05:15.294, 23 %, 61799 MiB, 81920 MiB
2026/04/15 23:05:15.294, 0 %, 0 MiB, 81920 MiB
2026/04/15 23:05:20.295, 30 %, 61799 MiB, 81920 MiB
2026/04/15 23:05:20.295, 0 %, 0 MiB, 81920 MiB
2026/04/15 23:05:25.296, 36 %, 61799 MiB, 81920 MiB
2026/04/15 23:05:25.296, 0 %, 0 MiB, 81920 MiB
2026/04/15 23:05:30.297, 0 %, 61799 MiB, 81920 MiB
2026/04/15 23:05:30.297, 0 %, 0 MiB, 81920 MiB
2026/04/15 23:05:35.298, 0 %, 61799 MiB, 81920 MiB
2026/04/15 23:05:35.298, 0 %, 0 MiB, 81920 MiB
2026/04/15 23:05:40.299, 0 %, 61799 MiB, 81920 MiB
2026/04/15 23:05:40.299, 0 %, 0 MiB, 81920 MiB
2026/04/15 23:05:45.300, 0 %, 61799 MiB, 81920 MiB
2026/04/15 23:05:45.300, 0 %, 0 MiB, 81920 MiB
2026/04/15 23:05:50.301, 0 %, 61799 MiB, 81920 MiB
2026/04/15 23:05:50.301, 0 %, 0 MiB, 81920 MiB
2026/04/15 23:05:55.301, 0 %, 61799 MiB, 81920 MiB
2026/04/15 23:05:55.302, 0 %, 0 MiB, 81920 MiB
2026/04/15 23:06:00.302, 0 %, 61799 MiB, 81920 MiB
2026/04/15 23:06:00.303, 0 %, 0 MiB, 81920 MiB
2026/04/15 23:06:05.303, 0 %, 61799 MiB, 81920 MiB
2026/04/15 23:06:05.303, 0 %, 0 MiB, 81920 MiB
2026/04/15 23:06:10.304, 0 %, 61799 MiB, 81920 MiB
2026/04/15 23:06:10.304, 0 %, 0 MiB, 81920 MiB
2026/04/15 23:06:15.305, 0 %, 61799 MiB, 81920 MiB
2026/04/15 23:06:15.305, 0 %, 0 MiB, 81920 MiB
2026/04/15 23:06:20.306, 0 %, 61799 MiB, 81920 MiB
2026/04/15 23:06:20.306, 0 %, 0 MiB, 81920 MiB
2026/04/15 23:06:25.307, 0 %, 61799 MiB, 81920 MiB
2026/04/15 23:06:25.307, 0 %, 0 MiB, 81920 MiB
2026/04/15 23:06:30.310, 0 %, 61799 MiB, 81920 MiB
2026/04/15 23:06:30.310, 0 %, 0 MiB, 81920 MiB
2026/04/15 23:06:35.311, 0 %, 61799 MiB, 81920 MiB
2026/04/15 23:06:35.311, 0 %, 0 MiB, 81920 MiB
2026/04/15 23:06:40.311, 0 %, 61799 MiB, 81920 MiB
2026/04/15 23:06:40.312, 0 %, 0 MiB, 81920 MiB
2026/04/15 23:06:45.312, 0 %, 61799 MiB, 81920 MiB
2026/04/15 23:06:45.312, 0 %, 0 MiB, 81920 MiB
2026/04/15 23:06:50.313, 0 %, 61799 MiB, 81920 MiB
2026/04/15 23:06:50.313, 0 %, 0 MiB, 81920 MiB
2026/04/15 23:06:55.314, 0 %, 61799 MiB, 81920 MiB
2026/04/15 23:06:55.314, 0 %, 0 MiB, 81920 MiB
2026/04/15 23:07:00.315, 0 %, 61799 MiB, 81920 MiB
2026/04/15 23:07:00.315, 0 %, 0 MiB, 81920 MiB
2026/04/15 23:07:05.316, 0 %, 61799 MiB, 81920 MiB
2026/04/15 23:07:05.316, 0 %, 0 MiB, 81920 MiB
2026/04/15 23:07:10.317, 0 %, 61799 MiB, 81920 MiB
2026/04/15 23:07:10.317, 0 %, 0 MiB, 81920 MiB
2026/04/15 23:07:15.318, 0 %, 61799 MiB, 81920 MiB
2026/04/15 23:07:15.318, 0 %, 0 MiB, 81920 MiB
2026/04/15 23:07:20.319, 0 %, 61799 MiB, 81920 MiB
2026/04/15 23:07:20.319, 0 %, 0 MiB, 81920 MiB
2026/04/15 23:07:25.320, 0 %, 61799 MiB, 81920 MiB
2026/04/15 23:07:25.320, 0 %, 0 MiB, 81920 MiB
2026/04/15 23:07:30.321, 0 %, 61799 MiB, 81920 MiB
2026/04/15 23:07:30.321, 0 %, 0 MiB, 81920 MiB
2026/04/15 23:07:35.322, 0 %, 61799 MiB, 81920 MiB
2026/04/15 23:07:35.322, 0 %, 0 MiB, 81920 MiB
2026/04/15 23:07:40.322, 0 %, 61799 MiB, 81920 MiB
2026/04/15 23:07:40.323, 0 %, 0 MiB, 81920 MiB
2026/04/15 23:07:45.323, 0 %, 61799 MiB, 81920 MiB
2026/04/15 23:07:45.323, 0 %, 0 MiB, 81920 MiB
2026/04/15 23:07:50.324, 0 %, 61799 MiB, 81920 MiB
2026/04/15 23:07:50.324, 0 %, 0 MiB, 81920 MiB
2026/04/15 23:07:55.325, 0 %, 61799 MiB, 81920 MiB
2026/04/15 23:07:55.325, 0 %, 0 MiB, 81920 MiB
2026/04/15 23:08:00.326, 0 %, 61799 MiB, 81920 MiB
2026/04/15 23:08:00.326, 0 %, 0 MiB, 81920 MiB
2026/04/15 23:08:05.327, 0 %, 61799 MiB, 81920 MiB
2026/04/15 23:08:05.327, 0 %, 0 MiB, 81920 MiB
2026/04/15 23:08:10.328, 0 %, 61799 MiB, 81920 MiB
2026/04/15 23:08:10.328, 0 %, 0 MiB, 81920 MiB
2026/04/15 23:08:15.329, 0 %, 61799 MiB, 81920 MiB
2026/04/15 23:08:15.329, 0 %, 0 MiB, 81920 MiB
2026/04/15 23:08:20.330, 0 %, 61799 MiB, 81920 MiB
2026/04/15 23:08:20.330, 0 %, 0 MiB, 81920 MiB
2026/04/15 23:08:25.331, 0 %, 61799 MiB, 81920 MiB
2026/04/15 23:08:25.331, 0 %, 0 MiB, 81920 MiB
2026/04/15 23:08:30.331, 0 %, 61799 MiB, 81920 MiB
2026/04/15 23:08:30.332, 0 %, 0 MiB, 81920 MiB
2026/04/15 23:08:35.332, 0 %, 61799 MiB, 81920 MiB
2026/04/15 23:08:35.333, 0 %, 0 MiB, 81920 MiB
2026/04/15 23:08:40.333, 0 %, 61799 MiB, 81920 MiB
2026/04/15 23:08:40.333, 0 %, 0 MiB, 81920 MiB
2026/04/15 23:08:45.334, 0 %, 61799 MiB, 81920 MiB
2026/04/15 23:08:45.334, 0 %, 0 MiB, 81920 MiB
2026/04/15 23:08:50.335, 0 %, 61799 MiB, 81920 MiB
2026/04/15 23:08:50.335, 0 %, 0 MiB, 81920 MiB
2026/04/15 23:08:55.336, 0 %, 61799 MiB, 81920 MiB
2026/04/15 23:08:55.336, 0 %, 0 MiB, 81920 MiB
2026/04/15 23:09:00.337, 0 %, 61799 MiB, 81920 MiB
2026/04/15 23:09:00.337, 0 %, 0 MiB, 81920 MiB
2026/04/15 23:09:05.338, 0 %, 61799 MiB, 81920 MiB
2026/04/15 23:09:05.338, 0 %, 0 MiB, 81920 MiB
2026/04/15 23:09:10.339, 0 %, 61799 MiB, 81920 MiB
2026/04/15 23:09:10.339, 0 %, 0 MiB, 81920 MiB
2026/04/15 23:09:15.340, 0 %, 61799 MiB, 81920 MiB
2026/04/15 23:09:15.340, 0 %, 0 MiB, 81920 MiB
2026/04/15 23:09:20.341, 0 %, 61799 MiB, 81920 MiB
2026/04/15 23:09:20.341, 0 %, 0 MiB, 81920 MiB
2026/04/15 23:09:25.341, 0 %, 61799 MiB, 81920 MiB
2026/04/15 23:09:25.342, 0 %, 0 MiB, 81920 MiB
2026/04/15 23:09:30.342, 0 %, 61799 MiB, 81920 MiB
2026/04/15 23:09:30.342, 0 %, 0 MiB, 81920 MiB
2026/04/15 23:09:35.343, 0 %, 61799 MiB, 81920 MiB
2026/04/15 23:09:35.343, 0 %, 0 MiB, 81920 MiB
2026/04/15 23:09:40.344, 0 %, 61799 MiB, 81920 MiB
2026/04/15 23:09:40.344, 0 %, 0 MiB, 81920 MiB
2026/04/15 23:09:45.345, 0 %, 61799 MiB, 81920 MiB
2026/04/15 23:09:45.345, 0 %, 0 MiB, 81920 MiB
2026/04/15 23:09:50.346, 0 %, 61799 MiB, 81920 MiB
2026/04/15 23:09:50.346, 0 %, 0 MiB, 81920 MiB
2026/04/15 23:09:55.347, 0 %, 61799 MiB, 81920 MiB
2026/04/15 23:09:55.347, 0 %, 0 MiB, 81920 MiB
2026/04/15 23:10:00.348, 0 %, 61799 MiB, 81920 MiB
2026/04/15 23:10:00.348, 0 %, 0 MiB, 81920 MiB
2026/04/15 23:10:05.348, 0 %, 61799 MiB, 81920 MiB
2026/04/15 23:10:05.349, 0 %, 0 MiB, 81920 MiB
2026/04/15 23:10:10.349, 0 %, 61799 MiB, 81920 MiB
2026/04/15 23:10:10.349, 0 %, 0 MiB, 81920 MiB
2026/04/15 23:10:15.350, 0 %, 61799 MiB, 81920 MiB
2026/04/15 23:10:15.350, 0 %, 0 MiB, 81920 MiB
2026/04/15 23:10:20.351, 0 %, 61799 MiB, 81920 MiB
2026/04/15 23:10:20.351, 0 %, 0 MiB, 81920 MiB
2026/04/15 23:10:25.352, 0 %, 61799 MiB, 81920 MiB
2026/04/15 23:10:25.352, 0 %, 0 MiB, 81920 MiB
2026/04/15 23:10:30.353, 0 %, 61799 MiB, 81920 MiB
2026/04/15 23:10:30.353, 0 %, 0 MiB, 81920 MiB
2026/04/15 23:10:35.354, 0 %, 61799 MiB, 81920 MiB
2026/04/15 23:10:35.354, 0 %, 0 MiB, 81920 MiB
2026/04/15 23:10:40.355, 0 %, 61799 MiB, 81920 MiB
2026/04/15 23:10:40.355, 0 %, 0 MiB, 81920 MiB
2026/04/15 23:10:45.356, 0 %, 61799 MiB, 81920 MiB
2026/04/15 23:10:45.356, 0 %, 0 MiB, 81920 MiB
2026/04/15 23:10:50.356, 0 %, 61799 MiB, 81920 MiB
2026/04/15 23:10:50.357, 0 %, 0 MiB, 81920 MiB
2026/04/15 23:10:55.357, 0 %, 61799 MiB, 81920 MiB
2026/04/15 23:10:55.357, 0 %, 0 MiB, 81920 MiB
2026/04/15 23:11:00.358, 0 %, 61799 MiB, 81920 MiB
2026/04/15 23:11:00.358, 0 %, 0 MiB, 81920 MiB
2026/04/15 23:11:05.359, 0 %, 61799 MiB, 81920 MiB
2026/04/15 23:11:05.359, 0 %, 0 MiB, 81920 MiB
2026/04/15 23:11:10.360, 0 %, 61799 MiB, 81920 MiB
2026/04/15 23:11:10.360, 0 %, 0 MiB, 81920 MiB
2026/04/15 23:11:15.361, 0 %, 61799 MiB, 81920 MiB
2026/04/15 23:11:15.361, 0 %, 0 MiB, 81920 MiB
2026/04/15 23:11:20.362, 0 %, 61799 MiB, 81920 MiB
2026/04/15 23:11:20.362, 0 %, 0 MiB, 81920 MiB
2026/04/15 23:11:25.363, 0 %, 61799 MiB, 81920 MiB
2026/04/15 23:11:25.363, 0 %, 0 MiB, 81920 MiB
2026/04/15 23:11:30.364, 0 %, 61799 MiB, 81920 MiB
2026/04/15 23:11:30.364, 0 %, 0 MiB, 81920 MiB
2026/04/15 23:11:35.365, 0 %, 61799 MiB, 81920 MiB
2026/04/15 23:11:35.365, 0 %, 0 MiB, 81920 MiB
2026/04/15 23:11:40.366, 0 %, 61799 MiB, 81920 MiB
2026/04/15 23:11:40.366, 0 %, 0 MiB, 81920 MiB
2026/04/15 23:11:45.366, 0 %, 61799 MiB, 81920 MiB
2026/04/15 23:11:45.367, 0 %, 0 MiB, 81920 MiB
2026/04/15 23:11:50.367, 0 %, 61799 MiB, 81920 MiB
2026/04/15 23:11:50.367, 0 %, 0 MiB, 81920 MiB
2026/04/15 23:11:55.368, 0 %, 61799 MiB, 81920 MiB
2026/04/15 23:11:55.368, 0 %, 0 MiB, 81920 MiB
2026/04/15 23:12:00.369, 0 %, 61799 MiB, 81920 MiB
2026/04/15 23:12:00.369, 0 %, 0 MiB, 81920 MiB
2026/04/15 23:12:05.370, 0 %, 61799 MiB, 81920 MiB
2026/04/15 23:12:05.370, 0 %, 0 MiB, 81920 MiB
2026/04/15 23:12:10.371, 0 %, 61799 MiB, 81920 MiB
2026/04/15 23:12:10.371, 0 %, 0 MiB, 81920 MiB
2026/04/15 23:12:15.372, 0 %, 61799 MiB, 81920 MiB
2026/04/15 23:12:15.372, 0 %, 0 MiB, 81920 MiB
2026/04/15 23:12:20.373, 0 %, 61799 MiB, 81920 MiB
2026/04/15 23:12:20.373, 0 %, 0 MiB, 81920 MiB
2026/04/15 23:12:25.374, 0 %, 61799 MiB, 81920 MiB
2026/04/15 23:12:25.374, 0 %, 0 MiB, 81920 MiB
2026/04/15 23:12:30.375, 0 %, 61799 MiB, 81920 MiB
2026/04/15 23:12:30.375, 0 %, 0 MiB, 81920 MiB
2026/04/15 23:12:35.375, 0 %, 61799 MiB, 81920 MiB
2026/04/15 23:12:35.376, 0 %, 0 MiB, 81920 MiB
2026/04/15 23:12:40.376, 0 %, 61799 MiB, 81920 MiB
2026/04/15 23:12:40.377, 0 %, 0 MiB, 81920 MiB
2026/04/15 23:12:45.377, 0 %, 61799 MiB, 81920 MiB
2026/04/15 23:12:45.377, 0 %, 0 MiB, 81920 MiB
2026/04/15 23:12:50.378, 0 %, 61799 MiB, 81920 MiB
2026/04/15 23:12:50.378, 0 %, 0 MiB, 81920 MiB
2026/04/15 23:12:55.379, 0 %, 61799 MiB, 81920 MiB
2026/04/15 23:12:55.379, 0 %, 0 MiB, 81920 MiB
2026/04/15 23:13:00.380, 0 %, 61799 MiB, 81920 MiB
2026/04/15 23:13:00.380, 0 %, 0 MiB, 81920 MiB
2026/04/15 23:13:05.381, 0 %, 61799 MiB, 81920 MiB
2026/04/15 23:13:05.381, 0 %, 0 MiB, 81920 MiB
2026/04/15 23:13:10.382, 0 %, 61799 MiB, 81920 MiB
2026/04/15 23:13:10.382, 0 %, 0 MiB, 81920 MiB
2026/04/15 23:13:15.383, 0 %, 61799 MiB, 81920 MiB
2026/04/15 23:13:15.383, 0 %, 0 MiB, 81920 MiB
2026/04/15 23:13:20.384, 0 %, 61799 MiB, 81920 MiB
2026/04/15 23:13:20.384, 0 %, 0 MiB, 81920 MiB
2026/04/15 23:13:25.385, 0 %, 61799 MiB, 81920 MiB
2026/04/15 23:13:25.385, 0 %, 0 MiB, 81920 MiB
2026/04/15 23:13:30.385, 0 %, 61799 MiB, 81920 MiB
2026/04/15 23:13:30.386, 0 %, 0 MiB, 81920 MiB
2026/04/15 23:13:35.386, 0 %, 61799 MiB, 81920 MiB
2026/04/15 23:13:35.386, 0 %, 0 MiB, 81920 MiB
2026/04/15 23:13:40.387, 0 %, 61799 MiB, 81920 MiB
2026/04/15 23:13:40.387, 0 %, 0 MiB, 81920 MiB
2026/04/15 23:13:45.388, 0 %, 61799 MiB, 81920 MiB
2026/04/15 23:13:45.388, 0 %, 0 MiB, 81920 MiB
2026/04/15 23:13:50.389, 0 %, 61799 MiB, 81920 MiB
2026/04/15 23:13:50.389, 0 %, 0 MiB, 81920 MiB
2026/04/15 23:13:55.390, 0 %, 61799 MiB, 81920 MiB
2026/04/15 23:13:55.390, 0 %, 0 MiB, 81920 MiB
2026/04/15 23:14:00.391, 0 %, 61799 MiB, 81920 MiB
2026/04/15 23:14:00.391, 0 %, 0 MiB, 81920 MiB
2026/04/15 23:14:05.392, 0 %, 61799 MiB, 81920 MiB
2026/04/15 23:14:05.392, 0 %, 0 MiB, 81920 MiB
2026/04/15 23:14:10.393, 0 %, 61799 MiB, 81920 MiB
2026/04/15 23:14:10.393, 0 %, 0 MiB, 81920 MiB
2026/04/15 23:14:15.394, 0 %, 61799 MiB, 81920 MiB
2026/04/15 23:14:15.394, 0 %, 0 MiB, 81920 MiB
2026/04/15 23:14:20.395, 0 %, 61799 MiB, 81920 MiB
2026/04/15 23:14:20.395, 0 %, 0 MiB, 81920 MiB
2026/04/15 23:14:25.395, 0 %, 61799 MiB, 81920 MiB
2026/04/15 23:14:25.396, 0 %, 0 MiB, 81920 MiB
2026/04/15 23:14:30.396, 0 %, 61799 MiB, 81920 MiB
2026/04/15 23:14:30.397, 0 %, 0 MiB, 81920 MiB
2026/04/15 23:14:35.397, 0 %, 61799 MiB, 81920 MiB
2026/04/15 23:14:35.398, 0 %, 0 MiB, 81920 MiB
2026/04/15 23:14:40.398, 0 %, 61799 MiB, 81920 MiB
2026/04/15 23:14:40.398, 0 %, 0 MiB, 81920 MiB
2026/04/15 23:14:45.399, 0 %, 61799 MiB, 81920 MiB
2026/04/15 23:14:45.399, 0 %, 0 MiB, 81920 MiB
2026/04/15 23:14:50.400, 0 %, 61799 MiB, 81920 MiB
2026/04/15 23:14:50.400, 0 %, 0 MiB, 81920 MiB
2026/04/15 23:14:55.401, 0 %, 61799 MiB, 81920 MiB
2026/04/15 23:14:55.401, 0 %, 0 MiB, 81920 MiB
2026/04/15 23:15:00.402, 0 %, 61799 MiB, 81920 MiB
2026/04/15 23:15:00.402, 0 %, 0 MiB, 81920 MiB
2026/04/15 23:15:05.403, 0 %, 61799 MiB, 81920 MiB
2026/04/15 23:15:05.403, 0 %, 0 MiB, 81920 MiB
2026/04/15 23:15:10.403, 0 %, 61799 MiB, 81920 MiB
2026/04/15 23:15:10.404, 0 %, 0 MiB, 81920 MiB
2026/04/15 23:15:15.404, 0 %, 61799 MiB, 81920 MiB
2026/04/15 23:15:15.405, 0 %, 0 MiB, 81920 MiB
2026/04/15 23:15:20.405, 0 %, 61799 MiB, 81920 MiB
2026/04/15 23:15:20.405, 0 %, 0 MiB, 81920 MiB
2026/04/15 23:15:25.406, 0 %, 61799 MiB, 81920 MiB
2026/04/15 23:15:25.406, 0 %, 0 MiB, 81920 MiB
2026/04/15 23:15:30.407, 0 %, 61799 MiB, 81920 MiB
2026/04/15 23:15:30.407, 0 %, 0 MiB, 81920 MiB
2026/04/15 23:15:35.408, 0 %, 61799 MiB, 81920 MiB
2026/04/15 23:15:35.408, 0 %, 0 MiB, 81920 MiB
2026/04/15 23:15:40.409, 0 %, 61799 MiB, 81920 MiB
2026/04/15 23:15:40.409, 0 %, 0 MiB, 81920 MiB
2026/04/15 23:15:45.410, 0 %, 61799 MiB, 81920 MiB
2026/04/15 23:15:45.410, 0 %, 0 MiB, 81920 MiB
2026/04/15 23:15:50.411, 0 %, 61799 MiB, 81920 MiB
2026/04/15 23:15:50.411, 0 %, 0 MiB, 81920 MiB
2026/04/15 23:15:55.412, 0 %, 61799 MiB, 81920 MiB
2026/04/15 23:15:55.412, 0 %, 0 MiB, 81920 MiB
2026/04/15 23:16:00.413, 0 %, 61799 MiB, 81920 MiB
2026/04/15 23:16:00.413, 0 %, 0 MiB, 81920 MiB
2026/04/15 23:16:05.413, 0 %, 61799 MiB, 81920 MiB
2026/04/15 23:16:05.414, 0 %, 0 MiB, 81920 MiB
2026/04/15 23:16:10.414, 0 %, 61799 MiB, 81920 MiB
2026/04/15 23:16:10.414, 0 %, 0 MiB, 81920 MiB
2026/04/15 23:16:15.415, 0 %, 61799 MiB, 81920 MiB
2026/04/15 23:16:15.415, 0 %, 0 MiB, 81920 MiB
2026/04/15 23:16:20.416, 0 %, 61799 MiB, 81920 MiB
2026/04/15 23:16:20.417, 0 %, 0 MiB, 81920 MiB
2026/04/15 23:16:25.417, 0 %, 61799 MiB, 81920 MiB
2026/04/15 23:16:25.417, 0 %, 0 MiB, 81920 MiB
2026/04/15 23:16:30.418, 0 %, 61799 MiB, 81920 MiB
2026/04/15 23:16:30.418, 0 %, 0 MiB, 81920 MiB
2026/04/15 23:16:35.419, 0 %, 61799 MiB, 81920 MiB
2026/04/15 23:16:35.419, 0 %, 0 MiB, 81920 MiB
2026/04/15 23:16:40.420, 0 %, 61799 MiB, 81920 MiB
2026/04/15 23:16:40.421, 0 %, 0 MiB, 81920 MiB
2026/04/15 23:16:45.421, 0 %, 61799 MiB, 81920 MiB
2026/04/15 23:16:45.422, 0 %, 0 MiB, 81920 MiB
2026/04/15 23:16:50.422, 0 %, 61799 MiB, 81920 MiB
2026/04/15 23:16:50.423, 0 %, 0 MiB, 81920 MiB
2026/04/15 23:16:55.473, 0 %, 61799 MiB, 81920 MiB
2026/04/15 23:16:55.474, 0 %, 0 MiB, 81920 MiB
2026/04/15 23:17:00.474, 0 %, 61799 MiB, 81920 MiB
2026/04/15 23:17:00.475, 0 %, 0 MiB, 81920 MiB
2026/04/15 23:17:05.475, 0 %, 61799 MiB, 81920 MiB
2026/04/15 23:17:05.476, 0 %, 0 MiB, 81920 MiB
2026/04/15 23:17:10.476, 0 %, 61799 MiB, 81920 MiB
2026/04/15 23:17:10.476, 0 %, 0 MiB, 81920 MiB
2026/04/15 23:17:15.477, 0 %, 61799 MiB, 81920 MiB
2026/04/15 23:17:15.478, 0 %, 0 MiB, 81920 MiB
2026/04/15 23:17:20.478, 0 %, 61799 MiB, 81920 MiB
2026/04/15 23:17:20.478, 0 %, 0 MiB, 81920 MiB
2026/04/15 23:17:25.479, 0 %, 61799 MiB, 81920 MiB
2026/04/15 23:17:25.479, 0 %, 0 MiB, 81920 MiB
2026/04/15 23:17:30.480, 0 %, 61799 MiB, 81920 MiB
2026/04/15 23:17:30.480, 0 %, 0 MiB, 81920 MiB
2026/04/15 23:17:35.482, 0 %, 61799 MiB, 81920 MiB
2026/04/15 23:17:35.482, 0 %, 0 MiB, 81920 MiB
2026/04/15 23:17:40.483, 0 %, 61799 MiB, 81920 MiB
2026/04/15 23:17:40.483, 0 %, 0 MiB, 81920 MiB
2026/04/15 23:17:45.484, 0 %, 61799 MiB, 81920 MiB
2026/04/15 23:17:45.484, 0 %, 0 MiB, 81920 MiB
2026/04/15 23:17:50.485, 0 %, 61799 MiB, 81920 MiB
2026/04/15 23:17:50.485, 0 %, 0 MiB, 81920 MiB
2026/04/15 23:17:55.486, 0 %, 61799 MiB, 81920 MiB
2026/04/15 23:17:55.486, 0 %, 0 MiB, 81920 MiB
2026/04/15 23:18:00.486, 0 %, 61799 MiB, 81920 MiB
2026/04/15 23:18:00.487, 0 %, 0 MiB, 81920 MiB
2026/04/15 23:18:05.487, 0 %, 61799 MiB, 81920 MiB
2026/04/15 23:18:05.488, 0 %, 0 MiB, 81920 MiB
2026/04/15 23:18:10.488, 0 %, 61799 MiB, 81920 MiB
2026/04/15 23:18:10.488, 0 %, 0 MiB, 81920 MiB
2026/04/15 23:18:15.489, 0 %, 61799 MiB, 81920 MiB
2026/04/15 23:18:15.490, 0 %, 0 MiB, 81920 MiB
2026/04/15 23:18:20.490, 0 %, 61799 MiB, 81920 MiB
2026/04/15 23:18:20.490, 0 %, 0 MiB, 81920 MiB
2026/04/15 23:18:25.491, 0 %, 61799 MiB, 81920 MiB
2026/04/15 23:18:25.491, 0 %, 0 MiB, 81920 MiB
2026/04/15 23:18:30.492, 0 %, 61799 MiB, 81920 MiB
2026/04/15 23:18:30.492, 0 %, 0 MiB, 81920 MiB
2026/04/15 23:18:35.503, 0 %, 61799 MiB, 81920 MiB
2026/04/15 23:18:35.503, 0 %, 0 MiB, 81920 MiB
2026/04/15 23:18:40.504, 0 %, 61799 MiB, 81920 MiB
2026/04/15 23:18:40.504, 0 %, 0 MiB, 81920 MiB
2026/04/15 23:18:45.505, 0 %, 61799 MiB, 81920 MiB
2026/04/15 23:18:45.505, 0 %, 0 MiB, 81920 MiB
2026/04/15 23:18:50.506, 0 %, 61799 MiB, 81920 MiB
2026/04/15 23:18:50.506, 0 %, 0 MiB, 81920 MiB
2026/04/15 23:18:55.605, 0 %, 61799 MiB, 81920 MiB
2026/04/15 23:18:55.605, 0 %, 0 MiB, 81920 MiB
2026/04/15 23:19:00.606, 0 %, 61799 MiB, 81920 MiB
2026/04/15 23:19:00.606, 0 %, 0 MiB, 81920 MiB
2026/04/15 23:19:05.607, 0 %, 61799 MiB, 81920 MiB
2026/04/15 23:19:05.607, 0 %, 0 MiB, 81920 MiB
2026/04/15 23:19:10.607, 0 %, 61799 MiB, 81920 MiB
2026/04/15 23:19:10.607, 0 %, 0 MiB, 81920 MiB
2026/04/15 23:19:15.608, 0 %, 61799 MiB, 81920 MiB
2026/04/15 23:19:15.609, 0 %, 0 MiB, 81920 MiB
2026/04/15 23:19:20.609, 0 %, 61799 MiB, 81920 MiB
2026/04/15 23:19:20.609, 0 %, 0 MiB, 81920 MiB
2026/04/15 23:19:25.610, 0 %, 61799 MiB, 81920 MiB
2026/04/15 23:19:25.610, 0 %, 0 MiB, 81920 MiB
2026/04/15 23:19:30.611, 0 %, 61799 MiB, 81920 MiB
2026/04/15 23:19:30.611, 0 %, 0 MiB, 81920 MiB
2026/04/15 23:19:35.612, 0 %, 61833 MiB, 81920 MiB
2026/04/15 23:19:35.612, 0 %, 0 MiB, 81920 MiB
2026/04/15 23:19:40.613, 0 %, 61833 MiB, 81920 MiB
2026/04/15 23:19:40.613, 0 %, 0 MiB, 81920 MiB
2026/04/15 23:19:45.613, 0 %, 61833 MiB, 81920 MiB
2026/04/15 23:19:45.614, 0 %, 0 MiB, 81920 MiB
2026/04/15 23:19:50.614, 0 %, 61833 MiB, 81920 MiB
2026/04/15 23:19:50.615, 0 %, 0 MiB, 81920 MiB
2026/04/15 23:19:55.615, 0 %, 61833 MiB, 81920 MiB
2026/04/15 23:19:55.615, 0 %, 0 MiB, 81920 MiB
2026/04/15 23:20:00.616, 0 %, 61833 MiB, 81920 MiB
2026/04/15 23:20:00.616, 0 %, 0 MiB, 81920 MiB
2026/04/15 23:20:05.617, 0 %, 61833 MiB, 81920 MiB
2026/04/15 23:20:05.617, 0 %, 0 MiB, 81920 MiB
2026/04/15 23:20:10.618, 0 %, 61833 MiB, 81920 MiB
2026/04/15 23:20:10.618, 0 %, 0 MiB, 81920 MiB
2026/04/15 23:20:15.619, 0 %, 61833 MiB, 81920 MiB
2026/04/15 23:20:15.619, 0 %, 0 MiB, 81920 MiB
2026/04/15 23:20:20.619, 0 %, 61833 MiB, 81920 MiB
2026/04/15 23:20:20.620, 0 %, 0 MiB, 81920 MiB
2026/04/15 23:20:25.620, 0 %, 61833 MiB, 81920 MiB
2026/04/15 23:20:25.621, 0 %, 0 MiB, 81920 MiB
2026/04/15 23:20:30.621, 0 %, 61833 MiB, 81920 MiB
2026/04/15 23:20:30.621, 0 %, 0 MiB, 81920 MiB
2026/04/15 23:20:35.622, 0 %, 61833 MiB, 81920 MiB
2026/04/15 23:20:35.622, 0 %, 0 MiB, 81920 MiB
2026/04/15 23:20:40.623, 0 %, 61833 MiB, 81920 MiB
2026/04/15 23:20:40.623, 0 %, 0 MiB, 81920 MiB
2026/04/15 23:20:45.624, 0 %, 61833 MiB, 81920 MiB
2026/04/15 23:20:45.624, 0 %, 0 MiB, 81920 MiB
2026/04/15 23:20:50.625, 0 %, 61833 MiB, 81920 MiB
2026/04/15 23:20:50.625, 0 %, 0 MiB, 81920 MiB
2026/04/15 23:20:55.626, 0 %, 61833 MiB, 81920 MiB
2026/04/15 23:20:55.626, 0 %, 0 MiB, 81920 MiB
2026/04/15 23:21:00.626, 0 %, 61833 MiB, 81920 MiB
2026/04/15 23:21:00.627, 0 %, 0 MiB, 81920 MiB
2026/04/15 23:21:05.627, 0 %, 61833 MiB, 81920 MiB
2026/04/15 23:21:05.627, 0 %, 0 MiB, 81920 MiB
2026/04/15 23:21:10.628, 0 %, 61833 MiB, 81920 MiB
2026/04/15 23:21:10.628, 0 %, 0 MiB, 81920 MiB
2026/04/15 23:21:15.629, 0 %, 61833 MiB, 81920 MiB
2026/04/15 23:21:15.629, 0 %, 0 MiB, 81920 MiB
2026/04/15 23:21:20.630, 0 %, 61833 MiB, 81920 MiB
2026/04/15 23:21:20.630, 0 %, 0 MiB, 81920 MiB
2026/04/15 23:21:25.631, 0 %, 61833 MiB, 81920 MiB
2026/04/15 23:21:25.631, 0 %, 0 MiB, 81920 MiB
2026/04/15 23:21:30.632, 0 %, 61833 MiB, 81920 MiB
2026/04/15 23:21:30.632, 0 %, 0 MiB, 81920 MiB
2026/04/15 23:21:35.632, 0 %, 61833 MiB, 81920 MiB
2026/04/15 23:21:35.633, 0 %, 0 MiB, 81920 MiB
2026/04/15 23:21:40.633, 0 %, 61833 MiB, 81920 MiB
2026/04/15 23:21:40.634, 0 %, 0 MiB, 81920 MiB
2026/04/15 23:21:45.634, 0 %, 61833 MiB, 81920 MiB
2026/04/15 23:21:45.634, 0 %, 0 MiB, 81920 MiB
2026/04/15 23:21:50.635, 0 %, 61833 MiB, 81920 MiB
2026/04/15 23:21:50.635, 0 %, 0 MiB, 81920 MiB
2026/04/15 23:21:55.636, 0 %, 61833 MiB, 81920 MiB
2026/04/15 23:21:55.636, 0 %, 0 MiB, 81920 MiB
2026/04/15 23:22:00.637, 0 %, 61833 MiB, 81920 MiB
2026/04/15 23:22:00.637, 0 %, 0 MiB, 81920 MiB
2026/04/15 23:22:05.638, 0 %, 61833 MiB, 81920 MiB
2026/04/15 23:22:05.638, 0 %, 0 MiB, 81920 MiB
2026/04/15 23:22:10.639, 0 %, 61833 MiB, 81920 MiB
2026/04/15 23:22:10.639, 0 %, 0 MiB, 81920 MiB
2026/04/15 23:22:15.639, 0 %, 61833 MiB, 81920 MiB
2026/04/15 23:22:15.640, 0 %, 0 MiB, 81920 MiB
2026/04/15 23:22:20.640, 0 %, 61833 MiB, 81920 MiB
2026/04/15 23:22:20.640, 0 %, 0 MiB, 81920 MiB
2026/04/15 23:22:25.641, 0 %, 61833 MiB, 81920 MiB
2026/04/15 23:22:25.641, 0 %, 0 MiB, 81920 MiB
2026/04/15 23:22:30.642, 0 %, 61833 MiB, 81920 MiB
2026/04/15 23:22:30.642, 0 %, 0 MiB, 81920 MiB
2026/04/15 23:22:35.643, 0 %, 61833 MiB, 81920 MiB
2026/04/15 23:22:35.643, 0 %, 0 MiB, 81920 MiB
2026/04/15 23:22:40.644, 0 %, 61833 MiB, 81920 MiB
2026/04/15 23:22:40.644, 0 %, 0 MiB, 81920 MiB
2026/04/15 23:22:45.644, 0 %, 61833 MiB, 81920 MiB
2026/04/15 23:22:45.644, 0 %, 0 MiB, 81920 MiB
2026/04/15 23:22:50.645, 0 %, 61833 MiB, 81920 MiB
2026/04/15 23:22:50.645, 0 %, 0 MiB, 81920 MiB
2026/04/15 23:22:55.646, 0 %, 61833 MiB, 81920 MiB
2026/04/15 23:22:55.646, 0 %, 0 MiB, 81920 MiB
2026/04/15 23:23:00.647, 0 %, 61833 MiB, 81920 MiB
2026/04/15 23:23:00.647, 0 %, 0 MiB, 81920 MiB
2026/04/15 23:23:05.648, 0 %, 61833 MiB, 81920 MiB
2026/04/15 23:23:05.648, 0 %, 0 MiB, 81920 MiB
2026/04/15 23:23:10.649, 0 %, 61833 MiB, 81920 MiB
2026/04/15 23:23:10.649, 0 %, 0 MiB, 81920 MiB
2026/04/15 23:23:15.650, 0 %, 61833 MiB, 81920 MiB
2026/04/15 23:23:15.650, 0 %, 0 MiB, 81920 MiB
2026/04/15 23:23:20.650, 0 %, 61833 MiB, 81920 MiB
2026/04/15 23:23:20.651, 0 %, 0 MiB, 81920 MiB
2026/04/15 23:23:25.651, 0 %, 61833 MiB, 81920 MiB
2026/04/15 23:23:25.651, 0 %, 0 MiB, 81920 MiB
2026/04/15 23:23:30.652, 0 %, 61833 MiB, 81920 MiB
2026/04/15 23:23:30.652, 0 %, 0 MiB, 81920 MiB
2026/04/15 23:23:35.653, 0 %, 61833 MiB, 81920 MiB
2026/04/15 23:23:35.653, 0 %, 0 MiB, 81920 MiB
2026/04/15 23:23:40.654, 0 %, 61833 MiB, 81920 MiB
2026/04/15 23:23:40.654, 0 %, 0 MiB, 81920 MiB
2026/04/15 23:23:45.655, 0 %, 61833 MiB, 81920 MiB
2026/04/15 23:23:45.655, 0 %, 0 MiB, 81920 MiB
2026/04/15 23:23:50.656, 0 %, 61833 MiB, 81920 MiB
2026/04/15 23:23:50.656, 0 %, 0 MiB, 81920 MiB
2026/04/15 23:23:55.656, 0 %, 61833 MiB, 81920 MiB
2026/04/15 23:23:55.657, 0 %, 0 MiB, 81920 MiB
2026/04/15 23:24:00.657, 0 %, 61833 MiB, 81920 MiB
2026/04/15 23:24:00.658, 0 %, 0 MiB, 81920 MiB
2026/04/15 23:24:05.658, 0 %, 61833 MiB, 81920 MiB
2026/04/15 23:24:05.659, 0 %, 0 MiB, 81920 MiB
2026/04/15 23:24:10.659, 0 %, 61833 MiB, 81920 MiB
2026/04/15 23:24:10.659, 0 %, 0 MiB, 81920 MiB
2026/04/15 23:24:15.660, 0 %, 61833 MiB, 81920 MiB
2026/04/15 23:24:15.660, 0 %, 0 MiB, 81920 MiB
2026/04/15 23:24:20.661, 0 %, 61833 MiB, 81920 MiB
2026/04/15 23:24:20.661, 0 %, 0 MiB, 81920 MiB
2026/04/15 23:24:25.662, 0 %, 61833 MiB, 81920 MiB
2026/04/15 23:24:25.662, 0 %, 0 MiB, 81920 MiB
2026/04/15 23:24:30.663, 0 %, 61833 MiB, 81920 MiB
2026/04/15 23:24:30.663, 0 %, 0 MiB, 81920 MiB
2026/04/15 23:24:35.664, 0 %, 61833 MiB, 81920 MiB
2026/04/15 23:24:35.664, 0 %, 0 MiB, 81920 MiB
2026/04/15 23:24:40.665, 0 %, 61833 MiB, 81920 MiB
2026/04/15 23:24:40.665, 0 %, 0 MiB, 81920 MiB
2026/04/15 23:24:45.666, 0 %, 61833 MiB, 81920 MiB
2026/04/15 23:24:45.666, 0 %, 0 MiB, 81920 MiB
2026/04/15 23:24:50.667, 0 %, 61833 MiB, 81920 MiB
2026/04/15 23:24:50.667, 0 %, 0 MiB, 81920 MiB
2026/04/15 23:24:55.668, 0 %, 61833 MiB, 81920 MiB
2026/04/15 23:24:55.668, 0 %, 0 MiB, 81920 MiB
2026/04/15 23:25:00.669, 0 %, 61833 MiB, 81920 MiB
2026/04/15 23:25:00.669, 0 %, 0 MiB, 81920 MiB
2026/04/15 23:25:05.670, 0 %, 61833 MiB, 81920 MiB
2026/04/15 23:25:05.670, 0 %, 0 MiB, 81920 MiB
2026/04/15 23:25:10.671, 0 %, 61833 MiB, 81920 MiB
2026/04/15 23:25:10.671, 0 %, 0 MiB, 81920 MiB
2026/04/15 23:25:15.672, 0 %, 61833 MiB, 81920 MiB
2026/04/15 23:25:15.672, 0 %, 0 MiB, 81920 MiB
2026/04/15 23:25:20.673, 0 %, 61833 MiB, 81920 MiB
2026/04/15 23:25:20.673, 0 %, 0 MiB, 81920 MiB
2026/04/15 23:25:25.674, 0 %, 61833 MiB, 81920 MiB
2026/04/15 23:25:25.674, 0 %, 0 MiB, 81920 MiB
2026/04/15 23:25:30.675, 0 %, 61833 MiB, 81920 MiB
2026/04/15 23:25:30.675, 0 %, 0 MiB, 81920 MiB
2026/04/15 23:25:35.676, 0 %, 61833 MiB, 81920 MiB
2026/04/15 23:25:35.676, 0 %, 0 MiB, 81920 MiB
2026/04/15 23:25:40.677, 0 %, 61833 MiB, 81920 MiB
2026/04/15 23:25:40.677, 0 %, 0 MiB, 81920 MiB
2026/04/15 23:25:45.677, 0 %, 61833 MiB, 81920 MiB
2026/04/15 23:25:45.678, 0 %, 0 MiB, 81920 MiB
2026/04/15 23:25:50.678, 0 %, 61833 MiB, 81920 MiB
2026/04/15 23:25:50.679, 0 %, 0 MiB, 81920 MiB
2026/04/15 23:25:55.679, 0 %, 61833 MiB, 81920 MiB
2026/04/15 23:25:55.679, 0 %, 0 MiB, 81920 MiB
2026/04/15 23:26:00.680, 0 %, 61833 MiB, 81920 MiB
2026/04/15 23:26:00.680, 0 %, 0 MiB, 81920 MiB
2026/04/15 23:26:05.681, 0 %, 61833 MiB, 81920 MiB
2026/04/15 23:26:05.681, 0 %, 0 MiB, 81920 MiB
2026/04/15 23:26:10.682, 0 %, 61833 MiB, 81920 MiB
2026/04/15 23:26:10.682, 0 %, 0 MiB, 81920 MiB
2026/04/15 23:26:15.683, 0 %, 61833 MiB, 81920 MiB
2026/04/15 23:26:15.683, 0 %, 0 MiB, 81920 MiB
2026/04/15 23:26:20.684, 0 %, 61833 MiB, 81920 MiB
2026/04/15 23:26:20.684, 0 %, 0 MiB, 81920 MiB
2026/04/15 23:26:25.685, 0 %, 61833 MiB, 81920 MiB
2026/04/15 23:26:25.685, 0 %, 0 MiB, 81920 MiB
2026/04/15 23:26:30.686, 0 %, 61833 MiB, 81920 MiB
2026/04/15 23:26:30.686, 0 %, 0 MiB, 81920 MiB
2026/04/15 23:26:35.687, 0 %, 61833 MiB, 81920 MiB
2026/04/15 23:26:35.687, 0 %, 0 MiB, 81920 MiB
2026/04/15 23:26:40.688, 0 %, 61833 MiB, 81920 MiB
2026/04/15 23:26:40.688, 0 %, 0 MiB, 81920 MiB
2026/04/15 23:26:45.689, 0 %, 61833 MiB, 81920 MiB
2026/04/15 23:26:45.689, 0 %, 0 MiB, 81920 MiB
2026/04/15 23:26:50.690, 0 %, 61833 MiB, 81920 MiB
2026/04/15 23:26:50.690, 0 %, 0 MiB, 81920 MiB
2026/04/15 23:26:55.691, 0 %, 61833 MiB, 81920 MiB
2026/04/15 23:26:55.691, 0 %, 0 MiB, 81920 MiB
2026/04/15 23:27:00.691, 0 %, 61833 MiB, 81920 MiB
2026/04/15 23:27:00.692, 0 %, 0 MiB, 81920 MiB
2026/04/15 23:27:05.692, 0 %, 61833 MiB, 81920 MiB
2026/04/15 23:27:05.693, 0 %, 0 MiB, 81920 MiB
2026/04/15 23:27:10.693, 0 %, 61833 MiB, 81920 MiB
2026/04/15 23:27:10.693, 0 %, 0 MiB, 81920 MiB
2026/04/15 23:27:15.694, 0 %, 61833 MiB, 81920 MiB
2026/04/15 23:27:15.694, 0 %, 0 MiB, 81920 MiB
2026/04/15 23:27:20.695, 0 %, 61833 MiB, 81920 MiB
2026/04/15 23:27:20.695, 0 %, 0 MiB, 81920 MiB
2026/04/15 23:27:25.696, 0 %, 61833 MiB, 81920 MiB
2026/04/15 23:27:25.696, 0 %, 0 MiB, 81920 MiB
2026/04/15 23:27:30.697, 0 %, 61833 MiB, 81920 MiB
2026/04/15 23:27:30.697, 0 %, 0 MiB, 81920 MiB
2026/04/15 23:27:35.698, 0 %, 61833 MiB, 81920 MiB
2026/04/15 23:27:35.698, 0 %, 0 MiB, 81920 MiB
2026/04/15 23:27:40.699, 0 %, 61833 MiB, 81920 MiB
2026/04/15 23:27:40.699, 0 %, 0 MiB, 81920 MiB
2026/04/15 23:27:45.700, 0 %, 61833 MiB, 81920 MiB
2026/04/15 23:27:45.700, 0 %, 0 MiB, 81920 MiB
2026/04/15 23:27:50.701, 0 %, 61833 MiB, 81920 MiB
2026/04/15 23:27:50.701, 0 %, 0 MiB, 81920 MiB
2026/04/15 23:27:55.702, 0 %, 61833 MiB, 81920 MiB
2026/04/15 23:27:55.702, 0 %, 0 MiB, 81920 MiB
2026/04/15 23:28:00.702, 0 %, 61833 MiB, 81920 MiB
2026/04/15 23:28:00.703, 0 %, 0 MiB, 81920 MiB
2026/04/15 23:28:05.703, 0 %, 61833 MiB, 81920 MiB
2026/04/15 23:28:05.704, 0 %, 0 MiB, 81920 MiB
2026/04/15 23:28:10.704, 0 %, 61833 MiB, 81920 MiB
2026/04/15 23:28:10.705, 0 %, 0 MiB, 81920 MiB
2026/04/15 23:28:15.705, 0 %, 61833 MiB, 81920 MiB
2026/04/15 23:28:15.705, 0 %, 0 MiB, 81920 MiB
2026/04/15 23:28:20.706, 0 %, 61833 MiB, 81920 MiB
2026/04/15 23:28:20.706, 0 %, 0 MiB, 81920 MiB
2026/04/15 23:28:25.707, 0 %, 61833 MiB, 81920 MiB
2026/04/15 23:28:25.707, 0 %, 0 MiB, 81920 MiB
2026/04/15 23:28:30.708, 0 %, 61833 MiB, 81920 MiB
2026/04/15 23:28:30.708, 0 %, 0 MiB, 81920 MiB
2026/04/15 23:28:35.709, 0 %, 61833 MiB, 81920 MiB
2026/04/15 23:28:35.709, 0 %, 0 MiB, 81920 MiB
2026/04/15 23:28:40.710, 0 %, 61833 MiB, 81920 MiB
2026/04/15 23:28:40.710, 0 %, 0 MiB, 81920 MiB
2026/04/15 23:28:45.711, 0 %, 61833 MiB, 81920 MiB
2026/04/15 23:28:45.711, 0 %, 0 MiB, 81920 MiB
2026/04/15 23:28:50.712, 0 %, 61833 MiB, 81920 MiB
2026/04/15 23:28:50.712, 0 %, 0 MiB, 81920 MiB
2026/04/15 23:28:55.713, 0 %, 61833 MiB, 81920 MiB
2026/04/15 23:28:55.713, 0 %, 0 MiB, 81920 MiB
2026/04/15 23:29:00.714, 0 %, 61833 MiB, 81920 MiB
2026/04/15 23:29:00.714, 0 %, 0 MiB, 81920 MiB
2026/04/15 23:29:05.715, 0 %, 61833 MiB, 81920 MiB
2026/04/15 23:29:05.715, 0 %, 0 MiB, 81920 MiB
2026/04/15 23:29:10.716, 0 %, 61833 MiB, 81920 MiB
2026/04/15 23:29:10.716, 0 %, 0 MiB, 81920 MiB
2026/04/15 23:29:15.717, 0 %, 61833 MiB, 81920 MiB
2026/04/15 23:29:15.717, 0 %, 0 MiB, 81920 MiB
2026/04/15 23:29:20.718, 0 %, 61833 MiB, 81920 MiB
2026/04/15 23:29:20.718, 0 %, 0 MiB, 81920 MiB
2026/04/15 23:29:25.718, 0 %, 61833 MiB, 81920 MiB
2026/04/15 23:29:25.719, 0 %, 0 MiB, 81920 MiB
2026/04/15 23:29:30.719, 0 %, 61833 MiB, 81920 MiB
2026/04/15 23:29:30.720, 0 %, 0 MiB, 81920 MiB
2026/04/15 23:29:35.720, 0 %, 61833 MiB, 81920 MiB
2026/04/15 23:29:35.721, 0 %, 0 MiB, 81920 MiB
2026/04/15 23:29:40.721, 0 %, 61833 MiB, 81920 MiB
2026/04/15 23:29:40.722, 0 %, 0 MiB, 81920 MiB
2026/04/15 23:29:45.722, 0 %, 61833 MiB, 81920 MiB
2026/04/15 23:29:45.722, 0 %, 0 MiB, 81920 MiB
2026/04/15 23:29:50.723, 0 %, 61833 MiB, 81920 MiB
2026/04/15 23:29:50.723, 0 %, 0 MiB, 81920 MiB
2026/04/15 23:29:55.724, 0 %, 61833 MiB, 81920 MiB
2026/04/15 23:29:55.724, 0 %, 0 MiB, 81920 MiB
2026/04/15 23:30:00.725, 0 %, 61833 MiB, 81920 MiB
2026/04/15 23:30:00.725, 0 %, 0 MiB, 81920 MiB
2026/04/15 23:30:05.726, 0 %, 61833 MiB, 81920 MiB
2026/04/15 23:30:05.726, 0 %, 0 MiB, 81920 MiB
2026/04/15 23:30:10.727, 0 %, 61833 MiB, 81920 MiB
2026/04/15 23:30:10.727, 0 %, 0 MiB, 81920 MiB
2026/04/15 23:30:15.728, 0 %, 61833 MiB, 81920 MiB
2026/04/15 23:30:15.728, 0 %, 0 MiB, 81920 MiB
2026/04/15 23:30:20.729, 0 %, 61833 MiB, 81920 MiB
2026/04/15 23:30:20.729, 0 %, 0 MiB, 81920 MiB
2026/04/15 23:30:25.730, 0 %, 61833 MiB, 81920 MiB
2026/04/15 23:30:25.730, 0 %, 0 MiB, 81920 MiB
2026/04/15 23:30:30.731, 0 %, 61833 MiB, 81920 MiB
2026/04/15 23:30:30.731, 0 %, 0 MiB, 81920 MiB
2026/04/15 23:30:35.732, 0 %, 61833 MiB, 81920 MiB
2026/04/15 23:30:35.732, 0 %, 0 MiB, 81920 MiB
2026/04/15 23:30:40.733, 0 %, 61833 MiB, 81920 MiB
2026/04/15 23:30:40.733, 0 %, 0 MiB, 81920 MiB
2026/04/15 23:30:45.734, 0 %, 61833 MiB, 81920 MiB
2026/04/15 23:30:45.734, 0 %, 0 MiB, 81920 MiB
2026/04/15 23:30:50.735, 0 %, 61833 MiB, 81920 MiB
2026/04/15 23:30:50.735, 0 %, 0 MiB, 81920 MiB
2026/04/15 23:30:55.736, 0 %, 61833 MiB, 81920 MiB
2026/04/15 23:30:55.736, 0 %, 0 MiB, 81920 MiB
2026/04/15 23:31:00.737, 0 %, 61833 MiB, 81920 MiB
2026/04/15 23:31:00.737, 0 %, 0 MiB, 81920 MiB
2026/04/15 23:31:05.738, 0 %, 61833 MiB, 81920 MiB
2026/04/15 23:31:05.738, 0 %, 0 MiB, 81920 MiB
2026/04/15 23:31:10.739, 0 %, 61833 MiB, 81920 MiB
2026/04/15 23:31:10.739, 0 %, 0 MiB, 81920 MiB
2026/04/15 23:31:15.740, 0 %, 61833 MiB, 81920 MiB
2026/04/15 23:31:15.740, 0 %, 0 MiB, 81920 MiB
2026/04/15 23:31:20.741, 0 %, 61833 MiB, 81920 MiB
2026/04/15 23:31:20.741, 0 %, 0 MiB, 81920 MiB
2026/04/15 23:31:25.742, 0 %, 61833 MiB, 81920 MiB
2026/04/15 23:31:25.742, 0 %, 0 MiB, 81920 MiB
2026/04/15 23:31:30.743, 0 %, 61833 MiB, 81920 MiB
2026/04/15 23:31:30.743, 0 %, 0 MiB, 81920 MiB
2026/04/15 23:31:35.743, 0 %, 61833 MiB, 81920 MiB
2026/04/15 23:31:35.744, 0 %, 0 MiB, 81920 MiB
2026/04/15 23:31:40.744, 0 %, 61833 MiB, 81920 MiB
2026/04/15 23:31:40.744, 0 %, 0 MiB, 81920 MiB
2026/04/15 23:31:45.745, 0 %, 61833 MiB, 81920 MiB
2026/04/15 23:31:45.745, 0 %, 0 MiB, 81920 MiB
2026/04/15 23:31:50.746, 0 %, 61833 MiB, 81920 MiB
2026/04/15 23:31:50.746, 0 %, 0 MiB, 81920 MiB
2026/04/15 23:31:55.747, 0 %, 61833 MiB, 81920 MiB
2026/04/15 23:31:55.747, 0 %, 0 MiB, 81920 MiB
2026/04/15 23:32:00.748, 0 %, 61833 MiB, 81920 MiB
2026/04/15 23:32:00.748, 0 %, 0 MiB, 81920 MiB
2026/04/15 23:32:05.749, 0 %, 61833 MiB, 81920 MiB
2026/04/15 23:32:05.749, 0 %, 0 MiB, 81920 MiB
2026/04/15 23:32:10.750, 0 %, 61833 MiB, 81920 MiB
2026/04/15 23:32:10.750, 0 %, 0 MiB, 81920 MiB
2026/04/15 23:32:15.750, 0 %, 61833 MiB, 81920 MiB
2026/04/15 23:32:15.751, 0 %, 0 MiB, 81920 MiB
2026/04/15 23:32:20.751, 0 %, 61833 MiB, 81920 MiB
2026/04/15 23:32:20.751, 0 %, 0 MiB, 81920 MiB
2026/04/15 23:32:25.752, 0 %, 61833 MiB, 81920 MiB
2026/04/15 23:32:25.752, 0 %, 0 MiB, 81920 MiB
2026/04/15 23:32:30.753, 0 %, 61833 MiB, 81920 MiB
2026/04/15 23:32:30.753, 0 %, 0 MiB, 81920 MiB
2026/04/15 23:32:35.754, 0 %, 61833 MiB, 81920 MiB
2026/04/15 23:32:35.754, 0 %, 0 MiB, 81920 MiB
2026/04/15 23:32:40.755, 0 %, 61833 MiB, 81920 MiB
2026/04/15 23:32:40.755, 0 %, 0 MiB, 81920 MiB
2026/04/15 23:32:45.755, 0 %, 61833 MiB, 81920 MiB
2026/04/15 23:32:45.756, 0 %, 0 MiB, 81920 MiB
2026/04/15 23:32:50.756, 0 %, 61833 MiB, 81920 MiB
2026/04/15 23:32:50.756, 0 %, 0 MiB, 81920 MiB
2026/04/15 23:32:55.757, 0 %, 61833 MiB, 81920 MiB
2026/04/15 23:32:55.757, 0 %, 0 MiB, 81920 MiB
2026/04/15 23:33:00.758, 0 %, 61833 MiB, 81920 MiB
2026/04/15 23:33:00.758, 0 %, 0 MiB, 81920 MiB
2026/04/15 23:33:05.759, 0 %, 61833 MiB, 81920 MiB
2026/04/15 23:33:05.759, 0 %, 0 MiB, 81920 MiB
2026/04/15 23:33:10.759, 0 %, 61833 MiB, 81920 MiB
2026/04/15 23:33:10.760, 0 %, 0 MiB, 81920 MiB
2026/04/15 23:33:15.760, 0 %, 61833 MiB, 81920 MiB
2026/04/15 23:33:15.761, 0 %, 0 MiB, 81920 MiB
2026/04/15 23:33:20.761, 0 %, 61833 MiB, 81920 MiB
2026/04/15 23:33:20.761, 0 %, 0 MiB, 81920 MiB
2026/04/15 23:33:25.763, 0 %, 61833 MiB, 81920 MiB
2026/04/15 23:33:25.763, 0 %, 0 MiB, 81920 MiB
2026/04/15 23:33:30.765, 0 %, 61833 MiB, 81920 MiB
2026/04/15 23:33:30.765, 0 %, 0 MiB, 81920 MiB
2026/04/15 23:33:35.766, 0 %, 61833 MiB, 81920 MiB
2026/04/15 23:33:35.766, 0 %, 0 MiB, 81920 MiB
2026/04/15 23:33:40.767, 0 %, 61833 MiB, 81920 MiB
2026/04/15 23:33:40.767, 0 %, 0 MiB, 81920 MiB
2026/04/15 23:33:45.767, 0 %, 61833 MiB, 81920 MiB
2026/04/15 23:33:45.767, 0 %, 0 MiB, 81920 MiB
2026/04/15 23:33:50.768, 0 %, 61833 MiB, 81920 MiB
2026/04/15 23:33:50.768, 0 %, 0 MiB, 81920 MiB
2026/04/15 23:33:55.769, 0 %, 61867 MiB, 81920 MiB
2026/04/15 23:33:55.769, 0 %, 0 MiB, 81920 MiB
2026/04/15 23:34:00.769, 3 %, 61901 MiB, 81920 MiB
2026/04/15 23:34:00.769, 0 %, 0 MiB, 81920 MiB
2026/04/15 23:34:05.770, 0 %, 61867 MiB, 81920 MiB
2026/04/15 23:34:05.770, 0 %, 0 MiB, 81920 MiB
2026/04/15 23:34:10.771, 0 %, 61867 MiB, 81920 MiB
2026/04/15 23:34:10.771, 0 %, 0 MiB, 81920 MiB
2026/04/15 23:34:15.771, 0 %, 61867 MiB, 81920 MiB
2026/04/15 23:34:15.772, 0 %, 0 MiB, 81920 MiB
2026/04/15 23:34:20.772, 0 %, 61867 MiB, 81920 MiB
2026/04/15 23:34:20.772, 0 %, 0 MiB, 81920 MiB
2026/04/15 23:34:25.773, 0 %, 61867 MiB, 81920 MiB
2026/04/15 23:34:25.773, 0 %, 0 MiB, 81920 MiB
2026/04/15 23:34:30.774, 0 %, 61867 MiB, 81920 MiB
2026/04/15 23:34:30.774, 0 %, 0 MiB, 81920 MiB
2026/04/15 23:34:35.774, 0 %, 61867 MiB, 81920 MiB
2026/04/15 23:34:35.774, 0 %, 0 MiB, 81920 MiB
2026/04/15 23:34:40.775, 0 %, 61867 MiB, 81920 MiB
2026/04/15 23:34:40.775, 0 %, 0 MiB, 81920 MiB
2026/04/15 23:34:45.776, 0 %, 61867 MiB, 81920 MiB
2026/04/15 23:34:45.776, 0 %, 0 MiB, 81920 MiB
2026/04/15 23:34:50.776, 0 %, 61867 MiB, 81920 MiB
2026/04/15 23:34:50.776, 0 %, 0 MiB, 81920 MiB
2026/04/15 23:34:55.777, 0 %, 61867 MiB, 81920 MiB
2026/04/15 23:34:55.777, 0 %, 0 MiB, 81920 MiB
2026/04/15 23:35:00.778, 0 %, 61867 MiB, 81920 MiB
2026/04/15 23:35:00.778, 0 %, 0 MiB, 81920 MiB
2026/04/15 23:35:05.778, 0 %, 61867 MiB, 81920 MiB
2026/04/15 23:35:05.778, 0 %, 0 MiB, 81920 MiB
2026/04/15 23:35:10.779, 0 %, 61867 MiB, 81920 MiB
2026/04/15 23:35:10.779, 0 %, 0 MiB, 81920 MiB
2026/04/15 23:35:15.780, 0 %, 61867 MiB, 81920 MiB
2026/04/15 23:35:15.780, 0 %, 0 MiB, 81920 MiB
2026/04/15 23:35:20.780, 0 %, 61867 MiB, 81920 MiB
2026/04/15 23:35:20.780, 0 %, 0 MiB, 81920 MiB
2026/04/15 23:35:25.781, 0 %, 61867 MiB, 81920 MiB
2026/04/15 23:35:25.781, 0 %, 0 MiB, 81920 MiB
2026/04/15 23:35:30.782, 0 %, 61867 MiB, 81920 MiB
2026/04/15 23:35:30.782, 0 %, 0 MiB, 81920 MiB
2026/04/15 23:35:35.782, 0 %, 61867 MiB, 81920 MiB
2026/04/15 23:35:35.782, 0 %, 0 MiB, 81920 MiB
2026/04/15 23:35:40.783, 0 %, 61867 MiB, 81920 MiB
2026/04/15 23:35:40.783, 0 %, 0 MiB, 81920 MiB
2026/04/15 23:35:45.784, 0 %, 61867 MiB, 81920 MiB
2026/04/15 23:35:45.784, 0 %, 0 MiB, 81920 MiB
2026/04/15 23:35:50.785, 0 %, 61867 MiB, 81920 MiB
2026/04/15 23:35:50.785, 0 %, 0 MiB, 81920 MiB
2026/04/15 23:35:55.785, 0 %, 61867 MiB, 81920 MiB
2026/04/15 23:35:55.785, 0 %, 0 MiB, 81920 MiB
2026/04/15 23:36:00.786, 0 %, 61867 MiB, 81920 MiB
2026/04/15 23:36:00.786, 0 %, 0 MiB, 81920 MiB
2026/04/15 23:36:05.787, 0 %, 61867 MiB, 81920 MiB
2026/04/15 23:36:05.787, 0 %, 0 MiB, 81920 MiB
2026/04/15 23:36:10.788, 0 %, 61867 MiB, 81920 MiB
2026/04/15 23:36:10.788, 0 %, 0 MiB, 81920 MiB
2026/04/15 23:36:15.789, 0 %, 61867 MiB, 81920 MiB
2026/04/15 23:36:15.789, 0 %, 0 MiB, 81920 MiB
2026/04/15 23:36:20.790, 0 %, 61867 MiB, 81920 MiB
2026/04/15 23:36:20.790, 0 %, 0 MiB, 81920 MiB
2026/04/15 23:36:25.790, 0 %, 61867 MiB, 81920 MiB
2026/04/15 23:36:25.791, 0 %, 0 MiB, 81920 MiB
2026/04/15 23:36:30.791, 0 %, 61867 MiB, 81920 MiB
2026/04/15 23:36:30.791, 0 %, 0 MiB, 81920 MiB
2026/04/15 23:36:35.792, 0 %, 61867 MiB, 81920 MiB
2026/04/15 23:36:35.792, 0 %, 0 MiB, 81920 MiB
2026/04/15 23:36:40.793, 0 %, 61867 MiB, 81920 MiB
2026/04/15 23:36:40.793, 0 %, 0 MiB, 81920 MiB
2026/04/15 23:36:45.794, 0 %, 61867 MiB, 81920 MiB
2026/04/15 23:36:45.794, 0 %, 0 MiB, 81920 MiB
2026/04/15 23:36:50.795, 0 %, 61867 MiB, 81920 MiB
2026/04/15 23:36:50.795, 0 %, 0 MiB, 81920 MiB
2026/04/15 23:36:55.795, 0 %, 61867 MiB, 81920 MiB
2026/04/15 23:36:55.795, 0 %, 0 MiB, 81920 MiB
2026/04/15 23:37:00.796, 0 %, 61867 MiB, 81920 MiB
2026/04/15 23:37:00.796, 0 %, 0 MiB, 81920 MiB
2026/04/15 23:37:05.797, 0 %, 61867 MiB, 81920 MiB
2026/04/15 23:37:05.797, 0 %, 0 MiB, 81920 MiB
2026/04/15 23:37:10.798, 0 %, 61867 MiB, 81920 MiB
2026/04/15 23:37:10.798, 0 %, 0 MiB, 81920 MiB
2026/04/15 23:37:15.799, 0 %, 61867 MiB, 81920 MiB
2026/04/15 23:37:15.799, 0 %, 0 MiB, 81920 MiB
2026/04/15 23:37:20.800, 0 %, 61867 MiB, 81920 MiB
2026/04/15 23:37:20.800, 0 %, 0 MiB, 81920 MiB
2026/04/15 23:37:25.800, 0 %, 61867 MiB, 81920 MiB
2026/04/15 23:37:25.800, 0 %, 0 MiB, 81920 MiB
2026/04/15 23:37:30.801, 0 %, 61867 MiB, 81920 MiB
2026/04/15 23:37:30.801, 0 %, 0 MiB, 81920 MiB
2026/04/15 23:37:35.802, 0 %, 61867 MiB, 81920 MiB
2026/04/15 23:37:35.802, 0 %, 0 MiB, 81920 MiB
2026/04/15 23:37:40.803, 0 %, 61867 MiB, 81920 MiB
2026/04/15 23:37:40.803, 0 %, 0 MiB, 81920 MiB
2026/04/15 23:37:45.804, 0 %, 61867 MiB, 81920 MiB
2026/04/15 23:37:45.804, 0 %, 0 MiB, 81920 MiB
2026/04/15 23:37:50.804, 0 %, 61867 MiB, 81920 MiB
2026/04/15 23:37:50.805, 0 %, 0 MiB, 81920 MiB
2026/04/15 23:37:55.805, 0 %, 61867 MiB, 81920 MiB
2026/04/15 23:37:55.805, 0 %, 0 MiB, 81920 MiB
2026/04/15 23:38:00.806, 0 %, 61867 MiB, 81920 MiB
2026/04/15 23:38:00.806, 0 %, 0 MiB, 81920 MiB
2026/04/15 23:38:05.807, 0 %, 61867 MiB, 81920 MiB
2026/04/15 23:38:05.807, 0 %, 0 MiB, 81920 MiB
2026/04/15 23:38:10.808, 0 %, 61867 MiB, 81920 MiB
2026/04/15 23:38:10.808, 0 %, 0 MiB, 81920 MiB
2026/04/15 23:38:15.809, 0 %, 61867 MiB, 81920 MiB
2026/04/15 23:38:15.809, 0 %, 0 MiB, 81920 MiB
2026/04/15 23:38:20.810, 0 %, 61867 MiB, 81920 MiB
2026/04/15 23:38:20.810, 0 %, 0 MiB, 81920 MiB
2026/04/15 23:38:25.810, 0 %, 61867 MiB, 81920 MiB
2026/04/15 23:38:25.811, 0 %, 0 MiB, 81920 MiB
2026/04/15 23:38:30.811, 0 %, 61867 MiB, 81920 MiB
2026/04/15 23:38:30.811, 0 %, 0 MiB, 81920 MiB
2026/04/15 23:38:35.812, 0 %, 61867 MiB, 81920 MiB
2026/04/15 23:38:35.812, 0 %, 0 MiB, 81920 MiB
2026/04/15 23:38:40.813, 0 %, 61867 MiB, 81920 MiB
2026/04/15 23:38:40.813, 0 %, 0 MiB, 81920 MiB
2026/04/15 23:38:45.814, 0 %, 61867 MiB, 81920 MiB
2026/04/15 23:38:45.814, 0 %, 0 MiB, 81920 MiB
2026/04/15 23:38:50.815, 0 %, 61867 MiB, 81920 MiB
2026/04/15 23:38:50.815, 0 %, 0 MiB, 81920 MiB
2026/04/15 23:38:55.816, 0 %, 61867 MiB, 81920 MiB
2026/04/15 23:38:55.816, 0 %, 0 MiB, 81920 MiB
2026/04/15 23:39:00.817, 0 %, 61867 MiB, 81920 MiB
2026/04/15 23:39:00.817, 0 %, 0 MiB, 81920 MiB
2026/04/15 23:39:05.817, 0 %, 61867 MiB, 81920 MiB
2026/04/15 23:39:05.818, 0 %, 0 MiB, 81920 MiB
2026/04/15 23:39:10.818, 0 %, 61867 MiB, 81920 MiB
2026/04/15 23:39:10.819, 0 %, 0 MiB, 81920 MiB
2026/04/15 23:39:15.819, 0 %, 61867 MiB, 81920 MiB
2026/04/15 23:39:15.820, 0 %, 0 MiB, 81920 MiB
2026/04/15 23:39:20.820, 0 %, 61867 MiB, 81920 MiB
2026/04/15 23:39:20.820, 0 %, 0 MiB, 81920 MiB
2026/04/15 23:39:25.821, 0 %, 61867 MiB, 81920 MiB
2026/04/15 23:39:25.821, 0 %, 0 MiB, 81920 MiB
2026/04/15 23:39:30.822, 0 %, 61867 MiB, 81920 MiB
2026/04/15 23:39:30.822, 0 %, 0 MiB, 81920 MiB
2026/04/15 23:39:35.823, 0 %, 61867 MiB, 81920 MiB
2026/04/15 23:39:35.823, 0 %, 0 MiB, 81920 MiB
2026/04/15 23:39:40.824, 0 %, 61867 MiB, 81920 MiB
2026/04/15 23:39:40.824, 0 %, 0 MiB, 81920 MiB
2026/04/15 23:39:45.825, 0 %, 61867 MiB, 81920 MiB
2026/04/15 23:39:45.825, 0 %, 0 MiB, 81920 MiB
2026/04/15 23:39:50.826, 0 %, 61867 MiB, 81920 MiB
2026/04/15 23:39:50.826, 0 %, 0 MiB, 81920 MiB
2026/04/15 23:39:55.827, 0 %, 61867 MiB, 81920 MiB
2026/04/15 23:39:55.827, 0 %, 0 MiB, 81920 MiB
2026/04/15 23:40:00.828, 0 %, 61867 MiB, 81920 MiB
2026/04/15 23:40:00.828, 0 %, 0 MiB, 81920 MiB
2026/04/15 23:40:05.829, 0 %, 61867 MiB, 81920 MiB
2026/04/15 23:40:05.829, 0 %, 0 MiB, 81920 MiB
2026/04/15 23:40:10.830, 0 %, 61867 MiB, 81920 MiB
2026/04/15 23:40:10.830, 0 %, 0 MiB, 81920 MiB
2026/04/15 23:40:15.830, 0 %, 61867 MiB, 81920 MiB
2026/04/15 23:40:15.831, 0 %, 0 MiB, 81920 MiB
2026/04/15 23:40:20.831, 0 %, 61867 MiB, 81920 MiB
2026/04/15 23:40:20.832, 0 %, 0 MiB, 81920 MiB
2026/04/15 23:40:25.832, 0 %, 61867 MiB, 81920 MiB
2026/04/15 23:40:25.833, 0 %, 0 MiB, 81920 MiB
2026/04/15 23:40:30.833, 0 %, 61867 MiB, 81920 MiB
2026/04/15 23:40:30.833, 0 %, 0 MiB, 81920 MiB
2026/04/15 23:40:35.834, 0 %, 61867 MiB, 81920 MiB
2026/04/15 23:40:35.834, 0 %, 0 MiB, 81920 MiB
2026/04/15 23:40:40.835, 0 %, 61867 MiB, 81920 MiB
2026/04/15 23:40:40.835, 0 %, 0 MiB, 81920 MiB
2026/04/15 23:40:45.836, 0 %, 61867 MiB, 81920 MiB
2026/04/15 23:40:45.836, 0 %, 0 MiB, 81920 MiB
2026/04/15 23:40:50.837, 0 %, 61867 MiB, 81920 MiB
2026/04/15 23:40:50.837, 0 %, 0 MiB, 81920 MiB
2026/04/15 23:40:55.838, 0 %, 61867 MiB, 81920 MiB
2026/04/15 23:40:55.838, 0 %, 0 MiB, 81920 MiB
2026/04/15 23:41:00.839, 0 %, 61867 MiB, 81920 MiB
2026/04/15 23:41:00.839, 0 %, 0 MiB, 81920 MiB
2026/04/15 23:41:05.840, 0 %, 61867 MiB, 81920 MiB
2026/04/15 23:41:05.840, 0 %, 0 MiB, 81920 MiB
2026/04/15 23:41:10.841, 0 %, 61867 MiB, 81920 MiB
2026/04/15 23:41:10.841, 0 %, 0 MiB, 81920 MiB
2026/04/15 23:41:15.842, 0 %, 61867 MiB, 81920 MiB
2026/04/15 23:41:15.842, 0 %, 0 MiB, 81920 MiB
2026/04/15 23:41:20.843, 0 %, 61867 MiB, 81920 MiB
2026/04/15 23:41:20.843, 0 %, 0 MiB, 81920 MiB
2026/04/15 23:41:25.844, 0 %, 61867 MiB, 81920 MiB
2026/04/15 23:41:25.844, 0 %, 0 MiB, 81920 MiB
2026/04/15 23:41:30.845, 0 %, 61867 MiB, 81920 MiB
2026/04/15 23:41:30.845, 0 %, 0 MiB, 81920 MiB
2026/04/15 23:41:35.846, 0 %, 61867 MiB, 81920 MiB
2026/04/15 23:41:35.846, 0 %, 0 MiB, 81920 MiB
2026/04/15 23:41:40.846, 0 %, 61867 MiB, 81920 MiB
2026/04/15 23:41:40.847, 0 %, 0 MiB, 81920 MiB
2026/04/15 23:41:45.847, 0 %, 61867 MiB, 81920 MiB
2026/04/15 23:41:45.848, 0 %, 0 MiB, 81920 MiB
2026/04/15 23:41:50.848, 0 %, 61867 MiB, 81920 MiB
2026/04/15 23:41:50.849, 0 %, 0 MiB, 81920 MiB
2026/04/15 23:41:55.849, 0 %, 61867 MiB, 81920 MiB
2026/04/15 23:41:55.849, 0 %, 0 MiB, 81920 MiB
2026/04/15 23:42:00.850, 0 %, 61867 MiB, 81920 MiB
2026/04/15 23:42:00.850, 0 %, 0 MiB, 81920 MiB
2026/04/15 23:42:05.851, 0 %, 61867 MiB, 81920 MiB
2026/04/15 23:42:05.851, 0 %, 0 MiB, 81920 MiB
2026/04/15 23:42:10.852, 0 %, 61867 MiB, 81920 MiB
2026/04/15 23:42:10.852, 0 %, 0 MiB, 81920 MiB
2026/04/15 23:42:15.853, 0 %, 61867 MiB, 81920 MiB
2026/04/15 23:42:15.853, 0 %, 0 MiB, 81920 MiB
2026/04/15 23:42:20.854, 0 %, 61867 MiB, 81920 MiB
2026/04/15 23:42:20.854, 0 %, 0 MiB, 81920 MiB
2026/04/15 23:42:25.855, 0 %, 61867 MiB, 81920 MiB
2026/04/15 23:42:25.855, 0 %, 0 MiB, 81920 MiB
2026/04/15 23:42:30.856, 0 %, 61867 MiB, 81920 MiB
2026/04/15 23:42:30.856, 0 %, 0 MiB, 81920 MiB
2026/04/15 23:42:35.857, 0 %, 61867 MiB, 81920 MiB
2026/04/15 23:42:35.857, 0 %, 0 MiB, 81920 MiB
2026/04/15 23:42:40.858, 0 %, 61867 MiB, 81920 MiB
2026/04/15 23:42:40.858, 0 %, 0 MiB, 81920 MiB
2026/04/15 23:42:45.859, 0 %, 61867 MiB, 81920 MiB
2026/04/15 23:42:45.859, 0 %, 0 MiB, 81920 MiB
2026/04/15 23:42:50.860, 0 %, 61867 MiB, 81920 MiB
2026/04/15 23:42:50.860, 0 %, 0 MiB, 81920 MiB
2026/04/15 23:42:55.861, 0 %, 61867 MiB, 81920 MiB
2026/04/15 23:42:55.861, 0 %, 0 MiB, 81920 MiB
2026/04/15 23:43:00.862, 0 %, 61867 MiB, 81920 MiB
2026/04/15 23:43:00.862, 0 %, 0 MiB, 81920 MiB
2026/04/15 23:43:05.863, 0 %, 61867 MiB, 81920 MiB
2026/04/15 23:43:05.863, 0 %, 0 MiB, 81920 MiB
2026/04/15 23:43:10.864, 0 %, 61867 MiB, 81920 MiB
2026/04/15 23:43:10.864, 0 %, 0 MiB, 81920 MiB
2026/04/15 23:43:15.865, 0 %, 61867 MiB, 81920 MiB
2026/04/15 23:43:15.865, 0 %, 0 MiB, 81920 MiB
2026/04/15 23:43:20.866, 0 %, 61867 MiB, 81920 MiB
2026/04/15 23:43:20.866, 0 %, 0 MiB, 81920 MiB
2026/04/15 23:43:25.867, 0 %, 61867 MiB, 81920 MiB
2026/04/15 23:43:25.867, 0 %, 0 MiB, 81920 MiB
2026/04/15 23:43:30.868, 0 %, 61867 MiB, 81920 MiB
2026/04/15 23:43:30.868, 0 %, 0 MiB, 81920 MiB
2026/04/15 23:43:35.869, 0 %, 61867 MiB, 81920 MiB
2026/04/15 23:43:35.869, 0 %, 0 MiB, 81920 MiB
2026/04/15 23:43:40.869, 0 %, 61867 MiB, 81920 MiB
2026/04/15 23:43:40.870, 0 %, 0 MiB, 81920 MiB
2026/04/15 23:43:45.870, 0 %, 61867 MiB, 81920 MiB
2026/04/15 23:43:45.870, 0 %, 0 MiB, 81920 MiB
2026/04/15 23:43:50.871, 0 %, 61867 MiB, 81920 MiB
2026/04/15 23:43:50.871, 0 %, 0 MiB, 81920 MiB
2026/04/15 23:43:55.872, 0 %, 61867 MiB, 81920 MiB
2026/04/15 23:43:55.872, 0 %, 0 MiB, 81920 MiB
2026/04/15 23:44:00.873, 0 %, 61867 MiB, 81920 MiB
2026/04/15 23:44:00.873, 0 %, 0 MiB, 81920 MiB
2026/04/15 23:44:05.874, 0 %, 61867 MiB, 81920 MiB
2026/04/15 23:44:05.874, 0 %, 0 MiB, 81920 MiB
2026/04/15 23:44:10.875, 0 %, 61867 MiB, 81920 MiB
2026/04/15 23:44:10.875, 0 %, 0 MiB, 81920 MiB
2026/04/15 23:44:15.876, 0 %, 61867 MiB, 81920 MiB
2026/04/15 23:44:15.876, 0 %, 0 MiB, 81920 MiB
2026/04/15 23:44:20.877, 0 %, 61867 MiB, 81920 MiB
2026/04/15 23:44:20.877, 0 %, 0 MiB, 81920 MiB
2026/04/15 23:44:25.878, 0 %, 61867 MiB, 81920 MiB
2026/04/15 23:44:25.878, 0 %, 0 MiB, 81920 MiB
2026/04/15 23:44:30.879, 0 %, 61867 MiB, 81920 MiB
2026/04/15 23:44:30.879, 0 %, 0 MiB, 81920 MiB
2026/04/15 23:44:35.880, 0 %, 61867 MiB, 81920 MiB
2026/04/15 23:44:35.880, 0 %, 0 MiB, 81920 MiB
2026/04/15 23:44:40.881, 0 %, 61867 MiB, 81920 MiB
2026/04/15 23:44:40.881, 0 %, 0 MiB, 81920 MiB
2026/04/15 23:44:45.882, 0 %, 61867 MiB, 81920 MiB
2026/04/15 23:44:45.882, 0 %, 0 MiB, 81920 MiB
2026/04/15 23:44:50.882, 0 %, 61867 MiB, 81920 MiB
2026/04/15 23:44:50.883, 0 %, 0 MiB, 81920 MiB
2026/04/15 23:44:55.883, 0 %, 61867 MiB, 81920 MiB
2026/04/15 23:44:55.883, 0 %, 0 MiB, 81920 MiB
2026/04/15 23:45:00.884, 0 %, 61867 MiB, 81920 MiB
2026/04/15 23:45:00.884, 0 %, 0 MiB, 81920 MiB
2026/04/15 23:45:05.885, 0 %, 61867 MiB, 81920 MiB
2026/04/15 23:45:05.885, 0 %, 0 MiB, 81920 MiB
2026/04/15 23:45:10.886, 0 %, 61867 MiB, 81920 MiB
2026/04/15 23:45:10.886, 0 %, 0 MiB, 81920 MiB
2026/04/15 23:45:15.887, 0 %, 61867 MiB, 81920 MiB
2026/04/15 23:45:15.887, 0 %, 0 MiB, 81920 MiB
2026/04/15 23:45:20.888, 0 %, 61867 MiB, 81920 MiB
2026/04/15 23:45:20.888, 0 %, 0 MiB, 81920 MiB
2026/04/15 23:45:25.890, 0 %, 61867 MiB, 81920 MiB
2026/04/15 23:45:25.890, 0 %, 0 MiB, 81920 MiB
2026/04/15 23:45:30.891, 0 %, 61867 MiB, 81920 MiB
2026/04/15 23:45:30.891, 0 %, 0 MiB, 81920 MiB
2026/04/15 23:45:35.892, 0 %, 61867 MiB, 81920 MiB
2026/04/15 23:45:35.892, 0 %, 0 MiB, 81920 MiB
2026/04/15 23:45:40.893, 0 %, 61867 MiB, 81920 MiB
2026/04/15 23:45:40.893, 0 %, 0 MiB, 81920 MiB
2026/04/15 23:45:45.894, 0 %, 61867 MiB, 81920 MiB
2026/04/15 23:45:45.895, 0 %, 0 MiB, 81920 MiB
2026/04/15 23:45:50.895, 0 %, 61867 MiB, 81920 MiB
2026/04/15 23:45:50.895, 0 %, 0 MiB, 81920 MiB
2026/04/15 23:45:55.896, 0 %, 61867 MiB, 81920 MiB
2026/04/15 23:45:55.896, 0 %, 0 MiB, 81920 MiB
2026/04/15 23:46:00.897, 0 %, 61867 MiB, 81920 MiB
2026/04/15 23:46:00.897, 0 %, 0 MiB, 81920 MiB
2026/04/15 23:46:05.898, 0 %, 61867 MiB, 81920 MiB
2026/04/15 23:46:05.899, 0 %, 0 MiB, 81920 MiB
2026/04/15 23:46:10.899, 0 %, 61867 MiB, 81920 MiB
2026/04/15 23:46:10.899, 0 %, 0 MiB, 81920 MiB
2026/04/15 23:46:15.900, 0 %, 61867 MiB, 81920 MiB
2026/04/15 23:46:15.900, 0 %, 0 MiB, 81920 MiB
2026/04/15 23:46:20.901, 0 %, 61867 MiB, 81920 MiB
2026/04/15 23:46:20.901, 0 %, 0 MiB, 81920 MiB
2026/04/15 23:46:25.902, 0 %, 61867 MiB, 81920 MiB
2026/04/15 23:46:25.902, 0 %, 0 MiB, 81920 MiB
2026/04/15 23:46:30.903, 0 %, 61867 MiB, 81920 MiB
2026/04/15 23:46:30.903, 0 %, 0 MiB, 81920 MiB
2026/04/15 23:46:35.904, 0 %, 61867 MiB, 81920 MiB
2026/04/15 23:46:35.904, 0 %, 0 MiB, 81920 MiB
2026/04/15 23:46:40.905, 0 %, 61867 MiB, 81920 MiB
2026/04/15 23:46:40.905, 0 %, 0 MiB, 81920 MiB
2026/04/15 23:46:45.906, 0 %, 61867 MiB, 81920 MiB
2026/04/15 23:46:45.906, 0 %, 0 MiB, 81920 MiB
2026/04/15 23:46:50.906, 0 %, 61867 MiB, 81920 MiB
2026/04/15 23:46:50.907, 0 %, 0 MiB, 81920 MiB
2026/04/15 23:46:55.907, 0 %, 61867 MiB, 81920 MiB
2026/04/15 23:46:55.908, 0 %, 0 MiB, 81920 MiB
2026/04/15 23:47:00.908, 0 %, 61867 MiB, 81920 MiB
2026/04/15 23:47:00.909, 0 %, 0 MiB, 81920 MiB
2026/04/15 23:47:05.909, 0 %, 61867 MiB, 81920 MiB
2026/04/15 23:47:05.909, 0 %, 0 MiB, 81920 MiB
2026/04/15 23:47:10.910, 0 %, 61867 MiB, 81920 MiB
2026/04/15 23:47:10.910, 0 %, 0 MiB, 81920 MiB
2026/04/15 23:47:15.911, 0 %, 61867 MiB, 81920 MiB
2026/04/15 23:47:15.911, 0 %, 0 MiB, 81920 MiB
2026/04/15 23:47:20.912, 0 %, 61867 MiB, 81920 MiB
2026/04/15 23:47:20.912, 0 %, 0 MiB, 81920 MiB
2026/04/15 23:47:25.913, 0 %, 61867 MiB, 81920 MiB
2026/04/15 23:47:25.913, 0 %, 0 MiB, 81920 MiB
2026/04/15 23:47:30.914, 0 %, 61867 MiB, 81920 MiB
2026/04/15 23:47:30.914, 0 %, 0 MiB, 81920 MiB
2026/04/15 23:47:35.915, 0 %, 61867 MiB, 81920 MiB
2026/04/15 23:47:35.915, 0 %, 0 MiB, 81920 MiB
2026/04/15 23:47:40.916, 0 %, 61867 MiB, 81920 MiB
2026/04/15 23:47:40.916, 0 %, 0 MiB, 81920 MiB
2026/04/15 23:47:45.916, 0 %, 61867 MiB, 81920 MiB
2026/04/15 23:47:45.917, 0 %, 0 MiB, 81920 MiB
2026/04/15 23:47:50.917, 0 %, 61867 MiB, 81920 MiB
2026/04/15 23:47:50.918, 0 %, 0 MiB, 81920 MiB
2026/04/15 23:47:55.918, 0 %, 61867 MiB, 81920 MiB
2026/04/15 23:47:55.918, 0 %, 0 MiB, 81920 MiB
2026/04/15 23:48:00.919, 0 %, 61867 MiB, 81920 MiB
2026/04/15 23:48:00.919, 0 %, 0 MiB, 81920 MiB
2026/04/15 23:48:05.920, 0 %, 61867 MiB, 81920 MiB
2026/04/15 23:48:05.920, 0 %, 0 MiB, 81920 MiB
2026/04/15 23:48:10.921, 0 %, 61867 MiB, 81920 MiB
2026/04/15 23:48:10.921, 0 %, 0 MiB, 81920 MiB
2026/04/15 23:48:15.922, 0 %, 61867 MiB, 81920 MiB
2026/04/15 23:48:15.922, 0 %, 0 MiB, 81920 MiB
2026/04/15 23:48:20.922, 0 %, 61867 MiB, 81920 MiB
2026/04/15 23:48:20.922, 0 %, 0 MiB, 81920 MiB
2026/04/15 23:48:25.923, 1 %, 61867 MiB, 81920 MiB
2026/04/15 23:48:25.923, 0 %, 0 MiB, 81920 MiB
2026/04/15 23:48:30.924, 0 %, 61901 MiB, 81920 MiB
2026/04/15 23:48:30.924, 0 %, 0 MiB, 81920 MiB
2026/04/15 23:48:35.925, 33 %, 61935 MiB, 81920 MiB
2026/04/15 23:48:35.925, 0 %, 0 MiB, 81920 MiB
2026/04/15 23:48:40.926, 23 %, 61935 MiB, 81920 MiB
2026/04/15 23:48:40.926, 0 %, 0 MiB, 81920 MiB
2026/04/15 23:48:45.927, 22 %, 61935 MiB, 81920 MiB
2026/04/15 23:48:45.927, 0 %, 0 MiB, 81920 MiB
2026/04/15 23:48:50.927, 0 %, 61901 MiB, 81920 MiB
2026/04/15 23:48:50.927, 0 %, 0 MiB, 81920 MiB
2026/04/15 23:48:55.928, 0 %, 61901 MiB, 81920 MiB
2026/04/15 23:48:55.928, 0 %, 0 MiB, 81920 MiB
2026/04/15 23:49:00.929, 0 %, 61901 MiB, 81920 MiB
2026/04/15 23:49:00.929, 0 %, 0 MiB, 81920 MiB
2026/04/15 23:49:05.930, 0 %, 61901 MiB, 81920 MiB
2026/04/15 23:49:05.930, 0 %, 0 MiB, 81920 MiB
2026/04/15 23:49:10.931, 0 %, 61901 MiB, 81920 MiB
2026/04/15 23:49:10.931, 0 %, 0 MiB, 81920 MiB
2026/04/15 23:49:15.931, 0 %, 61901 MiB, 81920 MiB
2026/04/15 23:49:15.932, 0 %, 0 MiB, 81920 MiB
2026/04/15 23:49:20.932, 0 %, 61901 MiB, 81920 MiB
2026/04/15 23:49:20.932, 0 %, 0 MiB, 81920 MiB
2026/04/15 23:49:25.933, 0 %, 61901 MiB, 81920 MiB
2026/04/15 23:49:25.933, 0 %, 0 MiB, 81920 MiB
2026/04/15 23:49:30.934, 0 %, 61901 MiB, 81920 MiB
2026/04/15 23:49:30.934, 0 %, 0 MiB, 81920 MiB
2026/04/15 23:49:35.935, 0 %, 61901 MiB, 81920 MiB
2026/04/15 23:49:35.935, 0 %, 0 MiB, 81920 MiB
2026/04/15 23:49:40.936, 0 %, 61901 MiB, 81920 MiB
2026/04/15 23:49:40.936, 0 %, 0 MiB, 81920 MiB
2026/04/15 23:49:45.937, 0 %, 61901 MiB, 81920 MiB
2026/04/15 23:49:45.937, 0 %, 0 MiB, 81920 MiB
2026/04/15 23:49:50.937, 0 %, 61901 MiB, 81920 MiB
2026/04/15 23:49:50.937, 0 %, 0 MiB, 81920 MiB
2026/04/15 23:49:55.938, 0 %, 61901 MiB, 81920 MiB
2026/04/15 23:49:55.938, 0 %, 0 MiB, 81920 MiB
2026/04/15 23:50:00.939, 0 %, 61901 MiB, 81920 MiB
2026/04/15 23:50:00.939, 0 %, 0 MiB, 81920 MiB
2026/04/15 23:50:05.940, 0 %, 61901 MiB, 81920 MiB
2026/04/15 23:50:05.940, 0 %, 0 MiB, 81920 MiB
2026/04/15 23:50:10.941, 0 %, 61901 MiB, 81920 MiB
2026/04/15 23:50:10.941, 0 %, 0 MiB, 81920 MiB
2026/04/15 23:50:15.942, 0 %, 61901 MiB, 81920 MiB
2026/04/15 23:50:15.942, 0 %, 0 MiB, 81920 MiB
2026/04/15 23:50:20.942, 0 %, 61901 MiB, 81920 MiB
2026/04/15 23:50:20.942, 0 %, 0 MiB, 81920 MiB
2026/04/15 23:50:25.943, 0 %, 61901 MiB, 81920 MiB
2026/04/15 23:50:25.943, 0 %, 0 MiB, 81920 MiB
2026/04/15 23:50:30.944, 0 %, 61901 MiB, 81920 MiB
2026/04/15 23:50:30.944, 0 %, 0 MiB, 81920 MiB
2026/04/15 23:50:35.945, 0 %, 61901 MiB, 81920 MiB
2026/04/15 23:50:35.945, 0 %, 0 MiB, 81920 MiB
2026/04/15 23:50:40.946, 0 %, 61901 MiB, 81920 MiB
2026/04/15 23:50:40.946, 0 %, 0 MiB, 81920 MiB
2026/04/15 23:50:45.947, 0 %, 61901 MiB, 81920 MiB
2026/04/15 23:50:45.947, 0 %, 0 MiB, 81920 MiB
2026/04/15 23:50:50.947, 0 %, 61901 MiB, 81920 MiB
2026/04/15 23:50:50.948, 0 %, 0 MiB, 81920 MiB
2026/04/15 23:50:55.948, 0 %, 61901 MiB, 81920 MiB
2026/04/15 23:50:55.948, 0 %, 0 MiB, 81920 MiB
2026/04/15 23:51:00.949, 0 %, 61901 MiB, 81920 MiB
2026/04/15 23:51:00.949, 0 %, 0 MiB, 81920 MiB
2026/04/15 23:51:05.950, 0 %, 61901 MiB, 81920 MiB
2026/04/15 23:51:05.950, 0 %, 0 MiB, 81920 MiB
2026/04/15 23:51:10.951, 0 %, 61901 MiB, 81920 MiB
2026/04/15 23:51:10.951, 0 %, 0 MiB, 81920 MiB
2026/04/15 23:51:15.952, 0 %, 61901 MiB, 81920 MiB
2026/04/15 23:51:15.952, 0 %, 0 MiB, 81920 MiB
2026/04/15 23:51:20.953, 0 %, 61901 MiB, 81920 MiB
2026/04/15 23:51:20.953, 0 %, 0 MiB, 81920 MiB
2026/04/15 23:51:25.953, 0 %, 61901 MiB, 81920 MiB
2026/04/15 23:51:25.953, 0 %, 0 MiB, 81920 MiB
2026/04/15 23:51:30.954, 0 %, 61901 MiB, 81920 MiB
2026/04/15 23:51:30.954, 0 %, 0 MiB, 81920 MiB
2026/04/15 23:51:35.955, 0 %, 61901 MiB, 81920 MiB
2026/04/15 23:51:35.955, 0 %, 0 MiB, 81920 MiB
2026/04/15 23:51:40.956, 0 %, 61901 MiB, 81920 MiB
2026/04/15 23:51:40.956, 0 %, 0 MiB, 81920 MiB
2026/04/15 23:51:45.957, 0 %, 61901 MiB, 81920 MiB
2026/04/15 23:51:45.957, 0 %, 0 MiB, 81920 MiB
2026/04/15 23:51:50.957, 0 %, 61901 MiB, 81920 MiB
2026/04/15 23:51:50.958, 0 %, 0 MiB, 81920 MiB
2026/04/15 23:51:55.958, 0 %, 61901 MiB, 81920 MiB
2026/04/15 23:51:55.958, 0 %, 0 MiB, 81920 MiB
2026/04/15 23:52:00.959, 0 %, 61901 MiB, 81920 MiB
2026/04/15 23:52:00.959, 0 %, 0 MiB, 81920 MiB
2026/04/15 23:52:05.960, 0 %, 61901 MiB, 81920 MiB
2026/04/15 23:52:05.960, 0 %, 0 MiB, 81920 MiB
2026/04/15 23:52:10.961, 0 %, 61901 MiB, 81920 MiB
2026/04/15 23:52:10.961, 0 %, 0 MiB, 81920 MiB
2026/04/15 23:52:15.962, 0 %, 61901 MiB, 81920 MiB
2026/04/15 23:52:15.962, 0 %, 0 MiB, 81920 MiB
2026/04/15 23:52:20.963, 0 %, 61901 MiB, 81920 MiB
2026/04/15 23:52:20.963, 0 %, 0 MiB, 81920 MiB
2026/04/15 23:52:25.963, 0 %, 61901 MiB, 81920 MiB
2026/04/15 23:52:25.964, 0 %, 0 MiB, 81920 MiB
2026/04/15 23:52:30.964, 0 %, 61901 MiB, 81920 MiB
2026/04/15 23:52:30.964, 0 %, 0 MiB, 81920 MiB
2026/04/15 23:52:35.965, 0 %, 61901 MiB, 81920 MiB
2026/04/15 23:52:35.965, 0 %, 0 MiB, 81920 MiB
2026/04/15 23:52:40.966, 0 %, 61901 MiB, 81920 MiB
2026/04/15 23:52:40.966, 0 %, 0 MiB, 81920 MiB
2026/04/15 23:52:45.967, 0 %, 61901 MiB, 81920 MiB
2026/04/15 23:52:45.967, 0 %, 0 MiB, 81920 MiB
2026/04/15 23:52:50.968, 0 %, 61901 MiB, 81920 MiB
2026/04/15 23:52:50.968, 0 %, 0 MiB, 81920 MiB
2026/04/15 23:52:55.968, 0 %, 61901 MiB, 81920 MiB
2026/04/15 23:52:55.969, 0 %, 0 MiB, 81920 MiB
2026/04/15 23:53:00.969, 0 %, 61901 MiB, 81920 MiB
2026/04/15 23:53:00.969, 0 %, 0 MiB, 81920 MiB
2026/04/15 23:53:05.970, 0 %, 61901 MiB, 81920 MiB
2026/04/15 23:53:05.970, 0 %, 0 MiB, 81920 MiB
2026/04/15 23:53:10.971, 0 %, 61901 MiB, 81920 MiB
2026/04/15 23:53:10.971, 0 %, 0 MiB, 81920 MiB
2026/04/15 23:53:15.972, 0 %, 61901 MiB, 81920 MiB
2026/04/15 23:53:15.972, 0 %, 0 MiB, 81920 MiB
2026/04/15 23:53:20.973, 0 %, 61901 MiB, 81920 MiB
2026/04/15 23:53:20.973, 0 %, 0 MiB, 81920 MiB
2026/04/15 23:53:25.973, 0 %, 61901 MiB, 81920 MiB
2026/04/15 23:53:25.974, 0 %, 0 MiB, 81920 MiB
2026/04/15 23:53:30.974, 0 %, 61901 MiB, 81920 MiB
2026/04/15 23:53:30.974, 0 %, 0 MiB, 81920 MiB
2026/04/15 23:53:35.975, 0 %, 61901 MiB, 81920 MiB
2026/04/15 23:53:35.975, 0 %, 0 MiB, 81920 MiB
2026/04/15 23:53:40.976, 0 %, 61901 MiB, 81920 MiB
2026/04/15 23:53:40.976, 0 %, 0 MiB, 81920 MiB
2026/04/15 23:53:45.977, 0 %, 61901 MiB, 81920 MiB
2026/04/15 23:53:45.977, 0 %, 0 MiB, 81920 MiB
2026/04/15 23:53:50.978, 0 %, 61901 MiB, 81920 MiB
2026/04/15 23:53:50.978, 0 %, 0 MiB, 81920 MiB
2026/04/15 23:53:55.978, 0 %, 61901 MiB, 81920 MiB
2026/04/15 23:53:55.978, 0 %, 0 MiB, 81920 MiB
2026/04/15 23:54:00.979, 0 %, 61901 MiB, 81920 MiB
2026/04/15 23:54:00.979, 0 %, 0 MiB, 81920 MiB
2026/04/15 23:54:05.980, 0 %, 61901 MiB, 81920 MiB
2026/04/15 23:54:05.980, 0 %, 0 MiB, 81920 MiB
2026/04/15 23:54:10.981, 0 %, 61901 MiB, 81920 MiB
2026/04/15 23:54:10.981, 0 %, 0 MiB, 81920 MiB
2026/04/15 23:54:15.982, 0 %, 61901 MiB, 81920 MiB
2026/04/15 23:54:15.982, 0 %, 0 MiB, 81920 MiB
2026/04/15 23:54:20.983, 0 %, 61901 MiB, 81920 MiB
2026/04/15 23:54:20.983, 0 %, 0 MiB, 81920 MiB
2026/04/15 23:54:25.983, 0 %, 61901 MiB, 81920 MiB
2026/04/15 23:54:25.983, 0 %, 0 MiB, 81920 MiB
2026/04/15 23:54:30.984, 0 %, 61901 MiB, 81920 MiB
2026/04/15 23:54:30.984, 0 %, 0 MiB, 81920 MiB
2026/04/15 23:54:35.985, 0 %, 61901 MiB, 81920 MiB
2026/04/15 23:54:35.985, 0 %, 0 MiB, 81920 MiB
2026/04/15 23:54:40.986, 0 %, 61901 MiB, 81920 MiB
2026/04/15 23:54:40.986, 0 %, 0 MiB, 81920 MiB
2026/04/15 23:54:45.987, 0 %, 61901 MiB, 81920 MiB
2026/04/15 23:54:45.987, 0 %, 0 MiB, 81920 MiB
2026/04/15 23:54:50.988, 0 %, 61901 MiB, 81920 MiB
2026/04/15 23:54:50.988, 0 %, 0 MiB, 81920 MiB
2026/04/15 23:54:55.988, 0 %, 61901 MiB, 81920 MiB
2026/04/15 23:54:55.988, 0 %, 0 MiB, 81920 MiB
2026/04/15 23:55:00.989, 0 %, 61901 MiB, 81920 MiB
2026/04/15 23:55:00.989, 0 %, 0 MiB, 81920 MiB
2026/04/15 23:55:05.990, 0 %, 61901 MiB, 81920 MiB
2026/04/15 23:55:05.990, 0 %, 0 MiB, 81920 MiB
2026/04/15 23:55:10.991, 0 %, 61901 MiB, 81920 MiB
2026/04/15 23:55:10.991, 0 %, 0 MiB, 81920 MiB
2026/04/15 23:55:15.992, 0 %, 61901 MiB, 81920 MiB
2026/04/15 23:55:15.992, 0 %, 0 MiB, 81920 MiB
2026/04/15 23:55:20.993, 0 %, 61901 MiB, 81920 MiB
2026/04/15 23:55:20.993, 0 %, 0 MiB, 81920 MiB
2026/04/15 23:55:25.993, 0 %, 61901 MiB, 81920 MiB
2026/04/15 23:55:25.993, 0 %, 0 MiB, 81920 MiB
2026/04/15 23:55:30.994, 0 %, 61901 MiB, 81920 MiB
2026/04/15 23:55:30.994, 0 %, 0 MiB, 81920 MiB
2026/04/15 23:55:35.995, 0 %, 61901 MiB, 81920 MiB
2026/04/15 23:55:35.995, 0 %, 0 MiB, 81920 MiB
2026/04/15 23:55:40.996, 0 %, 61901 MiB, 81920 MiB
2026/04/15 23:55:40.996, 0 %, 0 MiB, 81920 MiB
2026/04/15 23:55:45.997, 0 %, 61901 MiB, 81920 MiB
2026/04/15 23:55:45.997, 0 %, 0 MiB, 81920 MiB
2026/04/15 23:55:50.998, 0 %, 61901 MiB, 81920 MiB
2026/04/15 23:55:50.998, 0 %, 0 MiB, 81920 MiB
2026/04/15 23:55:55.998, 0 %, 61901 MiB, 81920 MiB
2026/04/15 23:55:55.998, 0 %, 0 MiB, 81920 MiB
2026/04/15 23:56:00.999, 0 %, 61901 MiB, 81920 MiB
2026/04/15 23:56:00.999, 0 %, 0 MiB, 81920 MiB
2026/04/15 23:56:06.000, 0 %, 61901 MiB, 81920 MiB
2026/04/15 23:56:06.000, 0 %, 0 MiB, 81920 MiB
2026/04/15 23:56:11.001, 0 %, 61901 MiB, 81920 MiB
2026/04/15 23:56:11.001, 0 %, 0 MiB, 81920 MiB
2026/04/15 23:56:16.002, 0 %, 61901 MiB, 81920 MiB
2026/04/15 23:56:16.002, 0 %, 0 MiB, 81920 MiB
2026/04/15 23:56:21.002, 0 %, 61901 MiB, 81920 MiB
2026/04/15 23:56:21.003, 0 %, 0 MiB, 81920 MiB
2026/04/15 23:56:26.003, 0 %, 61901 MiB, 81920 MiB
2026/04/15 23:56:26.003, 0 %, 0 MiB, 81920 MiB
2026/04/15 23:56:31.004, 0 %, 61901 MiB, 81920 MiB
2026/04/15 23:56:31.004, 0 %, 0 MiB, 81920 MiB
2026/04/15 23:56:36.005, 0 %, 61901 MiB, 81920 MiB
2026/04/15 23:56:36.005, 0 %, 0 MiB, 81920 MiB
2026/04/15 23:56:41.006, 0 %, 61901 MiB, 81920 MiB
2026/04/15 23:56:41.006, 0 %, 0 MiB, 81920 MiB
2026/04/15 23:56:46.007, 0 %, 61901 MiB, 81920 MiB
2026/04/15 23:56:46.007, 0 %, 0 MiB, 81920 MiB
2026/04/15 23:56:51.007, 0 %, 61901 MiB, 81920 MiB
2026/04/15 23:56:51.008, 0 %, 0 MiB, 81920 MiB
2026/04/15 23:56:56.008, 0 %, 61901 MiB, 81920 MiB
2026/04/15 23:56:56.008, 0 %, 0 MiB, 81920 MiB
2026/04/15 23:57:01.009, 0 %, 61901 MiB, 81920 MiB
2026/04/15 23:57:01.009, 0 %, 0 MiB, 81920 MiB
2026/04/15 23:57:06.010, 0 %, 61901 MiB, 81920 MiB
2026/04/15 23:57:06.010, 0 %, 0 MiB, 81920 MiB
2026/04/15 23:57:11.011, 0 %, 61901 MiB, 81920 MiB
2026/04/15 23:57:11.011, 0 %, 0 MiB, 81920 MiB
2026/04/15 23:57:16.012, 0 %, 61901 MiB, 81920 MiB
2026/04/15 23:57:16.012, 0 %, 0 MiB, 81920 MiB
2026/04/15 23:57:21.012, 0 %, 61901 MiB, 81920 MiB
2026/04/15 23:57:21.013, 0 %, 0 MiB, 81920 MiB
2026/04/15 23:57:26.013, 0 %, 61901 MiB, 81920 MiB
2026/04/15 23:57:26.013, 0 %, 0 MiB, 81920 MiB
2026/04/15 23:57:31.014, 0 %, 61901 MiB, 81920 MiB
2026/04/15 23:57:31.014, 0 %, 0 MiB, 81920 MiB
2026/04/15 23:57:36.015, 0 %, 61901 MiB, 81920 MiB
2026/04/15 23:57:36.015, 0 %, 0 MiB, 81920 MiB
2026/04/15 23:57:41.016, 0 %, 61901 MiB, 81920 MiB
2026/04/15 23:57:41.016, 0 %, 0 MiB, 81920 MiB
2026/04/15 23:57:46.017, 0 %, 61901 MiB, 81920 MiB
2026/04/15 23:57:46.017, 0 %, 0 MiB, 81920 MiB
2026/04/15 23:57:51.017, 0 %, 61901 MiB, 81920 MiB
2026/04/15 23:57:51.018, 0 %, 0 MiB, 81920 MiB
2026/04/15 23:57:56.018, 0 %, 61901 MiB, 81920 MiB
2026/04/15 23:57:56.018, 0 %, 0 MiB, 81920 MiB
2026/04/15 23:58:01.019, 0 %, 61901 MiB, 81920 MiB
2026/04/15 23:58:01.019, 0 %, 0 MiB, 81920 MiB
2026/04/15 23:58:06.020, 0 %, 61901 MiB, 81920 MiB
2026/04/15 23:58:06.020, 0 %, 0 MiB, 81920 MiB
2026/04/15 23:58:11.021, 0 %, 61901 MiB, 81920 MiB
2026/04/15 23:58:11.021, 0 %, 0 MiB, 81920 MiB
2026/04/15 23:58:16.022, 0 %, 61901 MiB, 81920 MiB
2026/04/15 23:58:16.022, 0 %, 0 MiB, 81920 MiB
2026/04/15 23:58:21.022, 0 %, 61901 MiB, 81920 MiB
2026/04/15 23:58:21.022, 0 %, 0 MiB, 81920 MiB
2026/04/15 23:58:26.023, 0 %, 61901 MiB, 81920 MiB
2026/04/15 23:58:26.023, 0 %, 0 MiB, 81920 MiB
2026/04/15 23:58:31.024, 0 %, 61901 MiB, 81920 MiB
2026/04/15 23:58:31.024, 0 %, 0 MiB, 81920 MiB
2026/04/15 23:58:36.025, 0 %, 61901 MiB, 81920 MiB
2026/04/15 23:58:36.025, 0 %, 0 MiB, 81920 MiB
2026/04/15 23:58:41.026, 0 %, 61901 MiB, 81920 MiB
2026/04/15 23:58:41.026, 0 %, 0 MiB, 81920 MiB
2026/04/15 23:58:46.027, 0 %, 61901 MiB, 81920 MiB
2026/04/15 23:58:46.027, 0 %, 0 MiB, 81920 MiB
2026/04/15 23:58:51.027, 0 %, 61901 MiB, 81920 MiB
2026/04/15 23:58:51.027, 0 %, 0 MiB, 81920 MiB
2026/04/15 23:58:56.028, 0 %, 61901 MiB, 81920 MiB
2026/04/15 23:58:56.028, 0 %, 0 MiB, 81920 MiB
2026/04/15 23:59:01.029, 0 %, 61901 MiB, 81920 MiB
2026/04/15 23:59:01.029, 0 %, 0 MiB, 81920 MiB
2026/04/15 23:59:06.030, 0 %, 61901 MiB, 81920 MiB
2026/04/15 23:59:06.030, 0 %, 0 MiB, 81920 MiB
2026/04/15 23:59:11.031, 0 %, 61901 MiB, 81920 MiB
2026/04/15 23:59:11.031, 0 %, 0 MiB, 81920 MiB
2026/04/15 23:59:16.031, 0 %, 61901 MiB, 81920 MiB
2026/04/15 23:59:16.032, 0 %, 0 MiB, 81920 MiB
2026/04/15 23:59:21.032, 0 %, 61901 MiB, 81920 MiB
2026/04/15 23:59:21.032, 0 %, 0 MiB, 81920 MiB
2026/04/15 23:59:26.033, 0 %, 61901 MiB, 81920 MiB
2026/04/15 23:59:26.033, 0 %, 0 MiB, 81920 MiB
2026/04/15 23:59:31.034, 0 %, 61901 MiB, 81920 MiB
2026/04/15 23:59:31.034, 0 %, 0 MiB, 81920 MiB
2026/04/15 23:59:36.035, 0 %, 61901 MiB, 81920 MiB
2026/04/15 23:59:36.035, 0 %, 0 MiB, 81920 MiB
2026/04/15 23:59:41.035, 0 %, 61901 MiB, 81920 MiB
2026/04/15 23:59:41.035, 0 %, 0 MiB, 81920 MiB
2026/04/15 23:59:46.036, 0 %, 61901 MiB, 81920 MiB
2026/04/15 23:59:46.036, 0 %, 0 MiB, 81920 MiB
2026/04/15 23:59:51.037, 0 %, 61901 MiB, 81920 MiB
2026/04/15 23:59:51.037, 0 %, 0 MiB, 81920 MiB
2026/04/15 23:59:56.038, 0 %, 61901 MiB, 81920 MiB
2026/04/15 23:59:56.038, 0 %, 0 MiB, 81920 MiB
2026/04/16 00:00:01.039, 0 %, 61901 MiB, 81920 MiB
2026/04/16 00:00:01.039, 0 %, 0 MiB, 81920 MiB
2026/04/16 00:00:06.040, 0 %, 61901 MiB, 81920 MiB
2026/04/16 00:00:06.040, 0 %, 0 MiB, 81920 MiB
2026/04/16 00:00:11.041, 0 %, 61901 MiB, 81920 MiB
2026/04/16 00:00:11.041, 0 %, 0 MiB, 81920 MiB
2026/04/16 00:00:16.042, 0 %, 61901 MiB, 81920 MiB
2026/04/16 00:00:16.042, 0 %, 0 MiB, 81920 MiB
2026/04/16 00:00:21.043, 0 %, 61901 MiB, 81920 MiB
2026/04/16 00:00:21.043, 0 %, 0 MiB, 81920 MiB
2026/04/16 00:00:26.044, 0 %, 61901 MiB, 81920 MiB
2026/04/16 00:00:26.044, 0 %, 0 MiB, 81920 MiB
2026/04/16 00:00:31.045, 0 %, 61901 MiB, 81920 MiB
2026/04/16 00:00:31.045, 0 %, 0 MiB, 81920 MiB
2026/04/16 00:00:36.045, 0 %, 61901 MiB, 81920 MiB
2026/04/16 00:00:36.046, 0 %, 0 MiB, 81920 MiB
2026/04/16 00:00:41.047, 0 %, 61901 MiB, 81920 MiB
2026/04/16 00:00:41.047, 0 %, 0 MiB, 81920 MiB
2026/04/16 00:00:46.047, 0 %, 61901 MiB, 81920 MiB
2026/04/16 00:00:46.048, 0 %, 0 MiB, 81920 MiB
2026/04/16 00:00:51.048, 0 %, 61901 MiB, 81920 MiB
2026/04/16 00:00:51.048, 0 %, 0 MiB, 81920 MiB
2026/04/16 00:00:56.050, 0 %, 61901 MiB, 81920 MiB
2026/04/16 00:00:56.050, 0 %, 0 MiB, 81920 MiB
2026/04/16 00:01:01.050, 0 %, 61901 MiB, 81920 MiB
2026/04/16 00:01:01.051, 0 %, 0 MiB, 81920 MiB
2026/04/16 00:01:06.051, 0 %, 61901 MiB, 81920 MiB
2026/04/16 00:01:06.051, 0 %, 0 MiB, 81920 MiB
2026/04/16 00:01:11.052, 0 %, 61901 MiB, 81920 MiB
2026/04/16 00:01:11.052, 0 %, 0 MiB, 81920 MiB
2026/04/16 00:01:16.053, 0 %, 61901 MiB, 81920 MiB
2026/04/16 00:01:16.054, 0 %, 0 MiB, 81920 MiB
2026/04/16 00:01:21.054, 0 %, 61901 MiB, 81920 MiB
2026/04/16 00:01:21.054, 0 %, 0 MiB, 81920 MiB
2026/04/16 00:01:26.055, 0 %, 61901 MiB, 81920 MiB
2026/04/16 00:01:26.055, 0 %, 0 MiB, 81920 MiB
2026/04/16 00:01:31.056, 0 %, 61901 MiB, 81920 MiB
2026/04/16 00:01:31.056, 0 %, 0 MiB, 81920 MiB
2026/04/16 00:01:36.057, 0 %, 61901 MiB, 81920 MiB
2026/04/16 00:01:36.057, 0 %, 0 MiB, 81920 MiB
2026/04/16 00:01:41.058, 0 %, 61901 MiB, 81920 MiB
2026/04/16 00:01:41.058, 0 %, 0 MiB, 81920 MiB
2026/04/16 00:01:46.059, 0 %, 61901 MiB, 81920 MiB
2026/04/16 00:01:46.059, 0 %, 0 MiB, 81920 MiB
2026/04/16 00:01:51.060, 0 %, 61901 MiB, 81920 MiB
2026/04/16 00:01:51.060, 0 %, 0 MiB, 81920 MiB
2026/04/16 00:01:56.061, 0 %, 61901 MiB, 81920 MiB
2026/04/16 00:01:56.061, 0 %, 0 MiB, 81920 MiB
2026/04/16 00:02:01.061, 0 %, 61901 MiB, 81920 MiB
2026/04/16 00:02:01.061, 0 %, 0 MiB, 81920 MiB
2026/04/16 00:02:06.062, 0 %, 61901 MiB, 81920 MiB
2026/04/16 00:02:06.062, 0 %, 0 MiB, 81920 MiB
2026/04/16 00:02:11.063, 0 %, 61901 MiB, 81920 MiB
2026/04/16 00:02:11.063, 0 %, 0 MiB, 81920 MiB
2026/04/16 00:02:16.064, 0 %, 61901 MiB, 81920 MiB
2026/04/16 00:02:16.064, 0 %, 0 MiB, 81920 MiB
2026/04/16 00:02:21.065, 0 %, 61901 MiB, 81920 MiB
2026/04/16 00:02:21.065, 0 %, 0 MiB, 81920 MiB
2026/04/16 00:02:26.065, 0 %, 61901 MiB, 81920 MiB
2026/04/16 00:02:26.065, 0 %, 0 MiB, 81920 MiB
2026/04/16 00:02:31.066, 0 %, 61901 MiB, 81920 MiB
2026/04/16 00:02:31.066, 0 %, 0 MiB, 81920 MiB
2026/04/16 00:02:36.067, 0 %, 61901 MiB, 81920 MiB
2026/04/16 00:02:36.068, 0 %, 0 MiB, 81920 MiB
2026/04/16 00:02:41.068, 0 %, 61901 MiB, 81920 MiB
2026/04/16 00:02:41.068, 0 %, 0 MiB, 81920 MiB
2026/04/16 00:02:46.069, 0 %, 61901 MiB, 81920 MiB
2026/04/16 00:02:46.069, 0 %, 0 MiB, 81920 MiB
2026/04/16 00:02:51.070, 0 %, 61901 MiB, 81920 MiB
2026/04/16 00:02:51.070, 0 %, 0 MiB, 81920 MiB
2026/04/16 00:02:56.071, 0 %, 61901 MiB, 81920 MiB
2026/04/16 00:02:56.071, 0 %, 0 MiB, 81920 MiB
2026/04/16 00:03:01.072, 0 %, 61901 MiB, 81920 MiB
2026/04/16 00:03:01.072, 0 %, 0 MiB, 81920 MiB
2026/04/16 00:03:06.073, 0 %, 61901 MiB, 81920 MiB
2026/04/16 00:03:06.073, 0 %, 0 MiB, 81920 MiB
2026/04/16 00:03:11.074, 0 %, 61935 MiB, 81920 MiB
2026/04/16 00:03:11.074, 0 %, 0 MiB, 81920 MiB
2026/04/16 00:03:16.075, 0 %, 61935 MiB, 81920 MiB
2026/04/16 00:03:16.075, 0 %, 0 MiB, 81920 MiB
2026/04/16 00:03:21.075, 33 %, 61935 MiB, 81920 MiB
2026/04/16 00:03:21.076, 0 %, 0 MiB, 81920 MiB
2026/04/16 00:03:26.077, 9 %, 61935 MiB, 81920 MiB
2026/04/16 00:03:26.077, 0 %, 0 MiB, 81920 MiB
2026/04/16 00:03:31.077, 0 %, 61935 MiB, 81920 MiB
2026/04/16 00:03:31.078, 0 %, 0 MiB, 81920 MiB
2026/04/16 00:03:36.078, 0 %, 61935 MiB, 81920 MiB
2026/04/16 00:03:36.079, 0 %, 0 MiB, 81920 MiB
2026/04/16 00:03:41.079, 0 %, 61935 MiB, 81920 MiB
2026/04/16 00:03:41.079, 0 %, 0 MiB, 81920 MiB
2026/04/16 00:03:46.080, 0 %, 61935 MiB, 81920 MiB
2026/04/16 00:03:46.080, 0 %, 0 MiB, 81920 MiB
2026/04/16 00:03:51.081, 0 %, 61935 MiB, 81920 MiB
2026/04/16 00:03:51.081, 0 %, 0 MiB, 81920 MiB
2026/04/16 00:03:56.082, 0 %, 61935 MiB, 81920 MiB
2026/04/16 00:03:56.082, 0 %, 0 MiB, 81920 MiB
2026/04/16 00:04:01.083, 0 %, 61935 MiB, 81920 MiB
2026/04/16 00:04:01.083, 0 %, 0 MiB, 81920 MiB
2026/04/16 00:04:06.084, 0 %, 61935 MiB, 81920 MiB
2026/04/16 00:04:06.084, 0 %, 0 MiB, 81920 MiB
2026/04/16 00:04:11.085, 0 %, 61935 MiB, 81920 MiB
2026/04/16 00:04:11.085, 0 %, 0 MiB, 81920 MiB
2026/04/16 00:04:16.086, 0 %, 61935 MiB, 81920 MiB
2026/04/16 00:04:16.086, 0 %, 0 MiB, 81920 MiB
2026/04/16 00:04:21.087, 0 %, 61935 MiB, 81920 MiB
2026/04/16 00:04:21.087, 0 %, 0 MiB, 81920 MiB
2026/04/16 00:04:26.087, 0 %, 61935 MiB, 81920 MiB
2026/04/16 00:04:26.088, 0 %, 0 MiB, 81920 MiB
2026/04/16 00:04:31.088, 0 %, 61935 MiB, 81920 MiB
2026/04/16 00:04:31.088, 0 %, 0 MiB, 81920 MiB
2026/04/16 00:04:36.089, 0 %, 61935 MiB, 81920 MiB
2026/04/16 00:04:36.089, 0 %, 0 MiB, 81920 MiB
2026/04/16 00:04:41.090, 0 %, 61935 MiB, 81920 MiB
2026/04/16 00:04:41.090, 0 %, 0 MiB, 81920 MiB
2026/04/16 00:04:46.091, 0 %, 61935 MiB, 81920 MiB
2026/04/16 00:04:46.091, 0 %, 0 MiB, 81920 MiB
2026/04/16 00:04:51.092, 0 %, 61935 MiB, 81920 MiB
2026/04/16 00:04:51.092, 0 %, 0 MiB, 81920 MiB
2026/04/16 00:04:56.093, 0 %, 61935 MiB, 81920 MiB
2026/04/16 00:04:56.093, 0 %, 0 MiB, 81920 MiB
2026/04/16 00:05:01.094, 0 %, 61935 MiB, 81920 MiB
2026/04/16 00:05:01.094, 0 %, 0 MiB, 81920 MiB
2026/04/16 00:05:06.095, 0 %, 61935 MiB, 81920 MiB
2026/04/16 00:05:06.095, 0 %, 0 MiB, 81920 MiB
2026/04/16 00:05:11.096, 0 %, 61935 MiB, 81920 MiB
2026/04/16 00:05:11.096, 0 %, 0 MiB, 81920 MiB
2026/04/16 00:05:16.097, 0 %, 61935 MiB, 81920 MiB
2026/04/16 00:05:16.097, 0 %, 0 MiB, 81920 MiB
2026/04/16 00:05:21.098, 0 %, 61935 MiB, 81920 MiB
2026/04/16 00:05:21.098, 0 %, 0 MiB, 81920 MiB
2026/04/16 00:05:26.099, 0 %, 61935 MiB, 81920 MiB
2026/04/16 00:05:26.099, 0 %, 0 MiB, 81920 MiB
2026/04/16 00:05:31.099, 0 %, 61935 MiB, 81920 MiB
2026/04/16 00:05:31.100, 0 %, 0 MiB, 81920 MiB
2026/04/16 00:05:36.100, 0 %, 61935 MiB, 81920 MiB
2026/04/16 00:05:36.101, 0 %, 0 MiB, 81920 MiB
2026/04/16 00:05:41.101, 0 %, 61935 MiB, 81920 MiB
2026/04/16 00:05:41.101, 0 %, 0 MiB, 81920 MiB
2026/04/16 00:05:46.102, 0 %, 61935 MiB, 81920 MiB
2026/04/16 00:05:46.102, 0 %, 0 MiB, 81920 MiB
2026/04/16 00:05:51.103, 0 %, 61935 MiB, 81920 MiB
2026/04/16 00:05:51.103, 0 %, 0 MiB, 81920 MiB
2026/04/16 00:05:56.104, 0 %, 61935 MiB, 81920 MiB
2026/04/16 00:05:56.104, 0 %, 0 MiB, 81920 MiB
2026/04/16 00:06:01.105, 0 %, 61935 MiB, 81920 MiB
2026/04/16 00:06:01.105, 0 %, 0 MiB, 81920 MiB
2026/04/16 00:06:06.106, 0 %, 61935 MiB, 81920 MiB
2026/04/16 00:06:06.106, 0 %, 0 MiB, 81920 MiB
2026/04/16 00:06:11.107, 0 %, 61935 MiB, 81920 MiB
2026/04/16 00:06:11.107, 0 %, 0 MiB, 81920 MiB
2026/04/16 00:06:16.108, 0 %, 61935 MiB, 81920 MiB
2026/04/16 00:06:16.108, 0 %, 0 MiB, 81920 MiB
2026/04/16 00:06:21.109, 0 %, 61935 MiB, 81920 MiB
2026/04/16 00:06:21.109, 0 %, 0 MiB, 81920 MiB
2026/04/16 00:06:26.109, 0 %, 61935 MiB, 81920 MiB
2026/04/16 00:06:26.110, 0 %, 0 MiB, 81920 MiB
2026/04/16 00:06:31.110, 0 %, 61935 MiB, 81920 MiB
2026/04/16 00:06:31.110, 0 %, 0 MiB, 81920 MiB
2026/04/16 00:06:36.111, 0 %, 61935 MiB, 81920 MiB
2026/04/16 00:06:36.111, 0 %, 0 MiB, 81920 MiB
2026/04/16 00:06:41.112, 0 %, 61935 MiB, 81920 MiB
2026/04/16 00:06:41.112, 0 %, 0 MiB, 81920 MiB
2026/04/16 00:06:46.113, 0 %, 61935 MiB, 81920 MiB
2026/04/16 00:06:46.113, 0 %, 0 MiB, 81920 MiB
2026/04/16 00:06:51.114, 0 %, 61935 MiB, 81920 MiB
2026/04/16 00:06:51.114, 0 %, 0 MiB, 81920 MiB
2026/04/16 00:06:56.115, 0 %, 61935 MiB, 81920 MiB
2026/04/16 00:06:56.115, 0 %, 0 MiB, 81920 MiB
2026/04/16 00:07:01.116, 0 %, 61935 MiB, 81920 MiB
2026/04/16 00:07:01.116, 0 %, 0 MiB, 81920 MiB
2026/04/16 00:07:06.117, 0 %, 61935 MiB, 81920 MiB
2026/04/16 00:07:06.117, 0 %, 0 MiB, 81920 MiB
2026/04/16 00:07:11.118, 0 %, 61935 MiB, 81920 MiB
2026/04/16 00:07:11.118, 0 %, 0 MiB, 81920 MiB
2026/04/16 00:07:16.119, 0 %, 61935 MiB, 81920 MiB
2026/04/16 00:07:16.119, 0 %, 0 MiB, 81920 MiB
2026/04/16 00:07:21.120, 0 %, 61935 MiB, 81920 MiB
2026/04/16 00:07:21.120, 0 %, 0 MiB, 81920 MiB
2026/04/16 00:07:26.121, 0 %, 61935 MiB, 81920 MiB
2026/04/16 00:07:26.121, 0 %, 0 MiB, 81920 MiB
2026/04/16 00:07:31.122, 0 %, 61935 MiB, 81920 MiB
2026/04/16 00:07:31.122, 0 %, 0 MiB, 81920 MiB
2026/04/16 00:07:36.123, 0 %, 61935 MiB, 81920 MiB
2026/04/16 00:07:36.123, 0 %, 0 MiB, 81920 MiB
2026/04/16 00:07:41.124, 0 %, 61935 MiB, 81920 MiB
2026/04/16 00:07:41.124, 0 %, 0 MiB, 81920 MiB
2026/04/16 00:07:46.125, 0 %, 61935 MiB, 81920 MiB
2026/04/16 00:07:46.125, 0 %, 0 MiB, 81920 MiB
2026/04/16 00:07:51.125, 0 %, 61935 MiB, 81920 MiB
2026/04/16 00:07:51.126, 0 %, 0 MiB, 81920 MiB
2026/04/16 00:07:56.126, 0 %, 61935 MiB, 81920 MiB
2026/04/16 00:07:56.127, 0 %, 0 MiB, 81920 MiB
2026/04/16 00:08:01.127, 0 %, 61935 MiB, 81920 MiB
2026/04/16 00:08:01.127, 0 %, 0 MiB, 81920 MiB
2026/04/16 00:08:06.128, 0 %, 61935 MiB, 81920 MiB
2026/04/16 00:08:06.128, 0 %, 0 MiB, 81920 MiB
2026/04/16 00:08:11.129, 0 %, 61935 MiB, 81920 MiB
2026/04/16 00:08:11.129, 0 %, 0 MiB, 81920 MiB
2026/04/16 00:08:16.130, 0 %, 61935 MiB, 81920 MiB
2026/04/16 00:08:16.130, 0 %, 0 MiB, 81920 MiB
2026/04/16 00:08:21.131, 0 %, 61935 MiB, 81920 MiB
2026/04/16 00:08:21.131, 0 %, 0 MiB, 81920 MiB
2026/04/16 00:08:26.132, 0 %, 61935 MiB, 81920 MiB
2026/04/16 00:08:26.132, 0 %, 0 MiB, 81920 MiB
2026/04/16 00:08:31.133, 0 %, 61935 MiB, 81920 MiB
2026/04/16 00:08:31.133, 0 %, 0 MiB, 81920 MiB
2026/04/16 00:08:36.134, 0 %, 61935 MiB, 81920 MiB
2026/04/16 00:08:36.134, 0 %, 0 MiB, 81920 MiB
2026/04/16 00:08:41.135, 0 %, 61935 MiB, 81920 MiB
2026/04/16 00:08:41.135, 0 %, 0 MiB, 81920 MiB
2026/04/16 00:08:46.136, 0 %, 61935 MiB, 81920 MiB
2026/04/16 00:08:46.136, 0 %, 0 MiB, 81920 MiB
2026/04/16 00:08:51.137, 0 %, 61935 MiB, 81920 MiB
2026/04/16 00:08:51.137, 0 %, 0 MiB, 81920 MiB
2026/04/16 00:08:56.138, 0 %, 61935 MiB, 81920 MiB
2026/04/16 00:08:56.138, 0 %, 0 MiB, 81920 MiB
2026/04/16 00:09:01.139, 0 %, 61935 MiB, 81920 MiB
2026/04/16 00:09:01.139, 0 %, 0 MiB, 81920 MiB
2026/04/16 00:09:06.140, 0 %, 61935 MiB, 81920 MiB
2026/04/16 00:09:06.140, 0 %, 0 MiB, 81920 MiB
2026/04/16 00:09:11.140, 0 %, 61935 MiB, 81920 MiB
2026/04/16 00:09:11.141, 0 %, 0 MiB, 81920 MiB
2026/04/16 00:09:16.141, 0 %, 61935 MiB, 81920 MiB
2026/04/16 00:09:16.141, 0 %, 0 MiB, 81920 MiB
2026/04/16 00:09:21.142, 0 %, 61935 MiB, 81920 MiB
2026/04/16 00:09:21.142, 0 %, 0 MiB, 81920 MiB
2026/04/16 00:09:26.143, 0 %, 61935 MiB, 81920 MiB
2026/04/16 00:09:26.143, 0 %, 0 MiB, 81920 MiB
2026/04/16 00:09:31.144, 0 %, 61935 MiB, 81920 MiB
2026/04/16 00:09:31.144, 0 %, 0 MiB, 81920 MiB
2026/04/16 00:09:36.145, 0 %, 61935 MiB, 81920 MiB
2026/04/16 00:09:36.145, 0 %, 0 MiB, 81920 MiB
2026/04/16 00:09:41.146, 0 %, 61935 MiB, 81920 MiB
2026/04/16 00:09:41.146, 0 %, 0 MiB, 81920 MiB
2026/04/16 00:09:46.147, 0 %, 61935 MiB, 81920 MiB
2026/04/16 00:09:46.147, 0 %, 0 MiB, 81920 MiB
2026/04/16 00:09:51.148, 0 %, 61935 MiB, 81920 MiB
2026/04/16 00:09:51.148, 0 %, 0 MiB, 81920 MiB
2026/04/16 00:09:56.149, 0 %, 61935 MiB, 81920 MiB
2026/04/16 00:09:56.149, 0 %, 0 MiB, 81920 MiB
2026/04/16 00:10:01.150, 0 %, 61935 MiB, 81920 MiB
2026/04/16 00:10:01.150, 0 %, 0 MiB, 81920 MiB
2026/04/16 00:10:06.151, 0 %, 61935 MiB, 81920 MiB
2026/04/16 00:10:06.151, 0 %, 0 MiB, 81920 MiB
2026/04/16 00:10:11.152, 0 %, 61935 MiB, 81920 MiB
2026/04/16 00:10:11.152, 0 %, 0 MiB, 81920 MiB
2026/04/16 00:10:16.153, 0 %, 61935 MiB, 81920 MiB
2026/04/16 00:10:16.153, 0 %, 0 MiB, 81920 MiB
2026/04/16 00:10:21.154, 0 %, 61935 MiB, 81920 MiB
2026/04/16 00:10:21.154, 0 %, 0 MiB, 81920 MiB
2026/04/16 00:10:26.155, 0 %, 61935 MiB, 81920 MiB
2026/04/16 00:10:26.155, 0 %, 0 MiB, 81920 MiB
2026/04/16 00:10:31.156, 0 %, 61935 MiB, 81920 MiB
2026/04/16 00:10:31.156, 0 %, 0 MiB, 81920 MiB
2026/04/16 00:10:36.157, 0 %, 61935 MiB, 81920 MiB
2026/04/16 00:10:36.157, 0 %, 0 MiB, 81920 MiB
2026/04/16 00:10:41.157, 0 %, 61935 MiB, 81920 MiB
2026/04/16 00:10:41.158, 0 %, 0 MiB, 81920 MiB
2026/04/16 00:10:46.158, 0 %, 61935 MiB, 81920 MiB
2026/04/16 00:10:46.159, 0 %, 0 MiB, 81920 MiB
2026/04/16 00:10:51.159, 0 %, 61935 MiB, 81920 MiB
2026/04/16 00:10:51.159, 0 %, 0 MiB, 81920 MiB
2026/04/16 00:10:56.160, 0 %, 61935 MiB, 81920 MiB
2026/04/16 00:10:56.160, 0 %, 0 MiB, 81920 MiB
2026/04/16 00:11:01.161, 0 %, 61935 MiB, 81920 MiB
2026/04/16 00:11:01.161, 0 %, 0 MiB, 81920 MiB
2026/04/16 00:11:06.162, 0 %, 61935 MiB, 81920 MiB
2026/04/16 00:11:06.162, 0 %, 0 MiB, 81920 MiB
2026/04/16 00:11:11.163, 0 %, 61935 MiB, 81920 MiB
2026/04/16 00:11:11.163, 0 %, 0 MiB, 81920 MiB
2026/04/16 00:11:16.164, 0 %, 61935 MiB, 81920 MiB
2026/04/16 00:11:16.164, 0 %, 0 MiB, 81920 MiB
2026/04/16 00:11:21.165, 0 %, 61935 MiB, 81920 MiB
2026/04/16 00:11:21.165, 0 %, 0 MiB, 81920 MiB
2026/04/16 00:11:26.166, 0 %, 61935 MiB, 81920 MiB
2026/04/16 00:11:26.166, 0 %, 0 MiB, 81920 MiB
2026/04/16 00:11:31.167, 0 %, 61935 MiB, 81920 MiB
2026/04/16 00:11:31.167, 0 %, 0 MiB, 81920 MiB
2026/04/16 00:11:36.168, 0 %, 61935 MiB, 81920 MiB
2026/04/16 00:11:36.168, 0 %, 0 MiB, 81920 MiB
2026/04/16 00:11:41.169, 0 %, 61935 MiB, 81920 MiB
2026/04/16 00:11:41.169, 0 %, 0 MiB, 81920 MiB
2026/04/16 00:11:46.170, 0 %, 61935 MiB, 81920 MiB
2026/04/16 00:11:46.170, 0 %, 0 MiB, 81920 MiB
2026/04/16 00:11:51.171, 0 %, 61935 MiB, 81920 MiB
2026/04/16 00:11:51.171, 0 %, 0 MiB, 81920 MiB
2026/04/16 00:11:56.172, 0 %, 61935 MiB, 81920 MiB
2026/04/16 00:11:56.172, 0 %, 0 MiB, 81920 MiB
2026/04/16 00:12:01.173, 0 %, 61935 MiB, 81920 MiB
2026/04/16 00:12:01.173, 0 %, 0 MiB, 81920 MiB
2026/04/16 00:12:06.173, 0 %, 61935 MiB, 81920 MiB
2026/04/16 00:12:06.174, 0 %, 0 MiB, 81920 MiB
2026/04/16 00:12:11.174, 0 %, 61935 MiB, 81920 MiB
2026/04/16 00:12:11.175, 0 %, 0 MiB, 81920 MiB
2026/04/16 00:12:16.175, 0 %, 61935 MiB, 81920 MiB
2026/04/16 00:12:16.175, 0 %, 0 MiB, 81920 MiB
2026/04/16 00:12:21.176, 0 %, 61935 MiB, 81920 MiB
2026/04/16 00:12:21.176, 0 %, 0 MiB, 81920 MiB
2026/04/16 00:12:26.177, 0 %, 61935 MiB, 81920 MiB
2026/04/16 00:12:26.177, 0 %, 0 MiB, 81920 MiB
2026/04/16 00:12:31.178, 0 %, 61935 MiB, 81920 MiB
2026/04/16 00:12:31.178, 0 %, 0 MiB, 81920 MiB
2026/04/16 00:12:36.179, 0 %, 61935 MiB, 81920 MiB
2026/04/16 00:12:36.179, 0 %, 0 MiB, 81920 MiB
2026/04/16 00:12:41.180, 0 %, 61935 MiB, 81920 MiB
2026/04/16 00:12:41.180, 0 %, 0 MiB, 81920 MiB
2026/04/16 00:12:46.181, 0 %, 61935 MiB, 81920 MiB
2026/04/16 00:12:46.181, 0 %, 0 MiB, 81920 MiB
2026/04/16 00:12:51.182, 0 %, 61935 MiB, 81920 MiB
2026/04/16 00:12:51.182, 0 %, 0 MiB, 81920 MiB
2026/04/16 00:12:56.183, 0 %, 61935 MiB, 81920 MiB
2026/04/16 00:12:56.183, 0 %, 0 MiB, 81920 MiB
2026/04/16 00:13:01.184, 0 %, 61935 MiB, 81920 MiB
2026/04/16 00:13:01.184, 0 %, 0 MiB, 81920 MiB
2026/04/16 00:13:06.185, 0 %, 61935 MiB, 81920 MiB
2026/04/16 00:13:06.185, 0 %, 0 MiB, 81920 MiB
2026/04/16 00:13:11.185, 0 %, 61935 MiB, 81920 MiB
2026/04/16 00:13:11.186, 0 %, 0 MiB, 81920 MiB
2026/04/16 00:13:16.186, 0 %, 61935 MiB, 81920 MiB
2026/04/16 00:13:16.186, 0 %, 0 MiB, 81920 MiB
2026/04/16 00:13:21.187, 0 %, 61935 MiB, 81920 MiB
2026/04/16 00:13:21.187, 0 %, 0 MiB, 81920 MiB
2026/04/16 00:13:26.188, 0 %, 61935 MiB, 81920 MiB
2026/04/16 00:13:26.188, 0 %, 0 MiB, 81920 MiB
2026/04/16 00:13:31.189, 0 %, 61935 MiB, 81920 MiB
2026/04/16 00:13:31.189, 0 %, 0 MiB, 81920 MiB
2026/04/16 00:13:36.190, 0 %, 61935 MiB, 81920 MiB
2026/04/16 00:13:36.190, 0 %, 0 MiB, 81920 MiB
2026/04/16 00:13:41.191, 0 %, 61935 MiB, 81920 MiB
2026/04/16 00:13:41.191, 0 %, 0 MiB, 81920 MiB
2026/04/16 00:13:46.192, 0 %, 61935 MiB, 81920 MiB
2026/04/16 00:13:46.192, 0 %, 0 MiB, 81920 MiB
2026/04/16 00:13:51.193, 0 %, 61935 MiB, 81920 MiB
2026/04/16 00:13:51.193, 0 %, 0 MiB, 81920 MiB
2026/04/16 00:13:56.194, 0 %, 61935 MiB, 81920 MiB
2026/04/16 00:13:56.194, 0 %, 0 MiB, 81920 MiB
2026/04/16 00:14:01.195, 0 %, 61935 MiB, 81920 MiB
2026/04/16 00:14:01.195, 0 %, 0 MiB, 81920 MiB
2026/04/16 00:14:06.196, 0 %, 61935 MiB, 81920 MiB
2026/04/16 00:14:06.196, 0 %, 0 MiB, 81920 MiB
2026/04/16 00:14:11.197, 0 %, 61935 MiB, 81920 MiB
2026/04/16 00:14:11.197, 0 %, 0 MiB, 81920 MiB
2026/04/16 00:14:16.197, 0 %, 61935 MiB, 81920 MiB
2026/04/16 00:14:16.198, 0 %, 0 MiB, 81920 MiB
2026/04/16 00:14:21.198, 0 %, 61935 MiB, 81920 MiB
2026/04/16 00:14:21.199, 0 %, 0 MiB, 81920 MiB
2026/04/16 00:14:26.199, 0 %, 61935 MiB, 81920 MiB
2026/04/16 00:14:26.199, 0 %, 0 MiB, 81920 MiB
2026/04/16 00:14:31.200, 0 %, 61935 MiB, 81920 MiB
2026/04/16 00:14:31.200, 0 %, 0 MiB, 81920 MiB
2026/04/16 00:14:36.203, 0 %, 61935 MiB, 81920 MiB
2026/04/16 00:14:36.203, 0 %, 0 MiB, 81920 MiB
2026/04/16 00:14:41.203, 0 %, 61935 MiB, 81920 MiB
2026/04/16 00:14:41.204, 0 %, 0 MiB, 81920 MiB
2026/04/16 00:14:46.204, 0 %, 61935 MiB, 81920 MiB
2026/04/16 00:14:46.204, 0 %, 0 MiB, 81920 MiB
2026/04/16 00:14:51.205, 0 %, 61935 MiB, 81920 MiB
2026/04/16 00:14:51.205, 0 %, 0 MiB, 81920 MiB
2026/04/16 00:14:56.206, 0 %, 61935 MiB, 81920 MiB
2026/04/16 00:14:56.206, 0 %, 0 MiB, 81920 MiB
2026/04/16 00:15:01.207, 0 %, 61935 MiB, 81920 MiB
2026/04/16 00:15:01.207, 0 %, 0 MiB, 81920 MiB
2026/04/16 00:15:06.207, 0 %, 61935 MiB, 81920 MiB
2026/04/16 00:15:06.207, 0 %, 0 MiB, 81920 MiB
2026/04/16 00:15:11.208, 0 %, 61935 MiB, 81920 MiB
2026/04/16 00:15:11.208, 0 %, 0 MiB, 81920 MiB
2026/04/16 00:15:16.209, 0 %, 61935 MiB, 81920 MiB
2026/04/16 00:15:16.209, 0 %, 0 MiB, 81920 MiB
2026/04/16 00:15:21.210, 0 %, 61935 MiB, 81920 MiB
2026/04/16 00:15:21.210, 0 %, 0 MiB, 81920 MiB
2026/04/16 00:15:26.211, 0 %, 61935 MiB, 81920 MiB
2026/04/16 00:15:26.211, 0 %, 0 MiB, 81920 MiB
2026/04/16 00:15:31.211, 0 %, 61935 MiB, 81920 MiB
2026/04/16 00:15:31.212, 0 %, 0 MiB, 81920 MiB
2026/04/16 00:15:36.212, 0 %, 61935 MiB, 81920 MiB
2026/04/16 00:15:36.213, 0 %, 0 MiB, 81920 MiB
2026/04/16 00:15:41.213, 0 %, 61935 MiB, 81920 MiB
2026/04/16 00:15:41.213, 0 %, 0 MiB, 81920 MiB
2026/04/16 00:15:46.214, 0 %, 61935 MiB, 81920 MiB
2026/04/16 00:15:46.214, 0 %, 0 MiB, 81920 MiB
2026/04/16 00:15:51.215, 0 %, 61935 MiB, 81920 MiB
2026/04/16 00:15:51.215, 0 %, 0 MiB, 81920 MiB
2026/04/16 00:15:56.216, 0 %, 61935 MiB, 81920 MiB
2026/04/16 00:15:56.216, 0 %, 0 MiB, 81920 MiB
2026/04/16 00:16:01.217, 0 %, 61935 MiB, 81920 MiB
2026/04/16 00:16:01.217, 0 %, 0 MiB, 81920 MiB
2026/04/16 00:16:06.218, 0 %, 61935 MiB, 81920 MiB
2026/04/16 00:16:06.218, 0 %, 0 MiB, 81920 MiB
2026/04/16 00:16:11.219, 0 %, 61935 MiB, 81920 MiB
2026/04/16 00:16:11.219, 0 %, 0 MiB, 81920 MiB
2026/04/16 00:16:16.219, 0 %, 61935 MiB, 81920 MiB
2026/04/16 00:16:16.219, 0 %, 0 MiB, 81920 MiB
2026/04/16 00:16:21.220, 0 %, 61935 MiB, 81920 MiB
2026/04/16 00:16:21.220, 0 %, 0 MiB, 81920 MiB
2026/04/16 00:16:26.221, 0 %, 61935 MiB, 81920 MiB
2026/04/16 00:16:26.221, 0 %, 0 MiB, 81920 MiB
2026/04/16 00:16:31.222, 0 %, 61935 MiB, 81920 MiB
2026/04/16 00:16:31.222, 0 %, 0 MiB, 81920 MiB
2026/04/16 00:16:36.223, 0 %, 61935 MiB, 81920 MiB
2026/04/16 00:16:36.223, 0 %, 0 MiB, 81920 MiB
2026/04/16 00:16:41.224, 0 %, 61935 MiB, 81920 MiB
2026/04/16 00:16:41.224, 0 %, 0 MiB, 81920 MiB
2026/04/16 00:16:46.225, 0 %, 61935 MiB, 81920 MiB
2026/04/16 00:16:46.225, 0 %, 0 MiB, 81920 MiB
2026/04/16 00:16:51.226, 0 %, 61935 MiB, 81920 MiB
2026/04/16 00:16:51.226, 0 %, 0 MiB, 81920 MiB
2026/04/16 00:16:56.226, 0 %, 61935 MiB, 81920 MiB
2026/04/16 00:16:56.227, 0 %, 0 MiB, 81920 MiB
2026/04/16 00:17:01.228, 0 %, 61935 MiB, 81920 MiB
2026/04/16 00:17:01.228, 0 %, 0 MiB, 81920 MiB
2026/04/16 00:17:06.229, 0 %, 61935 MiB, 81920 MiB
2026/04/16 00:17:06.229, 0 %, 0 MiB, 81920 MiB
2026/04/16 00:17:11.230, 0 %, 61935 MiB, 81920 MiB
2026/04/16 00:17:11.230, 0 %, 0 MiB, 81920 MiB
2026/04/16 00:17:16.231, 0 %, 61935 MiB, 81920 MiB
2026/04/16 00:17:16.231, 0 %, 0 MiB, 81920 MiB
2026/04/16 00:17:21.232, 0 %, 61935 MiB, 81920 MiB
2026/04/16 00:17:21.232, 0 %, 0 MiB, 81920 MiB
2026/04/16 00:17:26.233, 0 %, 61935 MiB, 81920 MiB
2026/04/16 00:17:26.233, 0 %, 0 MiB, 81920 MiB
2026/04/16 00:17:31.234, 0 %, 61935 MiB, 81920 MiB
2026/04/16 00:17:31.234, 0 %, 0 MiB, 81920 MiB
2026/04/16 00:17:36.235, 0 %, 61935 MiB, 81920 MiB
2026/04/16 00:17:36.235, 0 %, 0 MiB, 81920 MiB
2026/04/16 00:17:41.235, 0 %, 61935 MiB, 81920 MiB
2026/04/16 00:17:41.236, 0 %, 0 MiB, 81920 MiB
2026/04/16 00:17:46.236, 0 %, 61969 MiB, 81920 MiB
2026/04/16 00:17:46.237, 0 %, 0 MiB, 81920 MiB
2026/04/16 00:17:51.237, 0 %, 61969 MiB, 81920 MiB
2026/04/16 00:17:51.238, 0 %, 0 MiB, 81920 MiB
2026/04/16 00:17:56.238, 0 %, 61969 MiB, 81920 MiB
2026/04/16 00:17:56.238, 0 %, 0 MiB, 81920 MiB
2026/04/16 00:18:01.239, 0 %, 61969 MiB, 81920 MiB
2026/04/16 00:18:01.239, 0 %, 0 MiB, 81920 MiB
2026/04/16 00:18:06.240, 0 %, 61969 MiB, 81920 MiB
2026/04/16 00:18:06.240, 0 %, 0 MiB, 81920 MiB
2026/04/16 00:18:11.241, 0 %, 61969 MiB, 81920 MiB
2026/04/16 00:18:11.241, 0 %, 0 MiB, 81920 MiB
2026/04/16 00:18:16.242, 0 %, 61969 MiB, 81920 MiB
2026/04/16 00:18:16.242, 0 %, 0 MiB, 81920 MiB
2026/04/16 00:18:21.243, 0 %, 61969 MiB, 81920 MiB
2026/04/16 00:18:21.243, 0 %, 0 MiB, 81920 MiB
2026/04/16 00:18:26.244, 0 %, 61969 MiB, 81920 MiB
2026/04/16 00:18:26.244, 0 %, 0 MiB, 81920 MiB
2026/04/16 00:18:31.245, 0 %, 61969 MiB, 81920 MiB
2026/04/16 00:18:31.245, 0 %, 0 MiB, 81920 MiB
2026/04/16 00:18:36.245, 0 %, 61969 MiB, 81920 MiB
2026/04/16 00:18:36.246, 0 %, 0 MiB, 81920 MiB
2026/04/16 00:18:41.246, 0 %, 61969 MiB, 81920 MiB
2026/04/16 00:18:41.247, 0 %, 0 MiB, 81920 MiB
2026/04/16 00:18:46.247, 0 %, 61969 MiB, 81920 MiB
2026/04/16 00:18:46.247, 0 %, 0 MiB, 81920 MiB
2026/04/16 00:18:51.248, 0 %, 61969 MiB, 81920 MiB
2026/04/16 00:18:51.248, 0 %, 0 MiB, 81920 MiB
2026/04/16 00:18:56.249, 0 %, 61969 MiB, 81920 MiB
2026/04/16 00:18:56.249, 0 %, 0 MiB, 81920 MiB
2026/04/16 00:19:01.250, 0 %, 61969 MiB, 81920 MiB
2026/04/16 00:19:01.250, 0 %, 0 MiB, 81920 MiB
2026/04/16 00:19:06.251, 0 %, 61969 MiB, 81920 MiB
2026/04/16 00:19:06.251, 0 %, 0 MiB, 81920 MiB
2026/04/16 00:19:11.252, 0 %, 61969 MiB, 81920 MiB
2026/04/16 00:19:11.252, 0 %, 0 MiB, 81920 MiB
2026/04/16 00:19:16.253, 0 %, 61969 MiB, 81920 MiB
2026/04/16 00:19:16.253, 0 %, 0 MiB, 81920 MiB
2026/04/16 00:19:21.253, 0 %, 61969 MiB, 81920 MiB
2026/04/16 00:19:21.254, 0 %, 0 MiB, 81920 MiB
2026/04/16 00:19:26.254, 0 %, 61969 MiB, 81920 MiB
2026/04/16 00:19:26.254, 0 %, 0 MiB, 81920 MiB
2026/04/16 00:19:31.255, 0 %, 61969 MiB, 81920 MiB
2026/04/16 00:19:31.255, 0 %, 0 MiB, 81920 MiB
2026/04/16 00:19:36.256, 0 %, 61969 MiB, 81920 MiB
2026/04/16 00:19:36.256, 0 %, 0 MiB, 81920 MiB
2026/04/16 00:19:41.257, 0 %, 61969 MiB, 81920 MiB
2026/04/16 00:19:41.257, 0 %, 0 MiB, 81920 MiB
2026/04/16 00:19:46.258, 0 %, 61969 MiB, 81920 MiB
2026/04/16 00:19:46.258, 0 %, 0 MiB, 81920 MiB
2026/04/16 00:19:51.259, 0 %, 61969 MiB, 81920 MiB
2026/04/16 00:19:51.259, 0 %, 0 MiB, 81920 MiB
2026/04/16 00:19:56.260, 0 %, 61969 MiB, 81920 MiB
2026/04/16 00:19:56.260, 0 %, 0 MiB, 81920 MiB
2026/04/16 00:20:01.260, 0 %, 61969 MiB, 81920 MiB
2026/04/16 00:20:01.261, 0 %, 0 MiB, 81920 MiB
2026/04/16 00:20:06.261, 0 %, 61969 MiB, 81920 MiB
2026/04/16 00:20:06.261, 0 %, 0 MiB, 81920 MiB
2026/04/16 00:20:11.262, 0 %, 61969 MiB, 81920 MiB
2026/04/16 00:20:11.262, 0 %, 0 MiB, 81920 MiB
2026/04/16 00:20:16.263, 0 %, 61969 MiB, 81920 MiB
2026/04/16 00:20:16.263, 0 %, 0 MiB, 81920 MiB
2026/04/16 00:20:21.264, 0 %, 61969 MiB, 81920 MiB
2026/04/16 00:20:21.264, 0 %, 0 MiB, 81920 MiB
2026/04/16 00:20:26.265, 0 %, 61969 MiB, 81920 MiB
2026/04/16 00:20:26.265, 0 %, 0 MiB, 81920 MiB
2026/04/16 00:20:31.266, 0 %, 61969 MiB, 81920 MiB
2026/04/16 00:20:31.266, 0 %, 0 MiB, 81920 MiB
2026/04/16 00:20:36.267, 0 %, 61969 MiB, 81920 MiB
2026/04/16 00:20:36.267, 0 %, 0 MiB, 81920 MiB
2026/04/16 00:20:41.267, 0 %, 61969 MiB, 81920 MiB
2026/04/16 00:20:41.268, 0 %, 0 MiB, 81920 MiB
2026/04/16 00:20:46.268, 0 %, 61969 MiB, 81920 MiB
2026/04/16 00:20:46.269, 0 %, 0 MiB, 81920 MiB
2026/04/16 00:20:51.269, 0 %, 61969 MiB, 81920 MiB
2026/04/16 00:20:51.270, 0 %, 0 MiB, 81920 MiB
2026/04/16 00:20:56.270, 0 %, 61969 MiB, 81920 MiB
2026/04/16 00:20:56.270, 0 %, 0 MiB, 81920 MiB
2026/04/16 00:21:01.271, 0 %, 61969 MiB, 81920 MiB
2026/04/16 00:21:01.271, 0 %, 0 MiB, 81920 MiB
2026/04/16 00:21:06.272, 0 %, 61969 MiB, 81920 MiB
2026/04/16 00:21:06.272, 0 %, 0 MiB, 81920 MiB
2026/04/16 00:21:11.273, 0 %, 61969 MiB, 81920 MiB
2026/04/16 00:21:11.273, 0 %, 0 MiB, 81920 MiB
2026/04/16 00:21:16.274, 0 %, 61969 MiB, 81920 MiB
2026/04/16 00:21:16.274, 0 %, 0 MiB, 81920 MiB
2026/04/16 00:21:21.275, 0 %, 61969 MiB, 81920 MiB
2026/04/16 00:21:21.275, 0 %, 0 MiB, 81920 MiB
2026/04/16 00:21:26.276, 0 %, 61969 MiB, 81920 MiB
2026/04/16 00:21:26.276, 0 %, 0 MiB, 81920 MiB
2026/04/16 00:21:31.277, 0 %, 61969 MiB, 81920 MiB
2026/04/16 00:21:31.277, 0 %, 0 MiB, 81920 MiB
2026/04/16 00:21:36.277, 0 %, 61969 MiB, 81920 MiB
2026/04/16 00:21:36.278, 0 %, 0 MiB, 81920 MiB
2026/04/16 00:21:41.278, 0 %, 61969 MiB, 81920 MiB
2026/04/16 00:21:41.278, 0 %, 0 MiB, 81920 MiB
2026/04/16 00:21:46.279, 0 %, 61969 MiB, 81920 MiB
2026/04/16 00:21:46.279, 0 %, 0 MiB, 81920 MiB
2026/04/16 00:21:51.280, 0 %, 61969 MiB, 81920 MiB
2026/04/16 00:21:51.280, 0 %, 0 MiB, 81920 MiB
2026/04/16 00:21:56.281, 0 %, 61969 MiB, 81920 MiB
2026/04/16 00:21:56.281, 0 %, 0 MiB, 81920 MiB
2026/04/16 00:22:01.282, 0 %, 61969 MiB, 81920 MiB
2026/04/16 00:22:01.282, 0 %, 0 MiB, 81920 MiB
2026/04/16 00:22:06.283, 0 %, 61969 MiB, 81920 MiB
2026/04/16 00:22:06.283, 0 %, 0 MiB, 81920 MiB
2026/04/16 00:22:11.284, 0 %, 61969 MiB, 81920 MiB
2026/04/16 00:22:11.284, 0 %, 0 MiB, 81920 MiB
2026/04/16 00:22:16.285, 0 %, 61969 MiB, 81920 MiB
2026/04/16 00:22:16.285, 0 %, 0 MiB, 81920 MiB
2026/04/16 00:22:21.286, 0 %, 61969 MiB, 81920 MiB
2026/04/16 00:22:21.286, 0 %, 0 MiB, 81920 MiB
2026/04/16 00:22:26.287, 0 %, 61969 MiB, 81920 MiB
2026/04/16 00:22:26.287, 0 %, 0 MiB, 81920 MiB
2026/04/16 00:22:31.288, 0 %, 61969 MiB, 81920 MiB
2026/04/16 00:22:31.288, 0 %, 0 MiB, 81920 MiB
2026/04/16 00:22:36.289, 0 %, 61969 MiB, 81920 MiB
2026/04/16 00:22:36.289, 0 %, 0 MiB, 81920 MiB
2026/04/16 00:22:41.290, 0 %, 61969 MiB, 81920 MiB
2026/04/16 00:22:41.290, 0 %, 0 MiB, 81920 MiB
2026/04/16 00:22:46.291, 0 %, 61969 MiB, 81920 MiB
2026/04/16 00:22:46.291, 0 %, 0 MiB, 81920 MiB
2026/04/16 00:22:51.292, 0 %, 61969 MiB, 81920 MiB
2026/04/16 00:22:51.292, 0 %, 0 MiB, 81920 MiB
2026/04/16 00:22:56.292, 0 %, 61969 MiB, 81920 MiB
2026/04/16 00:22:56.293, 0 %, 0 MiB, 81920 MiB
2026/04/16 00:23:01.293, 0 %, 61969 MiB, 81920 MiB
2026/04/16 00:23:01.294, 0 %, 0 MiB, 81920 MiB
2026/04/16 00:23:06.294, 0 %, 61969 MiB, 81920 MiB
2026/04/16 00:23:06.294, 0 %, 0 MiB, 81920 MiB
2026/04/16 00:23:11.295, 0 %, 61969 MiB, 81920 MiB
2026/04/16 00:23:11.295, 0 %, 0 MiB, 81920 MiB
2026/04/16 00:23:16.296, 0 %, 61969 MiB, 81920 MiB
2026/04/16 00:23:16.296, 0 %, 0 MiB, 81920 MiB
2026/04/16 00:23:21.297, 0 %, 61969 MiB, 81920 MiB
2026/04/16 00:23:21.297, 0 %, 0 MiB, 81920 MiB
2026/04/16 00:23:26.298, 0 %, 61969 MiB, 81920 MiB
2026/04/16 00:23:26.298, 0 %, 0 MiB, 81920 MiB
2026/04/16 00:23:31.299, 0 %, 61969 MiB, 81920 MiB
2026/04/16 00:23:31.299, 0 %, 0 MiB, 81920 MiB
2026/04/16 00:23:36.300, 0 %, 61969 MiB, 81920 MiB
2026/04/16 00:23:36.300, 0 %, 0 MiB, 81920 MiB
2026/04/16 00:23:41.301, 0 %, 61969 MiB, 81920 MiB
2026/04/16 00:23:41.301, 0 %, 0 MiB, 81920 MiB
2026/04/16 00:23:46.301, 0 %, 61969 MiB, 81920 MiB
2026/04/16 00:23:46.302, 0 %, 0 MiB, 81920 MiB
2026/04/16 00:23:51.302, 0 %, 61969 MiB, 81920 MiB
2026/04/16 00:23:51.303, 0 %, 0 MiB, 81920 MiB
2026/04/16 00:23:56.303, 0 %, 61969 MiB, 81920 MiB
2026/04/16 00:23:56.304, 0 %, 0 MiB, 81920 MiB
2026/04/16 00:24:01.304, 0 %, 61969 MiB, 81920 MiB
2026/04/16 00:24:01.304, 0 %, 0 MiB, 81920 MiB
2026/04/16 00:24:06.305, 0 %, 61969 MiB, 81920 MiB
2026/04/16 00:24:06.305, 0 %, 0 MiB, 81920 MiB
2026/04/16 00:24:11.306, 0 %, 61969 MiB, 81920 MiB
2026/04/16 00:24:11.306, 0 %, 0 MiB, 81920 MiB
2026/04/16 00:24:16.307, 0 %, 61969 MiB, 81920 MiB
2026/04/16 00:24:16.307, 0 %, 0 MiB, 81920 MiB
2026/04/16 00:24:21.308, 0 %, 61969 MiB, 81920 MiB
2026/04/16 00:24:21.308, 0 %, 0 MiB, 81920 MiB
2026/04/16 00:24:26.309, 0 %, 61969 MiB, 81920 MiB
2026/04/16 00:24:26.309, 0 %, 0 MiB, 81920 MiB
2026/04/16 00:24:31.310, 0 %, 61969 MiB, 81920 MiB
2026/04/16 00:24:31.310, 0 %, 0 MiB, 81920 MiB
2026/04/16 00:24:36.311, 0 %, 61969 MiB, 81920 MiB
2026/04/16 00:24:36.311, 0 %, 0 MiB, 81920 MiB
2026/04/16 00:24:41.312, 0 %, 61969 MiB, 81920 MiB
2026/04/16 00:24:41.312, 0 %, 0 MiB, 81920 MiB
2026/04/16 00:24:46.313, 0 %, 61969 MiB, 81920 MiB
2026/04/16 00:24:46.313, 0 %, 0 MiB, 81920 MiB
2026/04/16 00:24:51.314, 0 %, 61969 MiB, 81920 MiB
2026/04/16 00:24:51.314, 0 %, 0 MiB, 81920 MiB
2026/04/16 00:24:56.315, 0 %, 61969 MiB, 81920 MiB
2026/04/16 00:24:56.315, 0 %, 0 MiB, 81920 MiB
2026/04/16 00:25:01.316, 0 %, 61969 MiB, 81920 MiB
2026/04/16 00:25:01.316, 0 %, 0 MiB, 81920 MiB
2026/04/16 00:25:06.317, 0 %, 61969 MiB, 81920 MiB
2026/04/16 00:25:06.317, 0 %, 0 MiB, 81920 MiB
2026/04/16 00:25:11.318, 0 %, 61969 MiB, 81920 MiB
2026/04/16 00:25:11.318, 0 %, 0 MiB, 81920 MiB
2026/04/16 00:25:16.319, 0 %, 61969 MiB, 81920 MiB
2026/04/16 00:25:16.319, 0 %, 0 MiB, 81920 MiB
2026/04/16 00:25:21.320, 0 %, 61969 MiB, 81920 MiB
2026/04/16 00:25:21.320, 0 %, 0 MiB, 81920 MiB
2026/04/16 00:25:26.321, 0 %, 61969 MiB, 81920 MiB
2026/04/16 00:25:26.321, 0 %, 0 MiB, 81920 MiB
2026/04/16 00:25:31.322, 0 %, 61969 MiB, 81920 MiB
2026/04/16 00:25:31.322, 0 %, 0 MiB, 81920 MiB
2026/04/16 00:25:36.322, 0 %, 61969 MiB, 81920 MiB
2026/04/16 00:25:36.323, 0 %, 0 MiB, 81920 MiB
2026/04/16 00:25:41.323, 0 %, 61969 MiB, 81920 MiB
2026/04/16 00:25:41.324, 0 %, 0 MiB, 81920 MiB
2026/04/16 00:25:46.324, 0 %, 61969 MiB, 81920 MiB
2026/04/16 00:25:46.324, 0 %, 0 MiB, 81920 MiB
2026/04/16 00:25:51.325, 0 %, 61969 MiB, 81920 MiB
2026/04/16 00:25:51.325, 0 %, 0 MiB, 81920 MiB
2026/04/16 00:25:56.326, 0 %, 61969 MiB, 81920 MiB
2026/04/16 00:25:56.326, 0 %, 0 MiB, 81920 MiB
2026/04/16 00:26:01.327, 0 %, 61969 MiB, 81920 MiB
2026/04/16 00:26:01.327, 0 %, 0 MiB, 81920 MiB
2026/04/16 00:26:06.328, 0 %, 61969 MiB, 81920 MiB
2026/04/16 00:26:06.328, 0 %, 0 MiB, 81920 MiB
2026/04/16 00:26:11.329, 0 %, 61969 MiB, 81920 MiB
2026/04/16 00:26:11.329, 0 %, 0 MiB, 81920 MiB
2026/04/16 00:26:16.330, 0 %, 61969 MiB, 81920 MiB
2026/04/16 00:26:16.330, 0 %, 0 MiB, 81920 MiB
2026/04/16 00:26:21.331, 0 %, 61969 MiB, 81920 MiB
2026/04/16 00:26:21.331, 0 %, 0 MiB, 81920 MiB
2026/04/16 00:26:26.332, 0 %, 61969 MiB, 81920 MiB
2026/04/16 00:26:26.332, 0 %, 0 MiB, 81920 MiB
2026/04/16 00:26:31.333, 0 %, 61969 MiB, 81920 MiB
2026/04/16 00:26:31.333, 0 %, 0 MiB, 81920 MiB
2026/04/16 00:26:36.334, 0 %, 61969 MiB, 81920 MiB
2026/04/16 00:26:36.334, 0 %, 0 MiB, 81920 MiB
2026/04/16 00:26:41.335, 0 %, 61969 MiB, 81920 MiB
2026/04/16 00:26:41.335, 0 %, 0 MiB, 81920 MiB
2026/04/16 00:26:46.336, 0 %, 61969 MiB, 81920 MiB
2026/04/16 00:26:46.336, 0 %, 0 MiB, 81920 MiB
2026/04/16 00:26:51.337, 0 %, 61969 MiB, 81920 MiB
2026/04/16 00:26:51.337, 0 %, 0 MiB, 81920 MiB
2026/04/16 00:26:56.338, 0 %, 61969 MiB, 81920 MiB
2026/04/16 00:26:56.338, 0 %, 0 MiB, 81920 MiB
2026/04/16 00:27:01.339, 0 %, 61969 MiB, 81920 MiB
2026/04/16 00:27:01.339, 0 %, 0 MiB, 81920 MiB
2026/04/16 00:27:06.340, 0 %, 61969 MiB, 81920 MiB
2026/04/16 00:27:06.340, 0 %, 0 MiB, 81920 MiB
2026/04/16 00:27:11.340, 0 %, 61969 MiB, 81920 MiB
2026/04/16 00:27:11.341, 0 %, 0 MiB, 81920 MiB
2026/04/16 00:27:16.341, 0 %, 61969 MiB, 81920 MiB
2026/04/16 00:27:16.342, 0 %, 0 MiB, 81920 MiB
2026/04/16 00:27:21.342, 0 %, 61969 MiB, 81920 MiB
2026/04/16 00:27:21.342, 0 %, 0 MiB, 81920 MiB
2026/04/16 00:27:26.343, 0 %, 61969 MiB, 81920 MiB
2026/04/16 00:27:26.343, 0 %, 0 MiB, 81920 MiB
2026/04/16 00:27:31.344, 0 %, 61969 MiB, 81920 MiB
2026/04/16 00:27:31.344, 0 %, 0 MiB, 81920 MiB
2026/04/16 00:27:36.345, 0 %, 61969 MiB, 81920 MiB
2026/04/16 00:27:36.345, 0 %, 0 MiB, 81920 MiB
2026/04/16 00:27:41.346, 0 %, 61969 MiB, 81920 MiB
2026/04/16 00:27:41.346, 0 %, 0 MiB, 81920 MiB
2026/04/16 00:27:46.347, 0 %, 61969 MiB, 81920 MiB
2026/04/16 00:27:46.347, 0 %, 0 MiB, 81920 MiB
2026/04/16 00:27:51.348, 0 %, 61969 MiB, 81920 MiB
2026/04/16 00:27:51.348, 0 %, 0 MiB, 81920 MiB
2026/04/16 00:27:56.349, 0 %, 61969 MiB, 81920 MiB
2026/04/16 00:27:56.349, 0 %, 0 MiB, 81920 MiB
2026/04/16 00:28:01.350, 0 %, 61969 MiB, 81920 MiB
2026/04/16 00:28:01.350, 0 %, 0 MiB, 81920 MiB
2026/04/16 00:28:06.351, 0 %, 61969 MiB, 81920 MiB
2026/04/16 00:28:06.351, 0 %, 0 MiB, 81920 MiB
2026/04/16 00:28:11.352, 0 %, 61969 MiB, 81920 MiB
2026/04/16 00:28:11.352, 0 %, 0 MiB, 81920 MiB
2026/04/16 00:28:16.353, 0 %, 61969 MiB, 81920 MiB
2026/04/16 00:28:16.353, 0 %, 0 MiB, 81920 MiB
2026/04/16 00:28:21.353, 0 %, 61969 MiB, 81920 MiB
2026/04/16 00:28:21.353, 0 %, 0 MiB, 81920 MiB
2026/04/16 00:28:26.354, 0 %, 61969 MiB, 81920 MiB
2026/04/16 00:28:26.354, 0 %, 0 MiB, 81920 MiB
2026/04/16 00:28:31.355, 0 %, 61969 MiB, 81920 MiB
2026/04/16 00:28:31.355, 0 %, 0 MiB, 81920 MiB
2026/04/16 00:28:36.356, 0 %, 61969 MiB, 81920 MiB
2026/04/16 00:28:36.356, 0 %, 0 MiB, 81920 MiB
2026/04/16 00:28:41.357, 0 %, 61969 MiB, 81920 MiB
2026/04/16 00:28:41.357, 0 %, 0 MiB, 81920 MiB
2026/04/16 00:28:46.358, 0 %, 61969 MiB, 81920 MiB
2026/04/16 00:28:46.358, 0 %, 0 MiB, 81920 MiB
2026/04/16 00:28:51.359, 0 %, 61969 MiB, 81920 MiB
2026/04/16 00:28:51.359, 0 %, 0 MiB, 81920 MiB
2026/04/16 00:28:56.360, 0 %, 61969 MiB, 81920 MiB
2026/04/16 00:28:56.360, 0 %, 0 MiB, 81920 MiB
2026/04/16 00:29:01.362, 0 %, 61969 MiB, 81920 MiB
2026/04/16 00:29:01.362, 0 %, 0 MiB, 81920 MiB
2026/04/16 00:29:06.362, 0 %, 61969 MiB, 81920 MiB
2026/04/16 00:29:06.362, 0 %, 0 MiB, 81920 MiB
2026/04/16 00:29:11.363, 0 %, 61969 MiB, 81920 MiB
2026/04/16 00:29:11.363, 0 %, 0 MiB, 81920 MiB
2026/04/16 00:29:16.364, 0 %, 61969 MiB, 81920 MiB
2026/04/16 00:29:16.364, 0 %, 0 MiB, 81920 MiB
2026/04/16 00:29:21.365, 0 %, 61969 MiB, 81920 MiB
2026/04/16 00:29:21.365, 0 %, 0 MiB, 81920 MiB
2026/04/16 00:29:26.366, 0 %, 61969 MiB, 81920 MiB
2026/04/16 00:29:26.366, 0 %, 0 MiB, 81920 MiB
2026/04/16 00:29:31.367, 0 %, 61969 MiB, 81920 MiB
2026/04/16 00:29:31.367, 0 %, 0 MiB, 81920 MiB
2026/04/16 00:29:36.368, 0 %, 61969 MiB, 81920 MiB
2026/04/16 00:29:36.368, 0 %, 0 MiB, 81920 MiB
2026/04/16 00:29:41.369, 0 %, 61969 MiB, 81920 MiB
2026/04/16 00:29:41.370, 0 %, 0 MiB, 81920 MiB
2026/04/16 00:29:46.370, 0 %, 61969 MiB, 81920 MiB
2026/04/16 00:29:46.370, 0 %, 0 MiB, 81920 MiB
2026/04/16 00:29:51.371, 0 %, 61969 MiB, 81920 MiB
2026/04/16 00:29:51.371, 0 %, 0 MiB, 81920 MiB
2026/04/16 00:29:56.372, 0 %, 61969 MiB, 81920 MiB
2026/04/16 00:29:56.372, 0 %, 0 MiB, 81920 MiB
2026/04/16 00:30:01.373, 0 %, 61969 MiB, 81920 MiB
2026/04/16 00:30:01.373, 0 %, 0 MiB, 81920 MiB
2026/04/16 00:30:06.374, 0 %, 61969 MiB, 81920 MiB
2026/04/16 00:30:06.374, 0 %, 0 MiB, 81920 MiB
2026/04/16 00:30:11.375, 0 %, 61969 MiB, 81920 MiB
2026/04/16 00:30:11.375, 0 %, 0 MiB, 81920 MiB
2026/04/16 00:30:16.376, 0 %, 61969 MiB, 81920 MiB
2026/04/16 00:30:16.376, 0 %, 0 MiB, 81920 MiB
2026/04/16 00:30:21.377, 0 %, 61969 MiB, 81920 MiB
2026/04/16 00:30:21.377, 0 %, 0 MiB, 81920 MiB
2026/04/16 00:30:26.378, 0 %, 61969 MiB, 81920 MiB
2026/04/16 00:30:26.378, 0 %, 0 MiB, 81920 MiB
2026/04/16 00:30:31.379, 0 %, 61969 MiB, 81920 MiB
2026/04/16 00:30:31.379, 0 %, 0 MiB, 81920 MiB
2026/04/16 00:30:36.380, 0 %, 61969 MiB, 81920 MiB
2026/04/16 00:30:36.380, 0 %, 0 MiB, 81920 MiB
2026/04/16 00:30:41.381, 0 %, 61969 MiB, 81920 MiB
2026/04/16 00:30:41.381, 0 %, 0 MiB, 81920 MiB
2026/04/16 00:30:46.382, 0 %, 61969 MiB, 81920 MiB
2026/04/16 00:30:46.382, 0 %, 0 MiB, 81920 MiB
2026/04/16 00:30:51.382, 0 %, 61969 MiB, 81920 MiB
2026/04/16 00:30:51.383, 0 %, 0 MiB, 81920 MiB
2026/04/16 00:30:56.383, 0 %, 61969 MiB, 81920 MiB
2026/04/16 00:30:56.384, 0 %, 0 MiB, 81920 MiB
2026/04/16 00:31:01.384, 0 %, 61969 MiB, 81920 MiB
2026/04/16 00:31:01.384, 0 %, 0 MiB, 81920 MiB
2026/04/16 00:31:06.385, 0 %, 61969 MiB, 81920 MiB
2026/04/16 00:31:06.385, 0 %, 0 MiB, 81920 MiB
2026/04/16 00:31:11.386, 0 %, 61969 MiB, 81920 MiB
2026/04/16 00:31:11.386, 0 %, 0 MiB, 81920 MiB
2026/04/16 00:31:16.387, 0 %, 61969 MiB, 81920 MiB
2026/04/16 00:31:16.387, 0 %, 0 MiB, 81920 MiB
2026/04/16 00:31:21.388, 0 %, 61969 MiB, 81920 MiB
2026/04/16 00:31:21.388, 0 %, 0 MiB, 81920 MiB
2026/04/16 00:31:26.389, 0 %, 61969 MiB, 81920 MiB
2026/04/16 00:31:26.389, 0 %, 0 MiB, 81920 MiB
2026/04/16 00:31:31.390, 0 %, 61969 MiB, 81920 MiB
2026/04/16 00:31:31.390, 0 %, 0 MiB, 81920 MiB
2026/04/16 00:31:36.391, 0 %, 61969 MiB, 81920 MiB
2026/04/16 00:31:36.391, 0 %, 0 MiB, 81920 MiB
2026/04/16 00:31:41.392, 0 %, 61969 MiB, 81920 MiB
2026/04/16 00:31:41.392, 0 %, 0 MiB, 81920 MiB
2026/04/16 00:31:46.393, 0 %, 61969 MiB, 81920 MiB
2026/04/16 00:31:46.393, 0 %, 0 MiB, 81920 MiB
2026/04/16 00:31:51.394, 0 %, 61969 MiB, 81920 MiB
2026/04/16 00:31:51.394, 0 %, 0 MiB, 81920 MiB
2026/04/16 00:31:56.395, 0 %, 61969 MiB, 81920 MiB
2026/04/16 00:31:56.395, 0 %, 0 MiB, 81920 MiB
2026/04/16 00:32:01.396, 0 %, 61969 MiB, 81920 MiB
2026/04/16 00:32:01.396, 0 %, 0 MiB, 81920 MiB
2026/04/16 00:32:06.397, 0 %, 61969 MiB, 81920 MiB
2026/04/16 00:32:06.397, 0 %, 0 MiB, 81920 MiB
2026/04/16 00:32:11.398, 0 %, 61969 MiB, 81920 MiB
2026/04/16 00:32:11.398, 0 %, 0 MiB, 81920 MiB
2026/04/16 00:32:16.399, 7 %, 62005 MiB, 81920 MiB
2026/04/16 00:32:16.399, 0 %, 0 MiB, 81920 MiB
2026/04/16 00:32:21.400, 0 %, 62005 MiB, 81920 MiB
2026/04/16 00:32:21.400, 0 %, 0 MiB, 81920 MiB
2026/04/16 00:32:26.401, 0 %, 62005 MiB, 81920 MiB
2026/04/16 00:32:26.401, 0 %, 0 MiB, 81920 MiB
2026/04/16 00:32:31.401, 0 %, 62005 MiB, 81920 MiB
2026/04/16 00:32:31.402, 0 %, 0 MiB, 81920 MiB
2026/04/16 00:32:36.402, 0 %, 62005 MiB, 81920 MiB
2026/04/16 00:32:36.402, 0 %, 0 MiB, 81920 MiB
2026/04/16 00:32:41.403, 0 %, 62005 MiB, 81920 MiB
2026/04/16 00:32:41.403, 0 %, 0 MiB, 81920 MiB
2026/04/16 00:32:46.404, 2 %, 62005 MiB, 81920 MiB
2026/04/16 00:32:46.404, 0 %, 0 MiB, 81920 MiB
2026/04/16 00:32:51.405, 0 %, 62005 MiB, 81920 MiB
2026/04/16 00:32:51.405, 0 %, 0 MiB, 81920 MiB
2026/04/16 00:32:56.405, 0 %, 62005 MiB, 81920 MiB
2026/04/16 00:32:56.405, 0 %, 0 MiB, 81920 MiB
2026/04/16 00:33:01.406, 0 %, 62005 MiB, 81920 MiB
2026/04/16 00:33:01.406, 0 %, 0 MiB, 81920 MiB
2026/04/16 00:33:06.407, 0 %, 62005 MiB, 81920 MiB
2026/04/16 00:33:06.407, 0 %, 0 MiB, 81920 MiB
2026/04/16 00:33:11.408, 0 %, 62005 MiB, 81920 MiB
2026/04/16 00:33:11.408, 0 %, 0 MiB, 81920 MiB
2026/04/16 00:33:16.408, 0 %, 62005 MiB, 81920 MiB
2026/04/16 00:33:16.409, 0 %, 0 MiB, 81920 MiB
2026/04/16 00:33:21.409, 0 %, 62005 MiB, 81920 MiB
2026/04/16 00:33:21.409, 0 %, 0 MiB, 81920 MiB
2026/04/16 00:33:26.410, 0 %, 62005 MiB, 81920 MiB
2026/04/16 00:33:26.410, 0 %, 0 MiB, 81920 MiB
2026/04/16 00:33:31.411, 0 %, 62005 MiB, 81920 MiB
2026/04/16 00:33:31.411, 0 %, 0 MiB, 81920 MiB
2026/04/16 00:33:36.412, 0 %, 62005 MiB, 81920 MiB
2026/04/16 00:33:36.412, 0 %, 0 MiB, 81920 MiB
2026/04/16 00:33:41.412, 0 %, 62005 MiB, 81920 MiB
2026/04/16 00:33:41.413, 0 %, 0 MiB, 81920 MiB
2026/04/16 00:33:46.413, 0 %, 62005 MiB, 81920 MiB
2026/04/16 00:33:46.413, 0 %, 0 MiB, 81920 MiB
2026/04/16 00:33:51.414, 0 %, 62005 MiB, 81920 MiB
2026/04/16 00:33:51.414, 0 %, 0 MiB, 81920 MiB
2026/04/16 00:33:56.415, 0 %, 62005 MiB, 81920 MiB
2026/04/16 00:33:56.415, 0 %, 0 MiB, 81920 MiB
2026/04/16 00:34:01.415, 0 %, 62005 MiB, 81920 MiB
2026/04/16 00:34:01.416, 0 %, 0 MiB, 81920 MiB
2026/04/16 00:34:06.416, 0 %, 62005 MiB, 81920 MiB
2026/04/16 00:34:06.416, 0 %, 0 MiB, 81920 MiB
2026/04/16 00:34:11.417, 0 %, 62005 MiB, 81920 MiB
2026/04/16 00:34:11.417, 0 %, 0 MiB, 81920 MiB
2026/04/16 00:34:16.418, 0 %, 62005 MiB, 81920 MiB
2026/04/16 00:34:16.418, 0 %, 0 MiB, 81920 MiB
2026/04/16 00:34:21.419, 0 %, 62005 MiB, 81920 MiB
2026/04/16 00:34:21.419, 0 %, 0 MiB, 81920 MiB
2026/04/16 00:34:26.419, 0 %, 62005 MiB, 81920 MiB
2026/04/16 00:34:26.419, 0 %, 0 MiB, 81920 MiB
2026/04/16 00:34:31.420, 0 %, 62005 MiB, 81920 MiB
2026/04/16 00:34:31.420, 0 %, 0 MiB, 81920 MiB
2026/04/16 00:34:36.421, 0 %, 62005 MiB, 81920 MiB
2026/04/16 00:34:36.421, 0 %, 0 MiB, 81920 MiB
2026/04/16 00:34:41.422, 0 %, 62005 MiB, 81920 MiB
2026/04/16 00:34:41.422, 0 %, 0 MiB, 81920 MiB
2026/04/16 00:34:46.422, 0 %, 62005 MiB, 81920 MiB
2026/04/16 00:34:46.423, 0 %, 0 MiB, 81920 MiB
2026/04/16 00:34:51.423, 0 %, 62005 MiB, 81920 MiB
2026/04/16 00:34:51.423, 0 %, 0 MiB, 81920 MiB
2026/04/16 00:34:56.424, 0 %, 62005 MiB, 81920 MiB
2026/04/16 00:34:56.424, 0 %, 0 MiB, 81920 MiB
2026/04/16 00:35:01.425, 0 %, 62005 MiB, 81920 MiB
2026/04/16 00:35:01.425, 0 %, 0 MiB, 81920 MiB
2026/04/16 00:35:06.426, 0 %, 62005 MiB, 81920 MiB
2026/04/16 00:35:06.426, 0 %, 0 MiB, 81920 MiB
2026/04/16 00:35:11.426, 0 %, 62005 MiB, 81920 MiB
2026/04/16 00:35:11.426, 0 %, 0 MiB, 81920 MiB
2026/04/16 00:35:16.427, 0 %, 62005 MiB, 81920 MiB
2026/04/16 00:35:16.427, 0 %, 0 MiB, 81920 MiB
2026/04/16 00:35:21.428, 0 %, 62005 MiB, 81920 MiB
2026/04/16 00:35:21.428, 0 %, 0 MiB, 81920 MiB
2026/04/16 00:35:26.429, 0 %, 62005 MiB, 81920 MiB
2026/04/16 00:35:26.429, 0 %, 0 MiB, 81920 MiB
2026/04/16 00:35:31.429, 0 %, 62005 MiB, 81920 MiB
2026/04/16 00:35:31.429, 0 %, 0 MiB, 81920 MiB
2026/04/16 00:35:36.430, 0 %, 62005 MiB, 81920 MiB
2026/04/16 00:35:36.430, 0 %, 0 MiB, 81920 MiB
2026/04/16 00:35:41.431, 0 %, 62005 MiB, 81920 MiB
2026/04/16 00:35:41.431, 0 %, 0 MiB, 81920 MiB
2026/04/16 00:35:46.432, 0 %, 62005 MiB, 81920 MiB
2026/04/16 00:35:46.432, 0 %, 0 MiB, 81920 MiB
2026/04/16 00:35:51.432, 0 %, 62005 MiB, 81920 MiB
2026/04/16 00:35:51.432, 0 %, 0 MiB, 81920 MiB
2026/04/16 00:35:56.433, 0 %, 62005 MiB, 81920 MiB
2026/04/16 00:35:56.433, 0 %, 0 MiB, 81920 MiB
2026/04/16 00:36:01.434, 0 %, 62005 MiB, 81920 MiB
2026/04/16 00:36:01.434, 0 %, 0 MiB, 81920 MiB
2026/04/16 00:36:06.434, 0 %, 62005 MiB, 81920 MiB
2026/04/16 00:36:06.435, 0 %, 0 MiB, 81920 MiB
2026/04/16 00:36:11.435, 0 %, 62005 MiB, 81920 MiB
2026/04/16 00:36:11.435, 0 %, 0 MiB, 81920 MiB
2026/04/16 00:36:16.436, 0 %, 62005 MiB, 81920 MiB
2026/04/16 00:36:16.436, 0 %, 0 MiB, 81920 MiB
2026/04/16 00:36:21.437, 0 %, 62005 MiB, 81920 MiB
2026/04/16 00:36:21.437, 0 %, 0 MiB, 81920 MiB
2026/04/16 00:36:26.437, 0 %, 62005 MiB, 81920 MiB
2026/04/16 00:36:26.438, 0 %, 0 MiB, 81920 MiB
2026/04/16 00:36:31.438, 0 %, 62005 MiB, 81920 MiB
2026/04/16 00:36:31.438, 0 %, 0 MiB, 81920 MiB
2026/04/16 00:36:36.439, 0 %, 62005 MiB, 81920 MiB
2026/04/16 00:36:36.439, 0 %, 0 MiB, 81920 MiB
2026/04/16 00:36:41.440, 0 %, 62005 MiB, 81920 MiB
2026/04/16 00:36:41.440, 0 %, 0 MiB, 81920 MiB
2026/04/16 00:36:46.440, 0 %, 62005 MiB, 81920 MiB
2026/04/16 00:36:46.441, 0 %, 0 MiB, 81920 MiB
2026/04/16 00:36:51.441, 0 %, 62005 MiB, 81920 MiB
2026/04/16 00:36:51.441, 0 %, 0 MiB, 81920 MiB
2026/04/16 00:36:56.442, 0 %, 62005 MiB, 81920 MiB
2026/04/16 00:36:56.442, 0 %, 0 MiB, 81920 MiB
2026/04/16 00:37:01.443, 0 %, 62005 MiB, 81920 MiB
2026/04/16 00:37:01.443, 0 %, 0 MiB, 81920 MiB
2026/04/16 00:37:06.443, 0 %, 62005 MiB, 81920 MiB
2026/04/16 00:37:06.444, 0 %, 0 MiB, 81920 MiB
2026/04/16 00:37:11.444, 0 %, 62005 MiB, 81920 MiB
2026/04/16 00:37:11.444, 0 %, 0 MiB, 81920 MiB
2026/04/16 00:37:16.445, 0 %, 62005 MiB, 81920 MiB
2026/04/16 00:37:16.445, 0 %, 0 MiB, 81920 MiB
2026/04/16 00:37:21.446, 0 %, 62005 MiB, 81920 MiB
2026/04/16 00:37:21.446, 0 %, 0 MiB, 81920 MiB
2026/04/16 00:37:26.446, 0 %, 62005 MiB, 81920 MiB
2026/04/16 00:37:26.446, 0 %, 0 MiB, 81920 MiB
2026/04/16 00:37:31.447, 0 %, 62005 MiB, 81920 MiB
2026/04/16 00:37:31.447, 0 %, 0 MiB, 81920 MiB
2026/04/16 00:37:36.448, 0 %, 62005 MiB, 81920 MiB
2026/04/16 00:37:36.448, 0 %, 0 MiB, 81920 MiB
2026/04/16 00:37:41.448, 0 %, 62005 MiB, 81920 MiB
2026/04/16 00:37:41.449, 0 %, 0 MiB, 81920 MiB
2026/04/16 00:37:46.449, 0 %, 62005 MiB, 81920 MiB
2026/04/16 00:37:46.449, 0 %, 0 MiB, 81920 MiB
2026/04/16 00:37:51.450, 0 %, 62005 MiB, 81920 MiB
2026/04/16 00:37:51.450, 0 %, 0 MiB, 81920 MiB
2026/04/16 00:37:56.451, 0 %, 62005 MiB, 81920 MiB
2026/04/16 00:37:56.451, 0 %, 0 MiB, 81920 MiB
2026/04/16 00:38:01.451, 0 %, 62005 MiB, 81920 MiB
2026/04/16 00:38:01.451, 0 %, 0 MiB, 81920 MiB
2026/04/16 00:38:06.452, 0 %, 62005 MiB, 81920 MiB
2026/04/16 00:38:06.452, 0 %, 0 MiB, 81920 MiB
2026/04/16 00:38:11.453, 0 %, 62005 MiB, 81920 MiB
2026/04/16 00:38:11.453, 0 %, 0 MiB, 81920 MiB
2026/04/16 00:38:16.454, 0 %, 62005 MiB, 81920 MiB
2026/04/16 00:38:16.454, 0 %, 0 MiB, 81920 MiB
2026/04/16 00:38:21.454, 0 %, 62005 MiB, 81920 MiB
2026/04/16 00:38:21.455, 0 %, 0 MiB, 81920 MiB
2026/04/16 00:38:26.455, 0 %, 62005 MiB, 81920 MiB
2026/04/16 00:38:26.455, 0 %, 0 MiB, 81920 MiB
2026/04/16 00:38:31.456, 0 %, 62005 MiB, 81920 MiB
2026/04/16 00:38:31.456, 0 %, 0 MiB, 81920 MiB
2026/04/16 00:38:36.457, 0 %, 62005 MiB, 81920 MiB
2026/04/16 00:38:36.457, 0 %, 0 MiB, 81920 MiB
2026/04/16 00:38:41.458, 0 %, 62005 MiB, 81920 MiB
2026/04/16 00:38:41.458, 0 %, 0 MiB, 81920 MiB
2026/04/16 00:38:46.458, 0 %, 62005 MiB, 81920 MiB
2026/04/16 00:38:46.458, 0 %, 0 MiB, 81920 MiB
2026/04/16 00:38:51.459, 0 %, 62005 MiB, 81920 MiB
2026/04/16 00:38:51.459, 0 %, 0 MiB, 81920 MiB
2026/04/16 00:38:56.460, 0 %, 62005 MiB, 81920 MiB
2026/04/16 00:38:56.460, 0 %, 0 MiB, 81920 MiB
2026/04/16 00:39:01.461, 0 %, 62005 MiB, 81920 MiB
2026/04/16 00:39:01.461, 0 %, 0 MiB, 81920 MiB
2026/04/16 00:39:06.461, 0 %, 62005 MiB, 81920 MiB
2026/04/16 00:39:06.462, 0 %, 0 MiB, 81920 MiB
2026/04/16 00:39:11.462, 0 %, 62005 MiB, 81920 MiB
2026/04/16 00:39:11.462, 0 %, 0 MiB, 81920 MiB
2026/04/16 00:39:16.463, 0 %, 62005 MiB, 81920 MiB
2026/04/16 00:39:16.463, 0 %, 0 MiB, 81920 MiB
2026/04/16 00:39:21.464, 0 %, 62005 MiB, 81920 MiB
2026/04/16 00:39:21.464, 0 %, 0 MiB, 81920 MiB
2026/04/16 00:39:26.464, 0 %, 62005 MiB, 81920 MiB
2026/04/16 00:39:26.465, 0 %, 0 MiB, 81920 MiB
2026/04/16 00:39:31.465, 0 %, 62005 MiB, 81920 MiB
2026/04/16 00:39:31.465, 0 %, 0 MiB, 81920 MiB
2026/04/16 00:39:36.466, 0 %, 62005 MiB, 81920 MiB
2026/04/16 00:39:36.466, 0 %, 0 MiB, 81920 MiB
2026/04/16 00:39:41.467, 0 %, 62005 MiB, 81920 MiB
2026/04/16 00:39:41.467, 0 %, 0 MiB, 81920 MiB
2026/04/16 00:39:46.468, 0 %, 62005 MiB, 81920 MiB
2026/04/16 00:39:46.468, 0 %, 0 MiB, 81920 MiB
2026/04/16 00:39:51.468, 0 %, 62005 MiB, 81920 MiB
2026/04/16 00:39:51.469, 0 %, 0 MiB, 81920 MiB
2026/04/16 00:39:56.469, 0 %, 62005 MiB, 81920 MiB
2026/04/16 00:39:56.469, 0 %, 0 MiB, 81920 MiB
2026/04/16 00:40:01.470, 0 %, 62005 MiB, 81920 MiB
2026/04/16 00:40:01.470, 0 %, 0 MiB, 81920 MiB
2026/04/16 00:40:06.471, 0 %, 62005 MiB, 81920 MiB
2026/04/16 00:40:06.471, 0 %, 0 MiB, 81920 MiB
2026/04/16 00:40:11.471, 0 %, 62005 MiB, 81920 MiB
2026/04/16 00:40:11.472, 0 %, 0 MiB, 81920 MiB
2026/04/16 00:40:16.472, 0 %, 62005 MiB, 81920 MiB
2026/04/16 00:40:16.472, 0 %, 0 MiB, 81920 MiB
2026/04/16 00:40:21.473, 0 %, 62005 MiB, 81920 MiB
2026/04/16 00:40:21.473, 0 %, 0 MiB, 81920 MiB
2026/04/16 00:40:26.474, 0 %, 62005 MiB, 81920 MiB
2026/04/16 00:40:26.474, 0 %, 0 MiB, 81920 MiB
2026/04/16 00:40:31.475, 0 %, 62005 MiB, 81920 MiB
2026/04/16 00:40:31.475, 0 %, 0 MiB, 81920 MiB
2026/04/16 00:40:36.475, 0 %, 62005 MiB, 81920 MiB
2026/04/16 00:40:36.475, 0 %, 0 MiB, 81920 MiB
2026/04/16 00:40:41.476, 0 %, 62005 MiB, 81920 MiB
2026/04/16 00:40:41.476, 0 %, 0 MiB, 81920 MiB
2026/04/16 00:40:46.477, 0 %, 62005 MiB, 81920 MiB
2026/04/16 00:40:46.477, 0 %, 0 MiB, 81920 MiB
2026/04/16 00:40:51.478, 0 %, 62005 MiB, 81920 MiB
2026/04/16 00:40:51.478, 0 %, 0 MiB, 81920 MiB
2026/04/16 00:40:56.478, 0 %, 62005 MiB, 81920 MiB
2026/04/16 00:40:56.478, 0 %, 0 MiB, 81920 MiB
2026/04/16 00:41:01.479, 0 %, 62005 MiB, 81920 MiB
2026/04/16 00:41:01.479, 0 %, 0 MiB, 81920 MiB
2026/04/16 00:41:06.480, 0 %, 62005 MiB, 81920 MiB
2026/04/16 00:41:06.480, 0 %, 0 MiB, 81920 MiB
2026/04/16 00:41:11.481, 0 %, 62005 MiB, 81920 MiB
2026/04/16 00:41:11.481, 0 %, 0 MiB, 81920 MiB
2026/04/16 00:41:16.481, 0 %, 62005 MiB, 81920 MiB
2026/04/16 00:41:16.481, 0 %, 0 MiB, 81920 MiB
2026/04/16 00:41:21.482, 0 %, 62005 MiB, 81920 MiB
2026/04/16 00:41:21.482, 0 %, 0 MiB, 81920 MiB
2026/04/16 00:41:26.483, 0 %, 62005 MiB, 81920 MiB
2026/04/16 00:41:26.483, 0 %, 0 MiB, 81920 MiB
2026/04/16 00:41:31.483, 0 %, 62005 MiB, 81920 MiB
2026/04/16 00:41:31.484, 0 %, 0 MiB, 81920 MiB
2026/04/16 00:41:36.484, 0 %, 62005 MiB, 81920 MiB
2026/04/16 00:41:36.484, 0 %, 0 MiB, 81920 MiB
2026/04/16 00:41:41.485, 0 %, 62005 MiB, 81920 MiB
2026/04/16 00:41:41.485, 0 %, 0 MiB, 81920 MiB
2026/04/16 00:41:46.486, 0 %, 62005 MiB, 81920 MiB
2026/04/16 00:41:46.486, 0 %, 0 MiB, 81920 MiB
2026/04/16 00:41:51.486, 0 %, 62005 MiB, 81920 MiB
2026/04/16 00:41:51.487, 0 %, 0 MiB, 81920 MiB
2026/04/16 00:41:56.487, 0 %, 62005 MiB, 81920 MiB
2026/04/16 00:41:56.487, 0 %, 0 MiB, 81920 MiB
2026/04/16 00:42:01.488, 0 %, 62005 MiB, 81920 MiB
2026/04/16 00:42:01.488, 0 %, 0 MiB, 81920 MiB
2026/04/16 00:42:06.489, 0 %, 62005 MiB, 81920 MiB
2026/04/16 00:42:06.489, 0 %, 0 MiB, 81920 MiB
2026/04/16 00:42:11.489, 0 %, 62005 MiB, 81920 MiB
2026/04/16 00:42:11.490, 0 %, 0 MiB, 81920 MiB
2026/04/16 00:42:16.490, 0 %, 62005 MiB, 81920 MiB
2026/04/16 00:42:16.490, 0 %, 0 MiB, 81920 MiB
2026/04/16 00:42:21.491, 0 %, 62005 MiB, 81920 MiB
2026/04/16 00:42:21.491, 0 %, 0 MiB, 81920 MiB
2026/04/16 00:42:26.492, 0 %, 62005 MiB, 81920 MiB
2026/04/16 00:42:26.492, 0 %, 0 MiB, 81920 MiB
2026/04/16 00:42:31.492, 0 %, 62005 MiB, 81920 MiB
2026/04/16 00:42:31.492, 0 %, 0 MiB, 81920 MiB
2026/04/16 00:42:36.493, 0 %, 62005 MiB, 81920 MiB
2026/04/16 00:42:36.493, 0 %, 0 MiB, 81920 MiB
2026/04/16 00:42:41.494, 0 %, 62005 MiB, 81920 MiB
2026/04/16 00:42:41.494, 0 %, 0 MiB, 81920 MiB
2026/04/16 00:42:46.494, 0 %, 62005 MiB, 81920 MiB
2026/04/16 00:42:46.495, 0 %, 0 MiB, 81920 MiB
2026/04/16 00:42:51.495, 0 %, 62005 MiB, 81920 MiB
2026/04/16 00:42:51.495, 0 %, 0 MiB, 81920 MiB
2026/04/16 00:42:56.496, 0 %, 62005 MiB, 81920 MiB
2026/04/16 00:42:56.496, 0 %, 0 MiB, 81920 MiB
2026/04/16 00:43:01.497, 0 %, 62005 MiB, 81920 MiB
2026/04/16 00:43:01.497, 0 %, 0 MiB, 81920 MiB
2026/04/16 00:43:06.497, 0 %, 62005 MiB, 81920 MiB
2026/04/16 00:43:06.497, 0 %, 0 MiB, 81920 MiB
2026/04/16 00:43:11.498, 0 %, 62005 MiB, 81920 MiB
2026/04/16 00:43:11.498, 0 %, 0 MiB, 81920 MiB
2026/04/16 00:43:16.499, 0 %, 62005 MiB, 81920 MiB
2026/04/16 00:43:16.499, 0 %, 0 MiB, 81920 MiB
2026/04/16 00:43:21.500, 0 %, 62005 MiB, 81920 MiB
2026/04/16 00:43:21.500, 0 %, 0 MiB, 81920 MiB
2026/04/16 00:43:26.500, 0 %, 62005 MiB, 81920 MiB
2026/04/16 00:43:26.500, 0 %, 0 MiB, 81920 MiB
2026/04/16 00:43:31.501, 0 %, 62005 MiB, 81920 MiB
2026/04/16 00:43:31.501, 0 %, 0 MiB, 81920 MiB
2026/04/16 00:43:36.502, 0 %, 62005 MiB, 81920 MiB
2026/04/16 00:43:36.502, 0 %, 0 MiB, 81920 MiB
2026/04/16 00:43:41.502, 0 %, 62005 MiB, 81920 MiB
2026/04/16 00:43:41.502, 0 %, 0 MiB, 81920 MiB
2026/04/16 00:43:46.504, 0 %, 62005 MiB, 81920 MiB
2026/04/16 00:43:46.504, 0 %, 0 MiB, 81920 MiB
2026/04/16 00:43:51.504, 0 %, 62005 MiB, 81920 MiB
2026/04/16 00:43:51.504, 0 %, 0 MiB, 81920 MiB
2026/04/16 00:43:56.505, 0 %, 62005 MiB, 81920 MiB
2026/04/16 00:43:56.505, 0 %, 0 MiB, 81920 MiB
2026/04/16 00:44:01.506, 0 %, 62005 MiB, 81920 MiB
2026/04/16 00:44:01.506, 0 %, 0 MiB, 81920 MiB
2026/04/16 00:44:06.507, 0 %, 62005 MiB, 81920 MiB
2026/04/16 00:44:06.507, 0 %, 0 MiB, 81920 MiB
2026/04/16 00:44:11.508, 0 %, 62005 MiB, 81920 MiB
2026/04/16 00:44:11.508, 0 %, 0 MiB, 81920 MiB
2026/04/16 00:44:16.508, 0 %, 62005 MiB, 81920 MiB
2026/04/16 00:44:16.509, 0 %, 0 MiB, 81920 MiB
2026/04/16 00:44:21.509, 0 %, 62005 MiB, 81920 MiB
2026/04/16 00:44:21.510, 0 %, 0 MiB, 81920 MiB
2026/04/16 00:44:26.510, 0 %, 62005 MiB, 81920 MiB
2026/04/16 00:44:26.510, 0 %, 0 MiB, 81920 MiB
2026/04/16 00:44:31.511, 0 %, 62005 MiB, 81920 MiB
2026/04/16 00:44:31.511, 0 %, 0 MiB, 81920 MiB
2026/04/16 00:44:36.512, 0 %, 62005 MiB, 81920 MiB
2026/04/16 00:44:36.512, 0 %, 0 MiB, 81920 MiB
2026/04/16 00:44:41.512, 0 %, 62005 MiB, 81920 MiB
2026/04/16 00:44:41.512, 0 %, 0 MiB, 81920 MiB
2026/04/16 00:44:46.513, 0 %, 62005 MiB, 81920 MiB
2026/04/16 00:44:46.513, 0 %, 0 MiB, 81920 MiB
2026/04/16 00:44:51.514, 0 %, 62005 MiB, 81920 MiB
2026/04/16 00:44:51.514, 0 %, 0 MiB, 81920 MiB
2026/04/16 00:44:56.517, 0 %, 62005 MiB, 81920 MiB
2026/04/16 00:44:56.517, 0 %, 0 MiB, 81920 MiB
2026/04/16 00:45:01.518, 0 %, 62005 MiB, 81920 MiB
2026/04/16 00:45:01.518, 0 %, 0 MiB, 81920 MiB
2026/04/16 00:45:06.519, 0 %, 62005 MiB, 81920 MiB
2026/04/16 00:45:06.519, 0 %, 0 MiB, 81920 MiB
2026/04/16 00:45:11.520, 0 %, 62005 MiB, 81920 MiB
2026/04/16 00:45:11.520, 0 %, 0 MiB, 81920 MiB
2026/04/16 00:45:16.524, 0 %, 62005 MiB, 81920 MiB
2026/04/16 00:45:16.525, 0 %, 0 MiB, 81920 MiB
2026/04/16 00:45:21.525, 0 %, 62005 MiB, 81920 MiB
2026/04/16 00:45:21.525, 0 %, 0 MiB, 81920 MiB
2026/04/16 00:45:26.526, 0 %, 62005 MiB, 81920 MiB
2026/04/16 00:45:26.526, 0 %, 0 MiB, 81920 MiB
2026/04/16 00:45:31.527, 0 %, 62005 MiB, 81920 MiB
2026/04/16 00:45:31.527, 0 %, 0 MiB, 81920 MiB
2026/04/16 00:45:36.528, 0 %, 62005 MiB, 81920 MiB
2026/04/16 00:45:36.528, 0 %, 0 MiB, 81920 MiB
2026/04/16 00:45:41.529, 0 %, 62005 MiB, 81920 MiB
2026/04/16 00:45:41.529, 0 %, 0 MiB, 81920 MiB
2026/04/16 00:45:46.530, 0 %, 62005 MiB, 81920 MiB
2026/04/16 00:45:46.530, 0 %, 0 MiB, 81920 MiB
2026/04/16 00:45:51.531, 0 %, 62005 MiB, 81920 MiB
2026/04/16 00:45:51.531, 0 %, 0 MiB, 81920 MiB
2026/04/16 00:45:56.531, 0 %, 62005 MiB, 81920 MiB
2026/04/16 00:45:56.532, 0 %, 0 MiB, 81920 MiB
2026/04/16 00:46:01.532, 0 %, 62005 MiB, 81920 MiB
2026/04/16 00:46:01.532, 0 %, 0 MiB, 81920 MiB
2026/04/16 00:46:06.533, 0 %, 62005 MiB, 81920 MiB
2026/04/16 00:46:06.533, 0 %, 0 MiB, 81920 MiB
2026/04/16 00:46:11.534, 0 %, 62005 MiB, 81920 MiB
2026/04/16 00:46:11.534, 0 %, 0 MiB, 81920 MiB
2026/04/16 00:46:16.535, 0 %, 62005 MiB, 81920 MiB
2026/04/16 00:46:16.535, 0 %, 0 MiB, 81920 MiB
2026/04/16 00:46:21.536, 0 %, 62005 MiB, 81920 MiB
2026/04/16 00:46:21.536, 0 %, 0 MiB, 81920 MiB
2026/04/16 00:46:26.537, 0 %, 62005 MiB, 81920 MiB
2026/04/16 00:46:26.537, 0 %, 0 MiB, 81920 MiB
2026/04/16 00:46:31.537, 0 %, 62005 MiB, 81920 MiB
2026/04/16 00:46:31.538, 0 %, 0 MiB, 81920 MiB
2026/04/16 00:46:36.538, 0 %, 62005 MiB, 81920 MiB
2026/04/16 00:46:36.538, 0 %, 0 MiB, 81920 MiB
2026/04/16 00:46:41.539, 0 %, 62005 MiB, 81920 MiB
2026/04/16 00:46:41.539, 0 %, 0 MiB, 81920 MiB
2026/04/16 00:46:46.541, 0 %, 62005 MiB, 81920 MiB
2026/04/16 00:46:46.541, 0 %, 0 MiB, 81920 MiB
2026/04/16 00:46:51.543, 0 %, 62005 MiB, 81920 MiB
2026/04/16 00:46:51.543, 0 %, 0 MiB, 81920 MiB
2026/04/16 00:46:56.544, 0 %, 62005 MiB, 81920 MiB
2026/04/16 00:46:56.544, 0 %, 0 MiB, 81920 MiB
2026/04/16 00:47:01.545, 0 %, 62005 MiB, 81920 MiB
2026/04/16 00:47:01.545, 0 %, 0 MiB, 81920 MiB
2026/04/16 00:47:06.546, 0 %, 62005 MiB, 81920 MiB
2026/04/16 00:47:06.546, 0 %, 0 MiB, 81920 MiB
2026/04/16 00:47:11.548, 0 %, 62005 MiB, 81920 MiB
2026/04/16 00:47:11.548, 0 %, 0 MiB, 81920 MiB
2026/04/16 00:47:16.548, 0 %, 62039 MiB, 81920 MiB
2026/04/16 00:47:16.549, 0 %, 0 MiB, 81920 MiB
2026/04/16 00:47:21.549, 0 %, 62039 MiB, 81920 MiB
2026/04/16 00:47:21.550, 0 %, 0 MiB, 81920 MiB
2026/04/16 00:47:26.550, 0 %, 62039 MiB, 81920 MiB
2026/04/16 00:47:26.551, 0 %, 0 MiB, 81920 MiB
2026/04/16 00:47:31.551, 0 %, 62039 MiB, 81920 MiB
2026/04/16 00:47:31.551, 0 %, 0 MiB, 81920 MiB
2026/04/16 00:47:36.552, 0 %, 62039 MiB, 81920 MiB
2026/04/16 00:47:36.552, 0 %, 0 MiB, 81920 MiB
2026/04/16 00:47:41.553, 0 %, 62039 MiB, 81920 MiB
2026/04/16 00:47:41.553, 0 %, 0 MiB, 81920 MiB
2026/04/16 00:47:46.554, 0 %, 62039 MiB, 81920 MiB
2026/04/16 00:47:46.554, 0 %, 0 MiB, 81920 MiB
2026/04/16 00:47:51.555, 0 %, 62039 MiB, 81920 MiB
2026/04/16 00:47:51.555, 0 %, 0 MiB, 81920 MiB
2026/04/16 00:47:56.556, 0 %, 62039 MiB, 81920 MiB
2026/04/16 00:47:56.556, 0 %, 0 MiB, 81920 MiB
2026/04/16 00:48:01.557, 0 %, 62039 MiB, 81920 MiB
2026/04/16 00:48:01.557, 0 %, 0 MiB, 81920 MiB
2026/04/16 00:48:06.558, 0 %, 62039 MiB, 81920 MiB
2026/04/16 00:48:06.558, 0 %, 0 MiB, 81920 MiB
2026/04/16 00:48:11.559, 0 %, 62039 MiB, 81920 MiB
2026/04/16 00:48:11.559, 0 %, 0 MiB, 81920 MiB
2026/04/16 00:48:16.560, 0 %, 62039 MiB, 81920 MiB
2026/04/16 00:48:16.560, 0 %, 0 MiB, 81920 MiB
2026/04/16 00:48:21.561, 0 %, 62039 MiB, 81920 MiB
2026/04/16 00:48:21.561, 0 %, 0 MiB, 81920 MiB
2026/04/16 00:48:26.562, 0 %, 62039 MiB, 81920 MiB
2026/04/16 00:48:26.562, 0 %, 0 MiB, 81920 MiB
2026/04/16 00:48:31.563, 0 %, 62039 MiB, 81920 MiB
2026/04/16 00:48:31.563, 0 %, 0 MiB, 81920 MiB
2026/04/16 00:48:36.564, 0 %, 62039 MiB, 81920 MiB
2026/04/16 00:48:36.564, 0 %, 0 MiB, 81920 MiB
2026/04/16 00:48:41.565, 0 %, 62039 MiB, 81920 MiB
2026/04/16 00:48:41.565, 0 %, 0 MiB, 81920 MiB
2026/04/16 00:48:46.566, 0 %, 62039 MiB, 81920 MiB
2026/04/16 00:48:46.566, 0 %, 0 MiB, 81920 MiB
2026/04/16 00:48:51.566, 0 %, 62039 MiB, 81920 MiB
2026/04/16 00:48:51.567, 0 %, 0 MiB, 81920 MiB
2026/04/16 00:48:56.567, 0 %, 62039 MiB, 81920 MiB
2026/04/16 00:48:56.568, 0 %, 0 MiB, 81920 MiB
2026/04/16 00:49:01.568, 0 %, 62039 MiB, 81920 MiB
2026/04/16 00:49:01.569, 0 %, 0 MiB, 81920 MiB
2026/04/16 00:49:06.569, 0 %, 62039 MiB, 81920 MiB
2026/04/16 00:49:06.569, 0 %, 0 MiB, 81920 MiB
2026/04/16 00:49:11.570, 0 %, 62039 MiB, 81920 MiB
2026/04/16 00:49:11.570, 0 %, 0 MiB, 81920 MiB
2026/04/16 00:49:16.571, 0 %, 62039 MiB, 81920 MiB
2026/04/16 00:49:16.571, 0 %, 0 MiB, 81920 MiB
2026/04/16 00:49:21.572, 0 %, 62039 MiB, 81920 MiB
2026/04/16 00:49:21.572, 0 %, 0 MiB, 81920 MiB
2026/04/16 00:49:26.573, 0 %, 62039 MiB, 81920 MiB
2026/04/16 00:49:26.573, 0 %, 0 MiB, 81920 MiB
2026/04/16 00:49:31.574, 0 %, 62039 MiB, 81920 MiB
2026/04/16 00:49:31.574, 0 %, 0 MiB, 81920 MiB
2026/04/16 00:49:36.575, 0 %, 62039 MiB, 81920 MiB
2026/04/16 00:49:36.575, 0 %, 0 MiB, 81920 MiB
2026/04/16 00:49:41.576, 0 %, 62039 MiB, 81920 MiB
2026/04/16 00:49:41.576, 0 %, 0 MiB, 81920 MiB
2026/04/16 00:49:46.576, 0 %, 62039 MiB, 81920 MiB
2026/04/16 00:49:46.576, 0 %, 0 MiB, 81920 MiB
2026/04/16 00:49:51.577, 0 %, 62039 MiB, 81920 MiB
2026/04/16 00:49:51.577, 0 %, 0 MiB, 81920 MiB
2026/04/16 00:49:56.578, 0 %, 62039 MiB, 81920 MiB
2026/04/16 00:49:56.578, 0 %, 0 MiB, 81920 MiB
2026/04/16 00:50:01.579, 0 %, 62039 MiB, 81920 MiB
2026/04/16 00:50:01.579, 0 %, 0 MiB, 81920 MiB
2026/04/16 00:50:06.579, 0 %, 62039 MiB, 81920 MiB
2026/04/16 00:50:06.579, 0 %, 0 MiB, 81920 MiB
2026/04/16 00:50:11.580, 0 %, 62039 MiB, 81920 MiB
2026/04/16 00:50:11.580, 0 %, 0 MiB, 81920 MiB
2026/04/16 00:50:16.581, 0 %, 62039 MiB, 81920 MiB
2026/04/16 00:50:16.581, 0 %, 0 MiB, 81920 MiB
2026/04/16 00:50:21.581, 0 %, 62039 MiB, 81920 MiB
2026/04/16 00:50:21.581, 0 %, 0 MiB, 81920 MiB
2026/04/16 00:50:26.582, 0 %, 62039 MiB, 81920 MiB
2026/04/16 00:50:26.582, 0 %, 0 MiB, 81920 MiB
2026/04/16 00:50:31.583, 0 %, 62039 MiB, 81920 MiB
2026/04/16 00:50:31.583, 0 %, 0 MiB, 81920 MiB
2026/04/16 00:50:36.584, 0 %, 62039 MiB, 81920 MiB
2026/04/16 00:50:36.584, 0 %, 0 MiB, 81920 MiB
2026/04/16 00:50:41.584, 0 %, 62039 MiB, 81920 MiB
2026/04/16 00:50:41.584, 0 %, 0 MiB, 81920 MiB
2026/04/16 00:50:46.585, 0 %, 62039 MiB, 81920 MiB
2026/04/16 00:50:46.585, 0 %, 0 MiB, 81920 MiB
2026/04/16 00:50:51.586, 0 %, 62039 MiB, 81920 MiB
2026/04/16 00:50:51.586, 0 %, 0 MiB, 81920 MiB
2026/04/16 00:50:56.586, 0 %, 62039 MiB, 81920 MiB
2026/04/16 00:50:56.587, 0 %, 0 MiB, 81920 MiB
2026/04/16 00:51:01.587, 0 %, 62039 MiB, 81920 MiB
2026/04/16 00:51:01.587, 0 %, 0 MiB, 81920 MiB
2026/04/16 00:51:06.588, 0 %, 62039 MiB, 81920 MiB
2026/04/16 00:51:06.588, 0 %, 0 MiB, 81920 MiB
2026/04/16 00:51:11.589, 0 %, 62039 MiB, 81920 MiB
2026/04/16 00:51:11.589, 0 %, 0 MiB, 81920 MiB
2026/04/16 00:51:16.589, 0 %, 62039 MiB, 81920 MiB
2026/04/16 00:51:16.589, 0 %, 0 MiB, 81920 MiB
2026/04/16 00:51:21.590, 0 %, 62039 MiB, 81920 MiB
2026/04/16 00:51:21.590, 0 %, 0 MiB, 81920 MiB
2026/04/16 00:51:26.591, 0 %, 62039 MiB, 81920 MiB
2026/04/16 00:51:26.591, 0 %, 0 MiB, 81920 MiB
2026/04/16 00:51:31.591, 0 %, 62039 MiB, 81920 MiB
2026/04/16 00:51:31.591, 0 %, 0 MiB, 81920 MiB
2026/04/16 00:51:36.592, 0 %, 62039 MiB, 81920 MiB
2026/04/16 00:51:36.592, 0 %, 0 MiB, 81920 MiB
2026/04/16 00:51:41.593, 0 %, 62039 MiB, 81920 MiB
2026/04/16 00:51:41.593, 0 %, 0 MiB, 81920 MiB
2026/04/16 00:51:46.593, 0 %, 62039 MiB, 81920 MiB
2026/04/16 00:51:46.593, 0 %, 0 MiB, 81920 MiB
2026/04/16 00:51:51.594, 0 %, 62039 MiB, 81920 MiB
2026/04/16 00:51:51.594, 0 %, 0 MiB, 81920 MiB
2026/04/16 00:51:56.595, 0 %, 62039 MiB, 81920 MiB
2026/04/16 00:51:56.595, 0 %, 0 MiB, 81920 MiB
2026/04/16 00:52:01.596, 0 %, 62039 MiB, 81920 MiB
2026/04/16 00:52:01.596, 0 %, 0 MiB, 81920 MiB
2026/04/16 00:52:06.596, 0 %, 62039 MiB, 81920 MiB
2026/04/16 00:52:06.596, 0 %, 0 MiB, 81920 MiB
2026/04/16 00:52:11.597, 0 %, 62039 MiB, 81920 MiB
2026/04/16 00:52:11.597, 0 %, 0 MiB, 81920 MiB
2026/04/16 00:52:16.598, 0 %, 62039 MiB, 81920 MiB
2026/04/16 00:52:16.598, 0 %, 0 MiB, 81920 MiB
2026/04/16 00:52:21.598, 0 %, 62039 MiB, 81920 MiB
2026/04/16 00:52:21.598, 0 %, 0 MiB, 81920 MiB
2026/04/16 00:52:26.599, 0 %, 62039 MiB, 81920 MiB
2026/04/16 00:52:26.599, 0 %, 0 MiB, 81920 MiB
2026/04/16 00:52:31.600, 0 %, 62039 MiB, 81920 MiB
2026/04/16 00:52:31.600, 0 %, 0 MiB, 81920 MiB
2026/04/16 00:52:36.600, 0 %, 62039 MiB, 81920 MiB
2026/04/16 00:52:36.600, 0 %, 0 MiB, 81920 MiB
2026/04/16 00:52:41.601, 0 %, 62039 MiB, 81920 MiB
2026/04/16 00:52:41.601, 0 %, 0 MiB, 81920 MiB
2026/04/16 00:52:46.602, 0 %, 62039 MiB, 81920 MiB
2026/04/16 00:52:46.602, 0 %, 0 MiB, 81920 MiB
2026/04/16 00:52:51.602, 0 %, 62039 MiB, 81920 MiB
2026/04/16 00:52:51.603, 0 %, 0 MiB, 81920 MiB
2026/04/16 00:52:56.603, 0 %, 62039 MiB, 81920 MiB
2026/04/16 00:52:56.603, 0 %, 0 MiB, 81920 MiB
2026/04/16 00:53:01.604, 0 %, 62039 MiB, 81920 MiB
2026/04/16 00:53:01.604, 0 %, 0 MiB, 81920 MiB
2026/04/16 00:53:06.604, 0 %, 62039 MiB, 81920 MiB
2026/04/16 00:53:06.605, 0 %, 0 MiB, 81920 MiB
2026/04/16 00:53:11.605, 0 %, 62039 MiB, 81920 MiB
2026/04/16 00:53:11.605, 0 %, 0 MiB, 81920 MiB
2026/04/16 00:53:16.606, 0 %, 62039 MiB, 81920 MiB
2026/04/16 00:53:16.606, 0 %, 0 MiB, 81920 MiB
2026/04/16 00:53:21.606, 0 %, 62039 MiB, 81920 MiB
2026/04/16 00:53:21.607, 0 %, 0 MiB, 81920 MiB
2026/04/16 00:53:26.607, 0 %, 62039 MiB, 81920 MiB
2026/04/16 00:53:26.607, 0 %, 0 MiB, 81920 MiB
2026/04/16 00:53:31.608, 0 %, 62039 MiB, 81920 MiB
2026/04/16 00:53:31.608, 0 %, 0 MiB, 81920 MiB
2026/04/16 00:53:36.608, 0 %, 62039 MiB, 81920 MiB
2026/04/16 00:53:36.609, 0 %, 0 MiB, 81920 MiB
2026/04/16 00:53:41.609, 0 %, 62039 MiB, 81920 MiB
2026/04/16 00:53:41.609, 0 %, 0 MiB, 81920 MiB
2026/04/16 00:53:46.610, 0 %, 62039 MiB, 81920 MiB
2026/04/16 00:53:46.610, 0 %, 0 MiB, 81920 MiB
2026/04/16 00:53:51.610, 0 %, 62039 MiB, 81920 MiB
2026/04/16 00:53:51.611, 0 %, 0 MiB, 81920 MiB
2026/04/16 00:53:56.611, 0 %, 62039 MiB, 81920 MiB
2026/04/16 00:53:56.611, 0 %, 0 MiB, 81920 MiB
2026/04/16 00:54:01.612, 0 %, 62039 MiB, 81920 MiB
2026/04/16 00:54:01.612, 0 %, 0 MiB, 81920 MiB
2026/04/16 00:54:06.613, 0 %, 62039 MiB, 81920 MiB
2026/04/16 00:54:06.613, 0 %, 0 MiB, 81920 MiB
2026/04/16 00:54:11.613, 0 %, 62039 MiB, 81920 MiB
2026/04/16 00:54:11.613, 0 %, 0 MiB, 81920 MiB
2026/04/16 00:54:16.614, 0 %, 62039 MiB, 81920 MiB
2026/04/16 00:54:16.614, 0 %, 0 MiB, 81920 MiB
2026/04/16 00:54:21.614, 0 %, 62039 MiB, 81920 MiB
2026/04/16 00:54:21.615, 0 %, 0 MiB, 81920 MiB
2026/04/16 00:54:26.615, 0 %, 62039 MiB, 81920 MiB
2026/04/16 00:54:26.615, 0 %, 0 MiB, 81920 MiB
2026/04/16 00:54:31.616, 0 %, 62039 MiB, 81920 MiB
2026/04/16 00:54:31.616, 0 %, 0 MiB, 81920 MiB
2026/04/16 00:54:36.617, 0 %, 62039 MiB, 81920 MiB
2026/04/16 00:54:36.617, 0 %, 0 MiB, 81920 MiB
2026/04/16 00:54:41.617, 0 %, 62039 MiB, 81920 MiB
2026/04/16 00:54:41.617, 0 %, 0 MiB, 81920 MiB
2026/04/16 00:54:46.618, 0 %, 62039 MiB, 81920 MiB
2026/04/16 00:54:46.618, 0 %, 0 MiB, 81920 MiB
2026/04/16 00:54:51.619, 0 %, 62039 MiB, 81920 MiB
2026/04/16 00:54:51.619, 0 %, 0 MiB, 81920 MiB
2026/04/16 00:54:56.619, 0 %, 62039 MiB, 81920 MiB
2026/04/16 00:54:56.619, 0 %, 0 MiB, 81920 MiB
2026/04/16 00:55:01.620, 0 %, 62039 MiB, 81920 MiB
2026/04/16 00:55:01.620, 0 %, 0 MiB, 81920 MiB
2026/04/16 00:55:06.621, 0 %, 62039 MiB, 81920 MiB
2026/04/16 00:55:06.621, 0 %, 0 MiB, 81920 MiB
2026/04/16 00:55:11.621, 0 %, 62039 MiB, 81920 MiB
2026/04/16 00:55:11.621, 0 %, 0 MiB, 81920 MiB
2026/04/16 00:55:16.622, 0 %, 62039 MiB, 81920 MiB
2026/04/16 00:55:16.622, 0 %, 0 MiB, 81920 MiB
2026/04/16 00:55:21.623, 0 %, 62039 MiB, 81920 MiB
2026/04/16 00:55:21.623, 0 %, 0 MiB, 81920 MiB
2026/04/16 00:55:26.623, 0 %, 62039 MiB, 81920 MiB
2026/04/16 00:55:26.623, 0 %, 0 MiB, 81920 MiB
2026/04/16 00:55:31.624, 0 %, 62039 MiB, 81920 MiB
2026/04/16 00:55:31.624, 0 %, 0 MiB, 81920 MiB
2026/04/16 00:55:36.625, 0 %, 62039 MiB, 81920 MiB
2026/04/16 00:55:36.625, 0 %, 0 MiB, 81920 MiB
2026/04/16 00:55:41.625, 0 %, 62039 MiB, 81920 MiB
2026/04/16 00:55:41.625, 0 %, 0 MiB, 81920 MiB
2026/04/16 00:55:46.626, 0 %, 62039 MiB, 81920 MiB
2026/04/16 00:55:46.626, 0 %, 0 MiB, 81920 MiB
2026/04/16 00:55:51.627, 0 %, 62039 MiB, 81920 MiB
2026/04/16 00:55:51.627, 0 %, 0 MiB, 81920 MiB
2026/04/16 00:55:56.627, 0 %, 62039 MiB, 81920 MiB
2026/04/16 00:55:56.627, 0 %, 0 MiB, 81920 MiB
2026/04/16 00:56:01.628, 0 %, 62039 MiB, 81920 MiB
2026/04/16 00:56:01.628, 0 %, 0 MiB, 81920 MiB
2026/04/16 00:56:06.629, 0 %, 62039 MiB, 81920 MiB
2026/04/16 00:56:06.629, 0 %, 0 MiB, 81920 MiB
2026/04/16 00:56:11.629, 0 %, 62039 MiB, 81920 MiB
2026/04/16 00:56:11.629, 0 %, 0 MiB, 81920 MiB
2026/04/16 00:56:16.630, 0 %, 62039 MiB, 81920 MiB
2026/04/16 00:56:16.630, 0 %, 0 MiB, 81920 MiB
2026/04/16 00:56:21.631, 0 %, 62039 MiB, 81920 MiB
2026/04/16 00:56:21.631, 0 %, 0 MiB, 81920 MiB
2026/04/16 00:56:26.631, 0 %, 62039 MiB, 81920 MiB
2026/04/16 00:56:26.631, 0 %, 0 MiB, 81920 MiB
2026/04/16 00:56:31.632, 0 %, 62039 MiB, 81920 MiB
2026/04/16 00:56:31.632, 0 %, 0 MiB, 81920 MiB
2026/04/16 00:56:36.633, 0 %, 62039 MiB, 81920 MiB
2026/04/16 00:56:36.633, 0 %, 0 MiB, 81920 MiB
2026/04/16 00:56:41.634, 0 %, 62039 MiB, 81920 MiB
2026/04/16 00:56:41.634, 0 %, 0 MiB, 81920 MiB
2026/04/16 00:56:46.634, 0 %, 62039 MiB, 81920 MiB
2026/04/16 00:56:46.634, 0 %, 0 MiB, 81920 MiB
2026/04/16 00:56:51.635, 0 %, 62039 MiB, 81920 MiB
2026/04/16 00:56:51.635, 0 %, 0 MiB, 81920 MiB
2026/04/16 00:56:56.636, 0 %, 62039 MiB, 81920 MiB
2026/04/16 00:56:56.636, 0 %, 0 MiB, 81920 MiB
2026/04/16 00:57:01.636, 0 %, 62039 MiB, 81920 MiB
2026/04/16 00:57:01.637, 0 %, 0 MiB, 81920 MiB
2026/04/16 00:57:06.637, 0 %, 62039 MiB, 81920 MiB
2026/04/16 00:57:06.637, 0 %, 0 MiB, 81920 MiB
2026/04/16 00:57:11.638, 0 %, 62039 MiB, 81920 MiB
2026/04/16 00:57:11.638, 0 %, 0 MiB, 81920 MiB
2026/04/16 00:57:16.639, 0 %, 62039 MiB, 81920 MiB
2026/04/16 00:57:16.639, 0 %, 0 MiB, 81920 MiB
2026/04/16 00:57:21.639, 0 %, 62039 MiB, 81920 MiB
2026/04/16 00:57:21.639, 0 %, 0 MiB, 81920 MiB
2026/04/16 00:57:26.640, 0 %, 62039 MiB, 81920 MiB
2026/04/16 00:57:26.640, 0 %, 0 MiB, 81920 MiB
2026/04/16 00:57:31.641, 0 %, 62039 MiB, 81920 MiB
2026/04/16 00:57:31.641, 0 %, 0 MiB, 81920 MiB
2026/04/16 00:57:36.641, 0 %, 62039 MiB, 81920 MiB
2026/04/16 00:57:36.642, 0 %, 0 MiB, 81920 MiB
2026/04/16 00:57:41.642, 0 %, 62039 MiB, 81920 MiB
2026/04/16 00:57:41.642, 0 %, 0 MiB, 81920 MiB
2026/04/16 00:57:46.643, 0 %, 62039 MiB, 81920 MiB
2026/04/16 00:57:46.643, 0 %, 0 MiB, 81920 MiB
2026/04/16 00:57:51.644, 0 %, 62039 MiB, 81920 MiB
2026/04/16 00:57:51.644, 0 %, 0 MiB, 81920 MiB
2026/04/16 00:57:56.645, 0 %, 62039 MiB, 81920 MiB
2026/04/16 00:57:56.645, 0 %, 0 MiB, 81920 MiB
2026/04/16 00:58:01.645, 0 %, 62039 MiB, 81920 MiB
2026/04/16 00:58:01.645, 0 %, 0 MiB, 81920 MiB
2026/04/16 00:58:06.646, 0 %, 62039 MiB, 81920 MiB
2026/04/16 00:58:06.646, 0 %, 0 MiB, 81920 MiB
2026/04/16 00:58:11.647, 0 %, 62039 MiB, 81920 MiB
2026/04/16 00:58:11.647, 0 %, 0 MiB, 81920 MiB
2026/04/16 00:58:16.648, 0 %, 62039 MiB, 81920 MiB
2026/04/16 00:58:16.648, 0 %, 0 MiB, 81920 MiB
2026/04/16 00:58:21.649, 0 %, 62039 MiB, 81920 MiB
2026/04/16 00:58:21.649, 0 %, 0 MiB, 81920 MiB
2026/04/16 00:58:26.650, 0 %, 62039 MiB, 81920 MiB
2026/04/16 00:58:26.650, 0 %, 0 MiB, 81920 MiB
2026/04/16 00:58:31.650, 0 %, 62039 MiB, 81920 MiB
2026/04/16 00:58:31.650, 0 %, 0 MiB, 81920 MiB
2026/04/16 00:58:36.651, 0 %, 62039 MiB, 81920 MiB
2026/04/16 00:58:36.651, 0 %, 0 MiB, 81920 MiB
2026/04/16 00:58:41.652, 0 %, 62039 MiB, 81920 MiB
2026/04/16 00:58:41.652, 0 %, 0 MiB, 81920 MiB
2026/04/16 00:58:46.653, 0 %, 62039 MiB, 81920 MiB
2026/04/16 00:58:46.653, 0 %, 0 MiB, 81920 MiB
2026/04/16 00:58:51.654, 0 %, 62039 MiB, 81920 MiB
2026/04/16 00:58:51.654, 0 %, 0 MiB, 81920 MiB
2026/04/16 00:58:56.659, 0 %, 62039 MiB, 81920 MiB
2026/04/16 00:58:56.659, 0 %, 0 MiB, 81920 MiB
2026/04/16 00:59:01.659, 0 %, 62039 MiB, 81920 MiB
2026/04/16 00:59:01.659, 0 %, 0 MiB, 81920 MiB
2026/04/16 00:59:06.736, 0 %, 62039 MiB, 81920 MiB
2026/04/16 00:59:06.736, 0 %, 0 MiB, 81920 MiB
2026/04/16 00:59:11.737, 0 %, 62039 MiB, 81920 MiB
2026/04/16 00:59:11.737, 0 %, 0 MiB, 81920 MiB
2026/04/16 00:59:16.738, 0 %, 62039 MiB, 81920 MiB
2026/04/16 00:59:16.738, 0 %, 0 MiB, 81920 MiB
2026/04/16 00:59:21.739, 0 %, 62039 MiB, 81920 MiB
2026/04/16 00:59:21.739, 0 %, 0 MiB, 81920 MiB
2026/04/16 00:59:26.740, 0 %, 62039 MiB, 81920 MiB
2026/04/16 00:59:26.740, 0 %, 0 MiB, 81920 MiB
2026/04/16 00:59:31.740, 0 %, 62039 MiB, 81920 MiB
2026/04/16 00:59:31.741, 0 %, 0 MiB, 81920 MiB
2026/04/16 00:59:36.741, 0 %, 62039 MiB, 81920 MiB
2026/04/16 00:59:36.742, 0 %, 0 MiB, 81920 MiB
2026/04/16 00:59:41.742, 0 %, 62039 MiB, 81920 MiB
2026/04/16 00:59:41.742, 0 %, 0 MiB, 81920 MiB
2026/04/16 00:59:46.743, 0 %, 62039 MiB, 81920 MiB
2026/04/16 00:59:46.743, 0 %, 0 MiB, 81920 MiB
2026/04/16 00:59:51.744, 0 %, 62039 MiB, 81920 MiB
2026/04/16 00:59:51.744, 0 %, 0 MiB, 81920 MiB
2026/04/16 00:59:56.745, 0 %, 62039 MiB, 81920 MiB
2026/04/16 00:59:56.745, 0 %, 0 MiB, 81920 MiB
2026/04/16 01:00:01.746, 0 %, 62039 MiB, 81920 MiB
2026/04/16 01:00:01.746, 0 %, 0 MiB, 81920 MiB
2026/04/16 01:00:06.746, 0 %, 62039 MiB, 81920 MiB
2026/04/16 01:00:06.747, 0 %, 0 MiB, 81920 MiB
2026/04/16 01:00:11.747, 0 %, 62039 MiB, 81920 MiB
2026/04/16 01:00:11.748, 0 %, 0 MiB, 81920 MiB
2026/04/16 01:00:16.748, 0 %, 62039 MiB, 81920 MiB
2026/04/16 01:00:16.748, 0 %, 0 MiB, 81920 MiB
2026/04/16 01:00:21.749, 0 %, 62039 MiB, 81920 MiB
2026/04/16 01:00:21.749, 0 %, 0 MiB, 81920 MiB
2026/04/16 01:00:26.750, 0 %, 62039 MiB, 81920 MiB
2026/04/16 01:00:26.750, 0 %, 0 MiB, 81920 MiB
2026/04/16 01:00:31.751, 0 %, 62039 MiB, 81920 MiB
2026/04/16 01:00:31.751, 0 %, 0 MiB, 81920 MiB
2026/04/16 01:00:36.752, 0 %, 62039 MiB, 81920 MiB
2026/04/16 01:00:36.752, 0 %, 0 MiB, 81920 MiB
2026/04/16 01:00:41.753, 0 %, 62039 MiB, 81920 MiB
2026/04/16 01:00:41.753, 0 %, 0 MiB, 81920 MiB
2026/04/16 01:00:46.753, 0 %, 62039 MiB, 81920 MiB
2026/04/16 01:00:46.754, 0 %, 0 MiB, 81920 MiB
2026/04/16 01:00:51.754, 0 %, 62039 MiB, 81920 MiB
2026/04/16 01:00:51.754, 0 %, 0 MiB, 81920 MiB
2026/04/16 01:00:56.755, 0 %, 62039 MiB, 81920 MiB
2026/04/16 01:00:56.755, 0 %, 0 MiB, 81920 MiB
2026/04/16 01:01:01.756, 0 %, 62039 MiB, 81920 MiB
2026/04/16 01:01:01.756, 0 %, 0 MiB, 81920 MiB
2026/04/16 01:01:06.757, 0 %, 62039 MiB, 81920 MiB
2026/04/16 01:01:06.757, 0 %, 0 MiB, 81920 MiB
2026/04/16 01:01:11.758, 0 %, 62039 MiB, 81920 MiB
2026/04/16 01:01:11.758, 0 %, 0 MiB, 81920 MiB
2026/04/16 01:01:16.759, 0 %, 62039 MiB, 81920 MiB
2026/04/16 01:01:16.759, 0 %, 0 MiB, 81920 MiB
2026/04/16 01:01:21.759, 0 %, 62039 MiB, 81920 MiB
2026/04/16 01:01:21.759, 0 %, 0 MiB, 81920 MiB
2026/04/16 01:01:26.760, 0 %, 62039 MiB, 81920 MiB
2026/04/16 01:01:26.761, 0 %, 0 MiB, 81920 MiB
2026/04/16 01:01:31.761, 0 %, 62039 MiB, 81920 MiB
2026/04/16 01:01:31.762, 0 %, 0 MiB, 81920 MiB
2026/04/16 01:01:36.762, 0 %, 62039 MiB, 81920 MiB
2026/04/16 01:01:36.762, 0 %, 0 MiB, 81920 MiB
2026/04/16 01:01:41.763, 0 %, 62039 MiB, 81920 MiB
2026/04/16 01:01:41.763, 0 %, 0 MiB, 81920 MiB
2026/04/16 01:01:46.764, 0 %, 62039 MiB, 81920 MiB
2026/04/16 01:01:46.765, 0 %, 0 MiB, 81920 MiB
2026/04/16 01:01:51.765, 0 %, 62039 MiB, 81920 MiB
2026/04/16 01:01:51.765, 0 %, 0 MiB, 81920 MiB
2026/04/16 01:01:56.766, 0 %, 62039 MiB, 81920 MiB
2026/04/16 01:01:56.766, 0 %, 0 MiB, 81920 MiB
2026/04/16 01:02:01.776, 0 %, 62039 MiB, 81920 MiB
2026/04/16 01:02:01.777, 0 %, 0 MiB, 81920 MiB
2026/04/16 01:02:06.777, 0 %, 62039 MiB, 81920 MiB
2026/04/16 01:02:06.778, 0 %, 0 MiB, 81920 MiB
2026/04/16 01:02:11.778, 0 %, 62039 MiB, 81920 MiB
2026/04/16 01:02:11.779, 0 %, 0 MiB, 81920 MiB
2026/04/16 01:02:16.779, 0 %, 62039 MiB, 81920 MiB
2026/04/16 01:02:16.779, 0 %, 0 MiB, 81920 MiB
2026/04/16 01:02:21.780, 0 %, 62073 MiB, 81920 MiB
2026/04/16 01:02:21.780, 0 %, 0 MiB, 81920 MiB
2026/04/16 01:02:26.781, 7 %, 62107 MiB, 81920 MiB
2026/04/16 01:02:26.781, 0 %, 0 MiB, 81920 MiB
2026/04/16 01:02:31.782, 3 %, 62107 MiB, 81920 MiB
2026/04/16 01:02:31.782, 0 %, 0 MiB, 81920 MiB
2026/04/16 01:02:36.783, 17 %, 62107 MiB, 81920 MiB
2026/04/16 01:02:36.783, 0 %, 0 MiB, 81920 MiB
2026/04/16 01:02:41.784, 0 %, 62073 MiB, 81920 MiB
2026/04/16 01:02:41.784, 0 %, 0 MiB, 81920 MiB
2026/04/16 01:02:46.785, 0 %, 62073 MiB, 81920 MiB
2026/04/16 01:02:46.785, 0 %, 0 MiB, 81920 MiB
2026/04/16 01:02:51.786, 0 %, 62073 MiB, 81920 MiB
2026/04/16 01:02:51.786, 0 %, 0 MiB, 81920 MiB
2026/04/16 01:02:56.786, 0 %, 62073 MiB, 81920 MiB
2026/04/16 01:02:56.787, 0 %, 0 MiB, 81920 MiB
2026/04/16 01:03:01.787, 0 %, 62073 MiB, 81920 MiB
2026/04/16 01:03:01.787, 0 %, 0 MiB, 81920 MiB
2026/04/16 01:03:06.788, 0 %, 62073 MiB, 81920 MiB
2026/04/16 01:03:06.788, 0 %, 0 MiB, 81920 MiB
2026/04/16 01:03:11.789, 0 %, 62073 MiB, 81920 MiB
2026/04/16 01:03:11.789, 0 %, 0 MiB, 81920 MiB
2026/04/16 01:03:16.790, 0 %, 62073 MiB, 81920 MiB
2026/04/16 01:03:16.790, 0 %, 0 MiB, 81920 MiB
2026/04/16 01:03:21.791, 0 %, 62073 MiB, 81920 MiB
2026/04/16 01:03:21.791, 0 %, 0 MiB, 81920 MiB
2026/04/16 01:03:26.792, 0 %, 62073 MiB, 81920 MiB
2026/04/16 01:03:26.792, 0 %, 0 MiB, 81920 MiB
2026/04/16 01:03:31.793, 0 %, 62073 MiB, 81920 MiB
2026/04/16 01:03:31.793, 0 %, 0 MiB, 81920 MiB
2026/04/16 01:03:36.794, 0 %, 62073 MiB, 81920 MiB
2026/04/16 01:03:36.794, 0 %, 0 MiB, 81920 MiB
2026/04/16 01:03:41.794, 0 %, 62073 MiB, 81920 MiB
2026/04/16 01:03:41.795, 0 %, 0 MiB, 81920 MiB
2026/04/16 01:03:46.795, 0 %, 62073 MiB, 81920 MiB
2026/04/16 01:03:46.795, 0 %, 0 MiB, 81920 MiB
2026/04/16 01:03:51.796, 0 %, 62073 MiB, 81920 MiB
2026/04/16 01:03:51.796, 0 %, 0 MiB, 81920 MiB
2026/04/16 01:03:56.797, 0 %, 62073 MiB, 81920 MiB
2026/04/16 01:03:56.797, 0 %, 0 MiB, 81920 MiB
2026/04/16 01:04:01.798, 0 %, 62073 MiB, 81920 MiB
2026/04/16 01:04:01.798, 0 %, 0 MiB, 81920 MiB
2026/04/16 01:04:06.799, 0 %, 62073 MiB, 81920 MiB
2026/04/16 01:04:06.799, 0 %, 0 MiB, 81920 MiB
2026/04/16 01:04:11.800, 0 %, 62073 MiB, 81920 MiB
2026/04/16 01:04:11.800, 0 %, 0 MiB, 81920 MiB
2026/04/16 01:04:16.801, 0 %, 62073 MiB, 81920 MiB
2026/04/16 01:04:16.801, 0 %, 0 MiB, 81920 MiB
2026/04/16 01:04:21.802, 0 %, 62073 MiB, 81920 MiB
2026/04/16 01:04:21.802, 0 %, 0 MiB, 81920 MiB
2026/04/16 01:04:26.803, 0 %, 62073 MiB, 81920 MiB
2026/04/16 01:04:26.803, 0 %, 0 MiB, 81920 MiB
2026/04/16 01:04:31.803, 0 %, 62073 MiB, 81920 MiB
2026/04/16 01:04:31.804, 0 %, 0 MiB, 81920 MiB
2026/04/16 01:04:36.804, 0 %, 62073 MiB, 81920 MiB
2026/04/16 01:04:36.805, 0 %, 0 MiB, 81920 MiB
2026/04/16 01:04:41.805, 0 %, 62073 MiB, 81920 MiB
2026/04/16 01:04:41.805, 0 %, 0 MiB, 81920 MiB
2026/04/16 01:04:46.806, 0 %, 62073 MiB, 81920 MiB
2026/04/16 01:04:46.806, 0 %, 0 MiB, 81920 MiB
2026/04/16 01:04:51.807, 0 %, 62073 MiB, 81920 MiB
2026/04/16 01:04:51.807, 0 %, 0 MiB, 81920 MiB
2026/04/16 01:04:56.808, 0 %, 62073 MiB, 81920 MiB
2026/04/16 01:04:56.808, 0 %, 0 MiB, 81920 MiB
2026/04/16 01:05:01.809, 0 %, 62073 MiB, 81920 MiB
2026/04/16 01:05:01.809, 0 %, 0 MiB, 81920 MiB
2026/04/16 01:05:06.810, 0 %, 62073 MiB, 81920 MiB
2026/04/16 01:05:06.810, 0 %, 0 MiB, 81920 MiB
2026/04/16 01:05:11.811, 0 %, 62073 MiB, 81920 MiB
2026/04/16 01:05:11.811, 0 %, 0 MiB, 81920 MiB
2026/04/16 01:05:16.812, 0 %, 62073 MiB, 81920 MiB
2026/04/16 01:05:16.812, 0 %, 0 MiB, 81920 MiB
2026/04/16 01:05:21.813, 0 %, 62073 MiB, 81920 MiB
2026/04/16 01:05:21.813, 0 %, 0 MiB, 81920 MiB
2026/04/16 01:05:26.814, 0 %, 62073 MiB, 81920 MiB
2026/04/16 01:05:26.814, 0 %, 0 MiB, 81920 MiB
2026/04/16 01:05:31.814, 0 %, 62073 MiB, 81920 MiB
2026/04/16 01:05:31.815, 0 %, 0 MiB, 81920 MiB
2026/04/16 01:05:36.815, 0 %, 62073 MiB, 81920 MiB
2026/04/16 01:05:36.815, 0 %, 0 MiB, 81920 MiB
2026/04/16 01:05:41.816, 0 %, 62073 MiB, 81920 MiB
2026/04/16 01:05:41.816, 0 %, 0 MiB, 81920 MiB
2026/04/16 01:05:46.817, 0 %, 62073 MiB, 81920 MiB
2026/04/16 01:05:46.817, 0 %, 0 MiB, 81920 MiB
2026/04/16 01:05:51.818, 0 %, 62073 MiB, 81920 MiB
2026/04/16 01:05:51.818, 0 %, 0 MiB, 81920 MiB
2026/04/16 01:05:56.819, 0 %, 62073 MiB, 81920 MiB
2026/04/16 01:05:56.819, 0 %, 0 MiB, 81920 MiB
2026/04/16 01:06:01.820, 0 %, 62073 MiB, 81920 MiB
2026/04/16 01:06:01.820, 0 %, 0 MiB, 81920 MiB
2026/04/16 01:06:06.821, 0 %, 62073 MiB, 81920 MiB
2026/04/16 01:06:06.821, 0 %, 0 MiB, 81920 MiB
2026/04/16 01:06:11.822, 0 %, 62073 MiB, 81920 MiB
2026/04/16 01:06:11.822, 0 %, 0 MiB, 81920 MiB
2026/04/16 01:06:16.823, 0 %, 62073 MiB, 81920 MiB
2026/04/16 01:06:16.823, 0 %, 0 MiB, 81920 MiB
2026/04/16 01:06:21.824, 0 %, 62073 MiB, 81920 MiB
2026/04/16 01:06:21.824, 0 %, 0 MiB, 81920 MiB
2026/04/16 01:06:26.824, 0 %, 62073 MiB, 81920 MiB
2026/04/16 01:06:26.825, 0 %, 0 MiB, 81920 MiB
2026/04/16 01:06:31.825, 0 %, 62073 MiB, 81920 MiB
2026/04/16 01:06:31.826, 0 %, 0 MiB, 81920 MiB
2026/04/16 01:06:36.826, 0 %, 62073 MiB, 81920 MiB
2026/04/16 01:06:36.826, 0 %, 0 MiB, 81920 MiB
2026/04/16 01:06:41.827, 0 %, 62073 MiB, 81920 MiB
2026/04/16 01:06:41.827, 0 %, 0 MiB, 81920 MiB
2026/04/16 01:06:46.828, 0 %, 62073 MiB, 81920 MiB
2026/04/16 01:06:46.828, 0 %, 0 MiB, 81920 MiB
2026/04/16 01:06:51.829, 0 %, 62073 MiB, 81920 MiB
2026/04/16 01:06:51.829, 0 %, 0 MiB, 81920 MiB
2026/04/16 01:06:56.830, 0 %, 62073 MiB, 81920 MiB
2026/04/16 01:06:56.830, 0 %, 0 MiB, 81920 MiB
2026/04/16 01:07:01.831, 0 %, 62073 MiB, 81920 MiB
2026/04/16 01:07:01.831, 0 %, 0 MiB, 81920 MiB
2026/04/16 01:07:06.832, 0 %, 62073 MiB, 81920 MiB
2026/04/16 01:07:06.832, 0 %, 0 MiB, 81920 MiB
2026/04/16 01:07:11.833, 0 %, 62073 MiB, 81920 MiB
2026/04/16 01:07:11.833, 0 %, 0 MiB, 81920 MiB
2026/04/16 01:07:16.833, 0 %, 62073 MiB, 81920 MiB
2026/04/16 01:07:16.834, 0 %, 0 MiB, 81920 MiB
2026/04/16 01:07:21.834, 0 %, 62073 MiB, 81920 MiB
2026/04/16 01:07:21.835, 0 %, 0 MiB, 81920 MiB
2026/04/16 01:07:26.835, 0 %, 62073 MiB, 81920 MiB
2026/04/16 01:07:26.836, 0 %, 0 MiB, 81920 MiB
2026/04/16 01:07:31.836, 0 %, 62073 MiB, 81920 MiB
2026/04/16 01:07:31.836, 0 %, 0 MiB, 81920 MiB
2026/04/16 01:07:36.837, 0 %, 62073 MiB, 81920 MiB
2026/04/16 01:07:36.837, 0 %, 0 MiB, 81920 MiB
2026/04/16 01:07:41.838, 0 %, 62073 MiB, 81920 MiB
2026/04/16 01:07:41.838, 0 %, 0 MiB, 81920 MiB
2026/04/16 01:07:46.839, 0 %, 62073 MiB, 81920 MiB
2026/04/16 01:07:46.839, 0 %, 0 MiB, 81920 MiB
2026/04/16 01:07:51.840, 0 %, 62073 MiB, 81920 MiB
2026/04/16 01:07:51.840, 0 %, 0 MiB, 81920 MiB
2026/04/16 01:07:56.841, 0 %, 62073 MiB, 81920 MiB
2026/04/16 01:07:56.841, 0 %, 0 MiB, 81920 MiB
2026/04/16 01:08:01.842, 0 %, 62073 MiB, 81920 MiB
2026/04/16 01:08:01.842, 0 %, 0 MiB, 81920 MiB
2026/04/16 01:08:06.843, 0 %, 62073 MiB, 81920 MiB
2026/04/16 01:08:06.843, 0 %, 0 MiB, 81920 MiB
2026/04/16 01:08:11.844, 0 %, 62073 MiB, 81920 MiB
2026/04/16 01:08:11.844, 0 %, 0 MiB, 81920 MiB
2026/04/16 01:08:16.845, 0 %, 62073 MiB, 81920 MiB
2026/04/16 01:08:16.845, 0 %, 0 MiB, 81920 MiB
2026/04/16 01:08:21.846, 0 %, 62073 MiB, 81920 MiB
2026/04/16 01:08:21.846, 0 %, 0 MiB, 81920 MiB
2026/04/16 01:08:26.847, 0 %, 62073 MiB, 81920 MiB
2026/04/16 01:08:26.847, 0 %, 0 MiB, 81920 MiB
2026/04/16 01:08:31.848, 0 %, 62073 MiB, 81920 MiB
2026/04/16 01:08:31.848, 0 %, 0 MiB, 81920 MiB
2026/04/16 01:08:36.849, 0 %, 62073 MiB, 81920 MiB
2026/04/16 01:08:36.849, 0 %, 0 MiB, 81920 MiB
2026/04/16 01:08:41.850, 0 %, 62073 MiB, 81920 MiB
2026/04/16 01:08:41.850, 0 %, 0 MiB, 81920 MiB
2026/04/16 01:08:46.851, 0 %, 62073 MiB, 81920 MiB
2026/04/16 01:08:46.851, 0 %, 0 MiB, 81920 MiB
2026/04/16 01:08:51.852, 0 %, 62073 MiB, 81920 MiB
2026/04/16 01:08:51.852, 0 %, 0 MiB, 81920 MiB
2026/04/16 01:08:56.853, 0 %, 62073 MiB, 81920 MiB
2026/04/16 01:08:56.853, 0 %, 0 MiB, 81920 MiB
2026/04/16 01:09:01.854, 0 %, 62073 MiB, 81920 MiB
2026/04/16 01:09:01.854, 0 %, 0 MiB, 81920 MiB
2026/04/16 01:09:06.855, 0 %, 62073 MiB, 81920 MiB
2026/04/16 01:09:06.855, 0 %, 0 MiB, 81920 MiB
2026/04/16 01:09:11.855, 0 %, 62073 MiB, 81920 MiB
2026/04/16 01:09:11.856, 0 %, 0 MiB, 81920 MiB
2026/04/16 01:09:16.856, 0 %, 62073 MiB, 81920 MiB
2026/04/16 01:09:16.857, 0 %, 0 MiB, 81920 MiB
2026/04/16 01:09:21.857, 0 %, 62073 MiB, 81920 MiB
2026/04/16 01:09:21.857, 0 %, 0 MiB, 81920 MiB
2026/04/16 01:09:26.858, 0 %, 62073 MiB, 81920 MiB
2026/04/16 01:09:26.858, 0 %, 0 MiB, 81920 MiB
2026/04/16 01:09:31.859, 0 %, 62073 MiB, 81920 MiB
2026/04/16 01:09:31.859, 0 %, 0 MiB, 81920 MiB
2026/04/16 01:09:36.860, 0 %, 62073 MiB, 81920 MiB
2026/04/16 01:09:36.860, 0 %, 0 MiB, 81920 MiB
2026/04/16 01:09:41.861, 0 %, 62073 MiB, 81920 MiB
2026/04/16 01:09:41.861, 0 %, 0 MiB, 81920 MiB
2026/04/16 01:09:46.862, 0 %, 62073 MiB, 81920 MiB
2026/04/16 01:09:46.862, 0 %, 0 MiB, 81920 MiB
2026/04/16 01:09:51.863, 0 %, 62073 MiB, 81920 MiB
2026/04/16 01:09:51.863, 0 %, 0 MiB, 81920 MiB
2026/04/16 01:09:56.864, 0 %, 62073 MiB, 81920 MiB
2026/04/16 01:09:56.864, 0 %, 0 MiB, 81920 MiB
2026/04/16 01:10:01.864, 0 %, 62073 MiB, 81920 MiB
2026/04/16 01:10:01.865, 0 %, 0 MiB, 81920 MiB
2026/04/16 01:10:06.865, 0 %, 62073 MiB, 81920 MiB
2026/04/16 01:10:06.865, 0 %, 0 MiB, 81920 MiB
2026/04/16 01:10:11.866, 0 %, 62073 MiB, 81920 MiB
2026/04/16 01:10:11.866, 0 %, 0 MiB, 81920 MiB
2026/04/16 01:10:16.867, 0 %, 62073 MiB, 81920 MiB
2026/04/16 01:10:16.867, 0 %, 0 MiB, 81920 MiB
2026/04/16 01:10:21.868, 0 %, 62073 MiB, 81920 MiB
2026/04/16 01:10:21.868, 0 %, 0 MiB, 81920 MiB
2026/04/16 01:10:26.869, 0 %, 62073 MiB, 81920 MiB
2026/04/16 01:10:26.869, 0 %, 0 MiB, 81920 MiB
2026/04/16 01:10:31.870, 0 %, 62073 MiB, 81920 MiB
2026/04/16 01:10:31.870, 0 %, 0 MiB, 81920 MiB
2026/04/16 01:10:36.871, 0 %, 62073 MiB, 81920 MiB
2026/04/16 01:10:36.871, 0 %, 0 MiB, 81920 MiB
2026/04/16 01:10:41.872, 0 %, 62073 MiB, 81920 MiB
2026/04/16 01:10:41.872, 0 %, 0 MiB, 81920 MiB
2026/04/16 01:10:46.873, 0 %, 62073 MiB, 81920 MiB
2026/04/16 01:10:46.873, 0 %, 0 MiB, 81920 MiB
2026/04/16 01:10:51.874, 0 %, 62073 MiB, 81920 MiB
2026/04/16 01:10:51.874, 0 %, 0 MiB, 81920 MiB
2026/04/16 01:10:56.875, 0 %, 62073 MiB, 81920 MiB
2026/04/16 01:10:56.875, 0 %, 0 MiB, 81920 MiB
2026/04/16 01:11:01.876, 0 %, 62073 MiB, 81920 MiB
2026/04/16 01:11:01.876, 0 %, 0 MiB, 81920 MiB
2026/04/16 01:11:06.877, 0 %, 62073 MiB, 81920 MiB
2026/04/16 01:11:06.877, 0 %, 0 MiB, 81920 MiB
2026/04/16 01:11:11.878, 0 %, 62073 MiB, 81920 MiB
2026/04/16 01:11:11.878, 0 %, 0 MiB, 81920 MiB
2026/04/16 01:11:16.879, 0 %, 62073 MiB, 81920 MiB
2026/04/16 01:11:16.879, 0 %, 0 MiB, 81920 MiB
2026/04/16 01:11:21.879, 0 %, 62073 MiB, 81920 MiB
2026/04/16 01:11:21.880, 0 %, 0 MiB, 81920 MiB
2026/04/16 01:11:26.880, 0 %, 62073 MiB, 81920 MiB
2026/04/16 01:11:26.881, 0 %, 0 MiB, 81920 MiB
2026/04/16 01:11:31.881, 0 %, 62073 MiB, 81920 MiB
2026/04/16 01:11:31.882, 0 %, 0 MiB, 81920 MiB
2026/04/16 01:11:36.882, 0 %, 62073 MiB, 81920 MiB
2026/04/16 01:11:36.883, 0 %, 0 MiB, 81920 MiB
2026/04/16 01:11:41.883, 0 %, 62073 MiB, 81920 MiB
2026/04/16 01:11:41.883, 0 %, 0 MiB, 81920 MiB
2026/04/16 01:11:46.884, 0 %, 62073 MiB, 81920 MiB
2026/04/16 01:11:46.884, 0 %, 0 MiB, 81920 MiB
2026/04/16 01:11:51.885, 0 %, 62073 MiB, 81920 MiB
2026/04/16 01:11:51.885, 0 %, 0 MiB, 81920 MiB
2026/04/16 01:11:56.886, 0 %, 62073 MiB, 81920 MiB
2026/04/16 01:11:56.886, 0 %, 0 MiB, 81920 MiB
2026/04/16 01:12:01.887, 0 %, 62073 MiB, 81920 MiB
2026/04/16 01:12:01.887, 0 %, 0 MiB, 81920 MiB
2026/04/16 01:12:06.888, 0 %, 62073 MiB, 81920 MiB
2026/04/16 01:12:06.888, 0 %, 0 MiB, 81920 MiB
2026/04/16 01:12:11.889, 0 %, 62073 MiB, 81920 MiB
2026/04/16 01:12:11.889, 0 %, 0 MiB, 81920 MiB
2026/04/16 01:12:16.890, 0 %, 62073 MiB, 81920 MiB
2026/04/16 01:12:16.890, 0 %, 0 MiB, 81920 MiB
2026/04/16 01:12:21.891, 0 %, 62073 MiB, 81920 MiB
2026/04/16 01:12:21.891, 0 %, 0 MiB, 81920 MiB
2026/04/16 01:12:26.892, 0 %, 62073 MiB, 81920 MiB
2026/04/16 01:12:26.892, 0 %, 0 MiB, 81920 MiB
2026/04/16 01:12:31.893, 0 %, 62073 MiB, 81920 MiB
2026/04/16 01:12:31.893, 0 %, 0 MiB, 81920 MiB
2026/04/16 01:12:36.894, 0 %, 62073 MiB, 81920 MiB
2026/04/16 01:12:36.894, 0 %, 0 MiB, 81920 MiB
2026/04/16 01:12:41.895, 0 %, 62073 MiB, 81920 MiB
2026/04/16 01:12:41.895, 0 %, 0 MiB, 81920 MiB
2026/04/16 01:12:46.896, 0 %, 62073 MiB, 81920 MiB
2026/04/16 01:12:46.896, 0 %, 0 MiB, 81920 MiB
2026/04/16 01:12:51.897, 0 %, 62073 MiB, 81920 MiB
2026/04/16 01:12:51.897, 0 %, 0 MiB, 81920 MiB
2026/04/16 01:12:56.898, 0 %, 62073 MiB, 81920 MiB
2026/04/16 01:12:56.898, 0 %, 0 MiB, 81920 MiB
2026/04/16 01:13:01.899, 0 %, 62073 MiB, 81920 MiB
2026/04/16 01:13:01.899, 0 %, 0 MiB, 81920 MiB
2026/04/16 01:13:06.900, 0 %, 62073 MiB, 81920 MiB
2026/04/16 01:13:06.900, 0 %, 0 MiB, 81920 MiB
2026/04/16 01:13:11.901, 0 %, 62073 MiB, 81920 MiB
2026/04/16 01:13:11.901, 0 %, 0 MiB, 81920 MiB
2026/04/16 01:13:16.902, 0 %, 62073 MiB, 81920 MiB
2026/04/16 01:13:16.902, 0 %, 0 MiB, 81920 MiB
2026/04/16 01:13:21.903, 0 %, 62073 MiB, 81920 MiB
2026/04/16 01:13:21.903, 0 %, 0 MiB, 81920 MiB
2026/04/16 01:13:26.905, 0 %, 62073 MiB, 81920 MiB
2026/04/16 01:13:26.905, 0 %, 0 MiB, 81920 MiB
2026/04/16 01:13:31.912, 0 %, 62073 MiB, 81920 MiB
2026/04/16 01:13:31.912, 0 %, 0 MiB, 81920 MiB
2026/04/16 01:13:36.912, 0 %, 62073 MiB, 81920 MiB
2026/04/16 01:13:36.912, 0 %, 0 MiB, 81920 MiB
2026/04/16 01:13:41.913, 0 %, 62073 MiB, 81920 MiB
2026/04/16 01:13:41.913, 0 %, 0 MiB, 81920 MiB
2026/04/16 01:13:46.914, 0 %, 62073 MiB, 81920 MiB
2026/04/16 01:13:46.914, 0 %, 0 MiB, 81920 MiB
2026/04/16 01:13:51.915, 0 %, 62073 MiB, 81920 MiB
2026/04/16 01:13:51.915, 0 %, 0 MiB, 81920 MiB
2026/04/16 01:13:56.916, 0 %, 62073 MiB, 81920 MiB
2026/04/16 01:13:56.916, 0 %, 0 MiB, 81920 MiB
2026/04/16 01:14:01.917, 0 %, 62073 MiB, 81920 MiB
2026/04/16 01:14:01.917, 0 %, 0 MiB, 81920 MiB
2026/04/16 01:14:06.918, 0 %, 62073 MiB, 81920 MiB
2026/04/16 01:14:06.918, 0 %, 0 MiB, 81920 MiB
2026/04/16 01:14:11.919, 0 %, 62073 MiB, 81920 MiB
2026/04/16 01:14:11.919, 0 %, 0 MiB, 81920 MiB
2026/04/16 01:14:16.919, 0 %, 62073 MiB, 81920 MiB
2026/04/16 01:14:16.920, 0 %, 0 MiB, 81920 MiB
2026/04/16 01:14:21.920, 0 %, 62073 MiB, 81920 MiB
2026/04/16 01:14:21.920, 0 %, 0 MiB, 81920 MiB
2026/04/16 01:14:26.921, 0 %, 62073 MiB, 81920 MiB
2026/04/16 01:14:26.921, 0 %, 0 MiB, 81920 MiB
2026/04/16 01:14:31.922, 0 %, 62073 MiB, 81920 MiB
2026/04/16 01:14:31.922, 0 %, 0 MiB, 81920 MiB
2026/04/16 01:14:36.923, 0 %, 62073 MiB, 81920 MiB
2026/04/16 01:14:36.923, 0 %, 0 MiB, 81920 MiB
2026/04/16 01:14:41.924, 0 %, 62073 MiB, 81920 MiB
2026/04/16 01:14:41.924, 0 %, 0 MiB, 81920 MiB
2026/04/16 01:14:46.925, 0 %, 62073 MiB, 81920 MiB
2026/04/16 01:14:46.925, 0 %, 0 MiB, 81920 MiB
2026/04/16 01:14:51.926, 0 %, 62073 MiB, 81920 MiB
2026/04/16 01:14:51.926, 0 %, 0 MiB, 81920 MiB
2026/04/16 01:14:56.927, 0 %, 62073 MiB, 81920 MiB
2026/04/16 01:14:56.927, 0 %, 0 MiB, 81920 MiB
2026/04/16 01:15:01.928, 0 %, 62073 MiB, 81920 MiB
2026/04/16 01:15:01.928, 0 %, 0 MiB, 81920 MiB
2026/04/16 01:15:06.929, 0 %, 62073 MiB, 81920 MiB
2026/04/16 01:15:06.929, 0 %, 0 MiB, 81920 MiB
2026/04/16 01:15:11.930, 0 %, 62073 MiB, 81920 MiB
2026/04/16 01:15:11.930, 0 %, 0 MiB, 81920 MiB
2026/04/16 01:15:16.930, 0 %, 62073 MiB, 81920 MiB
2026/04/16 01:15:16.930, 0 %, 0 MiB, 81920 MiB
2026/04/16 01:15:21.931, 0 %, 62073 MiB, 81920 MiB
2026/04/16 01:15:21.931, 0 %, 0 MiB, 81920 MiB
2026/04/16 01:15:26.932, 0 %, 62073 MiB, 81920 MiB
2026/04/16 01:15:26.932, 0 %, 0 MiB, 81920 MiB
2026/04/16 01:15:31.933, 0 %, 62073 MiB, 81920 MiB
2026/04/16 01:15:31.933, 0 %, 0 MiB, 81920 MiB
2026/04/16 01:15:36.934, 0 %, 62073 MiB, 81920 MiB
2026/04/16 01:15:36.934, 0 %, 0 MiB, 81920 MiB
2026/04/16 01:15:41.934, 0 %, 62073 MiB, 81920 MiB
2026/04/16 01:15:41.935, 0 %, 0 MiB, 81920 MiB
2026/04/16 01:15:46.935, 0 %, 62073 MiB, 81920 MiB
2026/04/16 01:15:46.935, 0 %, 0 MiB, 81920 MiB
2026/04/16 01:15:51.937, 0 %, 62073 MiB, 81920 MiB
2026/04/16 01:15:51.937, 0 %, 0 MiB, 81920 MiB
2026/04/16 01:15:56.937, 0 %, 62073 MiB, 81920 MiB
2026/04/16 01:15:56.938, 0 %, 0 MiB, 81920 MiB
2026/04/16 01:16:01.938, 0 %, 62073 MiB, 81920 MiB
2026/04/16 01:16:01.938, 0 %, 0 MiB, 81920 MiB
2026/04/16 01:16:06.939, 0 %, 62073 MiB, 81920 MiB
2026/04/16 01:16:06.939, 0 %, 0 MiB, 81920 MiB
2026/04/16 01:16:11.940, 0 %, 62073 MiB, 81920 MiB
2026/04/16 01:16:11.940, 0 %, 0 MiB, 81920 MiB
2026/04/16 01:16:16.941, 0 %, 62073 MiB, 81920 MiB
2026/04/16 01:16:16.941, 0 %, 0 MiB, 81920 MiB
2026/04/16 01:16:21.942, 0 %, 62073 MiB, 81920 MiB
2026/04/16 01:16:21.942, 0 %, 0 MiB, 81920 MiB
2026/04/16 01:16:26.942, 0 %, 62073 MiB, 81920 MiB
2026/04/16 01:16:26.942, 0 %, 0 MiB, 81920 MiB
2026/04/16 01:16:31.943, 0 %, 62073 MiB, 81920 MiB
2026/04/16 01:16:31.943, 0 %, 0 MiB, 81920 MiB
2026/04/16 01:16:36.944, 0 %, 62107 MiB, 81920 MiB
2026/04/16 01:16:36.944, 0 %, 0 MiB, 81920 MiB
2026/04/16 01:16:41.945, 0 %, 62107 MiB, 81920 MiB
2026/04/16 01:16:41.945, 0 %, 0 MiB, 81920 MiB
2026/04/16 01:16:46.946, 36 %, 62141 MiB, 81920 MiB
2026/04/16 01:16:46.946, 0 %, 0 MiB, 81920 MiB
2026/04/16 01:16:51.947, 0 %, 62107 MiB, 81920 MiB
2026/04/16 01:16:51.947, 0 %, 0 MiB, 81920 MiB
2026/04/16 01:16:56.947, 0 %, 62107 MiB, 81920 MiB
2026/04/16 01:16:56.948, 0 %, 0 MiB, 81920 MiB
2026/04/16 01:17:01.948, 0 %, 62107 MiB, 81920 MiB
2026/04/16 01:17:01.948, 0 %, 0 MiB, 81920 MiB
2026/04/16 01:17:06.949, 0 %, 62107 MiB, 81920 MiB
2026/04/16 01:17:06.949, 0 %, 0 MiB, 81920 MiB
2026/04/16 01:17:11.950, 14 %, 62107 MiB, 81920 MiB
2026/04/16 01:17:11.950, 0 %, 0 MiB, 81920 MiB
2026/04/16 01:17:16.951, 10 %, 62107 MiB, 81920 MiB
2026/04/16 01:17:16.951, 0 %, 0 MiB, 81920 MiB
2026/04/16 01:17:21.952, 0 %, 62107 MiB, 81920 MiB
2026/04/16 01:17:21.952, 0 %, 0 MiB, 81920 MiB
2026/04/16 01:17:26.952, 0 %, 62107 MiB, 81920 MiB
2026/04/16 01:17:26.953, 0 %, 0 MiB, 81920 MiB
2026/04/16 01:17:31.953, 0 %, 62107 MiB, 81920 MiB
2026/04/16 01:17:31.953, 0 %, 0 MiB, 81920 MiB
2026/04/16 01:17:36.954, 0 %, 62107 MiB, 81920 MiB
2026/04/16 01:17:36.954, 0 %, 0 MiB, 81920 MiB
2026/04/16 01:17:41.955, 0 %, 62107 MiB, 81920 MiB
2026/04/16 01:17:41.955, 0 %, 0 MiB, 81920 MiB
2026/04/16 01:17:46.956, 0 %, 62107 MiB, 81920 MiB
2026/04/16 01:17:46.956, 0 %, 0 MiB, 81920 MiB
2026/04/16 01:17:51.956, 0 %, 62107 MiB, 81920 MiB
2026/04/16 01:17:51.956, 0 %, 0 MiB, 81920 MiB
2026/04/16 01:17:56.957, 0 %, 62107 MiB, 81920 MiB
2026/04/16 01:17:56.957, 0 %, 0 MiB, 81920 MiB
2026/04/16 01:18:01.958, 0 %, 62107 MiB, 81920 MiB
2026/04/16 01:18:01.958, 0 %, 0 MiB, 81920 MiB
2026/04/16 01:18:06.959, 0 %, 62107 MiB, 81920 MiB
2026/04/16 01:18:06.959, 0 %, 0 MiB, 81920 MiB
2026/04/16 01:18:11.960, 0 %, 62107 MiB, 81920 MiB
2026/04/16 01:18:11.960, 0 %, 0 MiB, 81920 MiB
2026/04/16 01:18:16.961, 0 %, 62107 MiB, 81920 MiB
2026/04/16 01:18:16.961, 0 %, 0 MiB, 81920 MiB
2026/04/16 01:18:21.961, 0 %, 62107 MiB, 81920 MiB
2026/04/16 01:18:21.961, 0 %, 0 MiB, 81920 MiB
2026/04/16 01:18:26.962, 0 %, 62107 MiB, 81920 MiB
2026/04/16 01:18:26.962, 0 %, 0 MiB, 81920 MiB
2026/04/16 01:18:31.963, 0 %, 62107 MiB, 81920 MiB
2026/04/16 01:18:31.963, 0 %, 0 MiB, 81920 MiB
2026/04/16 01:18:36.964, 0 %, 62107 MiB, 81920 MiB
2026/04/16 01:18:36.964, 0 %, 0 MiB, 81920 MiB
2026/04/16 01:18:41.965, 0 %, 62107 MiB, 81920 MiB
2026/04/16 01:18:41.965, 0 %, 0 MiB, 81920 MiB
2026/04/16 01:18:46.966, 0 %, 62107 MiB, 81920 MiB
2026/04/16 01:18:46.966, 0 %, 0 MiB, 81920 MiB
2026/04/16 01:18:51.967, 0 %, 62107 MiB, 81920 MiB
2026/04/16 01:18:51.967, 0 %, 0 MiB, 81920 MiB
2026/04/16 01:18:56.967, 0 %, 62107 MiB, 81920 MiB
2026/04/16 01:18:56.967, 0 %, 0 MiB, 81920 MiB
2026/04/16 01:19:01.968, 0 %, 62107 MiB, 81920 MiB
2026/04/16 01:19:01.968, 0 %, 0 MiB, 81920 MiB
2026/04/16 01:19:06.969, 0 %, 62107 MiB, 81920 MiB
2026/04/16 01:19:06.969, 0 %, 0 MiB, 81920 MiB
2026/04/16 01:19:11.970, 0 %, 62107 MiB, 81920 MiB
2026/04/16 01:19:11.970, 0 %, 0 MiB, 81920 MiB
2026/04/16 01:19:16.971, 0 %, 62107 MiB, 81920 MiB
2026/04/16 01:19:16.971, 0 %, 0 MiB, 81920 MiB
2026/04/16 01:19:21.971, 0 %, 62107 MiB, 81920 MiB
2026/04/16 01:19:21.972, 0 %, 0 MiB, 81920 MiB
2026/04/16 01:19:26.972, 0 %, 62107 MiB, 81920 MiB
2026/04/16 01:19:26.972, 0 %, 0 MiB, 81920 MiB
2026/04/16 01:19:31.973, 0 %, 62107 MiB, 81920 MiB
2026/04/16 01:19:31.973, 0 %, 0 MiB, 81920 MiB
2026/04/16 01:19:36.974, 0 %, 62107 MiB, 81920 MiB
2026/04/16 01:19:36.974, 0 %, 0 MiB, 81920 MiB
2026/04/16 01:19:41.975, 0 %, 62107 MiB, 81920 MiB
2026/04/16 01:19:41.975, 0 %, 0 MiB, 81920 MiB
2026/04/16 01:19:46.976, 0 %, 62107 MiB, 81920 MiB
2026/04/16 01:19:46.976, 0 %, 0 MiB, 81920 MiB
2026/04/16 01:19:51.977, 0 %, 62107 MiB, 81920 MiB
2026/04/16 01:19:51.977, 0 %, 0 MiB, 81920 MiB
2026/04/16 01:19:56.977, 0 %, 62107 MiB, 81920 MiB
2026/04/16 01:19:56.978, 0 %, 0 MiB, 81920 MiB
2026/04/16 01:20:01.978, 0 %, 62107 MiB, 81920 MiB
2026/04/16 01:20:01.979, 0 %, 0 MiB, 81920 MiB
2026/04/16 01:20:06.979, 0 %, 62107 MiB, 81920 MiB
2026/04/16 01:20:06.979, 0 %, 0 MiB, 81920 MiB
2026/04/16 01:20:11.980, 0 %, 62107 MiB, 81920 MiB
2026/04/16 01:20:11.980, 0 %, 0 MiB, 81920 MiB
2026/04/16 01:20:16.981, 0 %, 62107 MiB, 81920 MiB
2026/04/16 01:20:16.981, 0 %, 0 MiB, 81920 MiB
2026/04/16 01:20:21.982, 0 %, 62107 MiB, 81920 MiB
2026/04/16 01:20:21.982, 0 %, 0 MiB, 81920 MiB
2026/04/16 01:20:26.983, 0 %, 62107 MiB, 81920 MiB
2026/04/16 01:20:26.983, 0 %, 0 MiB, 81920 MiB
2026/04/16 01:20:31.984, 0 %, 62107 MiB, 81920 MiB
2026/04/16 01:20:31.984, 0 %, 0 MiB, 81920 MiB
2026/04/16 01:20:36.984, 0 %, 62107 MiB, 81920 MiB
2026/04/16 01:20:36.985, 0 %, 0 MiB, 81920 MiB
2026/04/16 01:20:41.985, 0 %, 62107 MiB, 81920 MiB
2026/04/16 01:20:41.985, 0 %, 0 MiB, 81920 MiB
2026/04/16 01:20:46.986, 0 %, 62107 MiB, 81920 MiB
2026/04/16 01:20:46.986, 0 %, 0 MiB, 81920 MiB
2026/04/16 01:20:51.987, 0 %, 62107 MiB, 81920 MiB
2026/04/16 01:20:51.987, 0 %, 0 MiB, 81920 MiB
2026/04/16 01:20:56.988, 0 %, 62107 MiB, 81920 MiB
2026/04/16 01:20:56.988, 0 %, 0 MiB, 81920 MiB
2026/04/16 01:21:01.989, 0 %, 62107 MiB, 81920 MiB
2026/04/16 01:21:01.989, 0 %, 0 MiB, 81920 MiB
2026/04/16 01:21:06.990, 0 %, 62107 MiB, 81920 MiB
2026/04/16 01:21:06.990, 0 %, 0 MiB, 81920 MiB
2026/04/16 01:21:11.990, 0 %, 62107 MiB, 81920 MiB
2026/04/16 01:21:11.991, 0 %, 0 MiB, 81920 MiB
2026/04/16 01:21:16.991, 0 %, 62107 MiB, 81920 MiB
2026/04/16 01:21:16.991, 0 %, 0 MiB, 81920 MiB
2026/04/16 01:21:21.992, 0 %, 62107 MiB, 81920 MiB
2026/04/16 01:21:21.992, 0 %, 0 MiB, 81920 MiB
2026/04/16 01:21:26.993, 0 %, 62107 MiB, 81920 MiB
2026/04/16 01:21:26.993, 0 %, 0 MiB, 81920 MiB
2026/04/16 01:21:31.994, 0 %, 62107 MiB, 81920 MiB
2026/04/16 01:21:31.994, 0 %, 0 MiB, 81920 MiB
2026/04/16 01:21:36.995, 0 %, 62107 MiB, 81920 MiB
2026/04/16 01:21:36.995, 0 %, 0 MiB, 81920 MiB
2026/04/16 01:21:41.995, 0 %, 62107 MiB, 81920 MiB
2026/04/16 01:21:41.996, 0 %, 0 MiB, 81920 MiB
2026/04/16 01:21:46.996, 0 %, 62107 MiB, 81920 MiB
2026/04/16 01:21:46.996, 0 %, 0 MiB, 81920 MiB
2026/04/16 01:21:51.997, 0 %, 62107 MiB, 81920 MiB
2026/04/16 01:21:51.997, 0 %, 0 MiB, 81920 MiB
2026/04/16 01:21:56.998, 0 %, 62107 MiB, 81920 MiB
2026/04/16 01:21:56.998, 0 %, 0 MiB, 81920 MiB
2026/04/16 01:22:01.999, 0 %, 62107 MiB, 81920 MiB
2026/04/16 01:22:01.999, 0 %, 0 MiB, 81920 MiB
2026/04/16 01:22:07.000, 0 %, 62107 MiB, 81920 MiB
2026/04/16 01:22:07.000, 0 %, 0 MiB, 81920 MiB
2026/04/16 01:22:12.000, 0 %, 62107 MiB, 81920 MiB
2026/04/16 01:22:12.001, 0 %, 0 MiB, 81920 MiB
2026/04/16 01:22:17.001, 0 %, 62107 MiB, 81920 MiB
2026/04/16 01:22:17.001, 0 %, 0 MiB, 81920 MiB
2026/04/16 01:22:22.002, 0 %, 62107 MiB, 81920 MiB
2026/04/16 01:22:22.002, 0 %, 0 MiB, 81920 MiB
2026/04/16 01:22:27.003, 0 %, 62107 MiB, 81920 MiB
2026/04/16 01:22:27.003, 0 %, 0 MiB, 81920 MiB
2026/04/16 01:22:32.004, 0 %, 62107 MiB, 81920 MiB
2026/04/16 01:22:32.004, 0 %, 0 MiB, 81920 MiB
2026/04/16 01:22:37.005, 0 %, 62107 MiB, 81920 MiB
2026/04/16 01:22:37.005, 0 %, 0 MiB, 81920 MiB
2026/04/16 01:22:42.006, 0 %, 62107 MiB, 81920 MiB
2026/04/16 01:22:42.006, 0 %, 0 MiB, 81920 MiB
2026/04/16 01:22:47.006, 0 %, 62107 MiB, 81920 MiB
2026/04/16 01:22:47.007, 0 %, 0 MiB, 81920 MiB
2026/04/16 01:22:52.007, 0 %, 62107 MiB, 81920 MiB
2026/04/16 01:22:52.007, 0 %, 0 MiB, 81920 MiB
2026/04/16 01:22:57.008, 0 %, 62107 MiB, 81920 MiB
2026/04/16 01:22:57.008, 0 %, 0 MiB, 81920 MiB
2026/04/16 01:23:02.009, 0 %, 62107 MiB, 81920 MiB
2026/04/16 01:23:02.009, 0 %, 0 MiB, 81920 MiB
2026/04/16 01:23:07.010, 0 %, 62107 MiB, 81920 MiB
2026/04/16 01:23:07.010, 0 %, 0 MiB, 81920 MiB
2026/04/16 01:23:12.011, 0 %, 62107 MiB, 81920 MiB
2026/04/16 01:23:12.011, 0 %, 0 MiB, 81920 MiB
2026/04/16 01:23:17.012, 0 %, 62107 MiB, 81920 MiB
2026/04/16 01:23:17.012, 0 %, 0 MiB, 81920 MiB
2026/04/16 01:23:22.012, 0 %, 62107 MiB, 81920 MiB
2026/04/16 01:23:22.013, 0 %, 0 MiB, 81920 MiB
2026/04/16 01:23:27.013, 0 %, 62107 MiB, 81920 MiB
2026/04/16 01:23:27.013, 0 %, 0 MiB, 81920 MiB
2026/04/16 01:23:32.014, 0 %, 62107 MiB, 81920 MiB
2026/04/16 01:23:32.014, 0 %, 0 MiB, 81920 MiB
2026/04/16 01:23:37.015, 0 %, 62107 MiB, 81920 MiB
2026/04/16 01:23:37.015, 0 %, 0 MiB, 81920 MiB
2026/04/16 01:23:42.016, 0 %, 62107 MiB, 81920 MiB
2026/04/16 01:23:42.016, 0 %, 0 MiB, 81920 MiB
2026/04/16 01:23:47.017, 0 %, 62107 MiB, 81920 MiB
2026/04/16 01:23:47.017, 0 %, 0 MiB, 81920 MiB
2026/04/16 01:23:52.018, 0 %, 62107 MiB, 81920 MiB
2026/04/16 01:23:52.018, 0 %, 0 MiB, 81920 MiB
2026/04/16 01:23:57.018, 0 %, 62107 MiB, 81920 MiB
2026/04/16 01:23:57.019, 0 %, 0 MiB, 81920 MiB
2026/04/16 01:24:02.019, 0 %, 62107 MiB, 81920 MiB
2026/04/16 01:24:02.019, 0 %, 0 MiB, 81920 MiB
2026/04/16 01:24:07.020, 0 %, 62107 MiB, 81920 MiB
2026/04/16 01:24:07.020, 0 %, 0 MiB, 81920 MiB
2026/04/16 01:24:12.021, 0 %, 62107 MiB, 81920 MiB
2026/04/16 01:24:12.021, 0 %, 0 MiB, 81920 MiB
2026/04/16 01:24:17.022, 0 %, 62107 MiB, 81920 MiB
2026/04/16 01:24:17.022, 0 %, 0 MiB, 81920 MiB
2026/04/16 01:24:22.023, 0 %, 62107 MiB, 81920 MiB
2026/04/16 01:24:22.023, 0 %, 0 MiB, 81920 MiB
2026/04/16 01:24:27.024, 0 %, 62107 MiB, 81920 MiB
2026/04/16 01:24:27.024, 0 %, 0 MiB, 81920 MiB
2026/04/16 01:24:32.024, 0 %, 62107 MiB, 81920 MiB
2026/04/16 01:24:32.025, 0 %, 0 MiB, 81920 MiB
2026/04/16 01:24:37.025, 0 %, 62107 MiB, 81920 MiB
2026/04/16 01:24:37.025, 0 %, 0 MiB, 81920 MiB
2026/04/16 01:24:42.026, 0 %, 62107 MiB, 81920 MiB
2026/04/16 01:24:42.026, 0 %, 0 MiB, 81920 MiB
2026/04/16 01:24:47.027, 0 %, 62107 MiB, 81920 MiB
2026/04/16 01:24:47.027, 0 %, 0 MiB, 81920 MiB
2026/04/16 01:24:52.028, 0 %, 62107 MiB, 81920 MiB
2026/04/16 01:24:52.028, 0 %, 0 MiB, 81920 MiB
2026/04/16 01:24:57.029, 0 %, 62107 MiB, 81920 MiB
2026/04/16 01:24:57.029, 0 %, 0 MiB, 81920 MiB
2026/04/16 01:25:02.030, 0 %, 62107 MiB, 81920 MiB
2026/04/16 01:25:02.030, 0 %, 0 MiB, 81920 MiB
2026/04/16 01:25:07.030, 0 %, 62107 MiB, 81920 MiB
2026/04/16 01:25:07.031, 0 %, 0 MiB, 81920 MiB
2026/04/16 01:25:12.031, 0 %, 62107 MiB, 81920 MiB
2026/04/16 01:25:12.031, 0 %, 0 MiB, 81920 MiB
2026/04/16 01:25:17.032, 0 %, 62107 MiB, 81920 MiB
2026/04/16 01:25:17.032, 0 %, 0 MiB, 81920 MiB
2026/04/16 01:25:22.033, 0 %, 62107 MiB, 81920 MiB
2026/04/16 01:25:22.033, 0 %, 0 MiB, 81920 MiB
2026/04/16 01:25:27.034, 0 %, 62107 MiB, 81920 MiB
2026/04/16 01:25:27.034, 0 %, 0 MiB, 81920 MiB
2026/04/16 01:25:32.035, 0 %, 62107 MiB, 81920 MiB
2026/04/16 01:25:32.035, 0 %, 0 MiB, 81920 MiB
2026/04/16 01:25:37.036, 0 %, 62107 MiB, 81920 MiB
2026/04/16 01:25:37.036, 0 %, 0 MiB, 81920 MiB
2026/04/16 01:25:42.036, 0 %, 62107 MiB, 81920 MiB
2026/04/16 01:25:42.036, 0 %, 0 MiB, 81920 MiB
2026/04/16 01:25:47.037, 0 %, 62107 MiB, 81920 MiB
2026/04/16 01:25:47.037, 0 %, 0 MiB, 81920 MiB
2026/04/16 01:25:52.038, 0 %, 62107 MiB, 81920 MiB
2026/04/16 01:25:52.038, 0 %, 0 MiB, 81920 MiB
2026/04/16 01:25:57.039, 0 %, 62107 MiB, 81920 MiB
2026/04/16 01:25:57.039, 0 %, 0 MiB, 81920 MiB
2026/04/16 01:26:02.040, 0 %, 62107 MiB, 81920 MiB
2026/04/16 01:26:02.040, 0 %, 0 MiB, 81920 MiB
2026/04/16 01:26:07.041, 0 %, 62107 MiB, 81920 MiB
2026/04/16 01:26:07.041, 0 %, 0 MiB, 81920 MiB
2026/04/16 01:26:12.041, 0 %, 62107 MiB, 81920 MiB
2026/04/16 01:26:12.042, 0 %, 0 MiB, 81920 MiB
2026/04/16 01:26:17.042, 0 %, 62107 MiB, 81920 MiB
2026/04/16 01:26:17.042, 0 %, 0 MiB, 81920 MiB
2026/04/16 01:26:22.043, 0 %, 62107 MiB, 81920 MiB
2026/04/16 01:26:22.043, 0 %, 0 MiB, 81920 MiB
2026/04/16 01:26:27.044, 0 %, 62107 MiB, 81920 MiB
2026/04/16 01:26:27.044, 0 %, 0 MiB, 81920 MiB
2026/04/16 01:26:32.045, 0 %, 62107 MiB, 81920 MiB
2026/04/16 01:26:32.045, 0 %, 0 MiB, 81920 MiB
2026/04/16 01:26:37.046, 0 %, 62107 MiB, 81920 MiB
2026/04/16 01:26:37.046, 0 %, 0 MiB, 81920 MiB
2026/04/16 01:26:42.047, 0 %, 62107 MiB, 81920 MiB
2026/04/16 01:26:42.047, 0 %, 0 MiB, 81920 MiB
2026/04/16 01:26:47.047, 0 %, 62107 MiB, 81920 MiB
2026/04/16 01:26:47.047, 0 %, 0 MiB, 81920 MiB
2026/04/16 01:26:52.048, 0 %, 62107 MiB, 81920 MiB
2026/04/16 01:26:52.048, 0 %, 0 MiB, 81920 MiB
2026/04/16 01:26:57.049, 0 %, 62107 MiB, 81920 MiB
2026/04/16 01:26:57.049, 0 %, 0 MiB, 81920 MiB
2026/04/16 01:27:02.050, 0 %, 62107 MiB, 81920 MiB
2026/04/16 01:27:02.050, 0 %, 0 MiB, 81920 MiB
2026/04/16 01:27:07.051, 0 %, 62107 MiB, 81920 MiB
2026/04/16 01:27:07.051, 0 %, 0 MiB, 81920 MiB
2026/04/16 01:27:12.052, 0 %, 62107 MiB, 81920 MiB
2026/04/16 01:27:12.052, 0 %, 0 MiB, 81920 MiB
2026/04/16 01:27:17.052, 0 %, 62107 MiB, 81920 MiB
2026/04/16 01:27:17.053, 0 %, 0 MiB, 81920 MiB
2026/04/16 01:27:22.053, 0 %, 62107 MiB, 81920 MiB
2026/04/16 01:27:22.053, 0 %, 0 MiB, 81920 MiB
2026/04/16 01:27:27.054, 0 %, 62107 MiB, 81920 MiB
2026/04/16 01:27:27.054, 0 %, 0 MiB, 81920 MiB
2026/04/16 01:27:32.055, 0 %, 62107 MiB, 81920 MiB
2026/04/16 01:27:32.055, 0 %, 0 MiB, 81920 MiB
2026/04/16 01:27:37.056, 0 %, 62107 MiB, 81920 MiB
2026/04/16 01:27:37.056, 0 %, 0 MiB, 81920 MiB
2026/04/16 01:27:42.057, 0 %, 62107 MiB, 81920 MiB
2026/04/16 01:27:42.057, 0 %, 0 MiB, 81920 MiB
2026/04/16 01:27:47.058, 0 %, 62107 MiB, 81920 MiB
2026/04/16 01:27:47.058, 0 %, 0 MiB, 81920 MiB
2026/04/16 01:27:52.059, 0 %, 62107 MiB, 81920 MiB
2026/04/16 01:27:52.059, 0 %, 0 MiB, 81920 MiB
2026/04/16 01:27:57.059, 0 %, 62107 MiB, 81920 MiB
2026/04/16 01:27:57.060, 0 %, 0 MiB, 81920 MiB
2026/04/16 01:28:02.060, 0 %, 62107 MiB, 81920 MiB
2026/04/16 01:28:02.060, 0 %, 0 MiB, 81920 MiB
2026/04/16 01:28:07.158, 0 %, 62107 MiB, 81920 MiB
2026/04/16 01:28:07.158, 0 %, 0 MiB, 81920 MiB
2026/04/16 01:28:12.159, 0 %, 62107 MiB, 81920 MiB
2026/04/16 01:28:12.159, 0 %, 0 MiB, 81920 MiB
2026/04/16 01:28:17.159, 0 %, 62107 MiB, 81920 MiB
2026/04/16 01:28:17.160, 0 %, 0 MiB, 81920 MiB
2026/04/16 01:28:22.160, 0 %, 62107 MiB, 81920 MiB
2026/04/16 01:28:22.161, 0 %, 0 MiB, 81920 MiB
2026/04/16 01:28:27.161, 0 %, 62107 MiB, 81920 MiB
2026/04/16 01:28:27.161, 0 %, 0 MiB, 81920 MiB
2026/04/16 01:28:32.162, 0 %, 62107 MiB, 81920 MiB
2026/04/16 01:28:32.162, 0 %, 0 MiB, 81920 MiB
2026/04/16 01:28:37.163, 0 %, 62107 MiB, 81920 MiB
2026/04/16 01:28:37.163, 0 %, 0 MiB, 81920 MiB
2026/04/16 01:28:42.164, 0 %, 62107 MiB, 81920 MiB
2026/04/16 01:28:42.164, 0 %, 0 MiB, 81920 MiB
2026/04/16 01:28:47.165, 0 %, 62107 MiB, 81920 MiB
2026/04/16 01:28:47.165, 0 %, 0 MiB, 81920 MiB
2026/04/16 01:28:52.166, 0 %, 62107 MiB, 81920 MiB
2026/04/16 01:28:52.166, 0 %, 0 MiB, 81920 MiB
2026/04/16 01:28:57.167, 0 %, 62107 MiB, 81920 MiB
2026/04/16 01:28:57.167, 0 %, 0 MiB, 81920 MiB
2026/04/16 01:29:02.168, 0 %, 62107 MiB, 81920 MiB
2026/04/16 01:29:02.168, 0 %, 0 MiB, 81920 MiB
2026/04/16 01:29:07.169, 0 %, 62107 MiB, 81920 MiB
2026/04/16 01:29:07.169, 0 %, 0 MiB, 81920 MiB
2026/04/16 01:29:12.170, 0 %, 62107 MiB, 81920 MiB
2026/04/16 01:29:12.170, 0 %, 0 MiB, 81920 MiB
2026/04/16 01:29:17.170, 0 %, 62107 MiB, 81920 MiB
2026/04/16 01:29:17.171, 0 %, 0 MiB, 81920 MiB
2026/04/16 01:29:22.171, 0 %, 62107 MiB, 81920 MiB
2026/04/16 01:29:22.172, 0 %, 0 MiB, 81920 MiB
2026/04/16 01:29:27.238, 0 %, 62107 MiB, 81920 MiB
2026/04/16 01:29:27.239, 0 %, 0 MiB, 81920 MiB
2026/04/16 01:29:32.240, 0 %, 62107 MiB, 81920 MiB
2026/04/16 01:29:32.240, 0 %, 0 MiB, 81920 MiB
2026/04/16 01:29:37.240, 0 %, 62107 MiB, 81920 MiB
2026/04/16 01:29:37.241, 0 %, 0 MiB, 81920 MiB
2026/04/16 01:29:42.241, 0 %, 62107 MiB, 81920 MiB
2026/04/16 01:29:42.241, 0 %, 0 MiB, 81920 MiB
2026/04/16 01:29:47.242, 0 %, 62107 MiB, 81920 MiB
2026/04/16 01:29:47.242, 0 %, 0 MiB, 81920 MiB
2026/04/16 01:29:52.243, 0 %, 62107 MiB, 81920 MiB
2026/04/16 01:29:52.243, 0 %, 0 MiB, 81920 MiB
2026/04/16 01:29:57.244, 0 %, 62107 MiB, 81920 MiB
2026/04/16 01:29:57.244, 0 %, 0 MiB, 81920 MiB
2026/04/16 01:30:02.245, 0 %, 62107 MiB, 81920 MiB
2026/04/16 01:30:02.245, 0 %, 0 MiB, 81920 MiB
2026/04/16 01:30:07.246, 0 %, 62107 MiB, 81920 MiB
2026/04/16 01:30:07.246, 0 %, 0 MiB, 81920 MiB
2026/04/16 01:30:12.246, 0 %, 62107 MiB, 81920 MiB
2026/04/16 01:30:12.247, 0 %, 0 MiB, 81920 MiB
2026/04/16 01:30:17.247, 0 %, 62107 MiB, 81920 MiB
2026/04/16 01:30:17.247, 0 %, 0 MiB, 81920 MiB
2026/04/16 01:30:22.248, 0 %, 62107 MiB, 81920 MiB
2026/04/16 01:30:22.248, 0 %, 0 MiB, 81920 MiB
2026/04/16 01:30:27.249, 0 %, 62107 MiB, 81920 MiB
2026/04/16 01:30:27.249, 0 %, 0 MiB, 81920 MiB
2026/04/16 01:30:32.250, 0 %, 62107 MiB, 81920 MiB
2026/04/16 01:30:32.250, 0 %, 0 MiB, 81920 MiB
2026/04/16 01:30:37.251, 0 %, 62107 MiB, 81920 MiB
2026/04/16 01:30:37.251, 0 %, 0 MiB, 81920 MiB
2026/04/16 01:30:42.252, 0 %, 62107 MiB, 81920 MiB
2026/04/16 01:30:42.252, 0 %, 0 MiB, 81920 MiB
2026/04/16 01:30:47.253, 0 %, 62107 MiB, 81920 MiB
2026/04/16 01:30:47.253, 0 %, 0 MiB, 81920 MiB
2026/04/16 01:30:52.253, 0 %, 62107 MiB, 81920 MiB
2026/04/16 01:30:52.254, 0 %, 0 MiB, 81920 MiB
2026/04/16 01:30:57.254, 0 %, 62107 MiB, 81920 MiB
2026/04/16 01:30:57.254, 0 %, 0 MiB, 81920 MiB
2026/04/16 01:31:02.255, 0 %, 62107 MiB, 81920 MiB
2026/04/16 01:31:02.255, 0 %, 0 MiB, 81920 MiB
2026/04/16 01:31:07.256, 0 %, 62107 MiB, 81920 MiB
2026/04/16 01:31:07.256, 0 %, 0 MiB, 81920 MiB
2026/04/16 01:31:12.257, 0 %, 62107 MiB, 81920 MiB
2026/04/16 01:31:12.257, 0 %, 0 MiB, 81920 MiB
2026/04/16 01:31:17.257, 0 %, 62141 MiB, 81920 MiB
2026/04/16 01:31:17.258, 0 %, 0 MiB, 81920 MiB
2026/04/16 01:31:22.258, 0 %, 62141 MiB, 81920 MiB
2026/04/16 01:31:22.258, 0 %, 0 MiB, 81920 MiB
2026/04/16 01:31:27.259, 31 %, 62141 MiB, 81920 MiB
2026/04/16 01:31:27.259, 0 %, 0 MiB, 81920 MiB
2026/04/16 01:31:32.260, 26 %, 62141 MiB, 81920 MiB
2026/04/16 01:31:32.260, 0 %, 0 MiB, 81920 MiB
2026/04/16 01:31:37.261, 0 %, 62141 MiB, 81920 MiB
2026/04/16 01:31:37.261, 0 %, 0 MiB, 81920 MiB
2026/04/16 01:31:42.262, 0 %, 62141 MiB, 81920 MiB
2026/04/16 01:31:42.262, 0 %, 0 MiB, 81920 MiB
2026/04/16 01:31:47.262, 0 %, 62141 MiB, 81920 MiB
2026/04/16 01:31:47.263, 0 %, 0 MiB, 81920 MiB
2026/04/16 01:31:52.263, 0 %, 62141 MiB, 81920 MiB
2026/04/16 01:31:52.263, 0 %, 0 MiB, 81920 MiB
2026/04/16 01:31:57.264, 0 %, 62141 MiB, 81920 MiB
2026/04/16 01:31:57.264, 0 %, 0 MiB, 81920 MiB
2026/04/16 01:32:02.265, 0 %, 62141 MiB, 81920 MiB
2026/04/16 01:32:02.265, 0 %, 0 MiB, 81920 MiB
2026/04/16 01:32:07.266, 0 %, 62141 MiB, 81920 MiB
2026/04/16 01:32:07.266, 0 %, 0 MiB, 81920 MiB
2026/04/16 01:32:12.267, 0 %, 62141 MiB, 81920 MiB
2026/04/16 01:32:12.267, 0 %, 0 MiB, 81920 MiB
2026/04/16 01:32:17.268, 0 %, 62141 MiB, 81920 MiB
2026/04/16 01:32:17.268, 0 %, 0 MiB, 81920 MiB
2026/04/16 01:32:22.268, 0 %, 62141 MiB, 81920 MiB
2026/04/16 01:32:22.269, 0 %, 0 MiB, 81920 MiB
2026/04/16 01:32:27.269, 0 %, 62141 MiB, 81920 MiB
2026/04/16 01:32:27.269, 0 %, 0 MiB, 81920 MiB
2026/04/16 01:32:32.270, 0 %, 62141 MiB, 81920 MiB
2026/04/16 01:32:32.270, 0 %, 0 MiB, 81920 MiB
2026/04/16 01:32:37.271, 0 %, 62141 MiB, 81920 MiB
2026/04/16 01:32:37.271, 0 %, 0 MiB, 81920 MiB
2026/04/16 01:32:42.272, 0 %, 62141 MiB, 81920 MiB
2026/04/16 01:32:42.272, 0 %, 0 MiB, 81920 MiB
2026/04/16 01:32:47.273, 0 %, 62141 MiB, 81920 MiB
2026/04/16 01:32:47.273, 0 %, 0 MiB, 81920 MiB
2026/04/16 01:32:52.273, 0 %, 62141 MiB, 81920 MiB
2026/04/16 01:32:52.274, 0 %, 0 MiB, 81920 MiB
2026/04/16 01:32:57.274, 0 %, 62141 MiB, 81920 MiB
2026/04/16 01:32:57.274, 0 %, 0 MiB, 81920 MiB
2026/04/16 01:33:02.275, 0 %, 62141 MiB, 81920 MiB
2026/04/16 01:33:02.275, 0 %, 0 MiB, 81920 MiB
2026/04/16 01:33:07.276, 0 %, 62141 MiB, 81920 MiB
2026/04/16 01:33:07.276, 0 %, 0 MiB, 81920 MiB
2026/04/16 01:33:12.277, 0 %, 62141 MiB, 81920 MiB
2026/04/16 01:33:12.277, 0 %, 0 MiB, 81920 MiB
2026/04/16 01:33:17.278, 0 %, 62141 MiB, 81920 MiB
2026/04/16 01:33:17.278, 0 %, 0 MiB, 81920 MiB
2026/04/16 01:33:22.279, 0 %, 62141 MiB, 81920 MiB
2026/04/16 01:33:22.279, 0 %, 0 MiB, 81920 MiB
2026/04/16 01:33:27.279, 0 %, 62141 MiB, 81920 MiB
2026/04/16 01:33:27.280, 0 %, 0 MiB, 81920 MiB
2026/04/16 01:33:32.280, 0 %, 62141 MiB, 81920 MiB
2026/04/16 01:33:32.280, 0 %, 0 MiB, 81920 MiB
2026/04/16 01:33:37.281, 0 %, 62141 MiB, 81920 MiB
2026/04/16 01:33:37.281, 0 %, 0 MiB, 81920 MiB
2026/04/16 01:33:42.282, 0 %, 62141 MiB, 81920 MiB
2026/04/16 01:33:42.282, 0 %, 0 MiB, 81920 MiB
2026/04/16 01:33:47.283, 0 %, 62141 MiB, 81920 MiB
2026/04/16 01:33:47.283, 0 %, 0 MiB, 81920 MiB
2026/04/16 01:33:52.284, 0 %, 62141 MiB, 81920 MiB
2026/04/16 01:33:52.284, 0 %, 0 MiB, 81920 MiB
2026/04/16 01:33:57.285, 0 %, 62141 MiB, 81920 MiB
2026/04/16 01:33:57.285, 0 %, 0 MiB, 81920 MiB
2026/04/16 01:34:02.285, 0 %, 62141 MiB, 81920 MiB
2026/04/16 01:34:02.286, 0 %, 0 MiB, 81920 MiB
2026/04/16 01:34:07.286, 0 %, 62141 MiB, 81920 MiB
2026/04/16 01:34:07.286, 0 %, 0 MiB, 81920 MiB
2026/04/16 01:34:12.287, 0 %, 62141 MiB, 81920 MiB
2026/04/16 01:34:12.287, 0 %, 0 MiB, 81920 MiB
2026/04/16 01:34:17.288, 0 %, 62141 MiB, 81920 MiB
2026/04/16 01:34:17.288, 0 %, 0 MiB, 81920 MiB
2026/04/16 01:34:22.289, 0 %, 62141 MiB, 81920 MiB
2026/04/16 01:34:22.289, 0 %, 0 MiB, 81920 MiB
2026/04/16 01:34:27.290, 0 %, 62141 MiB, 81920 MiB
2026/04/16 01:34:27.290, 0 %, 0 MiB, 81920 MiB
2026/04/16 01:34:32.291, 0 %, 62141 MiB, 81920 MiB
2026/04/16 01:34:32.291, 0 %, 0 MiB, 81920 MiB
2026/04/16 01:34:37.291, 0 %, 62141 MiB, 81920 MiB
2026/04/16 01:34:37.291, 0 %, 0 MiB, 81920 MiB
2026/04/16 01:34:42.292, 0 %, 62141 MiB, 81920 MiB
2026/04/16 01:34:42.292, 0 %, 0 MiB, 81920 MiB
2026/04/16 01:34:47.293, 0 %, 62141 MiB, 81920 MiB
2026/04/16 01:34:47.293, 0 %, 0 MiB, 81920 MiB
2026/04/16 01:34:52.294, 0 %, 62141 MiB, 81920 MiB
2026/04/16 01:34:52.294, 0 %, 0 MiB, 81920 MiB
2026/04/16 01:34:57.295, 0 %, 62141 MiB, 81920 MiB
2026/04/16 01:34:57.295, 0 %, 0 MiB, 81920 MiB
2026/04/16 01:35:02.296, 0 %, 62141 MiB, 81920 MiB
2026/04/16 01:35:02.296, 0 %, 0 MiB, 81920 MiB
2026/04/16 01:35:07.297, 0 %, 62141 MiB, 81920 MiB
2026/04/16 01:35:07.297, 0 %, 0 MiB, 81920 MiB
2026/04/16 01:35:12.297, 0 %, 62141 MiB, 81920 MiB
2026/04/16 01:35:12.298, 0 %, 0 MiB, 81920 MiB
2026/04/16 01:35:17.298, 0 %, 62141 MiB, 81920 MiB
2026/04/16 01:35:17.298, 0 %, 0 MiB, 81920 MiB
2026/04/16 01:35:22.299, 0 %, 62141 MiB, 81920 MiB
2026/04/16 01:35:22.299, 0 %, 0 MiB, 81920 MiB
2026/04/16 01:35:27.300, 0 %, 62141 MiB, 81920 MiB
2026/04/16 01:35:27.300, 0 %, 0 MiB, 81920 MiB
2026/04/16 01:35:32.301, 0 %, 62141 MiB, 81920 MiB
2026/04/16 01:35:32.301, 0 %, 0 MiB, 81920 MiB
2026/04/16 01:35:37.301, 0 %, 62141 MiB, 81920 MiB
2026/04/16 01:35:37.302, 0 %, 0 MiB, 81920 MiB
2026/04/16 01:35:42.302, 0 %, 62141 MiB, 81920 MiB
2026/04/16 01:35:42.302, 0 %, 0 MiB, 81920 MiB
2026/04/16 01:35:47.303, 0 %, 62141 MiB, 81920 MiB
2026/04/16 01:35:47.303, 0 %, 0 MiB, 81920 MiB
2026/04/16 01:35:52.304, 0 %, 62141 MiB, 81920 MiB
2026/04/16 01:35:52.304, 0 %, 0 MiB, 81920 MiB
2026/04/16 01:35:57.305, 0 %, 62141 MiB, 81920 MiB
2026/04/16 01:35:57.305, 0 %, 0 MiB, 81920 MiB
2026/04/16 01:36:02.306, 0 %, 62141 MiB, 81920 MiB
2026/04/16 01:36:02.306, 0 %, 0 MiB, 81920 MiB
2026/04/16 01:36:07.307, 0 %, 62141 MiB, 81920 MiB
2026/04/16 01:36:07.307, 0 %, 0 MiB, 81920 MiB
2026/04/16 01:36:12.308, 0 %, 62141 MiB, 81920 MiB
2026/04/16 01:36:12.308, 0 %, 0 MiB, 81920 MiB
2026/04/16 01:36:17.308, 0 %, 62141 MiB, 81920 MiB
2026/04/16 01:36:17.309, 0 %, 0 MiB, 81920 MiB
2026/04/16 01:36:22.309, 0 %, 62141 MiB, 81920 MiB
2026/04/16 01:36:22.309, 0 %, 0 MiB, 81920 MiB
2026/04/16 01:36:27.310, 0 %, 62141 MiB, 81920 MiB
2026/04/16 01:36:27.310, 0 %, 0 MiB, 81920 MiB
2026/04/16 01:36:32.311, 0 %, 62141 MiB, 81920 MiB
2026/04/16 01:36:32.311, 0 %, 0 MiB, 81920 MiB
2026/04/16 01:36:37.312, 0 %, 62141 MiB, 81920 MiB
2026/04/16 01:36:37.312, 0 %, 0 MiB, 81920 MiB
2026/04/16 01:36:42.313, 0 %, 62141 MiB, 81920 MiB
2026/04/16 01:36:42.313, 0 %, 0 MiB, 81920 MiB
2026/04/16 01:36:47.314, 0 %, 62141 MiB, 81920 MiB
2026/04/16 01:36:47.314, 0 %, 0 MiB, 81920 MiB
2026/04/16 01:36:52.314, 0 %, 62141 MiB, 81920 MiB
2026/04/16 01:36:52.314, 0 %, 0 MiB, 81920 MiB
2026/04/16 01:36:57.315, 0 %, 62141 MiB, 81920 MiB
2026/04/16 01:36:57.315, 0 %, 0 MiB, 81920 MiB
2026/04/16 01:37:02.316, 0 %, 62141 MiB, 81920 MiB
2026/04/16 01:37:02.316, 0 %, 0 MiB, 81920 MiB
2026/04/16 01:37:07.317, 0 %, 62141 MiB, 81920 MiB
2026/04/16 01:37:07.317, 0 %, 0 MiB, 81920 MiB
2026/04/16 01:37:12.318, 0 %, 62141 MiB, 81920 MiB
2026/04/16 01:37:12.318, 0 %, 0 MiB, 81920 MiB
2026/04/16 01:37:17.319, 0 %, 62141 MiB, 81920 MiB
2026/04/16 01:37:17.319, 0 %, 0 MiB, 81920 MiB
2026/04/16 01:37:22.319, 0 %, 62141 MiB, 81920 MiB
2026/04/16 01:37:22.320, 0 %, 0 MiB, 81920 MiB
2026/04/16 01:37:27.320, 0 %, 62141 MiB, 81920 MiB
2026/04/16 01:37:27.321, 0 %, 0 MiB, 81920 MiB
2026/04/16 01:37:32.321, 0 %, 62141 MiB, 81920 MiB
2026/04/16 01:37:32.321, 0 %, 0 MiB, 81920 MiB
2026/04/16 01:37:37.322, 0 %, 62141 MiB, 81920 MiB
2026/04/16 01:37:37.322, 0 %, 0 MiB, 81920 MiB
2026/04/16 01:37:42.323, 0 %, 62141 MiB, 81920 MiB
2026/04/16 01:37:42.323, 0 %, 0 MiB, 81920 MiB
2026/04/16 01:37:47.324, 0 %, 62141 MiB, 81920 MiB
2026/04/16 01:37:47.324, 0 %, 0 MiB, 81920 MiB
2026/04/16 01:37:52.325, 0 %, 62141 MiB, 81920 MiB
2026/04/16 01:37:52.325, 0 %, 0 MiB, 81920 MiB
2026/04/16 01:37:57.325, 0 %, 62141 MiB, 81920 MiB
2026/04/16 01:37:57.325, 0 %, 0 MiB, 81920 MiB
2026/04/16 01:38:02.326, 0 %, 62141 MiB, 81920 MiB
2026/04/16 01:38:02.326, 0 %, 0 MiB, 81920 MiB
2026/04/16 01:38:07.327, 0 %, 62141 MiB, 81920 MiB
2026/04/16 01:38:07.327, 0 %, 0 MiB, 81920 MiB
2026/04/16 01:38:12.328, 0 %, 62141 MiB, 81920 MiB
2026/04/16 01:38:12.328, 0 %, 0 MiB, 81920 MiB
2026/04/16 01:38:17.329, 0 %, 62141 MiB, 81920 MiB
2026/04/16 01:38:17.329, 0 %, 0 MiB, 81920 MiB
2026/04/16 01:38:22.329, 0 %, 62141 MiB, 81920 MiB
2026/04/16 01:38:22.330, 0 %, 0 MiB, 81920 MiB
2026/04/16 01:38:27.330, 0 %, 62141 MiB, 81920 MiB
2026/04/16 01:38:27.330, 0 %, 0 MiB, 81920 MiB
2026/04/16 01:38:32.331, 0 %, 62141 MiB, 81920 MiB
2026/04/16 01:38:32.331, 0 %, 0 MiB, 81920 MiB
2026/04/16 01:38:37.332, 0 %, 62141 MiB, 81920 MiB
2026/04/16 01:38:37.332, 0 %, 0 MiB, 81920 MiB
2026/04/16 01:38:42.333, 0 %, 62141 MiB, 81920 MiB
2026/04/16 01:38:42.333, 0 %, 0 MiB, 81920 MiB
2026/04/16 01:38:47.334, 0 %, 62141 MiB, 81920 MiB
2026/04/16 01:38:47.334, 0 %, 0 MiB, 81920 MiB
2026/04/16 01:38:52.335, 0 %, 62141 MiB, 81920 MiB
2026/04/16 01:38:52.335, 0 %, 0 MiB, 81920 MiB
2026/04/16 01:38:57.335, 0 %, 62141 MiB, 81920 MiB
2026/04/16 01:38:57.336, 0 %, 0 MiB, 81920 MiB
2026/04/16 01:39:02.336, 0 %, 62141 MiB, 81920 MiB
2026/04/16 01:39:02.336, 0 %, 0 MiB, 81920 MiB
2026/04/16 01:39:07.337, 0 %, 62141 MiB, 81920 MiB
2026/04/16 01:39:07.337, 0 %, 0 MiB, 81920 MiB
2026/04/16 01:39:12.338, 0 %, 62141 MiB, 81920 MiB
2026/04/16 01:39:12.338, 0 %, 0 MiB, 81920 MiB
2026/04/16 01:39:17.339, 0 %, 62141 MiB, 81920 MiB
2026/04/16 01:39:17.339, 0 %, 0 MiB, 81920 MiB
2026/04/16 01:39:22.340, 0 %, 62141 MiB, 81920 MiB
2026/04/16 01:39:22.340, 0 %, 0 MiB, 81920 MiB
2026/04/16 01:39:27.341, 0 %, 62141 MiB, 81920 MiB
2026/04/16 01:39:27.341, 0 %, 0 MiB, 81920 MiB
2026/04/16 01:39:32.341, 0 %, 62141 MiB, 81920 MiB
2026/04/16 01:39:32.342, 0 %, 0 MiB, 81920 MiB
2026/04/16 01:39:37.342, 0 %, 62141 MiB, 81920 MiB
2026/04/16 01:39:37.342, 0 %, 0 MiB, 81920 MiB
2026/04/16 01:39:42.343, 0 %, 62141 MiB, 81920 MiB
2026/04/16 01:39:42.343, 0 %, 0 MiB, 81920 MiB
2026/04/16 01:39:47.344, 0 %, 62141 MiB, 81920 MiB
2026/04/16 01:39:47.344, 0 %, 0 MiB, 81920 MiB
2026/04/16 01:39:52.345, 0 %, 62141 MiB, 81920 MiB
2026/04/16 01:39:52.345, 0 %, 0 MiB, 81920 MiB
2026/04/16 01:39:57.346, 0 %, 62141 MiB, 81920 MiB
2026/04/16 01:39:57.346, 0 %, 0 MiB, 81920 MiB
2026/04/16 01:40:02.347, 0 %, 62141 MiB, 81920 MiB
2026/04/16 01:40:02.347, 0 %, 0 MiB, 81920 MiB
2026/04/16 01:40:07.347, 0 %, 62141 MiB, 81920 MiB
2026/04/16 01:40:07.348, 0 %, 0 MiB, 81920 MiB
2026/04/16 01:40:12.348, 0 %, 62141 MiB, 81920 MiB
2026/04/16 01:40:12.348, 0 %, 0 MiB, 81920 MiB
2026/04/16 01:40:17.349, 0 %, 62141 MiB, 81920 MiB
2026/04/16 01:40:17.349, 0 %, 0 MiB, 81920 MiB
2026/04/16 01:40:22.350, 0 %, 62141 MiB, 81920 MiB
2026/04/16 01:40:22.350, 0 %, 0 MiB, 81920 MiB
2026/04/16 01:40:27.351, 0 %, 62141 MiB, 81920 MiB
2026/04/16 01:40:27.351, 0 %, 0 MiB, 81920 MiB
2026/04/16 01:40:32.352, 0 %, 62141 MiB, 81920 MiB
2026/04/16 01:40:32.352, 0 %, 0 MiB, 81920 MiB
2026/04/16 01:40:37.353, 0 %, 62141 MiB, 81920 MiB
2026/04/16 01:40:37.353, 0 %, 0 MiB, 81920 MiB
2026/04/16 01:40:42.353, 0 %, 62141 MiB, 81920 MiB
2026/04/16 01:40:42.354, 0 %, 0 MiB, 81920 MiB
2026/04/16 01:40:47.354, 0 %, 62141 MiB, 81920 MiB
2026/04/16 01:40:47.354, 0 %, 0 MiB, 81920 MiB
2026/04/16 01:40:52.355, 0 %, 62141 MiB, 81920 MiB
2026/04/16 01:40:52.355, 0 %, 0 MiB, 81920 MiB
2026/04/16 01:40:57.356, 0 %, 62141 MiB, 81920 MiB
2026/04/16 01:40:57.356, 0 %, 0 MiB, 81920 MiB
2026/04/16 01:41:02.357, 0 %, 62141 MiB, 81920 MiB
2026/04/16 01:41:02.357, 0 %, 0 MiB, 81920 MiB
2026/04/16 01:41:07.358, 0 %, 62141 MiB, 81920 MiB
2026/04/16 01:41:07.358, 0 %, 0 MiB, 81920 MiB
2026/04/16 01:41:12.359, 0 %, 62141 MiB, 81920 MiB
2026/04/16 01:41:12.359, 0 %, 0 MiB, 81920 MiB
2026/04/16 01:41:17.359, 0 %, 62141 MiB, 81920 MiB
2026/04/16 01:41:17.359, 0 %, 0 MiB, 81920 MiB
2026/04/16 01:41:22.360, 0 %, 62141 MiB, 81920 MiB
2026/04/16 01:41:22.360, 0 %, 0 MiB, 81920 MiB
2026/04/16 01:41:27.361, 0 %, 62141 MiB, 81920 MiB
2026/04/16 01:41:27.361, 0 %, 0 MiB, 81920 MiB
2026/04/16 01:41:32.362, 0 %, 62141 MiB, 81920 MiB
2026/04/16 01:41:32.362, 0 %, 0 MiB, 81920 MiB
2026/04/16 01:41:37.363, 0 %, 62141 MiB, 81920 MiB
2026/04/16 01:41:37.363, 0 %, 0 MiB, 81920 MiB
2026/04/16 01:41:42.364, 0 %, 62141 MiB, 81920 MiB
2026/04/16 01:41:42.364, 0 %, 0 MiB, 81920 MiB
2026/04/16 01:41:47.365, 0 %, 62141 MiB, 81920 MiB
2026/04/16 01:41:47.365, 0 %, 0 MiB, 81920 MiB
2026/04/16 01:41:52.365, 0 %, 62141 MiB, 81920 MiB
2026/04/16 01:41:52.365, 0 %, 0 MiB, 81920 MiB
2026/04/16 01:41:57.366, 0 %, 62141 MiB, 81920 MiB
2026/04/16 01:41:57.366, 0 %, 0 MiB, 81920 MiB
2026/04/16 01:42:02.367, 0 %, 62141 MiB, 81920 MiB
2026/04/16 01:42:02.367, 0 %, 0 MiB, 81920 MiB
2026/04/16 01:42:07.368, 0 %, 62141 MiB, 81920 MiB
2026/04/16 01:42:07.368, 0 %, 0 MiB, 81920 MiB
2026/04/16 01:42:12.369, 0 %, 62141 MiB, 81920 MiB
2026/04/16 01:42:12.369, 0 %, 0 MiB, 81920 MiB
2026/04/16 01:42:17.370, 0 %, 62141 MiB, 81920 MiB
2026/04/16 01:42:17.370, 0 %, 0 MiB, 81920 MiB
2026/04/16 01:42:22.371, 0 %, 62141 MiB, 81920 MiB
2026/04/16 01:42:22.371, 0 %, 0 MiB, 81920 MiB
2026/04/16 01:42:27.372, 0 %, 62141 MiB, 81920 MiB
2026/04/16 01:42:27.373, 0 %, 0 MiB, 81920 MiB
2026/04/16 01:42:32.373, 0 %, 62141 MiB, 81920 MiB
2026/04/16 01:42:32.373, 0 %, 0 MiB, 81920 MiB
2026/04/16 01:42:37.374, 0 %, 62141 MiB, 81920 MiB
2026/04/16 01:42:37.374, 0 %, 0 MiB, 81920 MiB
2026/04/16 01:42:42.375, 0 %, 62141 MiB, 81920 MiB
2026/04/16 01:42:42.375, 0 %, 0 MiB, 81920 MiB
2026/04/16 01:42:47.376, 0 %, 62141 MiB, 81920 MiB
2026/04/16 01:42:47.377, 0 %, 0 MiB, 81920 MiB
2026/04/16 01:42:52.377, 0 %, 62141 MiB, 81920 MiB
2026/04/16 01:42:52.377, 0 %, 0 MiB, 81920 MiB
2026/04/16 01:42:57.378, 0 %, 62141 MiB, 81920 MiB
2026/04/16 01:42:57.378, 0 %, 0 MiB, 81920 MiB
2026/04/16 01:43:02.379, 0 %, 62141 MiB, 81920 MiB
2026/04/16 01:43:02.379, 0 %, 0 MiB, 81920 MiB
2026/04/16 01:43:07.380, 0 %, 62141 MiB, 81920 MiB
2026/04/16 01:43:07.380, 0 %, 0 MiB, 81920 MiB
2026/04/16 01:43:12.381, 0 %, 62141 MiB, 81920 MiB
2026/04/16 01:43:12.381, 0 %, 0 MiB, 81920 MiB
2026/04/16 01:43:17.381, 0 %, 62141 MiB, 81920 MiB
2026/04/16 01:43:17.382, 0 %, 0 MiB, 81920 MiB
2026/04/16 01:43:22.382, 0 %, 62141 MiB, 81920 MiB
2026/04/16 01:43:22.382, 0 %, 0 MiB, 81920 MiB
2026/04/16 01:43:27.383, 0 %, 62141 MiB, 81920 MiB
2026/04/16 01:43:27.383, 0 %, 0 MiB, 81920 MiB
2026/04/16 01:43:32.384, 0 %, 62141 MiB, 81920 MiB
2026/04/16 01:43:32.384, 0 %, 0 MiB, 81920 MiB
2026/04/16 01:43:37.385, 0 %, 62141 MiB, 81920 MiB
2026/04/16 01:43:37.385, 0 %, 0 MiB, 81920 MiB
2026/04/16 01:43:42.385, 0 %, 62141 MiB, 81920 MiB
2026/04/16 01:43:42.386, 0 %, 0 MiB, 81920 MiB
2026/04/16 01:43:47.386, 0 %, 62141 MiB, 81920 MiB
2026/04/16 01:43:47.387, 0 %, 0 MiB, 81920 MiB
2026/04/16 01:43:52.387, 0 %, 62141 MiB, 81920 MiB
2026/04/16 01:43:52.387, 0 %, 0 MiB, 81920 MiB
2026/04/16 01:43:57.388, 0 %, 62141 MiB, 81920 MiB
2026/04/16 01:43:57.388, 0 %, 0 MiB, 81920 MiB
2026/04/16 01:44:02.389, 0 %, 62141 MiB, 81920 MiB
2026/04/16 01:44:02.389, 0 %, 0 MiB, 81920 MiB
2026/04/16 01:44:07.390, 0 %, 62141 MiB, 81920 MiB
2026/04/16 01:44:07.390, 0 %, 0 MiB, 81920 MiB
2026/04/16 01:44:12.390, 0 %, 62141 MiB, 81920 MiB
2026/04/16 01:44:12.391, 0 %, 0 MiB, 81920 MiB
2026/04/16 01:44:17.391, 0 %, 62141 MiB, 81920 MiB
2026/04/16 01:44:17.391, 0 %, 0 MiB, 81920 MiB
2026/04/16 01:44:22.392, 0 %, 62141 MiB, 81920 MiB
2026/04/16 01:44:22.392, 0 %, 0 MiB, 81920 MiB
2026/04/16 01:44:27.393, 0 %, 62141 MiB, 81920 MiB
2026/04/16 01:44:27.393, 0 %, 0 MiB, 81920 MiB
2026/04/16 01:44:32.394, 0 %, 62141 MiB, 81920 MiB
2026/04/16 01:44:32.394, 0 %, 0 MiB, 81920 MiB
2026/04/16 01:44:37.395, 0 %, 62141 MiB, 81920 MiB
2026/04/16 01:44:37.395, 0 %, 0 MiB, 81920 MiB
2026/04/16 01:44:42.396, 0 %, 62141 MiB, 81920 MiB
2026/04/16 01:44:42.396, 0 %, 0 MiB, 81920 MiB
2026/04/16 01:44:47.397, 0 %, 62141 MiB, 81920 MiB
2026/04/16 01:44:47.397, 0 %, 0 MiB, 81920 MiB
2026/04/16 01:44:52.398, 0 %, 62141 MiB, 81920 MiB
2026/04/16 01:44:52.398, 0 %, 0 MiB, 81920 MiB
2026/04/16 01:44:57.398, 0 %, 62141 MiB, 81920 MiB
2026/04/16 01:44:57.398, 0 %, 0 MiB, 81920 MiB
2026/04/16 01:45:02.399, 0 %, 62141 MiB, 81920 MiB
2026/04/16 01:45:02.399, 0 %, 0 MiB, 81920 MiB
2026/04/16 01:45:07.400, 0 %, 62141 MiB, 81920 MiB
2026/04/16 01:45:07.400, 0 %, 0 MiB, 81920 MiB
2026/04/16 01:45:12.401, 0 %, 62141 MiB, 81920 MiB
2026/04/16 01:45:12.401, 0 %, 0 MiB, 81920 MiB
2026/04/16 01:45:17.401, 0 %, 62141 MiB, 81920 MiB
2026/04/16 01:45:17.402, 0 %, 0 MiB, 81920 MiB
2026/04/16 01:45:22.402, 0 %, 62141 MiB, 81920 MiB
2026/04/16 01:45:22.402, 0 %, 0 MiB, 81920 MiB
2026/04/16 01:45:27.403, 0 %, 62141 MiB, 81920 MiB
2026/04/16 01:45:27.403, 0 %, 0 MiB, 81920 MiB
2026/04/16 01:45:32.404, 0 %, 62175 MiB, 81920 MiB
2026/04/16 01:45:32.404, 0 %, 0 MiB, 81920 MiB
2026/04/16 01:45:37.405, 0 %, 62175 MiB, 81920 MiB
2026/04/16 01:45:37.405, 0 %, 0 MiB, 81920 MiB
2026/04/16 01:45:42.406, 0 %, 62175 MiB, 81920 MiB
2026/04/16 01:45:42.406, 0 %, 0 MiB, 81920 MiB
2026/04/16 01:45:47.407, 0 %, 62175 MiB, 81920 MiB
2026/04/16 01:45:47.407, 0 %, 0 MiB, 81920 MiB
2026/04/16 01:45:52.408, 0 %, 62175 MiB, 81920 MiB
2026/04/16 01:45:52.408, 0 %, 0 MiB, 81920 MiB
2026/04/16 01:45:57.408, 0 %, 62175 MiB, 81920 MiB
2026/04/16 01:45:57.408, 0 %, 0 MiB, 81920 MiB
2026/04/16 01:46:02.409, 0 %, 62175 MiB, 81920 MiB
2026/04/16 01:46:02.409, 0 %, 0 MiB, 81920 MiB
2026/04/16 01:46:07.410, 4 %, 62211 MiB, 81920 MiB
2026/04/16 01:46:07.410, 0 %, 0 MiB, 81920 MiB
2026/04/16 01:46:12.411, 22 %, 62211 MiB, 81920 MiB
2026/04/16 01:46:12.411, 0 %, 0 MiB, 81920 MiB
2026/04/16 01:46:17.412, 0 %, 62175 MiB, 81920 MiB
2026/04/16 01:46:17.412, 0 %, 0 MiB, 81920 MiB
2026/04/16 01:46:22.412, 0 %, 62175 MiB, 81920 MiB
2026/04/16 01:46:22.413, 0 %, 0 MiB, 81920 MiB
2026/04/16 01:46:27.413, 0 %, 62175 MiB, 81920 MiB
2026/04/16 01:46:27.413, 0 %, 0 MiB, 81920 MiB
2026/04/16 01:46:32.414, 0 %, 62175 MiB, 81920 MiB
2026/04/16 01:46:32.414, 0 %, 0 MiB, 81920 MiB
2026/04/16 01:46:37.415, 0 %, 62175 MiB, 81920 MiB
2026/04/16 01:46:37.415, 0 %, 0 MiB, 81920 MiB
2026/04/16 01:46:42.416, 0 %, 62175 MiB, 81920 MiB
2026/04/16 01:46:42.416, 0 %, 0 MiB, 81920 MiB
2026/04/16 01:46:47.417, 0 %, 62175 MiB, 81920 MiB
2026/04/16 01:46:47.417, 0 %, 0 MiB, 81920 MiB
2026/04/16 01:46:52.418, 0 %, 62175 MiB, 81920 MiB
2026/04/16 01:46:52.418, 0 %, 0 MiB, 81920 MiB
2026/04/16 01:46:57.418, 0 %, 62175 MiB, 81920 MiB
2026/04/16 01:46:57.419, 0 %, 0 MiB, 81920 MiB
2026/04/16 01:47:02.419, 0 %, 62175 MiB, 81920 MiB
2026/04/16 01:47:02.419, 0 %, 0 MiB, 81920 MiB
2026/04/16 01:47:07.420, 0 %, 62175 MiB, 81920 MiB
2026/04/16 01:47:07.420, 0 %, 0 MiB, 81920 MiB
2026/04/16 01:47:12.421, 0 %, 62175 MiB, 81920 MiB
2026/04/16 01:47:12.421, 0 %, 0 MiB, 81920 MiB
2026/04/16 01:47:17.422, 0 %, 62175 MiB, 81920 MiB
2026/04/16 01:47:17.422, 0 %, 0 MiB, 81920 MiB
2026/04/16 01:47:22.423, 0 %, 62175 MiB, 81920 MiB
2026/04/16 01:47:22.423, 0 %, 0 MiB, 81920 MiB
2026/04/16 01:47:27.424, 0 %, 62175 MiB, 81920 MiB
2026/04/16 01:47:27.424, 0 %, 0 MiB, 81920 MiB
2026/04/16 01:47:32.425, 0 %, 62175 MiB, 81920 MiB
2026/04/16 01:47:32.425, 0 %, 0 MiB, 81920 MiB
2026/04/16 01:47:37.425, 0 %, 62175 MiB, 81920 MiB
2026/04/16 01:47:37.425, 0 %, 0 MiB, 81920 MiB
2026/04/16 01:47:42.426, 0 %, 62175 MiB, 81920 MiB
2026/04/16 01:47:42.426, 0 %, 0 MiB, 81920 MiB
2026/04/16 01:47:47.427, 0 %, 62175 MiB, 81920 MiB
2026/04/16 01:47:47.427, 0 %, 0 MiB, 81920 MiB
2026/04/16 01:47:52.428, 0 %, 62175 MiB, 81920 MiB
2026/04/16 01:47:52.428, 0 %, 0 MiB, 81920 MiB
2026/04/16 01:47:57.429, 0 %, 62175 MiB, 81920 MiB
2026/04/16 01:47:57.429, 0 %, 0 MiB, 81920 MiB
2026/04/16 01:48:02.430, 0 %, 62175 MiB, 81920 MiB
2026/04/16 01:48:02.430, 0 %, 0 MiB, 81920 MiB
2026/04/16 01:48:07.430, 0 %, 62175 MiB, 81920 MiB
2026/04/16 01:48:07.431, 0 %, 0 MiB, 81920 MiB
2026/04/16 01:48:12.431, 0 %, 62175 MiB, 81920 MiB
2026/04/16 01:48:12.431, 0 %, 0 MiB, 81920 MiB
2026/04/16 01:48:17.432, 0 %, 62175 MiB, 81920 MiB
2026/04/16 01:48:17.432, 0 %, 0 MiB, 81920 MiB
2026/04/16 01:48:22.433, 0 %, 62175 MiB, 81920 MiB
2026/04/16 01:48:22.433, 0 %, 0 MiB, 81920 MiB
2026/04/16 01:48:27.434, 0 %, 62175 MiB, 81920 MiB
2026/04/16 01:48:27.434, 0 %, 0 MiB, 81920 MiB
2026/04/16 01:48:32.435, 0 %, 62175 MiB, 81920 MiB
2026/04/16 01:48:32.435, 0 %, 0 MiB, 81920 MiB
2026/04/16 01:48:37.436, 0 %, 62175 MiB, 81920 MiB
2026/04/16 01:48:37.436, 0 %, 0 MiB, 81920 MiB
2026/04/16 01:48:42.437, 0 %, 62175 MiB, 81920 MiB
2026/04/16 01:48:42.437, 0 %, 0 MiB, 81920 MiB
2026/04/16 01:48:47.437, 0 %, 62175 MiB, 81920 MiB
2026/04/16 01:48:47.437, 0 %, 0 MiB, 81920 MiB
2026/04/16 01:48:52.438, 0 %, 62175 MiB, 81920 MiB
2026/04/16 01:48:52.438, 0 %, 0 MiB, 81920 MiB
2026/04/16 01:48:57.439, 0 %, 62175 MiB, 81920 MiB
2026/04/16 01:48:57.439, 0 %, 0 MiB, 81920 MiB
2026/04/16 01:49:02.440, 0 %, 62175 MiB, 81920 MiB
2026/04/16 01:49:02.440, 0 %, 0 MiB, 81920 MiB
2026/04/16 01:49:07.441, 0 %, 62175 MiB, 81920 MiB
2026/04/16 01:49:07.441, 0 %, 0 MiB, 81920 MiB
2026/04/16 01:49:12.441, 0 %, 62175 MiB, 81920 MiB
2026/04/16 01:49:12.442, 0 %, 0 MiB, 81920 MiB
2026/04/16 01:49:17.442, 0 %, 62175 MiB, 81920 MiB
2026/04/16 01:49:17.442, 0 %, 0 MiB, 81920 MiB
2026/04/16 01:49:22.443, 0 %, 62175 MiB, 81920 MiB
2026/04/16 01:49:22.443, 0 %, 0 MiB, 81920 MiB
2026/04/16 01:49:27.444, 0 %, 62175 MiB, 81920 MiB
2026/04/16 01:49:27.444, 0 %, 0 MiB, 81920 MiB
2026/04/16 01:49:32.445, 0 %, 62175 MiB, 81920 MiB
2026/04/16 01:49:32.445, 0 %, 0 MiB, 81920 MiB
2026/04/16 01:49:37.446, 0 %, 62175 MiB, 81920 MiB
2026/04/16 01:49:37.446, 0 %, 0 MiB, 81920 MiB
2026/04/16 01:49:42.447, 0 %, 62175 MiB, 81920 MiB
2026/04/16 01:49:42.447, 0 %, 0 MiB, 81920 MiB
2026/04/16 01:49:47.447, 0 %, 62175 MiB, 81920 MiB
2026/04/16 01:49:47.448, 0 %, 0 MiB, 81920 MiB
2026/04/16 01:49:52.448, 0 %, 62175 MiB, 81920 MiB
2026/04/16 01:49:52.448, 0 %, 0 MiB, 81920 MiB
2026/04/16 01:49:57.449, 0 %, 62175 MiB, 81920 MiB
2026/04/16 01:49:57.449, 0 %, 0 MiB, 81920 MiB
2026/04/16 01:50:02.450, 0 %, 62175 MiB, 81920 MiB
2026/04/16 01:50:02.450, 0 %, 0 MiB, 81920 MiB
2026/04/16 01:50:07.451, 0 %, 62175 MiB, 81920 MiB
2026/04/16 01:50:07.451, 0 %, 0 MiB, 81920 MiB
2026/04/16 01:50:12.452, 0 %, 62175 MiB, 81920 MiB
2026/04/16 01:50:12.452, 0 %, 0 MiB, 81920 MiB
2026/04/16 01:50:17.453, 0 %, 62175 MiB, 81920 MiB
2026/04/16 01:50:17.453, 0 %, 0 MiB, 81920 MiB
2026/04/16 01:50:22.453, 0 %, 62175 MiB, 81920 MiB
2026/04/16 01:50:22.454, 0 %, 0 MiB, 81920 MiB
2026/04/16 01:50:27.454, 0 %, 62175 MiB, 81920 MiB
2026/04/16 01:50:27.454, 0 %, 0 MiB, 81920 MiB
2026/04/16 01:50:32.455, 0 %, 62175 MiB, 81920 MiB
2026/04/16 01:50:32.455, 0 %, 0 MiB, 81920 MiB
2026/04/16 01:50:37.456, 0 %, 62175 MiB, 81920 MiB
2026/04/16 01:50:37.456, 0 %, 0 MiB, 81920 MiB
2026/04/16 01:50:42.457, 0 %, 62175 MiB, 81920 MiB
2026/04/16 01:50:42.457, 0 %, 0 MiB, 81920 MiB
2026/04/16 01:50:47.458, 0 %, 62175 MiB, 81920 MiB
2026/04/16 01:50:47.458, 0 %, 0 MiB, 81920 MiB
2026/04/16 01:50:52.458, 0 %, 62175 MiB, 81920 MiB
2026/04/16 01:50:52.459, 0 %, 0 MiB, 81920 MiB
2026/04/16 01:50:57.459, 0 %, 62175 MiB, 81920 MiB
2026/04/16 01:50:57.460, 0 %, 0 MiB, 81920 MiB
2026/04/16 01:51:02.460, 0 %, 62175 MiB, 81920 MiB
2026/04/16 01:51:02.460, 0 %, 0 MiB, 81920 MiB
2026/04/16 01:51:07.461, 0 %, 62175 MiB, 81920 MiB
2026/04/16 01:51:07.461, 0 %, 0 MiB, 81920 MiB
2026/04/16 01:51:12.462, 0 %, 62175 MiB, 81920 MiB
2026/04/16 01:51:12.462, 0 %, 0 MiB, 81920 MiB
2026/04/16 01:51:17.463, 0 %, 62175 MiB, 81920 MiB
2026/04/16 01:51:17.463, 0 %, 0 MiB, 81920 MiB
2026/04/16 01:51:22.464, 0 %, 62175 MiB, 81920 MiB
2026/04/16 01:51:22.464, 0 %, 0 MiB, 81920 MiB
2026/04/16 01:51:27.465, 0 %, 62175 MiB, 81920 MiB
2026/04/16 01:51:27.465, 0 %, 0 MiB, 81920 MiB
2026/04/16 01:51:32.465, 0 %, 62175 MiB, 81920 MiB
2026/04/16 01:51:32.466, 0 %, 0 MiB, 81920 MiB
2026/04/16 01:51:37.466, 0 %, 62175 MiB, 81920 MiB
2026/04/16 01:51:37.466, 0 %, 0 MiB, 81920 MiB
2026/04/16 01:51:42.467, 0 %, 62175 MiB, 81920 MiB
2026/04/16 01:51:42.467, 0 %, 0 MiB, 81920 MiB
2026/04/16 01:51:47.468, 0 %, 62175 MiB, 81920 MiB
2026/04/16 01:51:47.468, 0 %, 0 MiB, 81920 MiB
2026/04/16 01:51:52.469, 0 %, 62175 MiB, 81920 MiB
2026/04/16 01:51:52.469, 0 %, 0 MiB, 81920 MiB
2026/04/16 01:51:57.470, 0 %, 62175 MiB, 81920 MiB
2026/04/16 01:51:57.470, 0 %, 0 MiB, 81920 MiB
2026/04/16 01:52:02.471, 0 %, 62175 MiB, 81920 MiB
2026/04/16 01:52:02.471, 0 %, 0 MiB, 81920 MiB
2026/04/16 01:52:07.471, 0 %, 62175 MiB, 81920 MiB
2026/04/16 01:52:07.472, 0 %, 0 MiB, 81920 MiB
2026/04/16 01:52:12.472, 0 %, 62175 MiB, 81920 MiB
2026/04/16 01:52:12.472, 0 %, 0 MiB, 81920 MiB
2026/04/16 01:52:17.473, 0 %, 62175 MiB, 81920 MiB
2026/04/16 01:52:17.473, 0 %, 0 MiB, 81920 MiB
2026/04/16 01:52:22.474, 0 %, 62175 MiB, 81920 MiB
2026/04/16 01:52:22.474, 0 %, 0 MiB, 81920 MiB
2026/04/16 01:52:27.475, 0 %, 62175 MiB, 81920 MiB
2026/04/16 01:52:27.475, 0 %, 0 MiB, 81920 MiB
2026/04/16 01:52:32.476, 0 %, 62175 MiB, 81920 MiB
2026/04/16 01:52:32.476, 0 %, 0 MiB, 81920 MiB
2026/04/16 01:52:37.477, 0 %, 62175 MiB, 81920 MiB
2026/04/16 01:52:37.477, 0 %, 0 MiB, 81920 MiB
2026/04/16 01:52:42.477, 0 %, 62175 MiB, 81920 MiB
2026/04/16 01:52:42.478, 0 %, 0 MiB, 81920 MiB
2026/04/16 01:52:47.478, 0 %, 62175 MiB, 81920 MiB
2026/04/16 01:52:47.478, 0 %, 0 MiB, 81920 MiB
2026/04/16 01:52:52.479, 0 %, 62175 MiB, 81920 MiB
2026/04/16 01:52:52.479, 0 %, 0 MiB, 81920 MiB
2026/04/16 01:52:57.480, 0 %, 62175 MiB, 81920 MiB
2026/04/16 01:52:57.480, 0 %, 0 MiB, 81920 MiB
2026/04/16 01:53:02.481, 0 %, 62175 MiB, 81920 MiB
2026/04/16 01:53:02.481, 0 %, 0 MiB, 81920 MiB
2026/04/16 01:53:07.482, 0 %, 62175 MiB, 81920 MiB
2026/04/16 01:53:07.482, 0 %, 0 MiB, 81920 MiB
2026/04/16 01:53:12.483, 0 %, 62175 MiB, 81920 MiB
2026/04/16 01:53:12.483, 0 %, 0 MiB, 81920 MiB
2026/04/16 01:53:17.483, 0 %, 62175 MiB, 81920 MiB
2026/04/16 01:53:17.484, 0 %, 0 MiB, 81920 MiB
2026/04/16 01:53:22.484, 0 %, 62175 MiB, 81920 MiB
2026/04/16 01:53:22.484, 0 %, 0 MiB, 81920 MiB
2026/04/16 01:53:27.485, 0 %, 62175 MiB, 81920 MiB
2026/04/16 01:53:27.485, 0 %, 0 MiB, 81920 MiB
2026/04/16 01:53:32.486, 0 %, 62175 MiB, 81920 MiB
2026/04/16 01:53:32.486, 0 %, 0 MiB, 81920 MiB
2026/04/16 01:53:37.487, 0 %, 62175 MiB, 81920 MiB
2026/04/16 01:53:37.487, 0 %, 0 MiB, 81920 MiB
2026/04/16 01:53:42.488, 0 %, 62175 MiB, 81920 MiB
2026/04/16 01:53:42.488, 0 %, 0 MiB, 81920 MiB
2026/04/16 01:53:47.489, 0 %, 62175 MiB, 81920 MiB
2026/04/16 01:53:47.489, 0 %, 0 MiB, 81920 MiB
2026/04/16 01:53:52.489, 0 %, 62175 MiB, 81920 MiB
2026/04/16 01:53:52.490, 0 %, 0 MiB, 81920 MiB
2026/04/16 01:53:57.490, 0 %, 62175 MiB, 81920 MiB
2026/04/16 01:53:57.490, 0 %, 0 MiB, 81920 MiB
2026/04/16 01:54:02.491, 0 %, 62175 MiB, 81920 MiB
2026/04/16 01:54:02.491, 0 %, 0 MiB, 81920 MiB
2026/04/16 01:54:07.492, 0 %, 62175 MiB, 81920 MiB
2026/04/16 01:54:07.492, 0 %, 0 MiB, 81920 MiB
2026/04/16 01:54:12.493, 0 %, 62175 MiB, 81920 MiB
2026/04/16 01:54:12.493, 0 %, 0 MiB, 81920 MiB
2026/04/16 01:54:17.494, 0 %, 62175 MiB, 81920 MiB
2026/04/16 01:54:17.494, 0 %, 0 MiB, 81920 MiB
2026/04/16 01:54:22.495, 0 %, 62175 MiB, 81920 MiB
2026/04/16 01:54:22.495, 0 %, 0 MiB, 81920 MiB
2026/04/16 01:54:27.495, 0 %, 62175 MiB, 81920 MiB
2026/04/16 01:54:27.495, 0 %, 0 MiB, 81920 MiB
2026/04/16 01:54:32.496, 0 %, 62175 MiB, 81920 MiB
2026/04/16 01:54:32.496, 0 %, 0 MiB, 81920 MiB
2026/04/16 01:54:37.497, 0 %, 62175 MiB, 81920 MiB
2026/04/16 01:54:37.497, 0 %, 0 MiB, 81920 MiB
2026/04/16 01:54:42.498, 0 %, 62175 MiB, 81920 MiB
2026/04/16 01:54:42.498, 0 %, 0 MiB, 81920 MiB
2026/04/16 01:54:47.499, 0 %, 62175 MiB, 81920 MiB
2026/04/16 01:54:47.499, 0 %, 0 MiB, 81920 MiB
2026/04/16 01:54:52.500, 0 %, 62175 MiB, 81920 MiB
2026/04/16 01:54:52.500, 0 %, 0 MiB, 81920 MiB
2026/04/16 01:54:57.500, 0 %, 62175 MiB, 81920 MiB
2026/04/16 01:54:57.501, 0 %, 0 MiB, 81920 MiB
2026/04/16 01:55:02.501, 0 %, 62175 MiB, 81920 MiB
2026/04/16 01:55:02.501, 0 %, 0 MiB, 81920 MiB
2026/04/16 01:55:07.502, 0 %, 62175 MiB, 81920 MiB
2026/04/16 01:55:07.502, 0 %, 0 MiB, 81920 MiB
2026/04/16 01:55:12.503, 0 %, 62175 MiB, 81920 MiB
2026/04/16 01:55:12.503, 0 %, 0 MiB, 81920 MiB
2026/04/16 01:55:17.504, 0 %, 62175 MiB, 81920 MiB
2026/04/16 01:55:17.504, 0 %, 0 MiB, 81920 MiB
2026/04/16 01:55:22.505, 0 %, 62175 MiB, 81920 MiB
2026/04/16 01:55:22.505, 0 %, 0 MiB, 81920 MiB
2026/04/16 01:55:27.506, 0 %, 62175 MiB, 81920 MiB
2026/04/16 01:55:27.506, 0 %, 0 MiB, 81920 MiB
2026/04/16 01:55:32.507, 0 %, 62175 MiB, 81920 MiB
2026/04/16 01:55:32.507, 0 %, 0 MiB, 81920 MiB
2026/04/16 01:55:37.507, 0 %, 62175 MiB, 81920 MiB
2026/04/16 01:55:37.508, 0 %, 0 MiB, 81920 MiB
2026/04/16 01:55:42.508, 0 %, 62175 MiB, 81920 MiB
2026/04/16 01:55:42.508, 0 %, 0 MiB, 81920 MiB
2026/04/16 01:55:47.509, 0 %, 62175 MiB, 81920 MiB
2026/04/16 01:55:47.509, 0 %, 0 MiB, 81920 MiB
2026/04/16 01:55:52.510, 0 %, 62175 MiB, 81920 MiB
2026/04/16 01:55:52.510, 0 %, 0 MiB, 81920 MiB
2026/04/16 01:55:57.511, 0 %, 62175 MiB, 81920 MiB
2026/04/16 01:55:57.511, 0 %, 0 MiB, 81920 MiB
2026/04/16 01:56:02.512, 0 %, 62175 MiB, 81920 MiB
2026/04/16 01:56:02.512, 0 %, 0 MiB, 81920 MiB
2026/04/16 01:56:07.512, 0 %, 62175 MiB, 81920 MiB
2026/04/16 01:56:07.513, 0 %, 0 MiB, 81920 MiB
2026/04/16 01:56:12.513, 0 %, 62175 MiB, 81920 MiB
2026/04/16 01:56:12.513, 0 %, 0 MiB, 81920 MiB
2026/04/16 01:56:17.514, 0 %, 62175 MiB, 81920 MiB
2026/04/16 01:56:17.514, 0 %, 0 MiB, 81920 MiB
2026/04/16 01:56:22.515, 0 %, 62175 MiB, 81920 MiB
2026/04/16 01:56:22.515, 0 %, 0 MiB, 81920 MiB
2026/04/16 01:56:27.516, 0 %, 62175 MiB, 81920 MiB
2026/04/16 01:56:27.516, 0 %, 0 MiB, 81920 MiB
2026/04/16 01:56:32.517, 0 %, 62175 MiB, 81920 MiB
2026/04/16 01:56:32.517, 0 %, 0 MiB, 81920 MiB
2026/04/16 01:56:37.518, 0 %, 62175 MiB, 81920 MiB
2026/04/16 01:56:37.518, 0 %, 0 MiB, 81920 MiB
2026/04/16 01:56:42.518, 0 %, 62175 MiB, 81920 MiB
2026/04/16 01:56:42.518, 0 %, 0 MiB, 81920 MiB
2026/04/16 01:56:47.519, 0 %, 62175 MiB, 81920 MiB
2026/04/16 01:56:47.519, 0 %, 0 MiB, 81920 MiB
2026/04/16 01:56:52.520, 0 %, 62175 MiB, 81920 MiB
2026/04/16 01:56:52.520, 0 %, 0 MiB, 81920 MiB
2026/04/16 01:56:57.521, 0 %, 62175 MiB, 81920 MiB
2026/04/16 01:56:57.521, 0 %, 0 MiB, 81920 MiB
2026/04/16 01:57:02.523, 0 %, 62175 MiB, 81920 MiB
2026/04/16 01:57:02.523, 0 %, 0 MiB, 81920 MiB
2026/04/16 01:57:07.524, 0 %, 62175 MiB, 81920 MiB
2026/04/16 01:57:07.524, 0 %, 0 MiB, 81920 MiB
2026/04/16 01:57:12.525, 0 %, 62175 MiB, 81920 MiB
2026/04/16 01:57:12.525, 0 %, 0 MiB, 81920 MiB
2026/04/16 01:57:17.525, 0 %, 62175 MiB, 81920 MiB
2026/04/16 01:57:17.526, 0 %, 0 MiB, 81920 MiB
2026/04/16 01:57:22.526, 0 %, 62175 MiB, 81920 MiB
2026/04/16 01:57:22.526, 0 %, 0 MiB, 81920 MiB
2026/04/16 01:57:27.527, 0 %, 62175 MiB, 81920 MiB
2026/04/16 01:57:27.527, 0 %, 0 MiB, 81920 MiB
2026/04/16 01:57:32.529, 0 %, 62175 MiB, 81920 MiB
2026/04/16 01:57:32.529, 0 %, 0 MiB, 81920 MiB
2026/04/16 01:57:37.530, 0 %, 62175 MiB, 81920 MiB
2026/04/16 01:57:37.530, 0 %, 0 MiB, 81920 MiB
2026/04/16 01:57:42.530, 0 %, 62175 MiB, 81920 MiB
2026/04/16 01:57:42.530, 0 %, 0 MiB, 81920 MiB
2026/04/16 01:57:47.531, 0 %, 62175 MiB, 81920 MiB
2026/04/16 01:57:47.531, 0 %, 0 MiB, 81920 MiB
2026/04/16 01:57:52.532, 0 %, 62175 MiB, 81920 MiB
2026/04/16 01:57:52.532, 0 %, 0 MiB, 81920 MiB
2026/04/16 01:57:57.533, 0 %, 62175 MiB, 81920 MiB
2026/04/16 01:57:57.533, 0 %, 0 MiB, 81920 MiB
2026/04/16 01:58:02.534, 0 %, 62175 MiB, 81920 MiB
2026/04/16 01:58:02.534, 0 %, 0 MiB, 81920 MiB
2026/04/16 01:58:07.536, 0 %, 62175 MiB, 81920 MiB
2026/04/16 01:58:07.536, 0 %, 0 MiB, 81920 MiB
2026/04/16 01:58:12.537, 0 %, 62175 MiB, 81920 MiB
2026/04/16 01:58:12.537, 0 %, 0 MiB, 81920 MiB
2026/04/16 01:58:17.538, 0 %, 62175 MiB, 81920 MiB
2026/04/16 01:58:17.538, 0 %, 0 MiB, 81920 MiB
2026/04/16 01:58:22.539, 0 %, 62175 MiB, 81920 MiB
2026/04/16 01:58:22.540, 0 %, 0 MiB, 81920 MiB
2026/04/16 01:58:27.540, 0 %, 62175 MiB, 81920 MiB
2026/04/16 01:58:27.541, 0 %, 0 MiB, 81920 MiB
2026/04/16 01:58:32.541, 0 %, 62175 MiB, 81920 MiB
2026/04/16 01:58:32.541, 0 %, 0 MiB, 81920 MiB
2026/04/16 01:58:37.542, 0 %, 62175 MiB, 81920 MiB
2026/04/16 01:58:37.542, 0 %, 0 MiB, 81920 MiB
2026/04/16 01:58:42.543, 0 %, 62175 MiB, 81920 MiB
2026/04/16 01:58:42.543, 0 %, 0 MiB, 81920 MiB
2026/04/16 01:58:47.544, 0 %, 62175 MiB, 81920 MiB
2026/04/16 01:58:47.544, 0 %, 0 MiB, 81920 MiB
2026/04/16 01:58:52.545, 0 %, 62175 MiB, 81920 MiB
2026/04/16 01:58:52.545, 0 %, 0 MiB, 81920 MiB
2026/04/16 01:58:57.546, 0 %, 62175 MiB, 81920 MiB
2026/04/16 01:58:57.546, 0 %, 0 MiB, 81920 MiB
2026/04/16 01:59:02.547, 0 %, 62175 MiB, 81920 MiB
2026/04/16 01:59:02.547, 0 %, 0 MiB, 81920 MiB
2026/04/16 01:59:07.548, 0 %, 62175 MiB, 81920 MiB
2026/04/16 01:59:07.548, 0 %, 0 MiB, 81920 MiB
2026/04/16 01:59:12.549, 0 %, 62175 MiB, 81920 MiB
2026/04/16 01:59:12.549, 0 %, 0 MiB, 81920 MiB
2026/04/16 01:59:17.549, 0 %, 62175 MiB, 81920 MiB
2026/04/16 01:59:17.550, 0 %, 0 MiB, 81920 MiB
2026/04/16 01:59:22.550, 0 %, 62175 MiB, 81920 MiB
2026/04/16 01:59:22.550, 0 %, 0 MiB, 81920 MiB
2026/04/16 01:59:27.551, 0 %, 62175 MiB, 81920 MiB
2026/04/16 01:59:27.551, 0 %, 0 MiB, 81920 MiB
2026/04/16 01:59:32.552, 0 %, 62175 MiB, 81920 MiB
2026/04/16 01:59:32.552, 0 %, 0 MiB, 81920 MiB
2026/04/16 01:59:37.553, 0 %, 62175 MiB, 81920 MiB
2026/04/16 01:59:37.553, 0 %, 0 MiB, 81920 MiB
2026/04/16 01:59:42.554, 0 %, 62175 MiB, 81920 MiB
2026/04/16 01:59:42.554, 0 %, 0 MiB, 81920 MiB
2026/04/16 01:59:47.555, 0 %, 62175 MiB, 81920 MiB
2026/04/16 01:59:47.556, 0 %, 0 MiB, 81920 MiB
2026/04/16 01:59:52.556, 0 %, 62175 MiB, 81920 MiB
2026/04/16 01:59:52.556, 0 %, 0 MiB, 81920 MiB
2026/04/16 01:59:57.557, 0 %, 62175 MiB, 81920 MiB
2026/04/16 01:59:57.557, 0 %, 0 MiB, 81920 MiB
2026/04/16 02:00:02.558, 0 %, 62175 MiB, 81920 MiB
2026/04/16 02:00:02.558, 0 %, 0 MiB, 81920 MiB
2026/04/16 02:00:07.559, 0 %, 62175 MiB, 81920 MiB
2026/04/16 02:00:07.560, 0 %, 0 MiB, 81920 MiB
2026/04/16 02:00:12.560, 0 %, 62211 MiB, 81920 MiB
2026/04/16 02:00:12.560, 0 %, 0 MiB, 81920 MiB
2026/04/16 02:00:17.561, 0 %, 62211 MiB, 81920 MiB
2026/04/16 02:00:17.561, 0 %, 0 MiB, 81920 MiB
2026/04/16 02:00:22.562, 0 %, 62211 MiB, 81920 MiB
2026/04/16 02:00:22.562, 0 %, 0 MiB, 81920 MiB
2026/04/16 02:00:27.563, 2 %, 62211 MiB, 81920 MiB
2026/04/16 02:00:27.563, 0 %, 0 MiB, 81920 MiB
2026/04/16 02:00:32.564, 0 %, 62211 MiB, 81920 MiB
2026/04/16 02:00:32.564, 0 %, 0 MiB, 81920 MiB
2026/04/16 02:00:37.565, 0 %, 62211 MiB, 81920 MiB
2026/04/16 02:00:37.565, 0 %, 0 MiB, 81920 MiB
2026/04/16 02:00:42.565, 0 %, 62211 MiB, 81920 MiB
2026/04/16 02:00:42.566, 0 %, 0 MiB, 81920 MiB
2026/04/16 02:00:47.566, 0 %, 62211 MiB, 81920 MiB
2026/04/16 02:00:47.566, 0 %, 0 MiB, 81920 MiB
2026/04/16 02:00:52.567, 0 %, 62211 MiB, 81920 MiB
2026/04/16 02:00:52.567, 0 %, 0 MiB, 81920 MiB
2026/04/16 02:00:57.568, 0 %, 62211 MiB, 81920 MiB
2026/04/16 02:00:57.568, 0 %, 0 MiB, 81920 MiB
2026/04/16 02:01:02.569, 0 %, 62211 MiB, 81920 MiB
2026/04/16 02:01:02.569, 0 %, 0 MiB, 81920 MiB
2026/04/16 02:01:07.570, 0 %, 62211 MiB, 81920 MiB
2026/04/16 02:01:07.570, 0 %, 0 MiB, 81920 MiB
2026/04/16 02:01:12.571, 0 %, 62211 MiB, 81920 MiB
2026/04/16 02:01:12.571, 0 %, 0 MiB, 81920 MiB
2026/04/16 02:01:17.571, 0 %, 62211 MiB, 81920 MiB
2026/04/16 02:01:17.572, 0 %, 0 MiB, 81920 MiB
2026/04/16 02:01:22.572, 0 %, 62211 MiB, 81920 MiB
2026/04/16 02:01:22.572, 0 %, 0 MiB, 81920 MiB
2026/04/16 02:01:27.573, 0 %, 62211 MiB, 81920 MiB
2026/04/16 02:01:27.573, 0 %, 0 MiB, 81920 MiB
2026/04/16 02:01:32.574, 0 %, 62211 MiB, 81920 MiB
2026/04/16 02:01:32.574, 0 %, 0 MiB, 81920 MiB
2026/04/16 02:01:37.575, 0 %, 62211 MiB, 81920 MiB
2026/04/16 02:01:37.575, 0 %, 0 MiB, 81920 MiB
2026/04/16 02:01:42.576, 0 %, 62211 MiB, 81920 MiB
2026/04/16 02:01:42.576, 0 %, 0 MiB, 81920 MiB
2026/04/16 02:01:47.576, 0 %, 62211 MiB, 81920 MiB
2026/04/16 02:01:47.577, 0 %, 0 MiB, 81920 MiB
2026/04/16 02:01:52.577, 0 %, 62211 MiB, 81920 MiB
2026/04/16 02:01:52.577, 0 %, 0 MiB, 81920 MiB
2026/04/16 02:01:57.578, 0 %, 62211 MiB, 81920 MiB
2026/04/16 02:01:57.578, 0 %, 0 MiB, 81920 MiB
2026/04/16 02:02:02.579, 0 %, 62211 MiB, 81920 MiB
2026/04/16 02:02:02.579, 0 %, 0 MiB, 81920 MiB
2026/04/16 02:02:07.580, 0 %, 62211 MiB, 81920 MiB
2026/04/16 02:02:07.580, 0 %, 0 MiB, 81920 MiB
2026/04/16 02:02:12.581, 0 %, 62211 MiB, 81920 MiB
2026/04/16 02:02:12.581, 0 %, 0 MiB, 81920 MiB
2026/04/16 02:02:17.582, 0 %, 62211 MiB, 81920 MiB
2026/04/16 02:02:17.582, 0 %, 0 MiB, 81920 MiB
2026/04/16 02:02:22.582, 0 %, 62211 MiB, 81920 MiB
2026/04/16 02:02:22.583, 0 %, 0 MiB, 81920 MiB
2026/04/16 02:02:27.583, 0 %, 62211 MiB, 81920 MiB
2026/04/16 02:02:27.583, 0 %, 0 MiB, 81920 MiB
2026/04/16 02:02:32.584, 0 %, 62211 MiB, 81920 MiB
2026/04/16 02:02:32.584, 0 %, 0 MiB, 81920 MiB
2026/04/16 02:02:37.585, 0 %, 62211 MiB, 81920 MiB
2026/04/16 02:02:37.585, 0 %, 0 MiB, 81920 MiB
2026/04/16 02:02:42.586, 0 %, 62211 MiB, 81920 MiB
2026/04/16 02:02:42.586, 0 %, 0 MiB, 81920 MiB
2026/04/16 02:02:47.587, 0 %, 62211 MiB, 81920 MiB
2026/04/16 02:02:47.587, 0 %, 0 MiB, 81920 MiB
2026/04/16 02:02:52.587, 0 %, 62211 MiB, 81920 MiB
2026/04/16 02:02:52.588, 0 %, 0 MiB, 81920 MiB
2026/04/16 02:02:57.588, 0 %, 62211 MiB, 81920 MiB
2026/04/16 02:02:57.588, 0 %, 0 MiB, 81920 MiB
2026/04/16 02:03:02.589, 0 %, 62211 MiB, 81920 MiB
2026/04/16 02:03:02.589, 0 %, 0 MiB, 81920 MiB
2026/04/16 02:03:07.590, 0 %, 62211 MiB, 81920 MiB
2026/04/16 02:03:07.590, 0 %, 0 MiB, 81920 MiB
2026/04/16 02:03:12.591, 0 %, 62211 MiB, 81920 MiB
2026/04/16 02:03:12.591, 0 %, 0 MiB, 81920 MiB
2026/04/16 02:03:17.592, 0 %, 62211 MiB, 81920 MiB
2026/04/16 02:03:17.592, 0 %, 0 MiB, 81920 MiB
2026/04/16 02:03:22.593, 0 %, 62211 MiB, 81920 MiB
2026/04/16 02:03:22.593, 0 %, 0 MiB, 81920 MiB
2026/04/16 02:03:27.593, 0 %, 62211 MiB, 81920 MiB
2026/04/16 02:03:27.593, 0 %, 0 MiB, 81920 MiB
2026/04/16 02:03:32.594, 0 %, 62211 MiB, 81920 MiB
2026/04/16 02:03:32.594, 0 %, 0 MiB, 81920 MiB
2026/04/16 02:03:37.595, 0 %, 62211 MiB, 81920 MiB
2026/04/16 02:03:37.595, 0 %, 0 MiB, 81920 MiB
2026/04/16 02:03:42.596, 0 %, 62211 MiB, 81920 MiB
2026/04/16 02:03:42.596, 0 %, 0 MiB, 81920 MiB
2026/04/16 02:03:47.597, 0 %, 62211 MiB, 81920 MiB
2026/04/16 02:03:47.597, 0 %, 0 MiB, 81920 MiB
2026/04/16 02:03:52.598, 0 %, 62211 MiB, 81920 MiB
2026/04/16 02:03:52.598, 0 %, 0 MiB, 81920 MiB
2026/04/16 02:03:57.598, 0 %, 62211 MiB, 81920 MiB
2026/04/16 02:03:57.598, 0 %, 0 MiB, 81920 MiB
2026/04/16 02:04:02.599, 0 %, 62211 MiB, 81920 MiB
2026/04/16 02:04:02.599, 0 %, 0 MiB, 81920 MiB
2026/04/16 02:04:07.600, 0 %, 62211 MiB, 81920 MiB
2026/04/16 02:04:07.600, 0 %, 0 MiB, 81920 MiB
2026/04/16 02:04:12.601, 0 %, 62211 MiB, 81920 MiB
2026/04/16 02:04:12.601, 0 %, 0 MiB, 81920 MiB
2026/04/16 02:04:17.602, 0 %, 62211 MiB, 81920 MiB
2026/04/16 02:04:17.602, 0 %, 0 MiB, 81920 MiB
2026/04/16 02:04:22.603, 0 %, 62211 MiB, 81920 MiB
2026/04/16 02:04:22.603, 0 %, 0 MiB, 81920 MiB
2026/04/16 02:04:27.604, 0 %, 62211 MiB, 81920 MiB
2026/04/16 02:04:27.604, 0 %, 0 MiB, 81920 MiB
2026/04/16 02:04:32.604, 0 %, 62211 MiB, 81920 MiB
2026/04/16 02:04:32.605, 0 %, 0 MiB, 81920 MiB
2026/04/16 02:04:37.605, 0 %, 62211 MiB, 81920 MiB
2026/04/16 02:04:37.605, 0 %, 0 MiB, 81920 MiB
2026/04/16 02:04:42.606, 0 %, 62211 MiB, 81920 MiB
2026/04/16 02:04:42.606, 0 %, 0 MiB, 81920 MiB
2026/04/16 02:04:47.607, 0 %, 62211 MiB, 81920 MiB
2026/04/16 02:04:47.607, 0 %, 0 MiB, 81920 MiB
2026/04/16 02:04:52.608, 0 %, 62211 MiB, 81920 MiB
2026/04/16 02:04:52.608, 0 %, 0 MiB, 81920 MiB
2026/04/16 02:04:57.609, 0 %, 62211 MiB, 81920 MiB
2026/04/16 02:04:57.609, 0 %, 0 MiB, 81920 MiB
2026/04/16 02:05:02.610, 0 %, 62211 MiB, 81920 MiB
2026/04/16 02:05:02.610, 0 %, 0 MiB, 81920 MiB
2026/04/16 02:05:07.610, 0 %, 62211 MiB, 81920 MiB
2026/04/16 02:05:07.611, 0 %, 0 MiB, 81920 MiB
2026/04/16 02:05:12.611, 0 %, 62211 MiB, 81920 MiB
2026/04/16 02:05:12.611, 0 %, 0 MiB, 81920 MiB
2026/04/16 02:05:17.612, 0 %, 62211 MiB, 81920 MiB
2026/04/16 02:05:17.612, 0 %, 0 MiB, 81920 MiB
2026/04/16 02:05:22.613, 0 %, 62211 MiB, 81920 MiB
2026/04/16 02:05:22.613, 0 %, 0 MiB, 81920 MiB
2026/04/16 02:05:27.614, 0 %, 62211 MiB, 81920 MiB
2026/04/16 02:05:27.614, 0 %, 0 MiB, 81920 MiB
2026/04/16 02:05:32.615, 0 %, 62211 MiB, 81920 MiB
2026/04/16 02:05:32.615, 0 %, 0 MiB, 81920 MiB
2026/04/16 02:05:37.615, 0 %, 62211 MiB, 81920 MiB
2026/04/16 02:05:37.616, 0 %, 0 MiB, 81920 MiB
2026/04/16 02:05:42.616, 0 %, 62211 MiB, 81920 MiB
2026/04/16 02:05:42.616, 0 %, 0 MiB, 81920 MiB
2026/04/16 02:05:47.617, 0 %, 62211 MiB, 81920 MiB
2026/04/16 02:05:47.617, 0 %, 0 MiB, 81920 MiB
2026/04/16 02:05:52.618, 0 %, 62211 MiB, 81920 MiB
2026/04/16 02:05:52.618, 0 %, 0 MiB, 81920 MiB
2026/04/16 02:05:57.619, 0 %, 62211 MiB, 81920 MiB
2026/04/16 02:05:57.619, 0 %, 0 MiB, 81920 MiB
2026/04/16 02:06:02.620, 0 %, 62211 MiB, 81920 MiB
2026/04/16 02:06:02.620, 0 %, 0 MiB, 81920 MiB
2026/04/16 02:06:07.621, 0 %, 62211 MiB, 81920 MiB
2026/04/16 02:06:07.621, 0 %, 0 MiB, 81920 MiB
2026/04/16 02:06:12.621, 0 %, 62211 MiB, 81920 MiB
2026/04/16 02:06:12.622, 0 %, 0 MiB, 81920 MiB
2026/04/16 02:06:17.622, 0 %, 62211 MiB, 81920 MiB
2026/04/16 02:06:17.622, 0 %, 0 MiB, 81920 MiB
2026/04/16 02:06:22.623, 0 %, 62211 MiB, 81920 MiB
2026/04/16 02:06:22.623, 0 %, 0 MiB, 81920 MiB
2026/04/16 02:06:27.624, 0 %, 62211 MiB, 81920 MiB
2026/04/16 02:06:27.624, 0 %, 0 MiB, 81920 MiB
2026/04/16 02:06:32.625, 0 %, 62211 MiB, 81920 MiB
2026/04/16 02:06:32.625, 0 %, 0 MiB, 81920 MiB
2026/04/16 02:06:37.626, 0 %, 62211 MiB, 81920 MiB
2026/04/16 02:06:37.626, 0 %, 0 MiB, 81920 MiB
2026/04/16 02:06:42.626, 0 %, 62211 MiB, 81920 MiB
2026/04/16 02:06:42.627, 0 %, 0 MiB, 81920 MiB
2026/04/16 02:06:47.627, 0 %, 62211 MiB, 81920 MiB
2026/04/16 02:06:47.627, 0 %, 0 MiB, 81920 MiB
2026/04/16 02:06:52.628, 0 %, 62211 MiB, 81920 MiB
2026/04/16 02:06:52.628, 0 %, 0 MiB, 81920 MiB
2026/04/16 02:06:57.629, 0 %, 62211 MiB, 81920 MiB
2026/04/16 02:06:57.629, 0 %, 0 MiB, 81920 MiB
2026/04/16 02:07:02.630, 0 %, 62211 MiB, 81920 MiB
2026/04/16 02:07:02.630, 0 %, 0 MiB, 81920 MiB
2026/04/16 02:07:07.631, 0 %, 62211 MiB, 81920 MiB
2026/04/16 02:07:07.631, 0 %, 0 MiB, 81920 MiB
2026/04/16 02:07:12.631, 0 %, 62211 MiB, 81920 MiB
2026/04/16 02:07:12.632, 0 %, 0 MiB, 81920 MiB
2026/04/16 02:07:17.632, 0 %, 62211 MiB, 81920 MiB
2026/04/16 02:07:17.632, 0 %, 0 MiB, 81920 MiB
2026/04/16 02:07:22.633, 0 %, 62211 MiB, 81920 MiB
2026/04/16 02:07:22.633, 0 %, 0 MiB, 81920 MiB
2026/04/16 02:07:27.634, 0 %, 62211 MiB, 81920 MiB
2026/04/16 02:07:27.634, 0 %, 0 MiB, 81920 MiB
2026/04/16 02:07:32.635, 0 %, 62211 MiB, 81920 MiB
2026/04/16 02:07:32.635, 0 %, 0 MiB, 81920 MiB
2026/04/16 02:07:37.636, 0 %, 62211 MiB, 81920 MiB
2026/04/16 02:07:37.636, 0 %, 0 MiB, 81920 MiB
2026/04/16 02:07:42.636, 0 %, 62211 MiB, 81920 MiB
2026/04/16 02:07:42.637, 0 %, 0 MiB, 81920 MiB
2026/04/16 02:07:47.637, 0 %, 62211 MiB, 81920 MiB
2026/04/16 02:07:47.637, 0 %, 0 MiB, 81920 MiB
2026/04/16 02:07:52.638, 0 %, 62211 MiB, 81920 MiB
2026/04/16 02:07:52.638, 0 %, 0 MiB, 81920 MiB
2026/04/16 02:07:57.639, 0 %, 62211 MiB, 81920 MiB
2026/04/16 02:07:57.639, 0 %, 0 MiB, 81920 MiB
2026/04/16 02:08:02.640, 0 %, 62211 MiB, 81920 MiB
2026/04/16 02:08:02.640, 0 %, 0 MiB, 81920 MiB
2026/04/16 02:08:07.641, 0 %, 62211 MiB, 81920 MiB
2026/04/16 02:08:07.641, 0 %, 0 MiB, 81920 MiB
2026/04/16 02:08:12.641, 0 %, 62211 MiB, 81920 MiB
2026/04/16 02:08:12.642, 0 %, 0 MiB, 81920 MiB
2026/04/16 02:08:17.642, 0 %, 62211 MiB, 81920 MiB
2026/04/16 02:08:17.642, 0 %, 0 MiB, 81920 MiB
2026/04/16 02:08:22.643, 0 %, 62211 MiB, 81920 MiB
2026/04/16 02:08:22.643, 0 %, 0 MiB, 81920 MiB
2026/04/16 02:08:27.644, 0 %, 62211 MiB, 81920 MiB
2026/04/16 02:08:27.644, 0 %, 0 MiB, 81920 MiB
2026/04/16 02:08:32.645, 0 %, 62211 MiB, 81920 MiB
2026/04/16 02:08:32.645, 0 %, 0 MiB, 81920 MiB
2026/04/16 02:08:37.645, 0 %, 62211 MiB, 81920 MiB
2026/04/16 02:08:37.646, 0 %, 0 MiB, 81920 MiB
2026/04/16 02:08:42.646, 0 %, 62211 MiB, 81920 MiB
2026/04/16 02:08:42.646, 0 %, 0 MiB, 81920 MiB
2026/04/16 02:08:47.647, 0 %, 62211 MiB, 81920 MiB
2026/04/16 02:08:47.647, 0 %, 0 MiB, 81920 MiB
2026/04/16 02:08:52.648, 0 %, 62211 MiB, 81920 MiB
2026/04/16 02:08:52.648, 0 %, 0 MiB, 81920 MiB
2026/04/16 02:08:57.649, 0 %, 62211 MiB, 81920 MiB
2026/04/16 02:08:57.649, 0 %, 0 MiB, 81920 MiB
2026/04/16 02:09:02.650, 0 %, 62211 MiB, 81920 MiB
2026/04/16 02:09:02.650, 0 %, 0 MiB, 81920 MiB
2026/04/16 02:09:07.651, 0 %, 62211 MiB, 81920 MiB
2026/04/16 02:09:07.651, 0 %, 0 MiB, 81920 MiB
2026/04/16 02:09:12.651, 0 %, 62211 MiB, 81920 MiB
2026/04/16 02:09:12.651, 0 %, 0 MiB, 81920 MiB
2026/04/16 02:09:17.652, 0 %, 62211 MiB, 81920 MiB
2026/04/16 02:09:17.652, 0 %, 0 MiB, 81920 MiB
2026/04/16 02:09:22.653, 0 %, 62211 MiB, 81920 MiB
2026/04/16 02:09:22.653, 0 %, 0 MiB, 81920 MiB
2026/04/16 02:09:27.654, 0 %, 62211 MiB, 81920 MiB
2026/04/16 02:09:27.654, 0 %, 0 MiB, 81920 MiB
2026/04/16 02:09:32.654, 0 %, 62211 MiB, 81920 MiB
2026/04/16 02:09:32.654, 0 %, 0 MiB, 81920 MiB
2026/04/16 02:09:37.655, 0 %, 62211 MiB, 81920 MiB
2026/04/16 02:09:37.655, 0 %, 0 MiB, 81920 MiB
2026/04/16 02:09:42.656, 0 %, 62211 MiB, 81920 MiB
2026/04/16 02:09:42.656, 0 %, 0 MiB, 81920 MiB
2026/04/16 02:09:47.657, 0 %, 62211 MiB, 81920 MiB
2026/04/16 02:09:47.657, 0 %, 0 MiB, 81920 MiB
2026/04/16 02:09:52.658, 0 %, 62211 MiB, 81920 MiB
2026/04/16 02:09:52.658, 0 %, 0 MiB, 81920 MiB
2026/04/16 02:09:57.659, 0 %, 62211 MiB, 81920 MiB
2026/04/16 02:09:57.659, 0 %, 0 MiB, 81920 MiB
2026/04/16 02:10:02.660, 0 %, 62211 MiB, 81920 MiB
2026/04/16 02:10:02.660, 0 %, 0 MiB, 81920 MiB
2026/04/16 02:10:07.661, 0 %, 62211 MiB, 81920 MiB
2026/04/16 02:10:07.661, 0 %, 0 MiB, 81920 MiB
2026/04/16 02:10:12.662, 0 %, 62211 MiB, 81920 MiB
2026/04/16 02:10:12.662, 0 %, 0 MiB, 81920 MiB
2026/04/16 02:10:17.663, 0 %, 62211 MiB, 81920 MiB
2026/04/16 02:10:17.663, 0 %, 0 MiB, 81920 MiB
2026/04/16 02:10:22.664, 0 %, 62211 MiB, 81920 MiB
2026/04/16 02:10:22.664, 0 %, 0 MiB, 81920 MiB
2026/04/16 02:10:27.665, 0 %, 62211 MiB, 81920 MiB
2026/04/16 02:10:27.665, 0 %, 0 MiB, 81920 MiB
2026/04/16 02:10:32.666, 0 %, 62211 MiB, 81920 MiB
2026/04/16 02:10:32.666, 0 %, 0 MiB, 81920 MiB
2026/04/16 02:10:37.666, 0 %, 62211 MiB, 81920 MiB
2026/04/16 02:10:37.667, 0 %, 0 MiB, 81920 MiB
2026/04/16 02:10:42.667, 0 %, 62211 MiB, 81920 MiB
2026/04/16 02:10:42.668, 0 %, 0 MiB, 81920 MiB
2026/04/16 02:10:47.668, 0 %, 62211 MiB, 81920 MiB
2026/04/16 02:10:47.669, 0 %, 0 MiB, 81920 MiB
2026/04/16 02:10:52.669, 0 %, 62211 MiB, 81920 MiB
2026/04/16 02:10:52.669, 0 %, 0 MiB, 81920 MiB
2026/04/16 02:10:57.670, 0 %, 62211 MiB, 81920 MiB
2026/04/16 02:10:57.670, 0 %, 0 MiB, 81920 MiB
2026/04/16 02:11:02.671, 0 %, 62211 MiB, 81920 MiB
2026/04/16 02:11:02.671, 0 %, 0 MiB, 81920 MiB
2026/04/16 02:11:07.672, 0 %, 62211 MiB, 81920 MiB
2026/04/16 02:11:07.672, 0 %, 0 MiB, 81920 MiB
2026/04/16 02:11:12.673, 0 %, 62211 MiB, 81920 MiB
2026/04/16 02:11:12.673, 0 %, 0 MiB, 81920 MiB
2026/04/16 02:11:17.675, 0 %, 62211 MiB, 81920 MiB
2026/04/16 02:11:17.675, 0 %, 0 MiB, 81920 MiB
2026/04/16 02:11:22.675, 0 %, 62211 MiB, 81920 MiB
2026/04/16 02:11:22.675, 0 %, 0 MiB, 81920 MiB
2026/04/16 02:11:27.676, 0 %, 62211 MiB, 81920 MiB
2026/04/16 02:11:27.676, 0 %, 0 MiB, 81920 MiB
2026/04/16 02:11:32.677, 0 %, 62211 MiB, 81920 MiB
2026/04/16 02:11:32.677, 0 %, 0 MiB, 81920 MiB
2026/04/16 02:11:37.677, 0 %, 62211 MiB, 81920 MiB
2026/04/16 02:11:37.678, 0 %, 0 MiB, 81920 MiB
2026/04/16 02:11:42.678, 0 %, 62211 MiB, 81920 MiB
2026/04/16 02:11:42.678, 0 %, 0 MiB, 81920 MiB
2026/04/16 02:11:47.679, 0 %, 62211 MiB, 81920 MiB
2026/04/16 02:11:47.679, 0 %, 0 MiB, 81920 MiB
2026/04/16 02:11:52.680, 0 %, 62211 MiB, 81920 MiB
2026/04/16 02:11:52.680, 0 %, 0 MiB, 81920 MiB
2026/04/16 02:11:57.681, 0 %, 62211 MiB, 81920 MiB
2026/04/16 02:11:57.681, 0 %, 0 MiB, 81920 MiB
2026/04/16 02:12:02.682, 0 %, 62211 MiB, 81920 MiB
2026/04/16 02:12:02.682, 0 %, 0 MiB, 81920 MiB
2026/04/16 02:12:07.682, 0 %, 62211 MiB, 81920 MiB
2026/04/16 02:12:07.682, 0 %, 0 MiB, 81920 MiB
2026/04/16 02:12:12.683, 0 %, 62211 MiB, 81920 MiB
2026/04/16 02:12:12.683, 0 %, 0 MiB, 81920 MiB
2026/04/16 02:12:17.684, 0 %, 62211 MiB, 81920 MiB
2026/04/16 02:12:17.684, 0 %, 0 MiB, 81920 MiB
2026/04/16 02:12:22.685, 0 %, 62211 MiB, 81920 MiB
2026/04/16 02:12:22.685, 0 %, 0 MiB, 81920 MiB
2026/04/16 02:12:27.686, 0 %, 62211 MiB, 81920 MiB
2026/04/16 02:12:27.686, 0 %, 0 MiB, 81920 MiB
2026/04/16 02:12:32.687, 0 %, 62211 MiB, 81920 MiB
2026/04/16 02:12:32.687, 0 %, 0 MiB, 81920 MiB
2026/04/16 02:12:37.687, 0 %, 62211 MiB, 81920 MiB
2026/04/16 02:12:37.688, 0 %, 0 MiB, 81920 MiB
2026/04/16 02:12:42.688, 0 %, 62211 MiB, 81920 MiB
2026/04/16 02:12:42.688, 0 %, 0 MiB, 81920 MiB
2026/04/16 02:12:47.689, 0 %, 62211 MiB, 81920 MiB
2026/04/16 02:12:47.689, 0 %, 0 MiB, 81920 MiB
2026/04/16 02:12:52.690, 0 %, 62211 MiB, 81920 MiB
2026/04/16 02:12:52.690, 0 %, 0 MiB, 81920 MiB
2026/04/16 02:12:57.691, 0 %, 62211 MiB, 81920 MiB
2026/04/16 02:12:57.691, 0 %, 0 MiB, 81920 MiB
2026/04/16 02:13:02.692, 0 %, 62211 MiB, 81920 MiB
2026/04/16 02:13:02.692, 0 %, 0 MiB, 81920 MiB
2026/04/16 02:13:07.692, 0 %, 62211 MiB, 81920 MiB
2026/04/16 02:13:07.692, 0 %, 0 MiB, 81920 MiB
2026/04/16 02:13:12.693, 0 %, 62211 MiB, 81920 MiB
2026/04/16 02:13:12.693, 0 %, 0 MiB, 81920 MiB
2026/04/16 02:13:17.694, 0 %, 62211 MiB, 81920 MiB
2026/04/16 02:13:17.694, 0 %, 0 MiB, 81920 MiB
2026/04/16 02:13:22.695, 0 %, 62211 MiB, 81920 MiB
2026/04/16 02:13:22.695, 0 %, 0 MiB, 81920 MiB
2026/04/16 02:13:27.696, 0 %, 62211 MiB, 81920 MiB
2026/04/16 02:13:27.696, 0 %, 0 MiB, 81920 MiB
2026/04/16 02:13:32.696, 0 %, 62211 MiB, 81920 MiB
2026/04/16 02:13:32.697, 0 %, 0 MiB, 81920 MiB
2026/04/16 02:13:37.697, 0 %, 62211 MiB, 81920 MiB
2026/04/16 02:13:37.697, 0 %, 0 MiB, 81920 MiB
2026/04/16 02:13:42.698, 0 %, 62211 MiB, 81920 MiB
2026/04/16 02:13:42.698, 0 %, 0 MiB, 81920 MiB
2026/04/16 02:13:47.699, 0 %, 62211 MiB, 81920 MiB
2026/04/16 02:13:47.699, 0 %, 0 MiB, 81920 MiB
2026/04/16 02:13:52.700, 0 %, 62211 MiB, 81920 MiB
2026/04/16 02:13:52.700, 0 %, 0 MiB, 81920 MiB
2026/04/16 02:13:57.701, 0 %, 62211 MiB, 81920 MiB
2026/04/16 02:13:57.701, 0 %, 0 MiB, 81920 MiB
2026/04/16 02:14:02.701, 0 %, 62211 MiB, 81920 MiB
2026/04/16 02:14:02.702, 0 %, 0 MiB, 81920 MiB
2026/04/16 02:14:07.702, 0 %, 62211 MiB, 81920 MiB
2026/04/16 02:14:07.702, 0 %, 0 MiB, 81920 MiB
2026/04/16 02:14:12.703, 0 %, 62211 MiB, 81920 MiB
2026/04/16 02:14:12.703, 0 %, 0 MiB, 81920 MiB
2026/04/16 02:14:17.704, 0 %, 62211 MiB, 81920 MiB
2026/04/16 02:14:17.704, 0 %, 0 MiB, 81920 MiB
2026/04/16 02:14:22.705, 0 %, 62211 MiB, 81920 MiB
2026/04/16 02:14:22.705, 0 %, 0 MiB, 81920 MiB
2026/04/16 02:14:27.705, 0 %, 62211 MiB, 81920 MiB
2026/04/16 02:14:27.706, 0 %, 0 MiB, 81920 MiB
2026/04/16 02:14:32.706, 0 %, 62211 MiB, 81920 MiB
2026/04/16 02:14:32.706, 0 %, 0 MiB, 81920 MiB
2026/04/16 02:14:37.707, 0 %, 62211 MiB, 81920 MiB
2026/04/16 02:14:37.707, 0 %, 0 MiB, 81920 MiB
2026/04/16 02:14:42.708, 0 %, 62211 MiB, 81920 MiB
2026/04/16 02:14:42.708, 0 %, 0 MiB, 81920 MiB
2026/04/16 02:14:47.709, 17 %, 62245 MiB, 81920 MiB
2026/04/16 02:14:47.709, 0 %, 0 MiB, 81920 MiB
2026/04/16 02:14:52.710, 0 %, 62245 MiB, 81920 MiB
2026/04/16 02:14:52.710, 0 %, 0 MiB, 81920 MiB
2026/04/16 02:14:57.711, 37 %, 62279 MiB, 81920 MiB
2026/04/16 02:14:57.711, 0 %, 0 MiB, 81920 MiB
2026/04/16 02:15:02.711, 8 %, 62279 MiB, 81920 MiB
2026/04/16 02:15:02.711, 0 %, 0 MiB, 81920 MiB
2026/04/16 02:15:07.712, 19 %, 62245 MiB, 81920 MiB
2026/04/16 02:15:07.712, 0 %, 0 MiB, 81920 MiB
2026/04/16 02:15:12.713, 0 %, 62245 MiB, 81920 MiB
2026/04/16 02:15:12.713, 0 %, 0 MiB, 81920 MiB
2026/04/16 02:15:17.713, 0 %, 62245 MiB, 81920 MiB
2026/04/16 02:15:17.713, 0 %, 0 MiB, 81920 MiB
2026/04/16 02:15:22.714, 0 %, 62245 MiB, 81920 MiB
2026/04/16 02:15:22.714, 0 %, 0 MiB, 81920 MiB
2026/04/16 02:15:27.715, 0 %, 62245 MiB, 81920 MiB
2026/04/16 02:15:27.715, 0 %, 0 MiB, 81920 MiB
2026/04/16 02:15:32.715, 0 %, 62245 MiB, 81920 MiB
2026/04/16 02:15:32.715, 0 %, 0 MiB, 81920 MiB
2026/04/16 02:15:37.716, 0 %, 62245 MiB, 81920 MiB
2026/04/16 02:15:37.716, 0 %, 0 MiB, 81920 MiB
2026/04/16 02:15:42.717, 0 %, 62245 MiB, 81920 MiB
2026/04/16 02:15:42.717, 0 %, 0 MiB, 81920 MiB
2026/04/16 02:15:47.717, 0 %, 62245 MiB, 81920 MiB
2026/04/16 02:15:47.718, 0 %, 0 MiB, 81920 MiB
2026/04/16 02:15:52.718, 0 %, 62245 MiB, 81920 MiB
2026/04/16 02:15:52.718, 0 %, 0 MiB, 81920 MiB
2026/04/16 02:15:57.719, 0 %, 62245 MiB, 81920 MiB
2026/04/16 02:15:57.719, 0 %, 0 MiB, 81920 MiB
2026/04/16 02:16:02.719, 0 %, 62245 MiB, 81920 MiB
2026/04/16 02:16:02.720, 0 %, 0 MiB, 81920 MiB
2026/04/16 02:16:07.720, 0 %, 62245 MiB, 81920 MiB
2026/04/16 02:16:07.720, 0 %, 0 MiB, 81920 MiB
2026/04/16 02:16:12.721, 0 %, 62245 MiB, 81920 MiB
2026/04/16 02:16:12.721, 0 %, 0 MiB, 81920 MiB
2026/04/16 02:16:17.721, 0 %, 62245 MiB, 81920 MiB
2026/04/16 02:16:17.721, 0 %, 0 MiB, 81920 MiB
2026/04/16 02:16:22.722, 0 %, 62245 MiB, 81920 MiB
2026/04/16 02:16:22.722, 0 %, 0 MiB, 81920 MiB
2026/04/16 02:16:27.723, 0 %, 62245 MiB, 81920 MiB
2026/04/16 02:16:27.723, 0 %, 0 MiB, 81920 MiB
2026/04/16 02:16:32.724, 0 %, 62245 MiB, 81920 MiB
2026/04/16 02:16:32.724, 0 %, 0 MiB, 81920 MiB
2026/04/16 02:16:37.724, 0 %, 62245 MiB, 81920 MiB
2026/04/16 02:16:37.724, 0 %, 0 MiB, 81920 MiB
2026/04/16 02:16:42.725, 0 %, 62245 MiB, 81920 MiB
2026/04/16 02:16:42.725, 0 %, 0 MiB, 81920 MiB
2026/04/16 02:16:47.726, 0 %, 62245 MiB, 81920 MiB
2026/04/16 02:16:47.726, 0 %, 0 MiB, 81920 MiB
2026/04/16 02:16:52.727, 0 %, 62245 MiB, 81920 MiB
2026/04/16 02:16:52.727, 0 %, 0 MiB, 81920 MiB
2026/04/16 02:16:57.727, 0 %, 62245 MiB, 81920 MiB
2026/04/16 02:16:57.728, 0 %, 0 MiB, 81920 MiB
2026/04/16 02:17:02.728, 0 %, 62245 MiB, 81920 MiB
2026/04/16 02:17:02.728, 0 %, 0 MiB, 81920 MiB
2026/04/16 02:17:07.729, 0 %, 62245 MiB, 81920 MiB
2026/04/16 02:17:07.729, 0 %, 0 MiB, 81920 MiB
2026/04/16 02:17:12.730, 0 %, 62245 MiB, 81920 MiB
2026/04/16 02:17:12.730, 0 %, 0 MiB, 81920 MiB
2026/04/16 02:17:17.731, 0 %, 62245 MiB, 81920 MiB
2026/04/16 02:17:17.731, 0 %, 0 MiB, 81920 MiB
2026/04/16 02:17:22.732, 0 %, 62245 MiB, 81920 MiB
2026/04/16 02:17:22.732, 0 %, 0 MiB, 81920 MiB
2026/04/16 02:17:27.733, 0 %, 62245 MiB, 81920 MiB
2026/04/16 02:17:27.733, 0 %, 0 MiB, 81920 MiB
2026/04/16 02:17:32.733, 0 %, 62245 MiB, 81920 MiB
2026/04/16 02:17:32.734, 0 %, 0 MiB, 81920 MiB
2026/04/16 02:17:37.734, 0 %, 62245 MiB, 81920 MiB
2026/04/16 02:17:37.735, 0 %, 0 MiB, 81920 MiB
2026/04/16 02:17:42.735, 0 %, 62245 MiB, 81920 MiB
2026/04/16 02:17:42.735, 0 %, 0 MiB, 81920 MiB
2026/04/16 02:17:47.736, 0 %, 62245 MiB, 81920 MiB
2026/04/16 02:17:47.736, 0 %, 0 MiB, 81920 MiB
2026/04/16 02:17:52.737, 0 %, 62245 MiB, 81920 MiB
2026/04/16 02:17:52.737, 0 %, 0 MiB, 81920 MiB
2026/04/16 02:17:57.738, 0 %, 62245 MiB, 81920 MiB
2026/04/16 02:17:57.738, 0 %, 0 MiB, 81920 MiB
2026/04/16 02:18:02.739, 0 %, 62245 MiB, 81920 MiB
2026/04/16 02:18:02.739, 0 %, 0 MiB, 81920 MiB
2026/04/16 02:18:07.740, 0 %, 62245 MiB, 81920 MiB
2026/04/16 02:18:07.740, 0 %, 0 MiB, 81920 MiB
2026/04/16 02:18:12.741, 0 %, 62245 MiB, 81920 MiB
2026/04/16 02:18:12.741, 0 %, 0 MiB, 81920 MiB
2026/04/16 02:18:17.742, 0 %, 62245 MiB, 81920 MiB
2026/04/16 02:18:17.742, 0 %, 0 MiB, 81920 MiB
2026/04/16 02:18:22.742, 0 %, 62245 MiB, 81920 MiB
2026/04/16 02:18:22.743, 0 %, 0 MiB, 81920 MiB
2026/04/16 02:18:27.743, 0 %, 62245 MiB, 81920 MiB
2026/04/16 02:18:27.744, 0 %, 0 MiB, 81920 MiB
2026/04/16 02:18:32.744, 0 %, 62245 MiB, 81920 MiB
2026/04/16 02:18:32.744, 0 %, 0 MiB, 81920 MiB
2026/04/16 02:18:37.745, 0 %, 62245 MiB, 81920 MiB
2026/04/16 02:18:37.745, 0 %, 0 MiB, 81920 MiB
2026/04/16 02:18:42.746, 0 %, 62245 MiB, 81920 MiB
2026/04/16 02:18:42.746, 0 %, 0 MiB, 81920 MiB
2026/04/16 02:18:47.747, 0 %, 62245 MiB, 81920 MiB
2026/04/16 02:18:47.747, 0 %, 0 MiB, 81920 MiB
2026/04/16 02:18:52.748, 0 %, 62245 MiB, 81920 MiB
2026/04/16 02:18:52.748, 0 %, 0 MiB, 81920 MiB
2026/04/16 02:18:57.749, 0 %, 62245 MiB, 81920 MiB
2026/04/16 02:18:57.749, 0 %, 0 MiB, 81920 MiB
2026/04/16 02:19:02.750, 0 %, 62245 MiB, 81920 MiB
2026/04/16 02:19:02.750, 0 %, 0 MiB, 81920 MiB
2026/04/16 02:19:07.751, 0 %, 62245 MiB, 81920 MiB
2026/04/16 02:19:07.751, 0 %, 0 MiB, 81920 MiB
2026/04/16 02:19:12.751, 0 %, 62245 MiB, 81920 MiB
2026/04/16 02:19:12.752, 0 %, 0 MiB, 81920 MiB
2026/04/16 02:19:17.752, 0 %, 62245 MiB, 81920 MiB
2026/04/16 02:19:17.753, 0 %, 0 MiB, 81920 MiB
2026/04/16 02:19:22.753, 0 %, 62245 MiB, 81920 MiB
2026/04/16 02:19:22.753, 0 %, 0 MiB, 81920 MiB
2026/04/16 02:19:27.754, 0 %, 62245 MiB, 81920 MiB
2026/04/16 02:19:27.754, 0 %, 0 MiB, 81920 MiB
2026/04/16 02:19:32.755, 0 %, 62245 MiB, 81920 MiB
2026/04/16 02:19:32.755, 0 %, 0 MiB, 81920 MiB
2026/04/16 02:19:37.756, 0 %, 62245 MiB, 81920 MiB
2026/04/16 02:19:37.756, 0 %, 0 MiB, 81920 MiB
2026/04/16 02:19:42.757, 0 %, 62245 MiB, 81920 MiB
2026/04/16 02:19:42.757, 0 %, 0 MiB, 81920 MiB
2026/04/16 02:19:47.758, 0 %, 62245 MiB, 81920 MiB
2026/04/16 02:19:47.758, 0 %, 0 MiB, 81920 MiB
2026/04/16 02:19:52.759, 0 %, 62245 MiB, 81920 MiB
2026/04/16 02:19:52.759, 0 %, 0 MiB, 81920 MiB
2026/04/16 02:19:57.759, 0 %, 62245 MiB, 81920 MiB
2026/04/16 02:19:57.760, 0 %, 0 MiB, 81920 MiB
2026/04/16 02:20:02.760, 0 %, 62245 MiB, 81920 MiB
2026/04/16 02:20:02.760, 0 %, 0 MiB, 81920 MiB
2026/04/16 02:20:07.761, 0 %, 62245 MiB, 81920 MiB
2026/04/16 02:20:07.761, 0 %, 0 MiB, 81920 MiB
2026/04/16 02:20:12.762, 0 %, 62245 MiB, 81920 MiB
2026/04/16 02:20:12.762, 0 %, 0 MiB, 81920 MiB
2026/04/16 02:20:17.763, 0 %, 62245 MiB, 81920 MiB
2026/04/16 02:20:17.763, 0 %, 0 MiB, 81920 MiB
2026/04/16 02:20:22.764, 0 %, 62245 MiB, 81920 MiB
2026/04/16 02:20:22.764, 0 %, 0 MiB, 81920 MiB
2026/04/16 02:20:27.765, 0 %, 62245 MiB, 81920 MiB
2026/04/16 02:20:27.765, 0 %, 0 MiB, 81920 MiB
2026/04/16 02:20:32.765, 0 %, 62245 MiB, 81920 MiB
2026/04/16 02:20:32.766, 0 %, 0 MiB, 81920 MiB
2026/04/16 02:20:37.766, 0 %, 62245 MiB, 81920 MiB
2026/04/16 02:20:37.767, 0 %, 0 MiB, 81920 MiB
2026/04/16 02:20:42.767, 0 %, 62245 MiB, 81920 MiB
2026/04/16 02:20:42.767, 0 %, 0 MiB, 81920 MiB
2026/04/16 02:20:47.768, 0 %, 62245 MiB, 81920 MiB
2026/04/16 02:20:47.768, 0 %, 0 MiB, 81920 MiB
2026/04/16 02:20:52.769, 0 %, 62245 MiB, 81920 MiB
2026/04/16 02:20:52.769, 0 %, 0 MiB, 81920 MiB
2026/04/16 02:20:57.770, 0 %, 62245 MiB, 81920 MiB
2026/04/16 02:20:57.770, 0 %, 0 MiB, 81920 MiB
2026/04/16 02:21:02.771, 0 %, 62245 MiB, 81920 MiB
2026/04/16 02:21:02.771, 0 %, 0 MiB, 81920 MiB
2026/04/16 02:21:07.772, 0 %, 62245 MiB, 81920 MiB
2026/04/16 02:21:07.772, 0 %, 0 MiB, 81920 MiB
2026/04/16 02:21:12.773, 0 %, 62245 MiB, 81920 MiB
2026/04/16 02:21:12.773, 0 %, 0 MiB, 81920 MiB
2026/04/16 02:21:17.773, 0 %, 62245 MiB, 81920 MiB
2026/04/16 02:21:17.774, 0 %, 0 MiB, 81920 MiB
2026/04/16 02:21:22.774, 0 %, 62245 MiB, 81920 MiB
2026/04/16 02:21:22.774, 0 %, 0 MiB, 81920 MiB
2026/04/16 02:21:27.775, 0 %, 62245 MiB, 81920 MiB
2026/04/16 02:21:27.775, 0 %, 0 MiB, 81920 MiB
2026/04/16 02:21:32.776, 0 %, 62245 MiB, 81920 MiB
2026/04/16 02:21:32.776, 0 %, 0 MiB, 81920 MiB
2026/04/16 02:21:37.777, 0 %, 62245 MiB, 81920 MiB
2026/04/16 02:21:37.777, 0 %, 0 MiB, 81920 MiB
2026/04/16 02:21:42.778, 0 %, 62245 MiB, 81920 MiB
2026/04/16 02:21:42.778, 0 %, 0 MiB, 81920 MiB
2026/04/16 02:21:47.778, 0 %, 62245 MiB, 81920 MiB
2026/04/16 02:21:47.779, 0 %, 0 MiB, 81920 MiB
2026/04/16 02:21:52.779, 0 %, 62245 MiB, 81920 MiB
2026/04/16 02:21:52.779, 0 %, 0 MiB, 81920 MiB
2026/04/16 02:21:57.780, 0 %, 62245 MiB, 81920 MiB
2026/04/16 02:21:57.780, 0 %, 0 MiB, 81920 MiB
2026/04/16 02:22:02.781, 0 %, 62245 MiB, 81920 MiB
2026/04/16 02:22:02.781, 0 %, 0 MiB, 81920 MiB
2026/04/16 02:22:07.782, 0 %, 62245 MiB, 81920 MiB
2026/04/16 02:22:07.782, 0 %, 0 MiB, 81920 MiB
2026/04/16 02:22:12.783, 0 %, 62245 MiB, 81920 MiB
2026/04/16 02:22:12.783, 0 %, 0 MiB, 81920 MiB
2026/04/16 02:22:17.784, 0 %, 62245 MiB, 81920 MiB
2026/04/16 02:22:17.784, 0 %, 0 MiB, 81920 MiB
2026/04/16 02:22:22.784, 0 %, 62245 MiB, 81920 MiB
2026/04/16 02:22:22.785, 0 %, 0 MiB, 81920 MiB
2026/04/16 02:22:27.785, 0 %, 62245 MiB, 81920 MiB
2026/04/16 02:22:27.785, 0 %, 0 MiB, 81920 MiB
2026/04/16 02:22:32.786, 0 %, 62245 MiB, 81920 MiB
2026/04/16 02:22:32.786, 0 %, 0 MiB, 81920 MiB
2026/04/16 02:22:37.787, 0 %, 62245 MiB, 81920 MiB
2026/04/16 02:22:37.787, 0 %, 0 MiB, 81920 MiB
2026/04/16 02:22:42.788, 0 %, 62245 MiB, 81920 MiB
2026/04/16 02:22:42.788, 0 %, 0 MiB, 81920 MiB
2026/04/16 02:22:47.789, 0 %, 62245 MiB, 81920 MiB
2026/04/16 02:22:47.789, 0 %, 0 MiB, 81920 MiB
2026/04/16 02:22:52.790, 0 %, 62245 MiB, 81920 MiB
2026/04/16 02:22:52.790, 0 %, 0 MiB, 81920 MiB
2026/04/16 02:22:57.791, 0 %, 62245 MiB, 81920 MiB
2026/04/16 02:22:57.791, 0 %, 0 MiB, 81920 MiB
2026/04/16 02:23:02.791, 0 %, 62245 MiB, 81920 MiB
2026/04/16 02:23:02.792, 0 %, 0 MiB, 81920 MiB
2026/04/16 02:23:07.792, 0 %, 62245 MiB, 81920 MiB
2026/04/16 02:23:07.792, 0 %, 0 MiB, 81920 MiB
2026/04/16 02:23:12.793, 0 %, 62245 MiB, 81920 MiB
2026/04/16 02:23:12.793, 0 %, 0 MiB, 81920 MiB
2026/04/16 02:23:17.794, 0 %, 62245 MiB, 81920 MiB
2026/04/16 02:23:17.794, 0 %, 0 MiB, 81920 MiB
2026/04/16 02:23:22.795, 0 %, 62245 MiB, 81920 MiB
2026/04/16 02:23:22.795, 0 %, 0 MiB, 81920 MiB
2026/04/16 02:23:27.796, 0 %, 62245 MiB, 81920 MiB
2026/04/16 02:23:27.796, 0 %, 0 MiB, 81920 MiB
2026/04/16 02:23:32.796, 0 %, 62245 MiB, 81920 MiB
2026/04/16 02:23:32.797, 0 %, 0 MiB, 81920 MiB
2026/04/16 02:23:37.797, 0 %, 62245 MiB, 81920 MiB
2026/04/16 02:23:37.797, 0 %, 0 MiB, 81920 MiB
2026/04/16 02:23:42.798, 0 %, 62245 MiB, 81920 MiB
2026/04/16 02:23:42.798, 0 %, 0 MiB, 81920 MiB
2026/04/16 02:23:47.799, 0 %, 62245 MiB, 81920 MiB
2026/04/16 02:23:47.799, 0 %, 0 MiB, 81920 MiB
2026/04/16 02:23:52.800, 0 %, 62245 MiB, 81920 MiB
2026/04/16 02:23:52.800, 0 %, 0 MiB, 81920 MiB
2026/04/16 02:23:57.801, 0 %, 62245 MiB, 81920 MiB
2026/04/16 02:23:57.801, 0 %, 0 MiB, 81920 MiB
2026/04/16 02:24:02.802, 0 %, 62245 MiB, 81920 MiB
2026/04/16 02:24:02.802, 0 %, 0 MiB, 81920 MiB
2026/04/16 02:24:07.802, 0 %, 62245 MiB, 81920 MiB
2026/04/16 02:24:07.803, 0 %, 0 MiB, 81920 MiB
2026/04/16 02:24:12.803, 0 %, 62245 MiB, 81920 MiB
2026/04/16 02:24:12.803, 0 %, 0 MiB, 81920 MiB
2026/04/16 02:24:17.804, 0 %, 62245 MiB, 81920 MiB
2026/04/16 02:24:17.804, 0 %, 0 MiB, 81920 MiB
2026/04/16 02:24:22.805, 0 %, 62245 MiB, 81920 MiB
2026/04/16 02:24:22.805, 0 %, 0 MiB, 81920 MiB
2026/04/16 02:24:27.806, 0 %, 62245 MiB, 81920 MiB
2026/04/16 02:24:27.806, 0 %, 0 MiB, 81920 MiB
2026/04/16 02:24:32.807, 0 %, 62245 MiB, 81920 MiB
2026/04/16 02:24:32.807, 0 %, 0 MiB, 81920 MiB
2026/04/16 02:24:37.808, 0 %, 62245 MiB, 81920 MiB
2026/04/16 02:24:37.808, 0 %, 0 MiB, 81920 MiB
2026/04/16 02:24:42.809, 0 %, 62245 MiB, 81920 MiB
2026/04/16 02:24:42.809, 0 %, 0 MiB, 81920 MiB
2026/04/16 02:24:47.809, 0 %, 62245 MiB, 81920 MiB
2026/04/16 02:24:47.809, 0 %, 0 MiB, 81920 MiB
2026/04/16 02:24:52.810, 0 %, 62245 MiB, 81920 MiB
2026/04/16 02:24:52.810, 0 %, 0 MiB, 81920 MiB
2026/04/16 02:24:57.811, 0 %, 62245 MiB, 81920 MiB
2026/04/16 02:24:57.811, 0 %, 0 MiB, 81920 MiB
2026/04/16 02:25:02.812, 0 %, 62245 MiB, 81920 MiB
2026/04/16 02:25:02.812, 0 %, 0 MiB, 81920 MiB
2026/04/16 02:25:07.813, 0 %, 62245 MiB, 81920 MiB
2026/04/16 02:25:07.813, 0 %, 0 MiB, 81920 MiB
2026/04/16 02:25:12.814, 0 %, 62245 MiB, 81920 MiB
2026/04/16 02:25:12.814, 0 %, 0 MiB, 81920 MiB
2026/04/16 02:25:17.815, 0 %, 62245 MiB, 81920 MiB
2026/04/16 02:25:17.815, 0 %, 0 MiB, 81920 MiB
2026/04/16 02:25:22.816, 0 %, 62245 MiB, 81920 MiB
2026/04/16 02:25:22.816, 0 %, 0 MiB, 81920 MiB
2026/04/16 02:25:27.816, 0 %, 62245 MiB, 81920 MiB
2026/04/16 02:25:27.817, 0 %, 0 MiB, 81920 MiB
2026/04/16 02:25:32.817, 0 %, 62245 MiB, 81920 MiB
2026/04/16 02:25:32.817, 0 %, 0 MiB, 81920 MiB
2026/04/16 02:25:37.818, 0 %, 62245 MiB, 81920 MiB
2026/04/16 02:25:37.818, 0 %, 0 MiB, 81920 MiB
2026/04/16 02:25:42.819, 0 %, 62245 MiB, 81920 MiB
2026/04/16 02:25:42.819, 0 %, 0 MiB, 81920 MiB
2026/04/16 02:25:47.820, 0 %, 62245 MiB, 81920 MiB
2026/04/16 02:25:47.820, 0 %, 0 MiB, 81920 MiB
2026/04/16 02:25:52.821, 0 %, 62245 MiB, 81920 MiB
2026/04/16 02:25:52.821, 0 %, 0 MiB, 81920 MiB
2026/04/16 02:25:57.822, 0 %, 62245 MiB, 81920 MiB
2026/04/16 02:25:57.822, 0 %, 0 MiB, 81920 MiB
2026/04/16 02:26:02.823, 0 %, 62245 MiB, 81920 MiB
2026/04/16 02:26:02.823, 0 %, 0 MiB, 81920 MiB
2026/04/16 02:26:07.824, 0 %, 62245 MiB, 81920 MiB
2026/04/16 02:26:07.824, 0 %, 0 MiB, 81920 MiB
2026/04/16 02:26:12.825, 0 %, 62245 MiB, 81920 MiB
2026/04/16 02:26:12.825, 0 %, 0 MiB, 81920 MiB
2026/04/16 02:26:17.826, 0 %, 62245 MiB, 81920 MiB
2026/04/16 02:26:17.826, 0 %, 0 MiB, 81920 MiB
2026/04/16 02:26:22.826, 0 %, 62245 MiB, 81920 MiB
2026/04/16 02:26:22.827, 0 %, 0 MiB, 81920 MiB
2026/04/16 02:26:27.827, 0 %, 62245 MiB, 81920 MiB
2026/04/16 02:26:27.827, 0 %, 0 MiB, 81920 MiB
2026/04/16 02:26:32.828, 0 %, 62245 MiB, 81920 MiB
2026/04/16 02:26:32.828, 0 %, 0 MiB, 81920 MiB
2026/04/16 02:26:37.829, 0 %, 62245 MiB, 81920 MiB
2026/04/16 02:26:37.829, 0 %, 0 MiB, 81920 MiB
2026/04/16 02:26:42.830, 0 %, 62245 MiB, 81920 MiB
2026/04/16 02:26:42.830, 0 %, 0 MiB, 81920 MiB
2026/04/16 02:26:47.831, 0 %, 62245 MiB, 81920 MiB
2026/04/16 02:26:47.831, 0 %, 0 MiB, 81920 MiB
2026/04/16 02:26:52.832, 0 %, 61699 MiB, 81920 MiB
2026/04/16 02:26:52.832, 0 %, 0 MiB, 81920 MiB
2026/04/16 02:26:57.833, 0 %, 61283 MiB, 81920 MiB
2026/04/16 02:26:57.833, 0 %, 0 MiB, 81920 MiB
2026/04/16 02:27:02.834, 0 %, 61283 MiB, 81920 MiB
2026/04/16 02:27:02.834, 0 %, 0 MiB, 81920 MiB
2026/04/16 02:27:07.834, 0 %, 61249 MiB, 81920 MiB
2026/04/16 02:27:07.835, 0 %, 0 MiB, 81920 MiB
2026/04/16 02:27:12.835, 0 %, 425 MiB, 81920 MiB
2026/04/16 02:27:12.836, 0 %, 0 MiB, 81920 MiB
2026/04/16 02:27:17.836, 0 %, 423 MiB, 81920 MiB
2026/04/16 02:27:17.837, 0 %, 0 MiB, 81920 MiB
2026/04/16 02:27:22.837, 0 %, 423 MiB, 81920 MiB
2026/04/16 02:27:22.837, 0 %, 0 MiB, 81920 MiB
2026/04/16 02:27:27.838, 0 %, 423 MiB, 81920 MiB
2026/04/16 02:27:27.838, 0 %, 0 MiB, 81920 MiB
