timestamp, utilization.gpu [%], memory.used [MiB], memory.total [MiB]
2026/04/14 11:09:25.849, 0 %, 0 MiB, 81920 MiB
2026/04/14 11:09:25.856, 2 %, 0 MiB, 81920 MiB
2026/04/14 11:09:30.863, 0 %, 0 MiB, 81920 MiB
2026/04/14 11:09:30.863, 0 %, 0 MiB, 81920 MiB
2026/04/14 11:09:35.864, 0 %, 0 MiB, 81920 MiB
2026/04/14 11:09:35.864, 0 %, 0 MiB, 81920 MiB
2026/04/14 11:09:40.864, 0 %, 0 MiB, 81920 MiB
2026/04/14 11:09:40.865, 0 %, 0 MiB, 81920 MiB
2026/04/14 11:09:45.865, 0 %, 0 MiB, 81920 MiB
2026/04/14 11:09:45.865, 0 %, 0 MiB, 81920 MiB
2026/04/14 11:09:50.866, 0 %, 0 MiB, 81920 MiB
2026/04/14 11:09:50.866, 0 %, 0 MiB, 81920 MiB
2026/04/14 11:09:55.867, 0 %, 0 MiB, 81920 MiB
2026/04/14 11:09:55.867, 0 %, 0 MiB, 81920 MiB
2026/04/14 11:10:00.867, 0 %, 0 MiB, 81920 MiB
2026/04/14 11:10:00.868, 0 %, 0 MiB, 81920 MiB
2026/04/14 11:10:05.868, 0 %, 0 MiB, 81920 MiB
2026/04/14 11:10:05.868, 0 %, 0 MiB, 81920 MiB
2026/04/14 11:10:10.869, 0 %, 0 MiB, 81920 MiB
2026/04/14 11:10:10.869, 0 %, 0 MiB, 81920 MiB
2026/04/14 11:10:15.870, 0 %, 0 MiB, 81920 MiB
2026/04/14 11:10:15.870, 0 %, 0 MiB, 81920 MiB
2026/04/14 11:10:20.871, 0 %, 0 MiB, 81920 MiB
2026/04/14 11:10:20.871, 0 %, 0 MiB, 81920 MiB
2026/04/14 11:10:25.871, 0 %, 0 MiB, 81920 MiB
2026/04/14 11:10:25.871, 0 %, 0 MiB, 81920 MiB
2026/04/14 11:10:30.872, 0 %, 0 MiB, 81920 MiB
2026/04/14 11:10:30.872, 0 %, 0 MiB, 81920 MiB
2026/04/14 11:10:35.873, 2 %, 423 MiB, 81920 MiB
2026/04/14 11:10:35.873, 0 %, 0 MiB, 81920 MiB
2026/04/14 11:10:40.874, 0 %, 425 MiB, 81920 MiB
2026/04/14 11:10:40.874, 0 %, 0 MiB, 81920 MiB
2026/04/14 11:10:45.875, 0 %, 435 MiB, 81920 MiB
2026/04/14 11:10:45.875, 0 %, 0 MiB, 81920 MiB
2026/04/14 11:10:50.875, 0 %, 425 MiB, 81920 MiB
2026/04/14 11:10:50.875, 0 %, 0 MiB, 81920 MiB
2026/04/14 11:10:55.876, 0 %, 457 MiB, 81920 MiB
2026/04/14 11:10:55.876, 0 %, 0 MiB, 81920 MiB
2026/04/14 11:11:00.877, 0 %, 457 MiB, 81920 MiB
2026/04/14 11:11:00.877, 0 %, 0 MiB, 81920 MiB
2026/04/14 11:11:05.878, 0 %, 457 MiB, 81920 MiB
2026/04/14 11:11:05.878, 0 %, 0 MiB, 81920 MiB
2026/04/14 11:11:10.879, 0 %, 457 MiB, 81920 MiB
2026/04/14 11:11:10.879, 0 %, 0 MiB, 81920 MiB
2026/04/14 11:11:15.880, 0 %, 457 MiB, 81920 MiB
2026/04/14 11:11:15.880, 0 %, 0 MiB, 81920 MiB
2026/04/14 11:11:20.881, 0 %, 457 MiB, 81920 MiB
2026/04/14 11:11:20.881, 0 %, 0 MiB, 81920 MiB
2026/04/14 11:11:25.882, 0 %, 457 MiB, 81920 MiB
2026/04/14 11:11:25.882, 0 %, 0 MiB, 81920 MiB
2026/04/14 11:11:30.883, 0 %, 457 MiB, 81920 MiB
2026/04/14 11:11:30.883, 0 %, 0 MiB, 81920 MiB
2026/04/14 11:11:35.884, 0 %, 457 MiB, 81920 MiB
2026/04/14 11:11:35.884, 0 %, 0 MiB, 81920 MiB
2026/04/14 11:11:40.885, 0 %, 457 MiB, 81920 MiB
2026/04/14 11:11:40.885, 0 %, 0 MiB, 81920 MiB
2026/04/14 11:11:45.885, 0 %, 457 MiB, 81920 MiB
2026/04/14 11:11:45.886, 0 %, 0 MiB, 81920 MiB
2026/04/14 11:11:50.886, 0 %, 457 MiB, 81920 MiB
2026/04/14 11:11:50.887, 0 %, 0 MiB, 81920 MiB
2026/04/14 11:11:55.887, 0 %, 457 MiB, 81920 MiB
2026/04/14 11:11:55.888, 0 %, 0 MiB, 81920 MiB
2026/04/14 11:12:00.888, 0 %, 457 MiB, 81920 MiB
2026/04/14 11:12:00.888, 0 %, 0 MiB, 81920 MiB
2026/04/14 11:12:05.889, 0 %, 457 MiB, 81920 MiB
2026/04/14 11:12:05.889, 0 %, 0 MiB, 81920 MiB
2026/04/14 11:12:10.890, 0 %, 457 MiB, 81920 MiB
2026/04/14 11:12:10.890, 0 %, 0 MiB, 81920 MiB
2026/04/14 11:12:15.891, 0 %, 457 MiB, 81920 MiB
2026/04/14 11:12:15.891, 0 %, 0 MiB, 81920 MiB
2026/04/14 11:12:20.892, 0 %, 457 MiB, 81920 MiB
2026/04/14 11:12:20.892, 0 %, 0 MiB, 81920 MiB
2026/04/14 11:12:25.894, 0 %, 457 MiB, 81920 MiB
2026/04/14 11:12:25.894, 0 %, 0 MiB, 81920 MiB
2026/04/14 11:12:30.894, 0 %, 457 MiB, 81920 MiB
2026/04/14 11:12:30.894, 0 %, 0 MiB, 81920 MiB
2026/04/14 11:12:35.895, 0 %, 457 MiB, 81920 MiB
2026/04/14 11:12:35.895, 0 %, 0 MiB, 81920 MiB
2026/04/14 11:12:40.896, 0 %, 457 MiB, 81920 MiB
2026/04/14 11:12:40.896, 0 %, 0 MiB, 81920 MiB
2026/04/14 11:12:45.897, 0 %, 457 MiB, 81920 MiB
2026/04/14 11:12:45.897, 0 %, 0 MiB, 81920 MiB
2026/04/14 11:12:50.898, 0 %, 457 MiB, 81920 MiB
2026/04/14 11:12:50.898, 0 %, 0 MiB, 81920 MiB
2026/04/14 11:12:55.899, 0 %, 457 MiB, 81920 MiB
2026/04/14 11:12:55.899, 0 %, 0 MiB, 81920 MiB
2026/04/14 11:13:00.900, 0 %, 457 MiB, 81920 MiB
2026/04/14 11:13:00.900, 0 %, 0 MiB, 81920 MiB
2026/04/14 11:13:05.901, 0 %, 457 MiB, 81920 MiB
2026/04/14 11:13:05.901, 0 %, 0 MiB, 81920 MiB
2026/04/14 11:13:10.902, 0 %, 457 MiB, 81920 MiB
2026/04/14 11:13:10.902, 0 %, 0 MiB, 81920 MiB
2026/04/14 11:13:15.903, 0 %, 457 MiB, 81920 MiB
2026/04/14 11:13:15.903, 0 %, 0 MiB, 81920 MiB
2026/04/14 11:13:20.904, 0 %, 457 MiB, 81920 MiB
2026/04/14 11:13:20.904, 0 %, 0 MiB, 81920 MiB
2026/04/14 11:13:25.905, 0 %, 457 MiB, 81920 MiB
2026/04/14 11:13:25.905, 0 %, 0 MiB, 81920 MiB
2026/04/14 11:13:30.906, 0 %, 457 MiB, 81920 MiB
2026/04/14 11:13:30.906, 0 %, 0 MiB, 81920 MiB
2026/04/14 11:13:35.906, 0 %, 457 MiB, 81920 MiB
2026/04/14 11:13:35.907, 0 %, 0 MiB, 81920 MiB
2026/04/14 11:13:40.908, 0 %, 457 MiB, 81920 MiB
2026/04/14 11:13:40.908, 0 %, 0 MiB, 81920 MiB
2026/04/14 11:13:45.908, 0 %, 457 MiB, 81920 MiB
2026/04/14 11:13:45.909, 0 %, 0 MiB, 81920 MiB
2026/04/14 11:13:50.909, 0 %, 457 MiB, 81920 MiB
2026/04/14 11:13:50.910, 0 %, 0 MiB, 81920 MiB
2026/04/14 11:13:55.910, 0 %, 457 MiB, 81920 MiB
2026/04/14 11:13:55.911, 0 %, 0 MiB, 81920 MiB
2026/04/14 11:14:00.911, 0 %, 457 MiB, 81920 MiB
2026/04/14 11:14:00.912, 0 %, 0 MiB, 81920 MiB
2026/04/14 11:14:05.912, 0 %, 457 MiB, 81920 MiB
2026/04/14 11:14:05.913, 0 %, 0 MiB, 81920 MiB
2026/04/14 11:14:10.914, 0 %, 457 MiB, 81920 MiB
2026/04/14 11:14:10.914, 0 %, 0 MiB, 81920 MiB
2026/04/14 11:14:15.915, 0 %, 457 MiB, 81920 MiB
2026/04/14 11:14:15.915, 0 %, 0 MiB, 81920 MiB
2026/04/14 11:14:20.931, 0 %, 457 MiB, 81920 MiB
2026/04/14 11:14:20.931, 0 %, 0 MiB, 81920 MiB
2026/04/14 11:14:25.932, 0 %, 457 MiB, 81920 MiB
2026/04/14 11:14:25.932, 0 %, 0 MiB, 81920 MiB
2026/04/14 11:14:30.933, 0 %, 457 MiB, 81920 MiB
2026/04/14 11:14:30.933, 0 %, 0 MiB, 81920 MiB
2026/04/14 11:14:35.934, 0 %, 491 MiB, 81920 MiB
2026/04/14 11:14:35.934, 0 %, 0 MiB, 81920 MiB
2026/04/14 11:14:40.935, 0 %, 491 MiB, 81920 MiB
2026/04/14 11:14:40.935, 0 %, 0 MiB, 81920 MiB
2026/04/14 11:14:45.936, 0 %, 491 MiB, 81920 MiB
2026/04/14 11:14:45.936, 0 %, 0 MiB, 81920 MiB
2026/04/14 11:14:50.936, 0 %, 491 MiB, 81920 MiB
2026/04/14 11:14:50.937, 0 %, 0 MiB, 81920 MiB
2026/04/14 11:14:55.937, 0 %, 491 MiB, 81920 MiB
2026/04/14 11:14:55.937, 0 %, 0 MiB, 81920 MiB
2026/04/14 11:15:00.938, 0 %, 491 MiB, 81920 MiB
2026/04/14 11:15:00.938, 0 %, 0 MiB, 81920 MiB
2026/04/14 11:15:05.939, 0 %, 491 MiB, 81920 MiB
2026/04/14 11:15:05.939, 0 %, 0 MiB, 81920 MiB
2026/04/14 11:15:10.940, 0 %, 491 MiB, 81920 MiB
2026/04/14 11:15:10.940, 0 %, 0 MiB, 81920 MiB
2026/04/14 11:15:15.941, 0 %, 491 MiB, 81920 MiB
2026/04/14 11:15:15.941, 0 %, 0 MiB, 81920 MiB
2026/04/14 11:15:20.941, 0 %, 491 MiB, 81920 MiB
2026/04/14 11:15:20.941, 0 %, 0 MiB, 81920 MiB
2026/04/14 11:15:25.942, 0 %, 491 MiB, 81920 MiB
2026/04/14 11:15:25.942, 0 %, 0 MiB, 81920 MiB
2026/04/14 11:15:30.943, 0 %, 491 MiB, 81920 MiB
2026/04/14 11:15:30.943, 0 %, 0 MiB, 81920 MiB
2026/04/14 11:15:35.944, 0 %, 491 MiB, 81920 MiB
2026/04/14 11:15:35.944, 0 %, 0 MiB, 81920 MiB
2026/04/14 11:15:40.945, 0 %, 491 MiB, 81920 MiB
2026/04/14 11:15:40.945, 0 %, 0 MiB, 81920 MiB
2026/04/14 11:15:45.945, 0 %, 491 MiB, 81920 MiB
2026/04/14 11:15:45.946, 0 %, 0 MiB, 81920 MiB
2026/04/14 11:15:50.946, 0 %, 491 MiB, 81920 MiB
2026/04/14 11:15:50.946, 0 %, 0 MiB, 81920 MiB
2026/04/14 11:15:55.947, 0 %, 491 MiB, 81920 MiB
2026/04/14 11:15:55.947, 0 %, 0 MiB, 81920 MiB
2026/04/14 11:16:00.948, 0 %, 491 MiB, 81920 MiB
2026/04/14 11:16:00.948, 0 %, 0 MiB, 81920 MiB
2026/04/14 11:16:05.949, 0 %, 491 MiB, 81920 MiB
2026/04/14 11:16:05.949, 0 %, 0 MiB, 81920 MiB
2026/04/14 11:16:10.950, 0 %, 491 MiB, 81920 MiB
2026/04/14 11:16:10.950, 0 %, 0 MiB, 81920 MiB
2026/04/14 11:16:15.950, 0 %, 491 MiB, 81920 MiB
2026/04/14 11:16:15.951, 0 %, 0 MiB, 81920 MiB
2026/04/14 11:16:20.951, 0 %, 491 MiB, 81920 MiB
2026/04/14 11:16:20.951, 0 %, 0 MiB, 81920 MiB
2026/04/14 11:16:25.952, 0 %, 491 MiB, 81920 MiB
2026/04/14 11:16:25.952, 0 %, 0 MiB, 81920 MiB
2026/04/14 11:16:30.953, 0 %, 491 MiB, 81920 MiB
2026/04/14 11:16:30.953, 0 %, 0 MiB, 81920 MiB
2026/04/14 11:16:35.954, 0 %, 491 MiB, 81920 MiB
2026/04/14 11:16:35.954, 0 %, 0 MiB, 81920 MiB
2026/04/14 11:16:40.955, 0 %, 491 MiB, 81920 MiB
2026/04/14 11:16:40.955, 0 %, 0 MiB, 81920 MiB
2026/04/14 11:16:45.956, 0 %, 491 MiB, 81920 MiB
2026/04/14 11:16:45.956, 0 %, 0 MiB, 81920 MiB
2026/04/14 11:16:50.956, 0 %, 491 MiB, 81920 MiB
2026/04/14 11:16:50.956, 0 %, 0 MiB, 81920 MiB
2026/04/14 11:16:55.957, 0 %, 491 MiB, 81920 MiB
2026/04/14 11:16:55.957, 0 %, 0 MiB, 81920 MiB
2026/04/14 11:17:00.958, 0 %, 491 MiB, 81920 MiB
2026/04/14 11:17:00.958, 0 %, 0 MiB, 81920 MiB
2026/04/14 11:17:05.959, 0 %, 491 MiB, 81920 MiB
2026/04/14 11:17:05.959, 0 %, 0 MiB, 81920 MiB
2026/04/14 11:17:10.960, 0 %, 491 MiB, 81920 MiB
2026/04/14 11:17:10.960, 0 %, 0 MiB, 81920 MiB
2026/04/14 11:17:15.960, 0 %, 491 MiB, 81920 MiB
2026/04/14 11:17:15.961, 0 %, 0 MiB, 81920 MiB
2026/04/14 11:17:20.961, 9 %, 491 MiB, 81920 MiB
2026/04/14 11:17:20.961, 0 %, 0 MiB, 81920 MiB
2026/04/14 11:17:25.962, 5 %, 491 MiB, 81920 MiB
2026/04/14 11:17:25.962, 0 %, 0 MiB, 81920 MiB
2026/04/14 11:17:30.963, 14 %, 491 MiB, 81920 MiB
2026/04/14 11:17:30.963, 0 %, 0 MiB, 81920 MiB
2026/04/14 11:17:35.964, 0 %, 491 MiB, 81920 MiB
2026/04/14 11:17:35.964, 0 %, 0 MiB, 81920 MiB
2026/04/14 11:17:40.964, 0 %, 491 MiB, 81920 MiB
2026/04/14 11:17:40.965, 0 %, 0 MiB, 81920 MiB
2026/04/14 11:17:45.965, 6 %, 491 MiB, 81920 MiB
2026/04/14 11:17:45.965, 0 %, 0 MiB, 81920 MiB
2026/04/14 11:17:50.966, 3 %, 491 MiB, 81920 MiB
2026/04/14 11:17:50.966, 0 %, 0 MiB, 81920 MiB
2026/04/14 11:17:55.967, 12 %, 491 MiB, 81920 MiB
2026/04/14 11:17:55.967, 0 %, 0 MiB, 81920 MiB
2026/04/14 11:18:00.968, 7 %, 491 MiB, 81920 MiB
2026/04/14 11:18:00.968, 0 %, 0 MiB, 81920 MiB
2026/04/14 11:18:05.969, 15 %, 491 MiB, 81920 MiB
2026/04/14 11:18:05.969, 0 %, 0 MiB, 81920 MiB
2026/04/14 11:18:10.970, 9 %, 491 MiB, 81920 MiB
2026/04/14 11:18:10.970, 0 %, 0 MiB, 81920 MiB
2026/04/14 11:18:15.971, 0 %, 491 MiB, 81920 MiB
2026/04/14 11:18:15.971, 0 %, 0 MiB, 81920 MiB
2026/04/14 11:18:20.971, 14 %, 491 MiB, 81920 MiB
2026/04/14 11:18:20.972, 0 %, 0 MiB, 81920 MiB
2026/04/14 11:18:25.972, 1 %, 491 MiB, 81920 MiB
2026/04/14 11:18:25.973, 0 %, 0 MiB, 81920 MiB
2026/04/14 11:18:30.973, 9 %, 491 MiB, 81920 MiB
2026/04/14 11:18:30.974, 0 %, 0 MiB, 81920 MiB
2026/04/14 11:18:35.974, 7 %, 491 MiB, 81920 MiB
2026/04/14 11:18:35.974, 0 %, 0 MiB, 81920 MiB
2026/04/14 11:18:40.975, 14 %, 491 MiB, 81920 MiB
2026/04/14 11:18:40.975, 0 %, 0 MiB, 81920 MiB
2026/04/14 11:18:45.976, 9 %, 491 MiB, 81920 MiB
2026/04/14 11:18:45.976, 0 %, 0 MiB, 81920 MiB
2026/04/14 11:18:50.977, 0 %, 491 MiB, 81920 MiB
2026/04/14 11:18:50.977, 0 %, 0 MiB, 81920 MiB
2026/04/14 11:18:55.978, 15 %, 491 MiB, 81920 MiB
2026/04/14 11:18:55.978, 0 %, 0 MiB, 81920 MiB
2026/04/14 11:19:00.979, 16 %, 491 MiB, 81920 MiB
2026/04/14 11:19:00.979, 0 %, 0 MiB, 81920 MiB
2026/04/14 11:19:05.980, 0 %, 491 MiB, 81920 MiB
2026/04/14 11:19:05.980, 0 %, 0 MiB, 81920 MiB
2026/04/14 11:19:10.981, 3 %, 491 MiB, 81920 MiB
2026/04/14 11:19:10.981, 0 %, 0 MiB, 81920 MiB
2026/04/14 11:19:15.981, 12 %, 491 MiB, 81920 MiB
2026/04/14 11:19:15.982, 0 %, 0 MiB, 81920 MiB
2026/04/14 11:19:20.983, 8 %, 491 MiB, 81920 MiB
2026/04/14 11:19:20.983, 0 %, 0 MiB, 81920 MiB
2026/04/14 11:19:25.983, 16 %, 491 MiB, 81920 MiB
2026/04/14 11:19:25.984, 0 %, 0 MiB, 81920 MiB
2026/04/14 11:19:30.984, 9 %, 491 MiB, 81920 MiB
2026/04/14 11:19:30.984, 0 %, 0 MiB, 81920 MiB
2026/04/14 11:19:35.985, 18 %, 491 MiB, 81920 MiB
2026/04/14 11:19:35.985, 0 %, 0 MiB, 81920 MiB
2026/04/14 11:19:40.986, 4 %, 491 MiB, 81920 MiB
2026/04/14 11:19:40.986, 0 %, 0 MiB, 81920 MiB
2026/04/14 11:19:45.987, 0 %, 491 MiB, 81920 MiB
2026/04/14 11:19:45.987, 0 %, 0 MiB, 81920 MiB
2026/04/14 11:19:50.988, 6 %, 491 MiB, 81920 MiB
2026/04/14 11:19:50.988, 0 %, 0 MiB, 81920 MiB
2026/04/14 11:19:55.989, 0 %, 491 MiB, 81920 MiB
2026/04/14 11:19:55.989, 0 %, 0 MiB, 81920 MiB
2026/04/14 11:20:00.990, 8 %, 491 MiB, 81920 MiB
2026/04/14 11:20:00.990, 0 %, 0 MiB, 81920 MiB
2026/04/14 11:20:05.990, 5 %, 491 MiB, 81920 MiB
2026/04/14 11:20:05.991, 0 %, 0 MiB, 81920 MiB
2026/04/14 11:20:10.991, 11 %, 491 MiB, 81920 MiB
2026/04/14 11:20:10.991, 0 %, 0 MiB, 81920 MiB
2026/04/14 11:20:15.992, 6 %, 491 MiB, 81920 MiB
2026/04/14 11:20:15.992, 0 %, 0 MiB, 81920 MiB
2026/04/14 11:20:20.993, 0 %, 491 MiB, 81920 MiB
2026/04/14 11:20:20.993, 0 %, 0 MiB, 81920 MiB
2026/04/14 11:20:25.994, 19 %, 491 MiB, 81920 MiB
2026/04/14 11:20:25.994, 0 %, 0 MiB, 81920 MiB
2026/04/14 11:20:30.995, 0 %, 491 MiB, 81920 MiB
2026/04/14 11:20:30.995, 0 %, 0 MiB, 81920 MiB
2026/04/14 11:20:35.996, 1 %, 491 MiB, 81920 MiB
2026/04/14 11:20:35.996, 0 %, 0 MiB, 81920 MiB
2026/04/14 11:20:40.996, 0 %, 491 MiB, 81920 MiB
2026/04/14 11:20:40.997, 0 %, 0 MiB, 81920 MiB
2026/04/14 11:20:45.997, 3 %, 491 MiB, 81920 MiB
2026/04/14 11:20:45.997, 0 %, 0 MiB, 81920 MiB
2026/04/14 11:20:50.998, 0 %, 491 MiB, 81920 MiB
2026/04/14 11:20:50.998, 0 %, 0 MiB, 81920 MiB
2026/04/14 11:20:55.999, 0 %, 491 MiB, 81920 MiB
2026/04/14 11:20:55.999, 0 %, 0 MiB, 81920 MiB
2026/04/14 11:21:01.000, 0 %, 491 MiB, 81920 MiB
2026/04/14 11:21:01.000, 0 %, 0 MiB, 81920 MiB
2026/04/14 11:21:06.001, 6 %, 491 MiB, 81920 MiB
2026/04/14 11:21:06.001, 0 %, 0 MiB, 81920 MiB
2026/04/14 11:21:11.001, 0 %, 491 MiB, 81920 MiB
2026/04/14 11:21:11.002, 0 %, 0 MiB, 81920 MiB
2026/04/14 11:21:16.002, 0 %, 491 MiB, 81920 MiB
2026/04/14 11:21:16.002, 0 %, 0 MiB, 81920 MiB
2026/04/14 11:21:21.003, 0 %, 491 MiB, 81920 MiB
2026/04/14 11:21:21.003, 0 %, 0 MiB, 81920 MiB
2026/04/14 11:21:26.004, 0 %, 491 MiB, 81920 MiB
2026/04/14 11:21:26.004, 0 %, 0 MiB, 81920 MiB
2026/04/14 11:21:31.005, 0 %, 491 MiB, 81920 MiB
2026/04/14 11:21:31.005, 0 %, 0 MiB, 81920 MiB
2026/04/14 11:21:36.006, 3 %, 491 MiB, 81920 MiB
2026/04/14 11:21:36.006, 0 %, 0 MiB, 81920 MiB
2026/04/14 11:21:41.006, 0 %, 491 MiB, 81920 MiB
2026/04/14 11:21:41.007, 0 %, 0 MiB, 81920 MiB
2026/04/14 11:21:46.007, 0 %, 491 MiB, 81920 MiB
2026/04/14 11:21:46.007, 0 %, 0 MiB, 81920 MiB
2026/04/14 11:21:51.008, 0 %, 491 MiB, 81920 MiB
2026/04/14 11:21:51.008, 0 %, 0 MiB, 81920 MiB
2026/04/14 11:21:56.009, 0 %, 491 MiB, 81920 MiB
2026/04/14 11:21:56.009, 0 %, 0 MiB, 81920 MiB
2026/04/14 11:22:01.010, 0 %, 491 MiB, 81920 MiB
2026/04/14 11:22:01.010, 0 %, 0 MiB, 81920 MiB
2026/04/14 11:22:06.010, 0 %, 491 MiB, 81920 MiB
2026/04/14 11:22:06.011, 0 %, 0 MiB, 81920 MiB
2026/04/14 11:22:11.011, 0 %, 491 MiB, 81920 MiB
2026/04/14 11:22:11.011, 0 %, 0 MiB, 81920 MiB
2026/04/14 11:22:16.012, 0 %, 491 MiB, 81920 MiB
2026/04/14 11:22:16.012, 0 %, 0 MiB, 81920 MiB
2026/04/14 11:22:21.013, 0 %, 491 MiB, 81920 MiB
2026/04/14 11:22:21.013, 0 %, 0 MiB, 81920 MiB
2026/04/14 11:22:26.014, 0 %, 491 MiB, 81920 MiB
2026/04/14 11:22:26.014, 0 %, 0 MiB, 81920 MiB
2026/04/14 11:22:31.015, 0 %, 491 MiB, 81920 MiB
2026/04/14 11:22:31.015, 0 %, 0 MiB, 81920 MiB
2026/04/14 11:22:36.016, 0 %, 491 MiB, 81920 MiB
2026/04/14 11:22:36.016, 0 %, 0 MiB, 81920 MiB
2026/04/14 11:22:41.016, 0 %, 491 MiB, 81920 MiB
2026/04/14 11:22:41.016, 0 %, 0 MiB, 81920 MiB
2026/04/14 11:22:46.017, 0 %, 491 MiB, 81920 MiB
2026/04/14 11:22:46.017, 0 %, 0 MiB, 81920 MiB
2026/04/14 11:22:51.018, 0 %, 491 MiB, 81920 MiB
2026/04/14 11:22:51.018, 0 %, 0 MiB, 81920 MiB
2026/04/14 11:22:56.019, 0 %, 491 MiB, 81920 MiB
2026/04/14 11:22:56.019, 0 %, 0 MiB, 81920 MiB
2026/04/14 11:23:01.020, 0 %, 491 MiB, 81920 MiB
2026/04/14 11:23:01.020, 0 %, 0 MiB, 81920 MiB
2026/04/14 11:23:06.021, 0 %, 491 MiB, 81920 MiB
2026/04/14 11:23:06.021, 0 %, 0 MiB, 81920 MiB
2026/04/14 11:23:11.022, 0 %, 491 MiB, 81920 MiB
2026/04/14 11:23:11.022, 0 %, 0 MiB, 81920 MiB
2026/04/14 11:23:16.023, 0 %, 491 MiB, 81920 MiB
2026/04/14 11:23:16.023, 0 %, 0 MiB, 81920 MiB
2026/04/14 11:23:21.023, 0 %, 491 MiB, 81920 MiB
2026/04/14 11:23:21.024, 0 %, 0 MiB, 81920 MiB
2026/04/14 11:23:26.024, 0 %, 491 MiB, 81920 MiB
2026/04/14 11:23:26.025, 0 %, 0 MiB, 81920 MiB
2026/04/14 11:23:31.025, 0 %, 491 MiB, 81920 MiB
2026/04/14 11:23:31.026, 0 %, 0 MiB, 81920 MiB
2026/04/14 11:23:36.026, 0 %, 491 MiB, 81920 MiB
2026/04/14 11:23:36.027, 0 %, 0 MiB, 81920 MiB
2026/04/14 11:23:41.027, 0 %, 491 MiB, 81920 MiB
2026/04/14 11:23:41.030, 0 %, 0 MiB, 81920 MiB
2026/04/14 11:23:46.031, 0 %, 491 MiB, 81920 MiB
2026/04/14 11:23:46.031, 0 %, 0 MiB, 81920 MiB
2026/04/14 11:23:51.032, 0 %, 491 MiB, 81920 MiB
2026/04/14 11:23:51.032, 0 %, 0 MiB, 81920 MiB
2026/04/14 11:23:56.033, 0 %, 491 MiB, 81920 MiB
2026/04/14 11:23:56.033, 0 %, 0 MiB, 81920 MiB
2026/04/14 11:24:01.033, 0 %, 491 MiB, 81920 MiB
2026/04/14 11:24:01.033, 0 %, 0 MiB, 81920 MiB
2026/04/14 11:24:06.034, 0 %, 491 MiB, 81920 MiB
2026/04/14 11:24:06.034, 0 %, 0 MiB, 81920 MiB
2026/04/14 11:24:11.035, 0 %, 491 MiB, 81920 MiB
2026/04/14 11:24:11.035, 0 %, 0 MiB, 81920 MiB
2026/04/14 11:24:16.036, 0 %, 491 MiB, 81920 MiB
2026/04/14 11:24:16.036, 0 %, 0 MiB, 81920 MiB
2026/04/14 11:24:21.037, 0 %, 491 MiB, 81920 MiB
2026/04/14 11:24:21.037, 0 %, 0 MiB, 81920 MiB
2026/04/14 11:24:26.038, 0 %, 491 MiB, 81920 MiB
2026/04/14 11:24:26.038, 0 %, 0 MiB, 81920 MiB
2026/04/14 11:24:31.039, 0 %, 491 MiB, 81920 MiB
2026/04/14 11:24:31.039, 0 %, 0 MiB, 81920 MiB
2026/04/14 11:24:36.040, 0 %, 491 MiB, 81920 MiB
2026/04/14 11:24:36.040, 0 %, 0 MiB, 81920 MiB
2026/04/14 11:24:41.040, 0 %, 491 MiB, 81920 MiB
2026/04/14 11:24:41.041, 0 %, 0 MiB, 81920 MiB
2026/04/14 11:24:46.041, 0 %, 491 MiB, 81920 MiB
2026/04/14 11:24:46.041, 0 %, 0 MiB, 81920 MiB
2026/04/14 11:24:51.042, 0 %, 491 MiB, 81920 MiB
2026/04/14 11:24:51.042, 0 %, 0 MiB, 81920 MiB
2026/04/14 11:24:56.043, 0 %, 491 MiB, 81920 MiB
2026/04/14 11:24:56.043, 0 %, 0 MiB, 81920 MiB
2026/04/14 11:25:01.044, 0 %, 491 MiB, 81920 MiB
2026/04/14 11:25:01.044, 0 %, 0 MiB, 81920 MiB
2026/04/14 11:25:06.045, 0 %, 491 MiB, 81920 MiB
2026/04/14 11:25:06.045, 0 %, 0 MiB, 81920 MiB
2026/04/14 11:25:11.046, 0 %, 491 MiB, 81920 MiB
2026/04/14 11:25:11.046, 0 %, 0 MiB, 81920 MiB
2026/04/14 11:25:16.047, 0 %, 491 MiB, 81920 MiB
2026/04/14 11:25:16.047, 0 %, 0 MiB, 81920 MiB
2026/04/14 11:25:21.047, 0 %, 491 MiB, 81920 MiB
2026/04/14 11:25:21.048, 0 %, 0 MiB, 81920 MiB
2026/04/14 11:25:26.048, 0 %, 491 MiB, 81920 MiB
2026/04/14 11:25:26.048, 0 %, 0 MiB, 81920 MiB
2026/04/14 11:25:31.049, 0 %, 491 MiB, 81920 MiB
2026/04/14 11:25:31.049, 0 %, 0 MiB, 81920 MiB
2026/04/14 11:25:36.050, 0 %, 491 MiB, 81920 MiB
2026/04/14 11:25:36.050, 0 %, 0 MiB, 81920 MiB
2026/04/14 11:25:41.051, 0 %, 491 MiB, 81920 MiB
2026/04/14 11:25:41.051, 0 %, 0 MiB, 81920 MiB
2026/04/14 11:25:46.052, 0 %, 491 MiB, 81920 MiB
2026/04/14 11:25:46.052, 0 %, 0 MiB, 81920 MiB
2026/04/14 11:25:51.053, 0 %, 491 MiB, 81920 MiB
2026/04/14 11:25:51.053, 0 %, 0 MiB, 81920 MiB
2026/04/14 11:25:56.054, 0 %, 491 MiB, 81920 MiB
2026/04/14 11:25:56.054, 0 %, 0 MiB, 81920 MiB
2026/04/14 11:26:01.054, 0 %, 491 MiB, 81920 MiB
2026/04/14 11:26:01.055, 0 %, 0 MiB, 81920 MiB
2026/04/14 11:26:06.055, 0 %, 491 MiB, 81920 MiB
2026/04/14 11:26:06.055, 0 %, 0 MiB, 81920 MiB
2026/04/14 11:26:11.056, 0 %, 491 MiB, 81920 MiB
2026/04/14 11:26:11.056, 0 %, 0 MiB, 81920 MiB
2026/04/14 11:26:16.057, 0 %, 491 MiB, 81920 MiB
2026/04/14 11:26:16.057, 0 %, 0 MiB, 81920 MiB
2026/04/14 11:26:21.058, 0 %, 491 MiB, 81920 MiB
2026/04/14 11:26:21.058, 0 %, 0 MiB, 81920 MiB
2026/04/14 11:26:26.059, 0 %, 491 MiB, 81920 MiB
2026/04/14 11:26:26.059, 0 %, 0 MiB, 81920 MiB
2026/04/14 11:26:31.060, 0 %, 491 MiB, 81920 MiB
2026/04/14 11:26:31.060, 0 %, 0 MiB, 81920 MiB
2026/04/14 11:26:36.060, 6 %, 491 MiB, 81920 MiB
2026/04/14 11:26:36.061, 0 %, 0 MiB, 81920 MiB
2026/04/14 11:26:41.061, 1 %, 491 MiB, 81920 MiB
2026/04/14 11:26:41.061, 0 %, 0 MiB, 81920 MiB
2026/04/14 11:26:46.062, 4 %, 491 MiB, 81920 MiB
2026/04/14 11:26:46.062, 0 %, 0 MiB, 81920 MiB
2026/04/14 11:26:51.063, 0 %, 491 MiB, 81920 MiB
2026/04/14 11:26:51.063, 0 %, 0 MiB, 81920 MiB
2026/04/14 11:26:56.064, 5 %, 491 MiB, 81920 MiB
2026/04/14 11:26:56.064, 0 %, 0 MiB, 81920 MiB
2026/04/14 11:27:01.065, 0 %, 491 MiB, 81920 MiB
2026/04/14 11:27:01.065, 0 %, 0 MiB, 81920 MiB
2026/04/14 11:27:06.066, 5 %, 491 MiB, 81920 MiB
2026/04/14 11:27:06.066, 0 %, 0 MiB, 81920 MiB
2026/04/14 11:27:11.067, 0 %, 491 MiB, 81920 MiB
2026/04/14 11:27:11.067, 0 %, 0 MiB, 81920 MiB
2026/04/14 11:27:16.068, 16 %, 491 MiB, 81920 MiB
2026/04/14 11:27:16.068, 0 %, 0 MiB, 81920 MiB
2026/04/14 11:27:21.069, 18 %, 491 MiB, 81920 MiB
2026/04/14 11:27:21.069, 0 %, 0 MiB, 81920 MiB
2026/04/14 11:27:26.069, 14 %, 491 MiB, 81920 MiB
2026/04/14 11:27:26.070, 0 %, 0 MiB, 81920 MiB
2026/04/14 11:27:31.070, 19 %, 491 MiB, 81920 MiB
2026/04/14 11:27:31.070, 0 %, 0 MiB, 81920 MiB
2026/04/14 11:27:36.071, 12 %, 491 MiB, 81920 MiB
2026/04/14 11:27:36.071, 0 %, 0 MiB, 81920 MiB
2026/04/14 11:27:41.072, 18 %, 491 MiB, 81920 MiB
2026/04/14 11:27:41.072, 0 %, 0 MiB, 81920 MiB
2026/04/14 11:27:46.073, 12 %, 491 MiB, 81920 MiB
2026/04/14 11:27:46.073, 0 %, 0 MiB, 81920 MiB
2026/04/14 11:27:51.074, 6 %, 491 MiB, 81920 MiB
2026/04/14 11:27:51.074, 0 %, 0 MiB, 81920 MiB
2026/04/14 11:27:56.075, 12 %, 491 MiB, 81920 MiB
2026/04/14 11:27:56.075, 0 %, 0 MiB, 81920 MiB
2026/04/14 11:28:01.076, 14 %, 491 MiB, 81920 MiB
2026/04/14 11:28:01.076, 0 %, 0 MiB, 81920 MiB
2026/04/14 11:28:06.076, 6 %, 491 MiB, 81920 MiB
2026/04/14 11:28:06.077, 0 %, 0 MiB, 81920 MiB
2026/04/14 11:28:11.077, 9 %, 491 MiB, 81920 MiB
2026/04/14 11:28:11.077, 0 %, 0 MiB, 81920 MiB
2026/04/14 11:28:16.078, 4 %, 491 MiB, 81920 MiB
2026/04/14 11:28:16.078, 0 %, 0 MiB, 81920 MiB
2026/04/14 11:28:21.079, 11 %, 491 MiB, 81920 MiB
2026/04/14 11:28:21.079, 0 %, 0 MiB, 81920 MiB
2026/04/14 11:28:26.080, 0 %, 491 MiB, 81920 MiB
2026/04/14 11:28:26.080, 0 %, 0 MiB, 81920 MiB
2026/04/14 11:28:31.081, 11 %, 491 MiB, 81920 MiB
2026/04/14 11:28:31.081, 0 %, 0 MiB, 81920 MiB
2026/04/14 11:28:36.082, 18 %, 491 MiB, 81920 MiB
2026/04/14 11:28:36.082, 0 %, 0 MiB, 81920 MiB
2026/04/14 11:28:41.082, 0 %, 491 MiB, 81920 MiB
2026/04/14 11:28:41.082, 0 %, 0 MiB, 81920 MiB
2026/04/14 11:28:46.083, 0 %, 491 MiB, 81920 MiB
2026/04/14 11:28:46.083, 0 %, 0 MiB, 81920 MiB
2026/04/14 11:28:51.084, 0 %, 491 MiB, 81920 MiB
2026/04/14 11:28:51.084, 0 %, 0 MiB, 81920 MiB
2026/04/14 11:28:56.085, 0 %, 491 MiB, 81920 MiB
2026/04/14 11:28:56.085, 0 %, 0 MiB, 81920 MiB
2026/04/14 11:29:01.086, 0 %, 491 MiB, 81920 MiB
2026/04/14 11:29:01.086, 0 %, 0 MiB, 81920 MiB
2026/04/14 11:29:06.086, 0 %, 491 MiB, 81920 MiB
2026/04/14 11:29:06.087, 0 %, 0 MiB, 81920 MiB
2026/04/14 11:29:11.087, 0 %, 491 MiB, 81920 MiB
2026/04/14 11:29:11.087, 0 %, 0 MiB, 81920 MiB
2026/04/14 11:29:16.088, 0 %, 491 MiB, 81920 MiB
2026/04/14 11:29:16.088, 0 %, 0 MiB, 81920 MiB
2026/04/14 11:29:21.089, 0 %, 491 MiB, 81920 MiB
2026/04/14 11:29:21.089, 0 %, 0 MiB, 81920 MiB
2026/04/14 11:29:26.090, 0 %, 491 MiB, 81920 MiB
2026/04/14 11:29:26.090, 0 %, 0 MiB, 81920 MiB
2026/04/14 11:29:31.091, 0 %, 491 MiB, 81920 MiB
2026/04/14 11:29:31.091, 0 %, 0 MiB, 81920 MiB
2026/04/14 11:29:36.091, 0 %, 491 MiB, 81920 MiB
2026/04/14 11:29:36.092, 0 %, 0 MiB, 81920 MiB
2026/04/14 11:29:41.092, 0 %, 491 MiB, 81920 MiB
2026/04/14 11:29:41.092, 0 %, 0 MiB, 81920 MiB
2026/04/14 11:29:46.093, 0 %, 491 MiB, 81920 MiB
2026/04/14 11:29:46.093, 0 %, 0 MiB, 81920 MiB
2026/04/14 11:29:51.094, 0 %, 491 MiB, 81920 MiB
2026/04/14 11:29:51.094, 0 %, 0 MiB, 81920 MiB
2026/04/14 11:29:56.095, 0 %, 491 MiB, 81920 MiB
2026/04/14 11:29:56.095, 0 %, 0 MiB, 81920 MiB
2026/04/14 11:30:01.096, 0 %, 491 MiB, 81920 MiB
2026/04/14 11:30:01.096, 0 %, 0 MiB, 81920 MiB
2026/04/14 11:30:06.096, 0 %, 491 MiB, 81920 MiB
2026/04/14 11:30:06.097, 0 %, 0 MiB, 81920 MiB
2026/04/14 11:30:11.097, 0 %, 491 MiB, 81920 MiB
2026/04/14 11:30:11.097, 0 %, 0 MiB, 81920 MiB
2026/04/14 11:30:16.098, 0 %, 491 MiB, 81920 MiB
2026/04/14 11:30:16.098, 0 %, 0 MiB, 81920 MiB
2026/04/14 11:30:21.099, 0 %, 491 MiB, 81920 MiB
2026/04/14 11:30:21.099, 0 %, 0 MiB, 81920 MiB
2026/04/14 11:30:26.100, 0 %, 491 MiB, 81920 MiB
2026/04/14 11:30:26.100, 0 %, 0 MiB, 81920 MiB
2026/04/14 11:30:31.100, 0 %, 491 MiB, 81920 MiB
2026/04/14 11:30:31.101, 0 %, 0 MiB, 81920 MiB
2026/04/14 11:30:36.101, 0 %, 491 MiB, 81920 MiB
2026/04/14 11:30:36.101, 0 %, 0 MiB, 81920 MiB
2026/04/14 11:30:41.102, 0 %, 491 MiB, 81920 MiB
2026/04/14 11:30:41.102, 0 %, 0 MiB, 81920 MiB
2026/04/14 11:30:46.103, 0 %, 491 MiB, 81920 MiB
2026/04/14 11:30:46.103, 0 %, 0 MiB, 81920 MiB
2026/04/14 11:30:51.104, 0 %, 491 MiB, 81920 MiB
2026/04/14 11:30:51.104, 0 %, 0 MiB, 81920 MiB
2026/04/14 11:30:56.105, 0 %, 491 MiB, 81920 MiB
2026/04/14 11:30:56.105, 0 %, 0 MiB, 81920 MiB
2026/04/14 11:31:01.106, 0 %, 491 MiB, 81920 MiB
2026/04/14 11:31:01.106, 0 %, 0 MiB, 81920 MiB
2026/04/14 11:31:06.106, 0 %, 491 MiB, 81920 MiB
2026/04/14 11:31:06.107, 0 %, 0 MiB, 81920 MiB
2026/04/14 11:31:11.107, 0 %, 491 MiB, 81920 MiB
2026/04/14 11:31:11.107, 0 %, 0 MiB, 81920 MiB
2026/04/14 11:31:16.108, 0 %, 491 MiB, 81920 MiB
2026/04/14 11:31:16.108, 0 %, 0 MiB, 81920 MiB
2026/04/14 11:31:21.109, 0 %, 491 MiB, 81920 MiB
2026/04/14 11:31:21.109, 0 %, 0 MiB, 81920 MiB
2026/04/14 11:31:26.110, 0 %, 491 MiB, 81920 MiB
2026/04/14 11:31:26.110, 0 %, 0 MiB, 81920 MiB
2026/04/14 11:31:31.111, 0 %, 491 MiB, 81920 MiB
2026/04/14 11:31:31.111, 0 %, 0 MiB, 81920 MiB
2026/04/14 11:31:36.112, 0 %, 491 MiB, 81920 MiB
2026/04/14 11:31:36.112, 0 %, 0 MiB, 81920 MiB
2026/04/14 11:31:41.112, 0 %, 491 MiB, 81920 MiB
2026/04/14 11:31:41.113, 0 %, 0 MiB, 81920 MiB
2026/04/14 11:31:46.113, 0 %, 491 MiB, 81920 MiB
2026/04/14 11:31:46.113, 0 %, 0 MiB, 81920 MiB
2026/04/14 11:31:51.114, 0 %, 491 MiB, 81920 MiB
2026/04/14 11:31:51.114, 0 %, 0 MiB, 81920 MiB
2026/04/14 11:31:56.115, 0 %, 491 MiB, 81920 MiB
2026/04/14 11:31:56.115, 0 %, 0 MiB, 81920 MiB
2026/04/14 11:32:01.116, 0 %, 491 MiB, 81920 MiB
2026/04/14 11:32:01.116, 0 %, 0 MiB, 81920 MiB
2026/04/14 11:32:06.117, 0 %, 491 MiB, 81920 MiB
2026/04/14 11:32:06.117, 0 %, 0 MiB, 81920 MiB
2026/04/14 11:32:11.117, 0 %, 491 MiB, 81920 MiB
2026/04/14 11:32:11.117, 0 %, 0 MiB, 81920 MiB
2026/04/14 11:32:16.118, 0 %, 491 MiB, 81920 MiB
2026/04/14 11:32:16.118, 0 %, 0 MiB, 81920 MiB
2026/04/14 11:32:21.119, 0 %, 491 MiB, 81920 MiB
2026/04/14 11:32:21.119, 0 %, 0 MiB, 81920 MiB
2026/04/14 11:32:26.120, 0 %, 491 MiB, 81920 MiB
2026/04/14 11:32:26.120, 0 %, 0 MiB, 81920 MiB
2026/04/14 11:32:31.121, 0 %, 491 MiB, 81920 MiB
2026/04/14 11:32:31.121, 0 %, 0 MiB, 81920 MiB
2026/04/14 11:32:36.122, 0 %, 491 MiB, 81920 MiB
2026/04/14 11:32:36.122, 0 %, 0 MiB, 81920 MiB
2026/04/14 11:32:41.123, 0 %, 491 MiB, 81920 MiB
2026/04/14 11:32:41.123, 0 %, 0 MiB, 81920 MiB
2026/04/14 11:32:46.123, 8 %, 491 MiB, 81920 MiB
2026/04/14 11:32:46.124, 0 %, 0 MiB, 81920 MiB
2026/04/14 11:32:51.124, 2 %, 491 MiB, 81920 MiB
2026/04/14 11:32:51.125, 0 %, 0 MiB, 81920 MiB
2026/04/14 11:32:56.125, 0 %, 491 MiB, 81920 MiB
2026/04/14 11:32:56.125, 0 %, 0 MiB, 81920 MiB
2026/04/14 11:33:01.126, 4 %, 491 MiB, 81920 MiB
2026/04/14 11:33:01.126, 0 %, 0 MiB, 81920 MiB
2026/04/14 11:33:06.127, 1 %, 491 MiB, 81920 MiB
2026/04/14 11:33:06.127, 0 %, 0 MiB, 81920 MiB
2026/04/14 11:33:11.128, 10 %, 491 MiB, 81920 MiB
2026/04/14 11:33:11.128, 0 %, 0 MiB, 81920 MiB
2026/04/14 11:33:16.129, 4 %, 491 MiB, 81920 MiB
2026/04/14 11:33:16.129, 0 %, 0 MiB, 81920 MiB
2026/04/14 11:33:21.130, 13 %, 491 MiB, 81920 MiB
2026/04/14 11:33:21.130, 0 %, 0 MiB, 81920 MiB
2026/04/14 11:33:26.130, 6 %, 493 MiB, 81920 MiB
2026/04/14 11:33:26.131, 0 %, 0 MiB, 81920 MiB
2026/04/14 11:33:31.131, 13 %, 493 MiB, 81920 MiB
2026/04/14 11:33:31.132, 0 %, 0 MiB, 81920 MiB
2026/04/14 11:33:36.132, 10 %, 493 MiB, 81920 MiB
2026/04/14 11:33:36.132, 0 %, 0 MiB, 81920 MiB
2026/04/14 11:33:41.133, 15 %, 493 MiB, 81920 MiB
2026/04/14 11:33:41.133, 0 %, 0 MiB, 81920 MiB
2026/04/14 11:33:46.134, 9 %, 493 MiB, 81920 MiB
2026/04/14 11:33:46.134, 0 %, 0 MiB, 81920 MiB
2026/04/14 11:33:51.135, 14 %, 493 MiB, 81920 MiB
2026/04/14 11:33:51.135, 0 %, 0 MiB, 81920 MiB
2026/04/14 11:33:56.136, 6 %, 493 MiB, 81920 MiB
2026/04/14 11:33:56.136, 0 %, 0 MiB, 81920 MiB
2026/04/14 11:34:01.137, 12 %, 493 MiB, 81920 MiB
2026/04/14 11:34:01.137, 0 %, 0 MiB, 81920 MiB
2026/04/14 11:34:06.138, 17 %, 493 MiB, 81920 MiB
2026/04/14 11:34:06.138, 0 %, 0 MiB, 81920 MiB
2026/04/14 11:34:11.138, 0 %, 493 MiB, 81920 MiB
2026/04/14 11:34:11.139, 0 %, 0 MiB, 81920 MiB
2026/04/14 11:34:16.139, 0 %, 493 MiB, 81920 MiB
2026/04/14 11:34:16.140, 0 %, 0 MiB, 81920 MiB
2026/04/14 11:34:21.140, 0 %, 493 MiB, 81920 MiB
2026/04/14 11:34:21.140, 0 %, 0 MiB, 81920 MiB
2026/04/14 11:34:26.141, 0 %, 493 MiB, 81920 MiB
2026/04/14 11:34:26.141, 0 %, 0 MiB, 81920 MiB
2026/04/14 11:34:31.142, 0 %, 493 MiB, 81920 MiB
2026/04/14 11:34:31.142, 0 %, 0 MiB, 81920 MiB
2026/04/14 11:34:36.143, 0 %, 493 MiB, 81920 MiB
2026/04/14 11:34:36.143, 0 %, 0 MiB, 81920 MiB
2026/04/14 11:34:41.144, 0 %, 493 MiB, 81920 MiB
2026/04/14 11:34:41.144, 0 %, 0 MiB, 81920 MiB
2026/04/14 11:34:46.145, 0 %, 493 MiB, 81920 MiB
2026/04/14 11:34:46.145, 0 %, 0 MiB, 81920 MiB
2026/04/14 11:34:51.146, 0 %, 493 MiB, 81920 MiB
2026/04/14 11:34:51.146, 0 %, 0 MiB, 81920 MiB
2026/04/14 11:34:56.146, 0 %, 493 MiB, 81920 MiB
2026/04/14 11:34:56.147, 0 %, 0 MiB, 81920 MiB
2026/04/14 11:35:01.147, 0 %, 493 MiB, 81920 MiB
2026/04/14 11:35:01.147, 0 %, 0 MiB, 81920 MiB
2026/04/14 11:35:06.148, 0 %, 493 MiB, 81920 MiB
2026/04/14 11:35:06.148, 0 %, 0 MiB, 81920 MiB
2026/04/14 11:35:11.149, 0 %, 493 MiB, 81920 MiB
2026/04/14 11:35:11.149, 0 %, 0 MiB, 81920 MiB
2026/04/14 11:35:16.150, 0 %, 493 MiB, 81920 MiB
2026/04/14 11:35:16.150, 0 %, 0 MiB, 81920 MiB
2026/04/14 11:35:21.151, 0 %, 493 MiB, 81920 MiB
2026/04/14 11:35:21.151, 0 %, 0 MiB, 81920 MiB
2026/04/14 11:35:26.152, 0 %, 493 MiB, 81920 MiB
2026/04/14 11:35:26.152, 0 %, 0 MiB, 81920 MiB
2026/04/14 11:35:31.153, 0 %, 493 MiB, 81920 MiB
2026/04/14 11:35:31.153, 0 %, 0 MiB, 81920 MiB
2026/04/14 11:35:36.154, 0 %, 493 MiB, 81920 MiB
2026/04/14 11:35:36.154, 0 %, 0 MiB, 81920 MiB
2026/04/14 11:35:41.154, 0 %, 493 MiB, 81920 MiB
2026/04/14 11:35:41.155, 0 %, 0 MiB, 81920 MiB
2026/04/14 11:35:46.155, 0 %, 493 MiB, 81920 MiB
2026/04/14 11:35:46.155, 0 %, 0 MiB, 81920 MiB
2026/04/14 11:35:51.156, 0 %, 493 MiB, 81920 MiB
2026/04/14 11:35:51.156, 0 %, 0 MiB, 81920 MiB
2026/04/14 11:35:56.157, 0 %, 493 MiB, 81920 MiB
2026/04/14 11:35:56.157, 0 %, 0 MiB, 81920 MiB
2026/04/14 11:36:01.158, 0 %, 493 MiB, 81920 MiB
2026/04/14 11:36:01.158, 0 %, 0 MiB, 81920 MiB
2026/04/14 11:36:06.158, 0 %, 493 MiB, 81920 MiB
2026/04/14 11:36:06.158, 0 %, 0 MiB, 81920 MiB
2026/04/14 11:36:11.159, 0 %, 493 MiB, 81920 MiB
2026/04/14 11:36:11.159, 0 %, 0 MiB, 81920 MiB
2026/04/14 11:36:16.160, 0 %, 493 MiB, 81920 MiB
2026/04/14 11:36:16.160, 0 %, 0 MiB, 81920 MiB
2026/04/14 11:36:21.160, 0 %, 493 MiB, 81920 MiB
2026/04/14 11:36:21.161, 0 %, 0 MiB, 81920 MiB
2026/04/14 11:36:26.161, 0 %, 493 MiB, 81920 MiB
2026/04/14 11:36:26.162, 0 %, 0 MiB, 81920 MiB
2026/04/14 11:36:31.162, 0 %, 493 MiB, 81920 MiB
2026/04/14 11:36:31.163, 0 %, 0 MiB, 81920 MiB
2026/04/14 11:36:36.163, 0 %, 493 MiB, 81920 MiB
2026/04/14 11:36:36.164, 0 %, 0 MiB, 81920 MiB
2026/04/14 11:36:41.164, 0 %, 493 MiB, 81920 MiB
2026/04/14 11:36:41.164, 0 %, 0 MiB, 81920 MiB
2026/04/14 11:36:46.165, 0 %, 493 MiB, 81920 MiB
2026/04/14 11:36:46.165, 0 %, 0 MiB, 81920 MiB
2026/04/14 11:36:51.166, 0 %, 493 MiB, 81920 MiB
2026/04/14 11:36:51.166, 0 %, 0 MiB, 81920 MiB
2026/04/14 11:36:56.167, 0 %, 493 MiB, 81920 MiB
2026/04/14 11:36:56.167, 0 %, 0 MiB, 81920 MiB
2026/04/14 11:37:01.168, 0 %, 493 MiB, 81920 MiB
2026/04/14 11:37:01.168, 0 %, 0 MiB, 81920 MiB
2026/04/14 11:37:06.169, 0 %, 493 MiB, 81920 MiB
2026/04/14 11:37:06.169, 0 %, 0 MiB, 81920 MiB
2026/04/14 11:37:11.169, 0 %, 493 MiB, 81920 MiB
2026/04/14 11:37:11.169, 0 %, 0 MiB, 81920 MiB
2026/04/14 11:37:16.170, 0 %, 493 MiB, 81920 MiB
2026/04/14 11:37:16.170, 0 %, 0 MiB, 81920 MiB
2026/04/14 11:37:21.171, 0 %, 493 MiB, 81920 MiB
2026/04/14 11:37:21.171, 0 %, 0 MiB, 81920 MiB
2026/04/14 11:37:26.171, 0 %, 493 MiB, 81920 MiB
2026/04/14 11:37:26.171, 0 %, 0 MiB, 81920 MiB
2026/04/14 11:37:31.172, 0 %, 493 MiB, 81920 MiB
2026/04/14 11:37:31.172, 0 %, 0 MiB, 81920 MiB
2026/04/14 11:37:36.173, 0 %, 493 MiB, 81920 MiB
2026/04/14 11:37:36.173, 0 %, 0 MiB, 81920 MiB
2026/04/14 11:37:41.174, 0 %, 493 MiB, 81920 MiB
2026/04/14 11:37:41.174, 0 %, 0 MiB, 81920 MiB
2026/04/14 11:37:46.175, 0 %, 493 MiB, 81920 MiB
2026/04/14 11:37:46.175, 0 %, 0 MiB, 81920 MiB
2026/04/14 11:37:51.176, 0 %, 493 MiB, 81920 MiB
2026/04/14 11:37:51.176, 0 %, 0 MiB, 81920 MiB
2026/04/14 11:37:56.176, 0 %, 493 MiB, 81920 MiB
2026/04/14 11:37:56.177, 0 %, 0 MiB, 81920 MiB
2026/04/14 11:38:01.178, 0 %, 493 MiB, 81920 MiB
2026/04/14 11:38:01.178, 0 %, 0 MiB, 81920 MiB
2026/04/14 11:38:06.178, 0 %, 527 MiB, 81920 MiB
2026/04/14 11:38:06.179, 0 %, 0 MiB, 81920 MiB
2026/04/14 11:38:11.179, 0 %, 527 MiB, 81920 MiB
2026/04/14 11:38:11.179, 0 %, 0 MiB, 81920 MiB
2026/04/14 11:38:16.180, 0 %, 527 MiB, 81920 MiB
2026/04/14 11:38:16.180, 0 %, 0 MiB, 81920 MiB
2026/04/14 11:38:21.180, 0 %, 527 MiB, 81920 MiB
2026/04/14 11:38:21.180, 0 %, 0 MiB, 81920 MiB
2026/04/14 11:38:26.181, 0 %, 527 MiB, 81920 MiB
2026/04/14 11:38:26.181, 0 %, 0 MiB, 81920 MiB
2026/04/14 11:38:31.182, 17 %, 527 MiB, 81920 MiB
2026/04/14 11:38:31.182, 0 %, 0 MiB, 81920 MiB
2026/04/14 11:38:36.182, 7 %, 527 MiB, 81920 MiB
2026/04/14 11:38:36.183, 0 %, 0 MiB, 81920 MiB
2026/04/14 11:38:41.183, 6 %, 527 MiB, 81920 MiB
2026/04/14 11:38:41.183, 0 %, 0 MiB, 81920 MiB
2026/04/14 11:38:46.184, 6 %, 527 MiB, 81920 MiB
2026/04/14 11:38:46.184, 0 %, 0 MiB, 81920 MiB
2026/04/14 11:38:51.184, 0 %, 527 MiB, 81920 MiB
2026/04/14 11:38:51.185, 0 %, 0 MiB, 81920 MiB
2026/04/14 11:38:56.185, 0 %, 527 MiB, 81920 MiB
2026/04/14 11:38:56.185, 0 %, 0 MiB, 81920 MiB
2026/04/14 11:39:01.186, 0 %, 527 MiB, 81920 MiB
2026/04/14 11:39:01.186, 0 %, 0 MiB, 81920 MiB
2026/04/14 11:39:06.186, 0 %, 527 MiB, 81920 MiB
2026/04/14 11:39:06.187, 0 %, 0 MiB, 81920 MiB
2026/04/14 11:39:11.187, 0 %, 527 MiB, 81920 MiB
2026/04/14 11:39:11.187, 0 %, 0 MiB, 81920 MiB
2026/04/14 11:39:16.188, 0 %, 527 MiB, 81920 MiB
2026/04/14 11:39:16.188, 0 %, 0 MiB, 81920 MiB
2026/04/14 11:39:21.188, 0 %, 527 MiB, 81920 MiB
2026/04/14 11:39:21.188, 0 %, 0 MiB, 81920 MiB
2026/04/14 11:39:26.189, 0 %, 527 MiB, 81920 MiB
2026/04/14 11:39:26.189, 0 %, 0 MiB, 81920 MiB
2026/04/14 11:39:31.190, 0 %, 527 MiB, 81920 MiB
2026/04/14 11:39:31.190, 0 %, 0 MiB, 81920 MiB
2026/04/14 11:39:36.190, 0 %, 527 MiB, 81920 MiB
2026/04/14 11:39:36.190, 0 %, 0 MiB, 81920 MiB
2026/04/14 11:39:41.191, 13 %, 527 MiB, 81920 MiB
2026/04/14 11:39:41.191, 0 %, 0 MiB, 81920 MiB
2026/04/14 11:39:46.192, 12 %, 527 MiB, 81920 MiB
2026/04/14 11:39:46.192, 0 %, 0 MiB, 81920 MiB
2026/04/14 11:39:51.192, 12 %, 527 MiB, 81920 MiB
2026/04/14 11:39:51.192, 0 %, 0 MiB, 81920 MiB
2026/04/14 11:39:56.193, 0 %, 527 MiB, 81920 MiB
2026/04/14 11:39:56.193, 0 %, 0 MiB, 81920 MiB
2026/04/14 11:40:01.193, 0 %, 527 MiB, 81920 MiB
2026/04/14 11:40:01.194, 0 %, 0 MiB, 81920 MiB
2026/04/14 11:40:06.194, 0 %, 527 MiB, 81920 MiB
2026/04/14 11:40:06.194, 0 %, 0 MiB, 81920 MiB
2026/04/14 11:40:11.195, 0 %, 527 MiB, 81920 MiB
2026/04/14 11:40:11.195, 0 %, 0 MiB, 81920 MiB
2026/04/14 11:40:16.195, 0 %, 527 MiB, 81920 MiB
2026/04/14 11:40:16.195, 0 %, 0 MiB, 81920 MiB
2026/04/14 11:40:21.196, 0 %, 527 MiB, 81920 MiB
2026/04/14 11:40:21.196, 0 %, 0 MiB, 81920 MiB
2026/04/14 11:40:26.197, 0 %, 527 MiB, 81920 MiB
2026/04/14 11:40:26.197, 0 %, 0 MiB, 81920 MiB
2026/04/14 11:40:31.197, 0 %, 527 MiB, 81920 MiB
2026/04/14 11:40:31.197, 0 %, 0 MiB, 81920 MiB
2026/04/14 11:40:36.198, 0 %, 527 MiB, 81920 MiB
2026/04/14 11:40:36.198, 0 %, 0 MiB, 81920 MiB
2026/04/14 11:40:41.199, 0 %, 527 MiB, 81920 MiB
2026/04/14 11:40:41.199, 0 %, 0 MiB, 81920 MiB
2026/04/14 11:40:46.199, 10 %, 527 MiB, 81920 MiB
2026/04/14 11:40:46.200, 0 %, 0 MiB, 81920 MiB
2026/04/14 11:40:51.200, 8 %, 527 MiB, 81920 MiB
2026/04/14 11:40:51.200, 0 %, 0 MiB, 81920 MiB
2026/04/14 11:40:56.201, 18 %, 527 MiB, 81920 MiB
2026/04/14 11:40:56.201, 0 %, 0 MiB, 81920 MiB
2026/04/14 11:41:01.202, 19 %, 527 MiB, 81920 MiB
2026/04/14 11:41:01.202, 0 %, 0 MiB, 81920 MiB
2026/04/14 11:41:06.202, 5 %, 527 MiB, 81920 MiB
2026/04/14 11:41:06.202, 0 %, 0 MiB, 81920 MiB
2026/04/14 11:41:11.203, 5 %, 527 MiB, 81920 MiB
2026/04/14 11:41:11.203, 0 %, 0 MiB, 81920 MiB
2026/04/14 11:41:16.204, 0 %, 527 MiB, 81920 MiB
2026/04/14 11:41:16.204, 0 %, 0 MiB, 81920 MiB
2026/04/14 11:41:21.204, 0 %, 527 MiB, 81920 MiB
2026/04/14 11:41:21.204, 0 %, 0 MiB, 81920 MiB
2026/04/14 11:41:26.205, 0 %, 527 MiB, 81920 MiB
2026/04/14 11:41:26.205, 0 %, 0 MiB, 81920 MiB
2026/04/14 11:41:31.206, 0 %, 527 MiB, 81920 MiB
2026/04/14 11:41:31.206, 0 %, 0 MiB, 81920 MiB
2026/04/14 11:41:36.206, 0 %, 527 MiB, 81920 MiB
2026/04/14 11:41:36.206, 0 %, 0 MiB, 81920 MiB
2026/04/14 11:41:41.207, 0 %, 527 MiB, 81920 MiB
2026/04/14 11:41:41.207, 0 %, 0 MiB, 81920 MiB
2026/04/14 11:41:46.208, 0 %, 527 MiB, 81920 MiB
2026/04/14 11:41:46.208, 0 %, 0 MiB, 81920 MiB
2026/04/14 11:41:51.208, 0 %, 527 MiB, 81920 MiB
2026/04/14 11:41:51.208, 0 %, 0 MiB, 81920 MiB
2026/04/14 11:41:56.209, 0 %, 527 MiB, 81920 MiB
2026/04/14 11:41:56.209, 0 %, 0 MiB, 81920 MiB
2026/04/14 11:42:01.210, 18 %, 527 MiB, 81920 MiB
2026/04/14 11:42:01.210, 0 %, 0 MiB, 81920 MiB
2026/04/14 11:42:06.210, 16 %, 527 MiB, 81920 MiB
2026/04/14 11:42:06.210, 0 %, 0 MiB, 81920 MiB
2026/04/14 11:42:11.211, 2 %, 527 MiB, 81920 MiB
2026/04/14 11:42:11.211, 0 %, 0 MiB, 81920 MiB
2026/04/14 11:42:16.212, 1 %, 527 MiB, 81920 MiB
2026/04/14 11:42:16.212, 0 %, 0 MiB, 81920 MiB
2026/04/14 11:42:21.212, 0 %, 527 MiB, 81920 MiB
2026/04/14 11:42:21.212, 0 %, 0 MiB, 81920 MiB
2026/04/14 11:42:26.213, 0 %, 527 MiB, 81920 MiB
2026/04/14 11:42:26.213, 0 %, 0 MiB, 81920 MiB
2026/04/14 11:42:31.214, 0 %, 527 MiB, 81920 MiB
2026/04/14 11:42:31.214, 0 %, 0 MiB, 81920 MiB
2026/04/14 11:42:36.214, 0 %, 527 MiB, 81920 MiB
2026/04/14 11:42:36.214, 0 %, 0 MiB, 81920 MiB
2026/04/14 11:42:41.215, 0 %, 527 MiB, 81920 MiB
2026/04/14 11:42:41.215, 0 %, 0 MiB, 81920 MiB
2026/04/14 11:42:46.216, 0 %, 527 MiB, 81920 MiB
2026/04/14 11:42:46.216, 0 %, 0 MiB, 81920 MiB
2026/04/14 11:42:51.216, 0 %, 527 MiB, 81920 MiB
2026/04/14 11:42:51.216, 0 %, 0 MiB, 81920 MiB
2026/04/14 11:42:56.217, 0 %, 527 MiB, 81920 MiB
2026/04/14 11:42:56.217, 0 %, 0 MiB, 81920 MiB
2026/04/14 11:43:01.218, 0 %, 527 MiB, 81920 MiB
2026/04/14 11:43:01.218, 0 %, 0 MiB, 81920 MiB
2026/04/14 11:43:06.218, 7 %, 527 MiB, 81920 MiB
2026/04/14 11:43:06.218, 0 %, 0 MiB, 81920 MiB
2026/04/14 11:43:11.219, 8 %, 527 MiB, 81920 MiB
2026/04/14 11:43:11.219, 0 %, 0 MiB, 81920 MiB
2026/04/14 11:43:16.220, 16 %, 527 MiB, 81920 MiB
2026/04/14 11:43:16.220, 0 %, 0 MiB, 81920 MiB
2026/04/14 11:43:21.220, 0 %, 527 MiB, 81920 MiB
2026/04/14 11:43:21.221, 0 %, 0 MiB, 81920 MiB
2026/04/14 11:43:26.221, 0 %, 527 MiB, 81920 MiB
2026/04/14 11:43:26.221, 0 %, 0 MiB, 81920 MiB
2026/04/14 11:43:31.222, 0 %, 527 MiB, 81920 MiB
2026/04/14 11:43:31.222, 0 %, 0 MiB, 81920 MiB
2026/04/14 11:43:36.222, 0 %, 527 MiB, 81920 MiB
2026/04/14 11:43:36.223, 0 %, 0 MiB, 81920 MiB
2026/04/14 11:43:41.223, 0 %, 527 MiB, 81920 MiB
2026/04/14 11:43:41.223, 0 %, 0 MiB, 81920 MiB
2026/04/14 11:43:46.224, 0 %, 527 MiB, 81920 MiB
2026/04/14 11:43:46.224, 0 %, 0 MiB, 81920 MiB
2026/04/14 11:43:51.225, 0 %, 527 MiB, 81920 MiB
2026/04/14 11:43:51.225, 0 %, 0 MiB, 81920 MiB
2026/04/14 11:43:56.225, 0 %, 527 MiB, 81920 MiB
2026/04/14 11:43:56.225, 0 %, 0 MiB, 81920 MiB
2026/04/14 11:44:01.226, 1 %, 527 MiB, 81920 MiB
2026/04/14 11:44:01.226, 0 %, 0 MiB, 81920 MiB
2026/04/14 11:44:06.226, 15 %, 527 MiB, 81920 MiB
2026/04/14 11:44:06.227, 0 %, 0 MiB, 81920 MiB
2026/04/14 11:44:11.227, 13 %, 527 MiB, 81920 MiB
2026/04/14 11:44:11.227, 0 %, 0 MiB, 81920 MiB
2026/04/14 11:44:16.228, 10 %, 527 MiB, 81920 MiB
2026/04/14 11:44:16.228, 0 %, 0 MiB, 81920 MiB
2026/04/14 11:44:21.229, 10 %, 527 MiB, 81920 MiB
2026/04/14 11:44:21.229, 0 %, 0 MiB, 81920 MiB
2026/04/14 11:44:26.229, 0 %, 527 MiB, 81920 MiB
2026/04/14 11:44:26.229, 0 %, 0 MiB, 81920 MiB
2026/04/14 11:44:31.230, 0 %, 527 MiB, 81920 MiB
2026/04/14 11:44:31.230, 0 %, 0 MiB, 81920 MiB
2026/04/14 11:44:36.230, 0 %, 527 MiB, 81920 MiB
2026/04/14 11:44:36.230, 0 %, 0 MiB, 81920 MiB
2026/04/14 11:44:41.231, 0 %, 527 MiB, 81920 MiB
2026/04/14 11:44:41.231, 0 %, 0 MiB, 81920 MiB
2026/04/14 11:44:46.232, 0 %, 527 MiB, 81920 MiB
2026/04/14 11:44:46.232, 0 %, 0 MiB, 81920 MiB
2026/04/14 11:44:51.232, 0 %, 527 MiB, 81920 MiB
2026/04/14 11:44:51.232, 0 %, 0 MiB, 81920 MiB
2026/04/14 11:44:56.233, 0 %, 527 MiB, 81920 MiB
2026/04/14 11:44:56.233, 0 %, 0 MiB, 81920 MiB
2026/04/14 11:45:01.234, 0 %, 527 MiB, 81920 MiB
2026/04/14 11:45:01.234, 0 %, 0 MiB, 81920 MiB
2026/04/14 11:45:06.234, 0 %, 527 MiB, 81920 MiB
2026/04/14 11:45:06.234, 0 %, 0 MiB, 81920 MiB
2026/04/14 11:45:11.235, 1 %, 527 MiB, 81920 MiB
2026/04/14 11:45:11.235, 0 %, 0 MiB, 81920 MiB
2026/04/14 11:45:16.236, 1 %, 527 MiB, 81920 MiB
2026/04/14 11:45:16.236, 0 %, 0 MiB, 81920 MiB
2026/04/14 11:45:21.236, 4 %, 527 MiB, 81920 MiB
2026/04/14 11:45:21.236, 0 %, 0 MiB, 81920 MiB
2026/04/14 11:45:26.237, 4 %, 527 MiB, 81920 MiB
2026/04/14 11:45:26.237, 0 %, 0 MiB, 81920 MiB
2026/04/14 11:45:31.237, 0 %, 527 MiB, 81920 MiB
2026/04/14 11:45:31.238, 0 %, 0 MiB, 81920 MiB
2026/04/14 11:45:36.238, 0 %, 527 MiB, 81920 MiB
2026/04/14 11:45:36.238, 0 %, 0 MiB, 81920 MiB
2026/04/14 11:45:41.239, 0 %, 527 MiB, 81920 MiB
2026/04/14 11:45:41.239, 0 %, 0 MiB, 81920 MiB
2026/04/14 11:45:46.239, 0 %, 527 MiB, 81920 MiB
2026/04/14 11:45:46.239, 0 %, 0 MiB, 81920 MiB
2026/04/14 11:45:51.240, 0 %, 527 MiB, 81920 MiB
2026/04/14 11:45:51.240, 0 %, 0 MiB, 81920 MiB
2026/04/14 11:45:56.241, 0 %, 527 MiB, 81920 MiB
2026/04/14 11:45:56.241, 0 %, 0 MiB, 81920 MiB
2026/04/14 11:46:01.241, 0 %, 527 MiB, 81920 MiB
2026/04/14 11:46:01.241, 0 %, 0 MiB, 81920 MiB
2026/04/14 11:46:06.242, 0 %, 527 MiB, 81920 MiB
2026/04/14 11:46:06.242, 0 %, 0 MiB, 81920 MiB
2026/04/14 11:46:11.243, 0 %, 527 MiB, 81920 MiB
2026/04/14 11:46:11.243, 0 %, 0 MiB, 81920 MiB
2026/04/14 11:46:16.243, 5 %, 527 MiB, 81920 MiB
2026/04/14 11:46:16.243, 0 %, 0 MiB, 81920 MiB
2026/04/14 11:46:21.244, 6 %, 527 MiB, 81920 MiB
2026/04/14 11:46:21.244, 0 %, 0 MiB, 81920 MiB
2026/04/14 11:46:26.245, 18 %, 527 MiB, 81920 MiB
2026/04/14 11:46:26.245, 0 %, 0 MiB, 81920 MiB
2026/04/14 11:46:31.245, 17 %, 527 MiB, 81920 MiB
2026/04/14 11:46:31.245, 0 %, 0 MiB, 81920 MiB
2026/04/14 11:46:36.246, 0 %, 527 MiB, 81920 MiB
2026/04/14 11:46:36.246, 0 %, 0 MiB, 81920 MiB
2026/04/14 11:46:41.247, 1 %, 527 MiB, 81920 MiB
2026/04/14 11:46:41.247, 0 %, 0 MiB, 81920 MiB
2026/04/14 11:46:46.247, 0 %, 527 MiB, 81920 MiB
2026/04/14 11:46:46.247, 0 %, 0 MiB, 81920 MiB
2026/04/14 11:46:51.248, 0 %, 527 MiB, 81920 MiB
2026/04/14 11:46:51.248, 0 %, 0 MiB, 81920 MiB
2026/04/14 11:46:56.249, 0 %, 527 MiB, 81920 MiB
2026/04/14 11:46:56.249, 0 %, 0 MiB, 81920 MiB
2026/04/14 11:47:01.249, 0 %, 527 MiB, 81920 MiB
2026/04/14 11:47:01.249, 0 %, 0 MiB, 81920 MiB
2026/04/14 11:47:06.250, 0 %, 527 MiB, 81920 MiB
2026/04/14 11:47:06.250, 0 %, 0 MiB, 81920 MiB
2026/04/14 11:47:11.251, 0 %, 527 MiB, 81920 MiB
2026/04/14 11:47:11.251, 0 %, 0 MiB, 81920 MiB
2026/04/14 11:47:16.251, 0 %, 527 MiB, 81920 MiB
2026/04/14 11:47:16.251, 0 %, 0 MiB, 81920 MiB
2026/04/14 11:47:21.252, 0 %, 527 MiB, 81920 MiB
2026/04/14 11:47:21.252, 0 %, 0 MiB, 81920 MiB
2026/04/14 11:47:26.252, 0 %, 527 MiB, 81920 MiB
2026/04/14 11:47:26.252, 0 %, 0 MiB, 81920 MiB
2026/04/14 11:47:31.253, 0 %, 527 MiB, 81920 MiB
2026/04/14 11:47:31.253, 0 %, 0 MiB, 81920 MiB
2026/04/14 11:47:36.254, 0 %, 527 MiB, 81920 MiB
2026/04/14 11:47:36.254, 0 %, 0 MiB, 81920 MiB
2026/04/14 11:47:41.254, 0 %, 527 MiB, 81920 MiB
2026/04/14 11:47:41.254, 0 %, 0 MiB, 81920 MiB
2026/04/14 11:47:46.255, 0 %, 527 MiB, 81920 MiB
2026/04/14 11:47:46.255, 0 %, 0 MiB, 81920 MiB
2026/04/14 11:47:51.256, 0 %, 527 MiB, 81920 MiB
2026/04/14 11:47:51.256, 0 %, 0 MiB, 81920 MiB
2026/04/14 11:47:56.256, 0 %, 527 MiB, 81920 MiB
2026/04/14 11:47:56.256, 0 %, 0 MiB, 81920 MiB
2026/04/14 11:48:01.257, 0 %, 527 MiB, 81920 MiB
2026/04/14 11:48:01.257, 0 %, 0 MiB, 81920 MiB
2026/04/14 11:48:06.257, 0 %, 527 MiB, 81920 MiB
2026/04/14 11:48:06.258, 0 %, 0 MiB, 81920 MiB
2026/04/14 11:48:11.258, 0 %, 527 MiB, 81920 MiB
2026/04/14 11:48:11.258, 0 %, 0 MiB, 81920 MiB
2026/04/14 11:48:16.259, 0 %, 527 MiB, 81920 MiB
2026/04/14 11:48:16.259, 0 %, 0 MiB, 81920 MiB
2026/04/14 11:48:21.259, 0 %, 527 MiB, 81920 MiB
2026/04/14 11:48:21.259, 0 %, 0 MiB, 81920 MiB
2026/04/14 11:48:26.260, 0 %, 527 MiB, 81920 MiB
2026/04/14 11:48:26.260, 0 %, 0 MiB, 81920 MiB
2026/04/14 11:48:31.261, 0 %, 527 MiB, 81920 MiB
2026/04/14 11:48:31.261, 0 %, 0 MiB, 81920 MiB
2026/04/14 11:48:36.261, 0 %, 527 MiB, 81920 MiB
2026/04/14 11:48:36.261, 0 %, 0 MiB, 81920 MiB
2026/04/14 11:48:41.262, 0 %, 527 MiB, 81920 MiB
2026/04/14 11:48:41.262, 0 %, 0 MiB, 81920 MiB
2026/04/14 11:48:46.262, 0 %, 527 MiB, 81920 MiB
2026/04/14 11:48:46.263, 0 %, 0 MiB, 81920 MiB
2026/04/14 11:48:51.263, 0 %, 527 MiB, 81920 MiB
2026/04/14 11:48:51.263, 0 %, 0 MiB, 81920 MiB
2026/04/14 11:48:56.264, 0 %, 527 MiB, 81920 MiB
2026/04/14 11:48:56.264, 0 %, 0 MiB, 81920 MiB
2026/04/14 11:49:01.264, 0 %, 527 MiB, 81920 MiB
2026/04/14 11:49:01.264, 0 %, 0 MiB, 81920 MiB
2026/04/14 11:49:06.265, 0 %, 527 MiB, 81920 MiB
2026/04/14 11:49:06.265, 0 %, 0 MiB, 81920 MiB
2026/04/14 11:49:11.266, 0 %, 527 MiB, 81920 MiB
2026/04/14 11:49:11.266, 0 %, 0 MiB, 81920 MiB
2026/04/14 11:49:16.270, 0 %, 493 MiB, 81920 MiB
2026/04/14 11:49:16.270, 0 %, 0 MiB, 81920 MiB
2026/04/14 11:49:21.271, 0 %, 493 MiB, 81920 MiB
2026/04/14 11:49:21.271, 0 %, 0 MiB, 81920 MiB
2026/04/14 11:49:26.272, 0 %, 493 MiB, 81920 MiB
2026/04/14 11:49:26.272, 0 %, 0 MiB, 81920 MiB
2026/04/14 11:49:31.272, 0 %, 493 MiB, 81920 MiB
2026/04/14 11:49:31.273, 0 %, 0 MiB, 81920 MiB
2026/04/14 11:49:36.273, 0 %, 493 MiB, 81920 MiB
2026/04/14 11:49:36.274, 0 %, 0 MiB, 81920 MiB
2026/04/14 11:49:41.274, 0 %, 493 MiB, 81920 MiB
2026/04/14 11:49:41.275, 0 %, 0 MiB, 81920 MiB
2026/04/14 11:49:46.276, 0 %, 493 MiB, 81920 MiB
2026/04/14 11:49:46.276, 0 %, 0 MiB, 81920 MiB
2026/04/14 11:49:51.277, 0 %, 493 MiB, 81920 MiB
2026/04/14 11:49:51.277, 0 %, 0 MiB, 81920 MiB
2026/04/14 11:49:56.278, 0 %, 493 MiB, 81920 MiB
2026/04/14 11:49:56.278, 0 %, 0 MiB, 81920 MiB
2026/04/14 11:50:01.279, 0 %, 493 MiB, 81920 MiB
2026/04/14 11:50:01.279, 0 %, 0 MiB, 81920 MiB
2026/04/14 11:50:06.280, 0 %, 493 MiB, 81920 MiB
2026/04/14 11:50:06.280, 0 %, 0 MiB, 81920 MiB
2026/04/14 11:50:11.281, 0 %, 493 MiB, 81920 MiB
2026/04/14 11:50:11.281, 0 %, 0 MiB, 81920 MiB
2026/04/14 11:50:16.282, 0 %, 493 MiB, 81920 MiB
2026/04/14 11:50:16.282, 0 %, 0 MiB, 81920 MiB
2026/04/14 11:50:21.283, 0 %, 493 MiB, 81920 MiB
2026/04/14 11:50:21.283, 0 %, 0 MiB, 81920 MiB
2026/04/14 11:50:26.284, 0 %, 493 MiB, 81920 MiB
2026/04/14 11:50:26.284, 0 %, 0 MiB, 81920 MiB
2026/04/14 11:50:31.285, 0 %, 493 MiB, 81920 MiB
2026/04/14 11:50:31.285, 0 %, 0 MiB, 81920 MiB
2026/04/14 11:50:36.286, 0 %, 493 MiB, 81920 MiB
2026/04/14 11:50:36.286, 0 %, 0 MiB, 81920 MiB
2026/04/14 11:50:41.287, 0 %, 493 MiB, 81920 MiB
2026/04/14 11:50:41.287, 0 %, 0 MiB, 81920 MiB
2026/04/14 11:50:46.288, 0 %, 493 MiB, 81920 MiB
2026/04/14 11:50:46.288, 0 %, 0 MiB, 81920 MiB
2026/04/14 11:50:51.289, 0 %, 493 MiB, 81920 MiB
2026/04/14 11:50:51.289, 0 %, 0 MiB, 81920 MiB
2026/04/14 11:50:56.291, 0 %, 493 MiB, 81920 MiB
2026/04/14 11:50:56.291, 0 %, 0 MiB, 81920 MiB
2026/04/14 11:51:01.292, 0 %, 493 MiB, 81920 MiB
2026/04/14 11:51:01.292, 0 %, 0 MiB, 81920 MiB
2026/04/14 11:51:06.293, 0 %, 493 MiB, 81920 MiB
2026/04/14 11:51:06.293, 0 %, 0 MiB, 81920 MiB
2026/04/14 11:51:11.294, 0 %, 493 MiB, 81920 MiB
2026/04/14 11:51:11.294, 0 %, 0 MiB, 81920 MiB
2026/04/14 11:51:16.295, 8 %, 527 MiB, 81920 MiB
2026/04/14 11:51:16.295, 0 %, 0 MiB, 81920 MiB
2026/04/14 11:51:21.296, 7 %, 527 MiB, 81920 MiB
2026/04/14 11:51:21.296, 0 %, 0 MiB, 81920 MiB
2026/04/14 11:51:26.297, 18 %, 527 MiB, 81920 MiB
2026/04/14 11:51:26.297, 0 %, 0 MiB, 81920 MiB
2026/04/14 11:51:31.298, 17 %, 527 MiB, 81920 MiB
2026/04/14 11:51:31.298, 0 %, 0 MiB, 81920 MiB
2026/04/14 11:51:36.299, 2 %, 527 MiB, 81920 MiB
2026/04/14 11:51:36.299, 0 %, 0 MiB, 81920 MiB
2026/04/14 11:51:41.300, 1 %, 527 MiB, 81920 MiB
2026/04/14 11:51:41.300, 0 %, 0 MiB, 81920 MiB
2026/04/14 11:51:46.301, 0 %, 527 MiB, 81920 MiB
2026/04/14 11:51:46.301, 0 %, 0 MiB, 81920 MiB
2026/04/14 11:51:51.302, 0 %, 527 MiB, 81920 MiB
2026/04/14 11:51:51.302, 0 %, 0 MiB, 81920 MiB
2026/04/14 11:51:56.303, 0 %, 527 MiB, 81920 MiB
2026/04/14 11:51:56.303, 0 %, 0 MiB, 81920 MiB
2026/04/14 11:52:01.303, 0 %, 527 MiB, 81920 MiB
2026/04/14 11:52:01.304, 0 %, 0 MiB, 81920 MiB
2026/04/14 11:52:06.305, 0 %, 527 MiB, 81920 MiB
2026/04/14 11:52:06.305, 0 %, 0 MiB, 81920 MiB
2026/04/14 11:52:11.305, 0 %, 527 MiB, 81920 MiB
2026/04/14 11:52:11.306, 0 %, 0 MiB, 81920 MiB
2026/04/14 11:52:16.306, 0 %, 527 MiB, 81920 MiB
2026/04/14 11:52:16.307, 0 %, 0 MiB, 81920 MiB
2026/04/14 11:52:21.307, 16 %, 527 MiB, 81920 MiB
2026/04/14 11:52:21.308, 0 %, 0 MiB, 81920 MiB
2026/04/14 11:52:26.308, 1 %, 527 MiB, 81920 MiB
2026/04/14 11:52:26.309, 0 %, 0 MiB, 81920 MiB
2026/04/14 11:52:31.309, 14 %, 527 MiB, 81920 MiB
2026/04/14 11:52:31.309, 0 %, 0 MiB, 81920 MiB
2026/04/14 11:52:36.310, 13 %, 527 MiB, 81920 MiB
2026/04/14 11:52:36.310, 0 %, 0 MiB, 81920 MiB
2026/04/14 11:52:41.311, 0 %, 527 MiB, 81920 MiB
2026/04/14 11:52:41.311, 0 %, 0 MiB, 81920 MiB
2026/04/14 11:52:46.312, 0 %, 527 MiB, 81920 MiB
2026/04/14 11:52:46.312, 0 %, 0 MiB, 81920 MiB
2026/04/14 11:52:51.313, 0 %, 527 MiB, 81920 MiB
2026/04/14 11:52:51.313, 0 %, 0 MiB, 81920 MiB
2026/04/14 11:52:56.314, 0 %, 527 MiB, 81920 MiB
2026/04/14 11:52:56.314, 0 %, 0 MiB, 81920 MiB
2026/04/14 11:53:01.315, 0 %, 527 MiB, 81920 MiB
2026/04/14 11:53:01.315, 0 %, 0 MiB, 81920 MiB
2026/04/14 11:53:06.316, 0 %, 527 MiB, 81920 MiB
2026/04/14 11:53:06.316, 0 %, 0 MiB, 81920 MiB
2026/04/14 11:53:11.316, 0 %, 527 MiB, 81920 MiB
2026/04/14 11:53:11.317, 0 %, 0 MiB, 81920 MiB
2026/04/14 11:53:16.317, 0 %, 527 MiB, 81920 MiB
2026/04/14 11:53:16.318, 0 %, 0 MiB, 81920 MiB
2026/04/14 11:53:21.318, 1 %, 527 MiB, 81920 MiB
2026/04/14 11:53:21.318, 0 %, 0 MiB, 81920 MiB
2026/04/14 11:53:26.319, 0 %, 527 MiB, 81920 MiB
2026/04/14 11:53:26.319, 0 %, 0 MiB, 81920 MiB
2026/04/14 11:53:31.320, 13 %, 527 MiB, 81920 MiB
2026/04/14 11:53:31.320, 0 %, 0 MiB, 81920 MiB
2026/04/14 11:53:36.321, 11 %, 527 MiB, 81920 MiB
2026/04/14 11:53:36.321, 0 %, 0 MiB, 81920 MiB
2026/04/14 11:53:41.322, 13 %, 527 MiB, 81920 MiB
2026/04/14 11:53:41.322, 0 %, 0 MiB, 81920 MiB
2026/04/14 11:53:46.323, 13 %, 527 MiB, 81920 MiB
2026/04/14 11:53:46.323, 0 %, 0 MiB, 81920 MiB
2026/04/14 11:53:51.324, 0 %, 527 MiB, 81920 MiB
2026/04/14 11:53:51.324, 0 %, 0 MiB, 81920 MiB
2026/04/14 11:53:56.325, 0 %, 527 MiB, 81920 MiB
2026/04/14 11:53:56.325, 0 %, 0 MiB, 81920 MiB
2026/04/14 11:54:01.326, 0 %, 527 MiB, 81920 MiB
2026/04/14 11:54:01.326, 0 %, 0 MiB, 81920 MiB
2026/04/14 11:54:06.327, 0 %, 527 MiB, 81920 MiB
2026/04/14 11:54:06.327, 0 %, 0 MiB, 81920 MiB
2026/04/14 11:54:11.328, 0 %, 527 MiB, 81920 MiB
2026/04/14 11:54:11.328, 0 %, 0 MiB, 81920 MiB
2026/04/14 11:54:16.329, 0 %, 527 MiB, 81920 MiB
2026/04/14 11:54:16.329, 0 %, 0 MiB, 81920 MiB
2026/04/14 11:54:21.330, 0 %, 527 MiB, 81920 MiB
2026/04/14 11:54:21.330, 0 %, 0 MiB, 81920 MiB
2026/04/14 11:54:26.330, 0 %, 527 MiB, 81920 MiB
2026/04/14 11:54:26.331, 0 %, 0 MiB, 81920 MiB
2026/04/14 11:54:31.331, 0 %, 527 MiB, 81920 MiB
2026/04/14 11:54:31.332, 0 %, 0 MiB, 81920 MiB
2026/04/14 11:54:36.332, 14 %, 527 MiB, 81920 MiB
2026/04/14 11:54:36.333, 0 %, 0 MiB, 81920 MiB
2026/04/14 11:54:41.333, 13 %, 527 MiB, 81920 MiB
2026/04/14 11:54:41.334, 0 %, 0 MiB, 81920 MiB
2026/04/14 11:54:46.334, 11 %, 527 MiB, 81920 MiB
2026/04/14 11:54:46.334, 0 %, 0 MiB, 81920 MiB
2026/04/14 11:54:51.335, 11 %, 527 MiB, 81920 MiB
2026/04/14 11:54:51.335, 0 %, 0 MiB, 81920 MiB
2026/04/14 11:54:56.336, 0 %, 527 MiB, 81920 MiB
2026/04/14 11:54:56.336, 0 %, 0 MiB, 81920 MiB
2026/04/14 11:55:01.337, 0 %, 527 MiB, 81920 MiB
2026/04/14 11:55:01.337, 0 %, 0 MiB, 81920 MiB
2026/04/14 11:55:06.338, 0 %, 527 MiB, 81920 MiB
2026/04/14 11:55:06.338, 0 %, 0 MiB, 81920 MiB
2026/04/14 11:55:11.339, 0 %, 527 MiB, 81920 MiB
2026/04/14 11:55:11.339, 0 %, 0 MiB, 81920 MiB
2026/04/14 11:55:16.340, 0 %, 527 MiB, 81920 MiB
2026/04/14 11:55:16.340, 0 %, 0 MiB, 81920 MiB
2026/04/14 11:55:21.341, 0 %, 527 MiB, 81920 MiB
2026/04/14 11:55:21.341, 0 %, 0 MiB, 81920 MiB
2026/04/14 11:55:26.342, 0 %, 527 MiB, 81920 MiB
2026/04/14 11:55:26.342, 0 %, 0 MiB, 81920 MiB
2026/04/14 11:55:31.343, 0 %, 527 MiB, 81920 MiB
2026/04/14 11:55:31.343, 0 %, 0 MiB, 81920 MiB
2026/04/14 11:55:36.343, 0 %, 527 MiB, 81920 MiB
2026/04/14 11:55:36.344, 0 %, 0 MiB, 81920 MiB
2026/04/14 11:55:41.344, 0 %, 527 MiB, 81920 MiB
2026/04/14 11:55:41.345, 0 %, 0 MiB, 81920 MiB
2026/04/14 11:55:46.345, 0 %, 527 MiB, 81920 MiB
2026/04/14 11:55:46.346, 0 %, 0 MiB, 81920 MiB
2026/04/14 11:55:51.346, 8 %, 527 MiB, 81920 MiB
2026/04/14 11:55:51.346, 0 %, 0 MiB, 81920 MiB
2026/04/14 11:55:56.347, 11 %, 527 MiB, 81920 MiB
2026/04/14 11:55:56.347, 0 %, 0 MiB, 81920 MiB
2026/04/14 11:56:01.348, 0 %, 527 MiB, 81920 MiB
2026/04/14 11:56:01.348, 0 %, 0 MiB, 81920 MiB
2026/04/14 11:56:06.349, 0 %, 527 MiB, 81920 MiB
2026/04/14 11:56:06.349, 0 %, 0 MiB, 81920 MiB
2026/04/14 11:56:11.350, 0 %, 527 MiB, 81920 MiB
2026/04/14 11:56:11.350, 0 %, 0 MiB, 81920 MiB
2026/04/14 11:56:16.351, 0 %, 527 MiB, 81920 MiB
2026/04/14 11:56:16.351, 0 %, 0 MiB, 81920 MiB
2026/04/14 11:56:21.352, 0 %, 527 MiB, 81920 MiB
2026/04/14 11:56:21.352, 0 %, 0 MiB, 81920 MiB
2026/04/14 11:56:26.353, 0 %, 527 MiB, 81920 MiB
2026/04/14 11:56:26.353, 0 %, 0 MiB, 81920 MiB
2026/04/14 11:56:31.354, 0 %, 527 MiB, 81920 MiB
2026/04/14 11:56:31.354, 0 %, 0 MiB, 81920 MiB
2026/04/14 11:56:36.355, 0 %, 527 MiB, 81920 MiB
2026/04/14 11:56:36.355, 0 %, 0 MiB, 81920 MiB
2026/04/14 11:56:41.356, 0 %, 527 MiB, 81920 MiB
2026/04/14 11:56:41.356, 0 %, 0 MiB, 81920 MiB
2026/04/14 11:56:46.356, 0 %, 527 MiB, 81920 MiB
2026/04/14 11:56:46.357, 0 %, 0 MiB, 81920 MiB
2026/04/14 11:56:51.357, 0 %, 527 MiB, 81920 MiB
2026/04/14 11:56:51.358, 0 %, 0 MiB, 81920 MiB
2026/04/14 11:56:56.358, 9 %, 527 MiB, 81920 MiB
2026/04/14 11:56:56.359, 0 %, 0 MiB, 81920 MiB
2026/04/14 11:57:01.359, 9 %, 527 MiB, 81920 MiB
2026/04/14 11:57:01.360, 0 %, 0 MiB, 81920 MiB
2026/04/14 11:57:06.360, 16 %, 527 MiB, 81920 MiB
2026/04/14 11:57:06.360, 0 %, 0 MiB, 81920 MiB
2026/04/14 11:57:11.361, 0 %, 527 MiB, 81920 MiB
2026/04/14 11:57:11.361, 0 %, 0 MiB, 81920 MiB
2026/04/14 11:57:16.362, 4 %, 527 MiB, 81920 MiB
2026/04/14 11:57:16.362, 0 %, 0 MiB, 81920 MiB
2026/04/14 11:57:21.363, 2 %, 527 MiB, 81920 MiB
2026/04/14 11:57:21.363, 0 %, 0 MiB, 81920 MiB
2026/04/14 11:57:26.364, 0 %, 527 MiB, 81920 MiB
2026/04/14 11:57:26.364, 0 %, 0 MiB, 81920 MiB
2026/04/14 11:57:31.365, 0 %, 527 MiB, 81920 MiB
2026/04/14 11:57:31.365, 0 %, 0 MiB, 81920 MiB
2026/04/14 11:57:36.366, 0 %, 527 MiB, 81920 MiB
2026/04/14 11:57:36.366, 0 %, 0 MiB, 81920 MiB
2026/04/14 11:57:41.367, 0 %, 527 MiB, 81920 MiB
2026/04/14 11:57:41.367, 0 %, 0 MiB, 81920 MiB
2026/04/14 11:57:46.368, 0 %, 527 MiB, 81920 MiB
2026/04/14 11:57:46.368, 0 %, 0 MiB, 81920 MiB
2026/04/14 11:57:51.369, 0 %, 527 MiB, 81920 MiB
2026/04/14 11:57:51.369, 0 %, 0 MiB, 81920 MiB
2026/04/14 11:57:56.370, 0 %, 527 MiB, 81920 MiB
2026/04/14 11:57:56.370, 0 %, 0 MiB, 81920 MiB
2026/04/14 11:58:01.371, 0 %, 527 MiB, 81920 MiB
2026/04/14 11:58:01.371, 0 %, 0 MiB, 81920 MiB
2026/04/14 11:58:06.372, 10 %, 527 MiB, 81920 MiB
2026/04/14 11:58:06.372, 0 %, 0 MiB, 81920 MiB
2026/04/14 11:58:11.372, 10 %, 527 MiB, 81920 MiB
2026/04/14 11:58:11.373, 0 %, 0 MiB, 81920 MiB
2026/04/14 11:58:16.373, 0 %, 527 MiB, 81920 MiB
2026/04/14 11:58:16.373, 0 %, 0 MiB, 81920 MiB
2026/04/14 11:58:21.374, 0 %, 527 MiB, 81920 MiB
2026/04/14 11:58:21.374, 0 %, 0 MiB, 81920 MiB
2026/04/14 11:58:26.375, 0 %, 527 MiB, 81920 MiB
2026/04/14 11:58:26.375, 0 %, 0 MiB, 81920 MiB
2026/04/14 11:58:31.376, 0 %, 527 MiB, 81920 MiB
2026/04/14 11:58:31.376, 0 %, 0 MiB, 81920 MiB
2026/04/14 11:58:36.377, 0 %, 527 MiB, 81920 MiB
2026/04/14 11:58:36.377, 0 %, 0 MiB, 81920 MiB
2026/04/14 11:58:41.378, 0 %, 527 MiB, 81920 MiB
2026/04/14 11:58:41.378, 0 %, 0 MiB, 81920 MiB
2026/04/14 11:58:46.379, 0 %, 527 MiB, 81920 MiB
2026/04/14 11:58:46.379, 0 %, 0 MiB, 81920 MiB
2026/04/14 11:58:51.380, 0 %, 527 MiB, 81920 MiB
2026/04/14 11:58:51.380, 0 %, 0 MiB, 81920 MiB
2026/04/14 11:58:56.380, 0 %, 527 MiB, 81920 MiB
2026/04/14 11:58:56.380, 0 %, 0 MiB, 81920 MiB
2026/04/14 11:59:01.381, 1 %, 527 MiB, 81920 MiB
2026/04/14 11:59:01.381, 0 %, 0 MiB, 81920 MiB
2026/04/14 11:59:06.382, 1 %, 527 MiB, 81920 MiB
2026/04/14 11:59:06.382, 0 %, 0 MiB, 81920 MiB
2026/04/14 11:59:11.383, 14 %, 527 MiB, 81920 MiB
2026/04/14 11:59:11.383, 0 %, 0 MiB, 81920 MiB
2026/04/14 11:59:16.384, 15 %, 527 MiB, 81920 MiB
2026/04/14 11:59:16.384, 0 %, 0 MiB, 81920 MiB
2026/04/14 11:59:21.385, 0 %, 527 MiB, 81920 MiB
2026/04/14 11:59:21.385, 0 %, 0 MiB, 81920 MiB
2026/04/14 11:59:26.386, 0 %, 527 MiB, 81920 MiB
2026/04/14 11:59:26.386, 0 %, 0 MiB, 81920 MiB
2026/04/14 11:59:31.387, 0 %, 527 MiB, 81920 MiB
2026/04/14 11:59:31.387, 0 %, 0 MiB, 81920 MiB
2026/04/14 11:59:36.388, 0 %, 527 MiB, 81920 MiB
2026/04/14 11:59:36.388, 0 %, 0 MiB, 81920 MiB
2026/04/14 11:59:41.389, 0 %, 527 MiB, 81920 MiB
2026/04/14 11:59:41.389, 0 %, 0 MiB, 81920 MiB
2026/04/14 11:59:46.389, 0 %, 527 MiB, 81920 MiB
2026/04/14 11:59:46.390, 0 %, 0 MiB, 81920 MiB
2026/04/14 11:59:51.390, 0 %, 527 MiB, 81920 MiB
2026/04/14 11:59:51.390, 0 %, 0 MiB, 81920 MiB
2026/04/14 11:59:56.391, 0 %, 527 MiB, 81920 MiB
2026/04/14 11:59:56.391, 0 %, 0 MiB, 81920 MiB
2026/04/14 12:00:01.392, 0 %, 527 MiB, 81920 MiB
2026/04/14 12:00:01.392, 0 %, 0 MiB, 81920 MiB
2026/04/14 12:00:06.393, 5 %, 527 MiB, 81920 MiB
2026/04/14 12:00:06.393, 0 %, 0 MiB, 81920 MiB
2026/04/14 12:00:11.394, 7 %, 527 MiB, 81920 MiB
2026/04/14 12:00:11.394, 0 %, 0 MiB, 81920 MiB
2026/04/14 12:00:16.395, 18 %, 527 MiB, 81920 MiB
2026/04/14 12:00:16.395, 0 %, 0 MiB, 81920 MiB
2026/04/14 12:00:21.396, 18 %, 527 MiB, 81920 MiB
2026/04/14 12:00:21.396, 0 %, 0 MiB, 81920 MiB
2026/04/14 12:00:26.397, 3 %, 527 MiB, 81920 MiB
2026/04/14 12:00:26.397, 0 %, 0 MiB, 81920 MiB
2026/04/14 12:00:31.398, 5 %, 527 MiB, 81920 MiB
2026/04/14 12:00:31.398, 0 %, 0 MiB, 81920 MiB
2026/04/14 12:00:36.399, 0 %, 527 MiB, 81920 MiB
2026/04/14 12:00:36.399, 0 %, 0 MiB, 81920 MiB
2026/04/14 12:00:41.400, 0 %, 527 MiB, 81920 MiB
2026/04/14 12:00:41.400, 0 %, 0 MiB, 81920 MiB
2026/04/14 12:00:46.400, 0 %, 527 MiB, 81920 MiB
2026/04/14 12:00:46.401, 0 %, 0 MiB, 81920 MiB
2026/04/14 12:00:51.401, 2 %, 527 MiB, 81920 MiB
2026/04/14 12:00:51.401, 0 %, 0 MiB, 81920 MiB
2026/04/14 12:00:56.402, 0 %, 527 MiB, 81920 MiB
2026/04/14 12:00:56.402, 0 %, 0 MiB, 81920 MiB
2026/04/14 12:01:01.403, 0 %, 527 MiB, 81920 MiB
2026/04/14 12:01:01.403, 0 %, 0 MiB, 81920 MiB
2026/04/14 12:01:06.404, 0 %, 527 MiB, 81920 MiB
2026/04/14 12:01:06.404, 0 %, 0 MiB, 81920 MiB
2026/04/14 12:01:11.405, 0 %, 527 MiB, 81920 MiB
2026/04/14 12:01:11.405, 0 %, 0 MiB, 81920 MiB
2026/04/14 12:01:16.406, 0 %, 527 MiB, 81920 MiB
2026/04/14 12:01:16.406, 0 %, 0 MiB, 81920 MiB
2026/04/14 12:01:21.407, 0 %, 527 MiB, 81920 MiB
2026/04/14 12:01:21.407, 0 %, 0 MiB, 81920 MiB
2026/04/14 12:01:26.408, 0 %, 527 MiB, 81920 MiB
2026/04/14 12:01:26.408, 0 %, 0 MiB, 81920 MiB
2026/04/14 12:01:31.409, 0 %, 527 MiB, 81920 MiB
2026/04/14 12:01:31.409, 0 %, 0 MiB, 81920 MiB
2026/04/14 12:01:36.410, 0 %, 527 MiB, 81920 MiB
2026/04/14 12:01:36.410, 0 %, 0 MiB, 81920 MiB
2026/04/14 12:01:41.411, 0 %, 527 MiB, 81920 MiB
2026/04/14 12:01:41.411, 0 %, 0 MiB, 81920 MiB
2026/04/14 12:01:46.412, 0 %, 527 MiB, 81920 MiB
2026/04/14 12:01:46.412, 0 %, 0 MiB, 81920 MiB
2026/04/14 12:01:51.412, 0 %, 527 MiB, 81920 MiB
2026/04/14 12:01:51.413, 0 %, 0 MiB, 81920 MiB
2026/04/14 12:01:56.413, 0 %, 527 MiB, 81920 MiB
2026/04/14 12:01:56.413, 0 %, 0 MiB, 81920 MiB
2026/04/14 12:02:01.414, 0 %, 527 MiB, 81920 MiB
2026/04/14 12:02:01.414, 0 %, 0 MiB, 81920 MiB
2026/04/14 12:02:06.415, 0 %, 527 MiB, 81920 MiB
2026/04/14 12:02:06.415, 0 %, 0 MiB, 81920 MiB
2026/04/14 12:02:11.416, 0 %, 527 MiB, 81920 MiB
2026/04/14 12:02:11.416, 0 %, 0 MiB, 81920 MiB
2026/04/14 12:02:16.417, 0 %, 527 MiB, 81920 MiB
2026/04/14 12:02:16.417, 0 %, 0 MiB, 81920 MiB
2026/04/14 12:02:21.418, 0 %, 527 MiB, 81920 MiB
2026/04/14 12:02:21.418, 0 %, 0 MiB, 81920 MiB
2026/04/14 12:02:26.419, 0 %, 527 MiB, 81920 MiB
2026/04/14 12:02:26.419, 0 %, 0 MiB, 81920 MiB
2026/04/14 12:02:31.420, 0 %, 527 MiB, 81920 MiB
2026/04/14 12:02:31.420, 0 %, 0 MiB, 81920 MiB
2026/04/14 12:02:36.420, 0 %, 527 MiB, 81920 MiB
2026/04/14 12:02:36.421, 0 %, 0 MiB, 81920 MiB
2026/04/14 12:02:41.422, 0 %, 527 MiB, 81920 MiB
2026/04/14 12:02:41.422, 0 %, 0 MiB, 81920 MiB
2026/04/14 12:02:46.422, 2 %, 527 MiB, 81920 MiB
2026/04/14 12:02:46.423, 0 %, 0 MiB, 81920 MiB
2026/04/14 12:02:51.423, 9 %, 527 MiB, 81920 MiB
2026/04/14 12:02:51.424, 0 %, 0 MiB, 81920 MiB
2026/04/14 12:02:56.424, 2 %, 527 MiB, 81920 MiB
2026/04/14 12:02:56.424, 0 %, 0 MiB, 81920 MiB
2026/04/14 12:03:01.425, 11 %, 527 MiB, 81920 MiB
2026/04/14 12:03:01.425, 0 %, 0 MiB, 81920 MiB
2026/04/14 12:03:06.426, 5 %, 527 MiB, 81920 MiB
2026/04/14 12:03:06.426, 0 %, 0 MiB, 81920 MiB
2026/04/14 12:03:11.427, 12 %, 527 MiB, 81920 MiB
2026/04/14 12:03:11.427, 0 %, 0 MiB, 81920 MiB
2026/04/14 12:03:16.428, 5 %, 527 MiB, 81920 MiB
2026/04/14 12:03:16.428, 0 %, 0 MiB, 81920 MiB
2026/04/14 12:03:21.429, 15 %, 527 MiB, 81920 MiB
2026/04/14 12:03:21.429, 0 %, 0 MiB, 81920 MiB
2026/04/14 12:03:26.430, 9 %, 527 MiB, 81920 MiB
2026/04/14 12:03:26.430, 0 %, 0 MiB, 81920 MiB
2026/04/14 12:03:31.431, 2 %, 527 MiB, 81920 MiB
2026/04/14 12:03:31.431, 0 %, 0 MiB, 81920 MiB
2026/04/14 12:03:36.431, 10 %, 527 MiB, 81920 MiB
2026/04/14 12:03:36.432, 0 %, 0 MiB, 81920 MiB
2026/04/14 12:03:41.432, 2 %, 527 MiB, 81920 MiB
2026/04/14 12:03:41.433, 0 %, 0 MiB, 81920 MiB
2026/04/14 12:03:46.433, 10 %, 527 MiB, 81920 MiB
2026/04/14 12:03:46.434, 0 %, 0 MiB, 81920 MiB
2026/04/14 12:03:51.434, 1 %, 527 MiB, 81920 MiB
2026/04/14 12:03:51.434, 0 %, 0 MiB, 81920 MiB
2026/04/14 12:03:56.435, 9 %, 527 MiB, 81920 MiB
2026/04/14 12:03:56.435, 0 %, 0 MiB, 81920 MiB
2026/04/14 12:04:01.436, 1 %, 527 MiB, 81920 MiB
2026/04/14 12:04:01.436, 0 %, 0 MiB, 81920 MiB
2026/04/14 12:04:06.437, 8 %, 527 MiB, 81920 MiB
2026/04/14 12:04:06.437, 0 %, 0 MiB, 81920 MiB
2026/04/14 12:04:11.438, 0 %, 527 MiB, 81920 MiB
2026/04/14 12:04:11.438, 0 %, 0 MiB, 81920 MiB
2026/04/14 12:04:16.439, 6 %, 527 MiB, 81920 MiB
2026/04/14 12:04:16.439, 0 %, 0 MiB, 81920 MiB
2026/04/14 12:04:21.440, 0 %, 527 MiB, 81920 MiB
2026/04/14 12:04:21.440, 0 %, 0 MiB, 81920 MiB
2026/04/14 12:04:26.441, 0 %, 527 MiB, 81920 MiB
2026/04/14 12:04:26.441, 0 %, 0 MiB, 81920 MiB
2026/04/14 12:04:31.442, 0 %, 527 MiB, 81920 MiB
2026/04/14 12:04:31.442, 0 %, 0 MiB, 81920 MiB
2026/04/14 12:04:36.443, 0 %, 527 MiB, 81920 MiB
2026/04/14 12:04:36.443, 0 %, 0 MiB, 81920 MiB
2026/04/14 12:04:41.443, 0 %, 527 MiB, 81920 MiB
2026/04/14 12:04:41.444, 0 %, 0 MiB, 81920 MiB
2026/04/14 12:04:46.444, 0 %, 527 MiB, 81920 MiB
2026/04/14 12:04:46.445, 0 %, 0 MiB, 81920 MiB
2026/04/14 12:04:51.445, 0 %, 527 MiB, 81920 MiB
2026/04/14 12:04:51.445, 0 %, 0 MiB, 81920 MiB
2026/04/14 12:04:56.446, 0 %, 527 MiB, 81920 MiB
2026/04/14 12:04:56.446, 0 %, 0 MiB, 81920 MiB
2026/04/14 12:05:01.447, 0 %, 527 MiB, 81920 MiB
2026/04/14 12:05:01.447, 0 %, 0 MiB, 81920 MiB
2026/04/14 12:05:06.448, 0 %, 527 MiB, 81920 MiB
2026/04/14 12:05:06.448, 0 %, 0 MiB, 81920 MiB
2026/04/14 12:05:11.449, 0 %, 527 MiB, 81920 MiB
2026/04/14 12:05:11.449, 0 %, 0 MiB, 81920 MiB
2026/04/14 12:05:16.450, 0 %, 527 MiB, 81920 MiB
2026/04/14 12:05:16.450, 0 %, 0 MiB, 81920 MiB
2026/04/14 12:05:21.451, 0 %, 527 MiB, 81920 MiB
2026/04/14 12:05:21.451, 0 %, 0 MiB, 81920 MiB
2026/04/14 12:05:26.452, 0 %, 527 MiB, 81920 MiB
2026/04/14 12:05:26.452, 0 %, 0 MiB, 81920 MiB
2026/04/14 12:05:31.453, 0 %, 527 MiB, 81920 MiB
2026/04/14 12:05:31.453, 0 %, 0 MiB, 81920 MiB
2026/04/14 12:05:36.454, 0 %, 527 MiB, 81920 MiB
2026/04/14 12:05:36.454, 0 %, 0 MiB, 81920 MiB
2026/04/14 12:05:41.455, 0 %, 527 MiB, 81920 MiB
2026/04/14 12:05:41.455, 0 %, 0 MiB, 81920 MiB
2026/04/14 12:05:46.456, 0 %, 527 MiB, 81920 MiB
2026/04/14 12:05:46.456, 0 %, 0 MiB, 81920 MiB
2026/04/14 12:05:51.457, 0 %, 527 MiB, 81920 MiB
2026/04/14 12:05:51.457, 0 %, 0 MiB, 81920 MiB
2026/04/14 12:05:56.457, 0 %, 527 MiB, 81920 MiB
2026/04/14 12:05:56.458, 0 %, 0 MiB, 81920 MiB
2026/04/14 12:06:01.458, 0 %, 527 MiB, 81920 MiB
2026/04/14 12:06:01.458, 0 %, 0 MiB, 81920 MiB
2026/04/14 12:06:06.459, 0 %, 527 MiB, 81920 MiB
2026/04/14 12:06:06.459, 0 %, 0 MiB, 81920 MiB
2026/04/14 12:06:11.460, 0 %, 527 MiB, 81920 MiB
2026/04/14 12:06:11.460, 0 %, 0 MiB, 81920 MiB
2026/04/14 12:06:16.461, 0 %, 527 MiB, 81920 MiB
2026/04/14 12:06:16.465, 0 %, 0 MiB, 81920 MiB
2026/04/14 12:06:21.466, 0 %, 527 MiB, 81920 MiB
2026/04/14 12:06:21.466, 0 %, 0 MiB, 81920 MiB
2026/04/14 12:06:26.467, 0 %, 527 MiB, 81920 MiB
2026/04/14 12:06:26.467, 0 %, 0 MiB, 81920 MiB
2026/04/14 12:06:31.468, 0 %, 527 MiB, 81920 MiB
2026/04/14 12:06:31.468, 0 %, 0 MiB, 81920 MiB
2026/04/14 12:06:36.469, 0 %, 527 MiB, 81920 MiB
2026/04/14 12:06:36.469, 0 %, 0 MiB, 81920 MiB
2026/04/14 12:06:41.470, 0 %, 527 MiB, 81920 MiB
2026/04/14 12:06:41.470, 0 %, 0 MiB, 81920 MiB
2026/04/14 12:06:46.471, 0 %, 527 MiB, 81920 MiB
2026/04/14 12:06:46.471, 0 %, 0 MiB, 81920 MiB
2026/04/14 12:06:51.472, 0 %, 493 MiB, 81920 MiB
2026/04/14 12:06:51.472, 0 %, 0 MiB, 81920 MiB
2026/04/14 12:06:56.473, 0 %, 493 MiB, 81920 MiB
2026/04/14 12:06:56.473, 0 %, 0 MiB, 81920 MiB
2026/04/14 12:07:01.474, 0 %, 493 MiB, 81920 MiB
2026/04/14 12:07:01.474, 0 %, 0 MiB, 81920 MiB
2026/04/14 12:07:06.475, 0 %, 493 MiB, 81920 MiB
2026/04/14 12:07:06.475, 0 %, 0 MiB, 81920 MiB
2026/04/14 12:07:11.476, 0 %, 493 MiB, 81920 MiB
2026/04/14 12:07:11.476, 0 %, 0 MiB, 81920 MiB
2026/04/14 12:07:16.477, 0 %, 493 MiB, 81920 MiB
2026/04/14 12:07:16.477, 0 %, 0 MiB, 81920 MiB
2026/04/14 12:07:21.477, 0 %, 493 MiB, 81920 MiB
2026/04/14 12:07:21.478, 0 %, 0 MiB, 81920 MiB
2026/04/14 12:07:26.478, 0 %, 493 MiB, 81920 MiB
2026/04/14 12:07:26.479, 0 %, 0 MiB, 81920 MiB
2026/04/14 12:07:31.479, 0 %, 493 MiB, 81920 MiB
2026/04/14 12:07:31.480, 0 %, 0 MiB, 81920 MiB
2026/04/14 12:07:36.481, 0 %, 493 MiB, 81920 MiB
2026/04/14 12:07:36.481, 0 %, 0 MiB, 81920 MiB
2026/04/14 12:07:41.482, 0 %, 493 MiB, 81920 MiB
2026/04/14 12:07:41.482, 0 %, 0 MiB, 81920 MiB
2026/04/14 12:07:46.483, 0 %, 493 MiB, 81920 MiB
2026/04/14 12:07:46.483, 0 %, 0 MiB, 81920 MiB
2026/04/14 12:07:51.484, 0 %, 493 MiB, 81920 MiB
2026/04/14 12:07:51.484, 0 %, 0 MiB, 81920 MiB
2026/04/14 12:07:56.485, 0 %, 493 MiB, 81920 MiB
2026/04/14 12:07:56.485, 0 %, 0 MiB, 81920 MiB
2026/04/14 12:08:01.486, 0 %, 493 MiB, 81920 MiB
2026/04/14 12:08:01.486, 0 %, 0 MiB, 81920 MiB
2026/04/14 12:08:06.487, 0 %, 493 MiB, 81920 MiB
2026/04/14 12:08:06.487, 0 %, 0 MiB, 81920 MiB
2026/04/14 12:08:11.488, 0 %, 493 MiB, 81920 MiB
2026/04/14 12:08:11.488, 0 %, 0 MiB, 81920 MiB
2026/04/14 12:08:16.488, 0 %, 493 MiB, 81920 MiB
2026/04/14 12:08:16.489, 0 %, 0 MiB, 81920 MiB
2026/04/14 12:08:21.490, 0 %, 493 MiB, 81920 MiB
2026/04/14 12:08:21.490, 0 %, 0 MiB, 81920 MiB
2026/04/14 12:08:26.490, 0 %, 493 MiB, 81920 MiB
2026/04/14 12:08:26.490, 0 %, 0 MiB, 81920 MiB
2026/04/14 12:08:31.491, 0 %, 493 MiB, 81920 MiB
2026/04/14 12:08:31.491, 0 %, 0 MiB, 81920 MiB
2026/04/14 12:08:36.492, 0 %, 493 MiB, 81920 MiB
2026/04/14 12:08:36.492, 0 %, 0 MiB, 81920 MiB
2026/04/14 12:08:41.493, 0 %, 493 MiB, 81920 MiB
2026/04/14 12:08:41.493, 0 %, 0 MiB, 81920 MiB
2026/04/14 12:08:46.494, 0 %, 493 MiB, 81920 MiB
2026/04/14 12:08:46.494, 0 %, 0 MiB, 81920 MiB
2026/04/14 12:08:51.495, 15 %, 527 MiB, 81920 MiB
2026/04/14 12:08:51.495, 0 %, 0 MiB, 81920 MiB
2026/04/14 12:08:56.496, 0 %, 527 MiB, 81920 MiB
2026/04/14 12:08:56.496, 0 %, 0 MiB, 81920 MiB
2026/04/14 12:09:01.496, 8 %, 527 MiB, 81920 MiB
2026/04/14 12:09:01.497, 0 %, 0 MiB, 81920 MiB
2026/04/14 12:09:06.497, 2 %, 527 MiB, 81920 MiB
2026/04/14 12:09:06.497, 0 %, 0 MiB, 81920 MiB
2026/04/14 12:09:11.498, 0 %, 527 MiB, 81920 MiB
2026/04/14 12:09:11.498, 0 %, 0 MiB, 81920 MiB
2026/04/14 12:09:16.499, 0 %, 527 MiB, 81920 MiB
2026/04/14 12:09:16.499, 0 %, 0 MiB, 81920 MiB
2026/04/14 12:09:21.500, 0 %, 527 MiB, 81920 MiB
2026/04/14 12:09:21.500, 0 %, 0 MiB, 81920 MiB
2026/04/14 12:09:26.501, 0 %, 527 MiB, 81920 MiB
2026/04/14 12:09:26.501, 0 %, 0 MiB, 81920 MiB
2026/04/14 12:09:31.501, 0 %, 527 MiB, 81920 MiB
2026/04/14 12:09:31.502, 0 %, 0 MiB, 81920 MiB
2026/04/14 12:09:36.502, 0 %, 527 MiB, 81920 MiB
2026/04/14 12:09:36.502, 0 %, 0 MiB, 81920 MiB
2026/04/14 12:09:41.503, 0 %, 527 MiB, 81920 MiB
2026/04/14 12:09:41.503, 0 %, 0 MiB, 81920 MiB
2026/04/14 12:09:46.504, 0 %, 527 MiB, 81920 MiB
2026/04/14 12:09:46.504, 0 %, 0 MiB, 81920 MiB
2026/04/14 12:09:51.505, 0 %, 527 MiB, 81920 MiB
2026/04/14 12:09:51.505, 0 %, 0 MiB, 81920 MiB
2026/04/14 12:09:56.506, 0 %, 527 MiB, 81920 MiB
2026/04/14 12:09:56.506, 0 %, 0 MiB, 81920 MiB
2026/04/14 12:10:01.507, 5 %, 527 MiB, 81920 MiB
2026/04/14 12:10:01.507, 0 %, 0 MiB, 81920 MiB
2026/04/14 12:10:06.507, 0 %, 527 MiB, 81920 MiB
2026/04/14 12:10:06.507, 0 %, 0 MiB, 81920 MiB
2026/04/14 12:10:11.508, 0 %, 527 MiB, 81920 MiB
2026/04/14 12:10:11.508, 0 %, 0 MiB, 81920 MiB
2026/04/14 12:10:16.509, 0 %, 527 MiB, 81920 MiB
2026/04/14 12:10:16.509, 0 %, 0 MiB, 81920 MiB
2026/04/14 12:10:21.510, 0 %, 527 MiB, 81920 MiB
2026/04/14 12:10:21.510, 0 %, 0 MiB, 81920 MiB
2026/04/14 12:10:26.511, 0 %, 527 MiB, 81920 MiB
2026/04/14 12:10:26.511, 0 %, 0 MiB, 81920 MiB
2026/04/14 12:10:31.512, 0 %, 527 MiB, 81920 MiB
2026/04/14 12:10:31.512, 0 %, 0 MiB, 81920 MiB
2026/04/14 12:10:36.512, 0 %, 527 MiB, 81920 MiB
2026/04/14 12:10:36.512, 0 %, 0 MiB, 81920 MiB
2026/04/14 12:10:41.513, 0 %, 527 MiB, 81920 MiB
2026/04/14 12:10:41.513, 0 %, 0 MiB, 81920 MiB
2026/04/14 12:10:46.514, 0 %, 527 MiB, 81920 MiB
2026/04/14 12:10:46.514, 0 %, 0 MiB, 81920 MiB
2026/04/14 12:10:51.515, 0 %, 527 MiB, 81920 MiB
2026/04/14 12:10:51.515, 0 %, 0 MiB, 81920 MiB
2026/04/14 12:10:56.516, 0 %, 527 MiB, 81920 MiB
2026/04/14 12:10:56.516, 0 %, 0 MiB, 81920 MiB
2026/04/14 12:11:01.516, 0 %, 527 MiB, 81920 MiB
2026/04/14 12:11:01.517, 0 %, 0 MiB, 81920 MiB
2026/04/14 12:11:06.517, 0 %, 527 MiB, 81920 MiB
2026/04/14 12:11:06.517, 0 %, 0 MiB, 81920 MiB
2026/04/14 12:11:11.518, 0 %, 527 MiB, 81920 MiB
2026/04/14 12:11:11.518, 0 %, 0 MiB, 81920 MiB
2026/04/14 12:11:16.519, 0 %, 527 MiB, 81920 MiB
2026/04/14 12:11:16.519, 0 %, 0 MiB, 81920 MiB
2026/04/14 12:11:21.520, 0 %, 527 MiB, 81920 MiB
2026/04/14 12:11:21.520, 0 %, 0 MiB, 81920 MiB
2026/04/14 12:11:26.521, 0 %, 527 MiB, 81920 MiB
2026/04/14 12:11:26.521, 0 %, 0 MiB, 81920 MiB
2026/04/14 12:11:31.521, 0 %, 527 MiB, 81920 MiB
2026/04/14 12:11:31.521, 0 %, 0 MiB, 81920 MiB
2026/04/14 12:11:36.522, 0 %, 527 MiB, 81920 MiB
2026/04/14 12:11:36.522, 0 %, 0 MiB, 81920 MiB
2026/04/14 12:11:41.523, 0 %, 527 MiB, 81920 MiB
2026/04/14 12:11:41.523, 0 %, 0 MiB, 81920 MiB
2026/04/14 12:11:46.524, 0 %, 527 MiB, 81920 MiB
2026/04/14 12:11:46.524, 0 %, 0 MiB, 81920 MiB
2026/04/14 12:11:51.525, 0 %, 527 MiB, 81920 MiB
2026/04/14 12:11:51.525, 0 %, 0 MiB, 81920 MiB
2026/04/14 12:11:56.526, 0 %, 527 MiB, 81920 MiB
2026/04/14 12:11:56.526, 0 %, 0 MiB, 81920 MiB
2026/04/14 12:12:01.526, 0 %, 527 MiB, 81920 MiB
2026/04/14 12:12:01.527, 0 %, 0 MiB, 81920 MiB
2026/04/14 12:12:06.527, 0 %, 527 MiB, 81920 MiB
2026/04/14 12:12:06.527, 0 %, 0 MiB, 81920 MiB
2026/04/14 12:12:11.528, 0 %, 527 MiB, 81920 MiB
2026/04/14 12:12:11.528, 0 %, 0 MiB, 81920 MiB
2026/04/14 12:12:16.529, 0 %, 527 MiB, 81920 MiB
2026/04/14 12:12:16.529, 0 %, 0 MiB, 81920 MiB
2026/04/14 12:12:21.530, 0 %, 527 MiB, 81920 MiB
2026/04/14 12:12:21.530, 0 %, 0 MiB, 81920 MiB
2026/04/14 12:12:26.531, 0 %, 527 MiB, 81920 MiB
2026/04/14 12:12:26.531, 0 %, 0 MiB, 81920 MiB
2026/04/14 12:12:31.531, 0 %, 527 MiB, 81920 MiB
2026/04/14 12:12:31.532, 0 %, 0 MiB, 81920 MiB
2026/04/14 12:12:36.532, 0 %, 527 MiB, 81920 MiB
2026/04/14 12:12:36.532, 0 %, 0 MiB, 81920 MiB
2026/04/14 12:12:41.533, 0 %, 527 MiB, 81920 MiB
2026/04/14 12:12:41.533, 0 %, 0 MiB, 81920 MiB
2026/04/14 12:12:46.534, 0 %, 527 MiB, 81920 MiB
2026/04/14 12:12:46.534, 0 %, 0 MiB, 81920 MiB
2026/04/14 12:12:51.535, 0 %, 527 MiB, 81920 MiB
2026/04/14 12:12:51.535, 0 %, 0 MiB, 81920 MiB
2026/04/14 12:12:56.536, 0 %, 527 MiB, 81920 MiB
2026/04/14 12:12:56.536, 0 %, 0 MiB, 81920 MiB
2026/04/14 12:13:01.537, 0 %, 527 MiB, 81920 MiB
2026/04/14 12:13:01.537, 0 %, 0 MiB, 81920 MiB
2026/04/14 12:13:06.537, 0 %, 527 MiB, 81920 MiB
2026/04/14 12:13:06.537, 0 %, 0 MiB, 81920 MiB
2026/04/14 12:13:11.538, 0 %, 527 MiB, 81920 MiB
2026/04/14 12:13:11.538, 0 %, 0 MiB, 81920 MiB
2026/04/14 12:13:16.539, 0 %, 527 MiB, 81920 MiB
2026/04/14 12:13:16.539, 0 %, 0 MiB, 81920 MiB
2026/04/14 12:13:21.540, 0 %, 527 MiB, 81920 MiB
2026/04/14 12:13:21.540, 0 %, 0 MiB, 81920 MiB
2026/04/14 12:13:26.541, 0 %, 527 MiB, 81920 MiB
2026/04/14 12:13:26.541, 0 %, 0 MiB, 81920 MiB
2026/04/14 12:13:31.542, 0 %, 527 MiB, 81920 MiB
2026/04/14 12:13:31.542, 0 %, 0 MiB, 81920 MiB
2026/04/14 12:13:36.543, 0 %, 527 MiB, 81920 MiB
2026/04/14 12:13:36.543, 0 %, 0 MiB, 81920 MiB
2026/04/14 12:13:41.543, 0 %, 527 MiB, 81920 MiB
2026/04/14 12:13:41.544, 0 %, 0 MiB, 81920 MiB
2026/04/14 12:13:46.544, 0 %, 527 MiB, 81920 MiB
2026/04/14 12:13:46.544, 0 %, 0 MiB, 81920 MiB
2026/04/14 12:13:51.545, 0 %, 527 MiB, 81920 MiB
2026/04/14 12:13:51.545, 0 %, 0 MiB, 81920 MiB
2026/04/14 12:13:56.546, 0 %, 527 MiB, 81920 MiB
2026/04/14 12:13:56.546, 0 %, 0 MiB, 81920 MiB
2026/04/14 12:14:01.547, 0 %, 527 MiB, 81920 MiB
2026/04/14 12:14:01.547, 0 %, 0 MiB, 81920 MiB
2026/04/14 12:14:06.548, 0 %, 527 MiB, 81920 MiB
2026/04/14 12:14:06.548, 0 %, 0 MiB, 81920 MiB
2026/04/14 12:14:11.549, 0 %, 527 MiB, 81920 MiB
2026/04/14 12:14:11.549, 0 %, 0 MiB, 81920 MiB
2026/04/14 12:14:16.549, 0 %, 527 MiB, 81920 MiB
2026/04/14 12:14:16.549, 0 %, 0 MiB, 81920 MiB
2026/04/14 12:14:21.550, 0 %, 527 MiB, 81920 MiB
2026/04/14 12:14:21.550, 0 %, 0 MiB, 81920 MiB
2026/04/14 12:14:26.551, 0 %, 527 MiB, 81920 MiB
2026/04/14 12:14:26.552, 0 %, 0 MiB, 81920 MiB
2026/04/14 12:14:31.552, 0 %, 527 MiB, 81920 MiB
2026/04/14 12:14:31.552, 0 %, 0 MiB, 81920 MiB
2026/04/14 12:14:36.553, 0 %, 527 MiB, 81920 MiB
2026/04/14 12:14:36.553, 0 %, 0 MiB, 81920 MiB
2026/04/14 12:14:41.554, 0 %, 527 MiB, 81920 MiB
2026/04/14 12:14:41.554, 0 %, 0 MiB, 81920 MiB
2026/04/14 12:14:46.555, 0 %, 527 MiB, 81920 MiB
2026/04/14 12:14:46.555, 0 %, 0 MiB, 81920 MiB
2026/04/14 12:14:51.556, 11 %, 527 MiB, 81920 MiB
2026/04/14 12:14:51.556, 0 %, 0 MiB, 81920 MiB
2026/04/14 12:14:56.556, 6 %, 527 MiB, 81920 MiB
2026/04/14 12:14:56.560, 0 %, 0 MiB, 81920 MiB
2026/04/14 12:15:01.561, 19 %, 527 MiB, 81920 MiB
2026/04/14 12:15:01.561, 0 %, 0 MiB, 81920 MiB
2026/04/14 12:15:06.562, 13 %, 527 MiB, 81920 MiB
2026/04/14 12:15:06.562, 0 %, 0 MiB, 81920 MiB
2026/04/14 12:15:11.562, 19 %, 527 MiB, 81920 MiB
2026/04/14 12:15:11.563, 0 %, 0 MiB, 81920 MiB
2026/04/14 12:15:16.563, 11 %, 527 MiB, 81920 MiB
2026/04/14 12:15:16.563, 0 %, 0 MiB, 81920 MiB
2026/04/14 12:15:21.564, 18 %, 527 MiB, 81920 MiB
2026/04/14 12:15:21.564, 0 %, 0 MiB, 81920 MiB
2026/04/14 12:15:26.565, 0 %, 527 MiB, 81920 MiB
2026/04/14 12:15:26.565, 0 %, 0 MiB, 81920 MiB
2026/04/14 12:15:31.566, 0 %, 527 MiB, 81920 MiB
2026/04/14 12:15:31.566, 0 %, 0 MiB, 81920 MiB
2026/04/14 12:15:36.567, 0 %, 527 MiB, 81920 MiB
2026/04/14 12:15:36.567, 0 %, 0 MiB, 81920 MiB
2026/04/14 12:15:41.568, 0 %, 527 MiB, 81920 MiB
2026/04/14 12:15:41.568, 0 %, 0 MiB, 81920 MiB
2026/04/14 12:15:46.568, 0 %, 527 MiB, 81920 MiB
2026/04/14 12:15:46.568, 0 %, 0 MiB, 81920 MiB
2026/04/14 12:15:51.569, 0 %, 527 MiB, 81920 MiB
2026/04/14 12:15:51.569, 0 %, 0 MiB, 81920 MiB
2026/04/14 12:15:56.570, 0 %, 527 MiB, 81920 MiB
2026/04/14 12:15:56.570, 0 %, 0 MiB, 81920 MiB
2026/04/14 12:16:01.571, 0 %, 527 MiB, 81920 MiB
2026/04/14 12:16:01.571, 0 %, 0 MiB, 81920 MiB
2026/04/14 12:16:06.572, 0 %, 527 MiB, 81920 MiB
2026/04/14 12:16:06.572, 0 %, 0 MiB, 81920 MiB
2026/04/14 12:16:11.573, 0 %, 527 MiB, 81920 MiB
2026/04/14 12:16:11.573, 0 %, 0 MiB, 81920 MiB
2026/04/14 12:16:16.573, 0 %, 527 MiB, 81920 MiB
2026/04/14 12:16:16.573, 0 %, 0 MiB, 81920 MiB
2026/04/14 12:16:21.574, 0 %, 527 MiB, 81920 MiB
2026/04/14 12:16:21.574, 0 %, 0 MiB, 81920 MiB
2026/04/14 12:16:26.575, 0 %, 527 MiB, 81920 MiB
2026/04/14 12:16:26.575, 0 %, 0 MiB, 81920 MiB
2026/04/14 12:16:31.576, 0 %, 527 MiB, 81920 MiB
2026/04/14 12:16:31.576, 0 %, 0 MiB, 81920 MiB
2026/04/14 12:16:36.577, 0 %, 527 MiB, 81920 MiB
2026/04/14 12:16:36.577, 0 %, 0 MiB, 81920 MiB
2026/04/14 12:16:41.578, 0 %, 527 MiB, 81920 MiB
2026/04/14 12:16:41.578, 0 %, 0 MiB, 81920 MiB
2026/04/14 12:16:46.578, 0 %, 527 MiB, 81920 MiB
2026/04/14 12:16:46.579, 0 %, 0 MiB, 81920 MiB
2026/04/14 12:16:51.579, 1 %, 527 MiB, 81920 MiB
2026/04/14 12:16:51.579, 0 %, 0 MiB, 81920 MiB
2026/04/14 12:16:56.580, 0 %, 527 MiB, 81920 MiB
2026/04/14 12:16:56.580, 0 %, 0 MiB, 81920 MiB
2026/04/14 12:17:01.581, 0 %, 527 MiB, 81920 MiB
2026/04/14 12:17:01.581, 0 %, 0 MiB, 81920 MiB
2026/04/14 12:17:06.582, 0 %, 527 MiB, 81920 MiB
2026/04/14 12:17:06.582, 0 %, 0 MiB, 81920 MiB
2026/04/14 12:17:11.583, 0 %, 527 MiB, 81920 MiB
2026/04/14 12:17:11.583, 0 %, 0 MiB, 81920 MiB
2026/04/14 12:17:16.584, 0 %, 527 MiB, 81920 MiB
2026/04/14 12:17:16.584, 0 %, 0 MiB, 81920 MiB
2026/04/14 12:17:21.584, 1 %, 527 MiB, 81920 MiB
2026/04/14 12:17:21.585, 0 %, 0 MiB, 81920 MiB
2026/04/14 12:17:26.585, 0 %, 527 MiB, 81920 MiB
2026/04/14 12:17:26.585, 0 %, 0 MiB, 81920 MiB
2026/04/14 12:17:31.586, 0 %, 527 MiB, 81920 MiB
2026/04/14 12:17:31.586, 0 %, 0 MiB, 81920 MiB
2026/04/14 12:17:36.587, 0 %, 527 MiB, 81920 MiB
2026/04/14 12:17:36.587, 0 %, 0 MiB, 81920 MiB
2026/04/14 12:17:41.588, 0 %, 527 MiB, 81920 MiB
2026/04/14 12:17:41.588, 0 %, 0 MiB, 81920 MiB
2026/04/14 12:17:46.588, 0 %, 527 MiB, 81920 MiB
2026/04/14 12:17:46.589, 0 %, 0 MiB, 81920 MiB
2026/04/14 12:17:51.589, 0 %, 527 MiB, 81920 MiB
2026/04/14 12:17:51.589, 0 %, 0 MiB, 81920 MiB
2026/04/14 12:17:56.590, 0 %, 527 MiB, 81920 MiB
2026/04/14 12:17:56.590, 0 %, 0 MiB, 81920 MiB
2026/04/14 12:18:01.591, 0 %, 527 MiB, 81920 MiB
2026/04/14 12:18:01.591, 0 %, 0 MiB, 81920 MiB
2026/04/14 12:18:06.592, 0 %, 527 MiB, 81920 MiB
2026/04/14 12:18:06.592, 0 %, 0 MiB, 81920 MiB
2026/04/14 12:18:11.593, 0 %, 527 MiB, 81920 MiB
2026/04/14 12:18:11.593, 0 %, 0 MiB, 81920 MiB
2026/04/14 12:18:16.593, 0 %, 527 MiB, 81920 MiB
2026/04/14 12:18:16.594, 0 %, 0 MiB, 81920 MiB
2026/04/14 12:18:21.594, 0 %, 527 MiB, 81920 MiB
2026/04/14 12:18:21.594, 0 %, 0 MiB, 81920 MiB
2026/04/14 12:18:26.595, 0 %, 527 MiB, 81920 MiB
2026/04/14 12:18:26.595, 0 %, 0 MiB, 81920 MiB
2026/04/14 12:18:31.596, 0 %, 527 MiB, 81920 MiB
2026/04/14 12:18:31.596, 0 %, 0 MiB, 81920 MiB
2026/04/14 12:18:36.597, 0 %, 527 MiB, 81920 MiB
2026/04/14 12:18:36.597, 0 %, 0 MiB, 81920 MiB
2026/04/14 12:18:41.598, 0 %, 527 MiB, 81920 MiB
2026/04/14 12:18:41.598, 0 %, 0 MiB, 81920 MiB
2026/04/14 12:18:46.598, 0 %, 527 MiB, 81920 MiB
2026/04/14 12:18:46.599, 0 %, 0 MiB, 81920 MiB
2026/04/14 12:18:51.599, 0 %, 527 MiB, 81920 MiB
2026/04/14 12:18:51.599, 0 %, 0 MiB, 81920 MiB
2026/04/14 12:18:56.600, 0 %, 527 MiB, 81920 MiB
2026/04/14 12:18:56.600, 0 %, 0 MiB, 81920 MiB
2026/04/14 12:19:01.601, 0 %, 527 MiB, 81920 MiB
2026/04/14 12:19:01.601, 0 %, 0 MiB, 81920 MiB
2026/04/14 12:19:06.602, 0 %, 527 MiB, 81920 MiB
2026/04/14 12:19:06.602, 0 %, 0 MiB, 81920 MiB
2026/04/14 12:19:11.603, 0 %, 527 MiB, 81920 MiB
2026/04/14 12:19:11.603, 0 %, 0 MiB, 81920 MiB
2026/04/14 12:19:16.603, 0 %, 527 MiB, 81920 MiB
2026/04/14 12:19:16.604, 0 %, 0 MiB, 81920 MiB
2026/04/14 12:19:21.604, 0 %, 527 MiB, 81920 MiB
2026/04/14 12:19:21.604, 0 %, 0 MiB, 81920 MiB
2026/04/14 12:19:26.605, 0 %, 527 MiB, 81920 MiB
2026/04/14 12:19:26.605, 0 %, 0 MiB, 81920 MiB
2026/04/14 12:19:31.606, 0 %, 527 MiB, 81920 MiB
2026/04/14 12:19:31.607, 0 %, 0 MiB, 81920 MiB
2026/04/14 12:19:36.607, 0 %, 527 MiB, 81920 MiB
2026/04/14 12:19:36.607, 0 %, 0 MiB, 81920 MiB
2026/04/14 12:19:41.608, 0 %, 527 MiB, 81920 MiB
2026/04/14 12:19:41.608, 0 %, 0 MiB, 81920 MiB
2026/04/14 12:19:46.609, 0 %, 527 MiB, 81920 MiB
2026/04/14 12:19:46.609, 0 %, 0 MiB, 81920 MiB
2026/04/14 12:19:51.610, 0 %, 527 MiB, 81920 MiB
2026/04/14 12:19:51.610, 0 %, 0 MiB, 81920 MiB
2026/04/14 12:19:56.611, 0 %, 527 MiB, 81920 MiB
2026/04/14 12:19:56.611, 0 %, 0 MiB, 81920 MiB
2026/04/14 12:20:01.611, 0 %, 527 MiB, 81920 MiB
2026/04/14 12:20:01.612, 0 %, 0 MiB, 81920 MiB
2026/04/14 12:20:06.612, 0 %, 527 MiB, 81920 MiB
2026/04/14 12:20:06.612, 0 %, 0 MiB, 81920 MiB
2026/04/14 12:20:11.613, 6 %, 527 MiB, 81920 MiB
2026/04/14 12:20:11.613, 0 %, 0 MiB, 81920 MiB
2026/04/14 12:20:16.614, 0 %, 527 MiB, 81920 MiB
2026/04/14 12:20:16.614, 0 %, 0 MiB, 81920 MiB
2026/04/14 12:20:21.615, 0 %, 527 MiB, 81920 MiB
2026/04/14 12:20:21.615, 0 %, 0 MiB, 81920 MiB
2026/04/14 12:20:26.616, 0 %, 527 MiB, 81920 MiB
2026/04/14 12:20:26.616, 0 %, 0 MiB, 81920 MiB
2026/04/14 12:20:31.616, 0 %, 527 MiB, 81920 MiB
2026/04/14 12:20:31.617, 0 %, 0 MiB, 81920 MiB
2026/04/14 12:20:36.617, 0 %, 527 MiB, 81920 MiB
2026/04/14 12:20:36.617, 0 %, 0 MiB, 81920 MiB
2026/04/14 12:20:41.618, 0 %, 527 MiB, 81920 MiB
2026/04/14 12:20:41.618, 0 %, 0 MiB, 81920 MiB
2026/04/14 12:20:46.619, 0 %, 527 MiB, 81920 MiB
2026/04/14 12:20:46.619, 0 %, 0 MiB, 81920 MiB
2026/04/14 12:20:51.620, 0 %, 527 MiB, 81920 MiB
2026/04/14 12:20:51.620, 0 %, 0 MiB, 81920 MiB
2026/04/14 12:20:56.621, 0 %, 527 MiB, 81920 MiB
2026/04/14 12:20:56.621, 0 %, 0 MiB, 81920 MiB
2026/04/14 12:21:01.621, 0 %, 527 MiB, 81920 MiB
2026/04/14 12:21:01.622, 0 %, 0 MiB, 81920 MiB
2026/04/14 12:21:06.622, 0 %, 527 MiB, 81920 MiB
2026/04/14 12:21:06.623, 0 %, 0 MiB, 81920 MiB
2026/04/14 12:21:11.623, 0 %, 527 MiB, 81920 MiB
2026/04/14 12:21:11.623, 0 %, 0 MiB, 81920 MiB
2026/04/14 12:21:16.624, 0 %, 527 MiB, 81920 MiB
2026/04/14 12:21:16.624, 0 %, 0 MiB, 81920 MiB
2026/04/14 12:21:21.625, 0 %, 527 MiB, 81920 MiB
2026/04/14 12:21:21.625, 0 %, 0 MiB, 81920 MiB
2026/04/14 12:21:26.626, 0 %, 527 MiB, 81920 MiB
2026/04/14 12:21:26.626, 0 %, 0 MiB, 81920 MiB
2026/04/14 12:21:31.627, 0 %, 527 MiB, 81920 MiB
2026/04/14 12:21:31.627, 0 %, 0 MiB, 81920 MiB
2026/04/14 12:21:36.627, 0 %, 527 MiB, 81920 MiB
2026/04/14 12:21:36.628, 0 %, 0 MiB, 81920 MiB
2026/04/14 12:21:41.628, 0 %, 527 MiB, 81920 MiB
2026/04/14 12:21:41.628, 0 %, 0 MiB, 81920 MiB
2026/04/14 12:21:46.629, 0 %, 527 MiB, 81920 MiB
2026/04/14 12:21:46.629, 0 %, 0 MiB, 81920 MiB
2026/04/14 12:21:51.630, 0 %, 527 MiB, 81920 MiB
2026/04/14 12:21:51.630, 0 %, 0 MiB, 81920 MiB
2026/04/14 12:21:56.631, 0 %, 527 MiB, 81920 MiB
2026/04/14 12:21:56.631, 0 %, 0 MiB, 81920 MiB
2026/04/14 12:22:01.632, 0 %, 527 MiB, 81920 MiB
2026/04/14 12:22:01.632, 0 %, 0 MiB, 81920 MiB
2026/04/14 12:22:06.632, 0 %, 527 MiB, 81920 MiB
2026/04/14 12:22:06.633, 0 %, 0 MiB, 81920 MiB
2026/04/14 12:22:11.633, 0 %, 527 MiB, 81920 MiB
2026/04/14 12:22:11.633, 0 %, 0 MiB, 81920 MiB
2026/04/14 12:22:16.634, 0 %, 527 MiB, 81920 MiB
2026/04/14 12:22:16.634, 0 %, 0 MiB, 81920 MiB
2026/04/14 12:22:21.635, 0 %, 527 MiB, 81920 MiB
2026/04/14 12:22:21.635, 0 %, 0 MiB, 81920 MiB
2026/04/14 12:22:26.636, 0 %, 527 MiB, 81920 MiB
2026/04/14 12:22:26.636, 0 %, 0 MiB, 81920 MiB
2026/04/14 12:22:31.637, 0 %, 527 MiB, 81920 MiB
2026/04/14 12:22:31.637, 0 %, 0 MiB, 81920 MiB
2026/04/14 12:22:36.637, 0 %, 527 MiB, 81920 MiB
2026/04/14 12:22:36.637, 0 %, 0 MiB, 81920 MiB
2026/04/14 12:22:41.638, 0 %, 527 MiB, 81920 MiB
2026/04/14 12:22:41.638, 0 %, 0 MiB, 81920 MiB
2026/04/14 12:22:46.639, 0 %, 527 MiB, 81920 MiB
2026/04/14 12:22:46.639, 0 %, 0 MiB, 81920 MiB
2026/04/14 12:22:51.640, 0 %, 527 MiB, 81920 MiB
2026/04/14 12:22:51.640, 0 %, 0 MiB, 81920 MiB
2026/04/14 12:22:56.640, 0 %, 527 MiB, 81920 MiB
2026/04/14 12:22:56.641, 0 %, 0 MiB, 81920 MiB
2026/04/14 12:23:01.641, 0 %, 527 MiB, 81920 MiB
2026/04/14 12:23:01.641, 0 %, 0 MiB, 81920 MiB
2026/04/14 12:23:06.642, 0 %, 527 MiB, 81920 MiB
2026/04/14 12:23:06.642, 0 %, 0 MiB, 81920 MiB
2026/04/14 12:23:11.643, 0 %, 527 MiB, 81920 MiB
2026/04/14 12:23:11.643, 0 %, 0 MiB, 81920 MiB
2026/04/14 12:23:16.644, 0 %, 527 MiB, 81920 MiB
2026/04/14 12:23:16.644, 0 %, 0 MiB, 81920 MiB
2026/04/14 12:23:21.645, 0 %, 527 MiB, 81920 MiB
2026/04/14 12:23:21.645, 0 %, 0 MiB, 81920 MiB
2026/04/14 12:23:26.646, 0 %, 527 MiB, 81920 MiB
2026/04/14 12:23:26.646, 0 %, 0 MiB, 81920 MiB
2026/04/14 12:23:31.646, 0 %, 527 MiB, 81920 MiB
2026/04/14 12:23:31.647, 0 %, 0 MiB, 81920 MiB
2026/04/14 12:23:36.647, 0 %, 527 MiB, 81920 MiB
2026/04/14 12:23:36.647, 0 %, 0 MiB, 81920 MiB
2026/04/14 12:23:41.648, 0 %, 527 MiB, 81920 MiB
2026/04/14 12:23:41.648, 0 %, 0 MiB, 81920 MiB
2026/04/14 12:23:46.649, 0 %, 527 MiB, 81920 MiB
2026/04/14 12:23:46.649, 0 %, 0 MiB, 81920 MiB
2026/04/14 12:23:51.650, 0 %, 527 MiB, 81920 MiB
2026/04/14 12:23:51.650, 0 %, 0 MiB, 81920 MiB
2026/04/14 12:23:56.651, 0 %, 527 MiB, 81920 MiB
2026/04/14 12:23:56.651, 0 %, 0 MiB, 81920 MiB
2026/04/14 12:24:01.652, 0 %, 527 MiB, 81920 MiB
2026/04/14 12:24:01.652, 0 %, 0 MiB, 81920 MiB
2026/04/14 12:24:06.652, 0 %, 527 MiB, 81920 MiB
2026/04/14 12:24:06.653, 0 %, 0 MiB, 81920 MiB
2026/04/14 12:24:11.653, 0 %, 527 MiB, 81920 MiB
2026/04/14 12:24:11.654, 0 %, 0 MiB, 81920 MiB
2026/04/14 12:24:16.654, 0 %, 527 MiB, 81920 MiB
2026/04/14 12:24:16.654, 0 %, 0 MiB, 81920 MiB
2026/04/14 12:24:21.655, 0 %, 527 MiB, 81920 MiB
2026/04/14 12:24:21.655, 0 %, 0 MiB, 81920 MiB
2026/04/14 12:24:26.657, 0 %, 493 MiB, 81920 MiB
2026/04/14 12:24:26.657, 0 %, 0 MiB, 81920 MiB
2026/04/14 12:24:31.658, 0 %, 493 MiB, 81920 MiB
2026/04/14 12:24:31.658, 0 %, 0 MiB, 81920 MiB
2026/04/14 12:24:36.659, 0 %, 493 MiB, 81920 MiB
2026/04/14 12:24:36.659, 0 %, 0 MiB, 81920 MiB
2026/04/14 12:24:41.660, 0 %, 493 MiB, 81920 MiB
2026/04/14 12:24:41.660, 0 %, 0 MiB, 81920 MiB
2026/04/14 12:24:46.660, 0 %, 493 MiB, 81920 MiB
2026/04/14 12:24:46.661, 0 %, 0 MiB, 81920 MiB
2026/04/14 12:24:51.661, 0 %, 493 MiB, 81920 MiB
2026/04/14 12:24:51.661, 0 %, 0 MiB, 81920 MiB
2026/04/14 12:24:56.663, 0 %, 493 MiB, 81920 MiB
2026/04/14 12:24:56.663, 0 %, 0 MiB, 81920 MiB
2026/04/14 12:25:01.663, 0 %, 493 MiB, 81920 MiB
2026/04/14 12:25:01.664, 0 %, 0 MiB, 81920 MiB
2026/04/14 12:25:06.664, 0 %, 493 MiB, 81920 MiB
2026/04/14 12:25:06.664, 0 %, 0 MiB, 81920 MiB
2026/04/14 12:25:11.665, 0 %, 493 MiB, 81920 MiB
2026/04/14 12:25:11.665, 0 %, 0 MiB, 81920 MiB
2026/04/14 12:25:16.666, 0 %, 493 MiB, 81920 MiB
2026/04/14 12:25:16.666, 0 %, 0 MiB, 81920 MiB
2026/04/14 12:25:21.667, 0 %, 493 MiB, 81920 MiB
2026/04/14 12:25:21.667, 0 %, 0 MiB, 81920 MiB
2026/04/14 12:25:26.668, 0 %, 493 MiB, 81920 MiB
2026/04/14 12:25:26.668, 0 %, 0 MiB, 81920 MiB
2026/04/14 12:25:31.669, 0 %, 493 MiB, 81920 MiB
2026/04/14 12:25:31.669, 0 %, 0 MiB, 81920 MiB
2026/04/14 12:25:36.670, 0 %, 493 MiB, 81920 MiB
2026/04/14 12:25:36.670, 0 %, 0 MiB, 81920 MiB
2026/04/14 12:25:41.670, 0 %, 493 MiB, 81920 MiB
2026/04/14 12:25:41.671, 0 %, 0 MiB, 81920 MiB
2026/04/14 12:25:46.671, 0 %, 493 MiB, 81920 MiB
2026/04/14 12:25:46.672, 0 %, 0 MiB, 81920 MiB
2026/04/14 12:25:51.672, 0 %, 493 MiB, 81920 MiB
2026/04/14 12:25:51.672, 0 %, 0 MiB, 81920 MiB
2026/04/14 12:25:56.673, 0 %, 493 MiB, 81920 MiB
2026/04/14 12:25:56.673, 0 %, 0 MiB, 81920 MiB
2026/04/14 12:26:01.673, 0 %, 493 MiB, 81920 MiB
2026/04/14 12:26:01.673, 0 %, 0 MiB, 81920 MiB
2026/04/14 12:26:06.674, 0 %, 493 MiB, 81920 MiB
2026/04/14 12:26:06.674, 0 %, 0 MiB, 81920 MiB
2026/04/14 12:26:11.675, 0 %, 493 MiB, 81920 MiB
2026/04/14 12:26:11.675, 0 %, 0 MiB, 81920 MiB
2026/04/14 12:26:16.676, 0 %, 493 MiB, 81920 MiB
2026/04/14 12:26:16.676, 0 %, 0 MiB, 81920 MiB
2026/04/14 12:26:21.677, 0 %, 493 MiB, 81920 MiB
2026/04/14 12:26:21.677, 0 %, 0 MiB, 81920 MiB
2026/04/14 12:26:26.678, 0 %, 527 MiB, 81920 MiB
2026/04/14 12:26:26.678, 0 %, 0 MiB, 81920 MiB
2026/04/14 12:26:31.679, 0 %, 527 MiB, 81920 MiB
2026/04/14 12:26:31.679, 0 %, 0 MiB, 81920 MiB
2026/04/14 12:26:36.680, 0 %, 527 MiB, 81920 MiB
2026/04/14 12:26:36.680, 0 %, 0 MiB, 81920 MiB
2026/04/14 12:26:41.680, 0 %, 527 MiB, 81920 MiB
2026/04/14 12:26:41.681, 0 %, 0 MiB, 81920 MiB
2026/04/14 12:26:46.681, 0 %, 527 MiB, 81920 MiB
2026/04/14 12:26:46.681, 0 %, 0 MiB, 81920 MiB
2026/04/14 12:26:51.682, 0 %, 527 MiB, 81920 MiB
2026/04/14 12:26:51.682, 0 %, 0 MiB, 81920 MiB
2026/04/14 12:26:56.683, 0 %, 527 MiB, 81920 MiB
2026/04/14 12:26:56.683, 0 %, 0 MiB, 81920 MiB
2026/04/14 12:27:01.684, 0 %, 527 MiB, 81920 MiB
2026/04/14 12:27:01.684, 0 %, 0 MiB, 81920 MiB
2026/04/14 12:27:06.685, 0 %, 527 MiB, 81920 MiB
2026/04/14 12:27:06.685, 0 %, 0 MiB, 81920 MiB
2026/04/14 12:27:11.685, 0 %, 527 MiB, 81920 MiB
2026/04/14 12:27:11.686, 0 %, 0 MiB, 81920 MiB
2026/04/14 12:27:16.686, 0 %, 527 MiB, 81920 MiB
2026/04/14 12:27:16.686, 0 %, 0 MiB, 81920 MiB
2026/04/14 12:27:21.687, 0 %, 527 MiB, 81920 MiB
2026/04/14 12:27:21.687, 0 %, 0 MiB, 81920 MiB
2026/04/14 12:27:26.688, 0 %, 527 MiB, 81920 MiB
2026/04/14 12:27:26.688, 0 %, 0 MiB, 81920 MiB
2026/04/14 12:27:31.689, 0 %, 527 MiB, 81920 MiB
2026/04/14 12:27:31.689, 0 %, 0 MiB, 81920 MiB
2026/04/14 12:27:36.690, 0 %, 527 MiB, 81920 MiB
2026/04/14 12:27:36.690, 0 %, 0 MiB, 81920 MiB
2026/04/14 12:27:41.691, 0 %, 527 MiB, 81920 MiB
2026/04/14 12:27:41.691, 0 %, 0 MiB, 81920 MiB
2026/04/14 12:27:46.691, 0 %, 527 MiB, 81920 MiB
2026/04/14 12:27:46.692, 0 %, 0 MiB, 81920 MiB
2026/04/14 12:27:51.692, 0 %, 527 MiB, 81920 MiB
2026/04/14 12:27:51.692, 0 %, 0 MiB, 81920 MiB
2026/04/14 12:27:56.693, 0 %, 527 MiB, 81920 MiB
2026/04/14 12:27:56.693, 0 %, 0 MiB, 81920 MiB
2026/04/14 12:28:01.694, 2 %, 527 MiB, 81920 MiB
2026/04/14 12:28:01.694, 0 %, 0 MiB, 81920 MiB
2026/04/14 12:28:06.695, 0 %, 527 MiB, 81920 MiB
2026/04/14 12:28:06.695, 0 %, 0 MiB, 81920 MiB
2026/04/14 12:28:11.695, 0 %, 527 MiB, 81920 MiB
2026/04/14 12:28:11.696, 0 %, 0 MiB, 81920 MiB
2026/04/14 12:28:16.696, 5 %, 527 MiB, 81920 MiB
2026/04/14 12:28:16.696, 0 %, 0 MiB, 81920 MiB
2026/04/14 12:28:21.697, 3 %, 527 MiB, 81920 MiB
2026/04/14 12:28:21.697, 0 %, 0 MiB, 81920 MiB
2026/04/14 12:28:26.698, 17 %, 527 MiB, 81920 MiB
2026/04/14 12:28:26.698, 0 %, 0 MiB, 81920 MiB
2026/04/14 12:28:31.699, 14 %, 527 MiB, 81920 MiB
2026/04/14 12:28:31.699, 0 %, 0 MiB, 81920 MiB
2026/04/14 12:28:36.700, 5 %, 527 MiB, 81920 MiB
2026/04/14 12:28:36.700, 0 %, 0 MiB, 81920 MiB
2026/04/14 12:28:41.700, 3 %, 527 MiB, 81920 MiB
2026/04/14 12:28:41.701, 0 %, 0 MiB, 81920 MiB
2026/04/14 12:28:46.701, 3 %, 527 MiB, 81920 MiB
2026/04/14 12:28:46.701, 0 %, 0 MiB, 81920 MiB
2026/04/14 12:28:51.702, 13 %, 527 MiB, 81920 MiB
2026/04/14 12:28:51.702, 0 %, 0 MiB, 81920 MiB
2026/04/14 12:28:56.703, 14 %, 527 MiB, 81920 MiB
2026/04/14 12:28:56.703, 0 %, 0 MiB, 81920 MiB
2026/04/14 12:29:01.704, 18 %, 527 MiB, 81920 MiB
2026/04/14 12:29:01.704, 0 %, 0 MiB, 81920 MiB
2026/04/14 12:29:06.705, 5 %, 527 MiB, 81920 MiB
2026/04/14 12:29:06.705, 0 %, 0 MiB, 81920 MiB
2026/04/14 12:29:11.705, 6 %, 527 MiB, 81920 MiB
2026/04/14 12:29:11.706, 0 %, 0 MiB, 81920 MiB
2026/04/14 12:29:16.706, 0 %, 527 MiB, 81920 MiB
2026/04/14 12:29:16.706, 0 %, 0 MiB, 81920 MiB
2026/04/14 12:29:21.707, 18 %, 527 MiB, 81920 MiB
2026/04/14 12:29:21.707, 0 %, 0 MiB, 81920 MiB
2026/04/14 12:29:26.708, 0 %, 527 MiB, 81920 MiB
2026/04/14 12:29:26.708, 0 %, 0 MiB, 81920 MiB
2026/04/14 12:29:31.709, 8 %, 527 MiB, 81920 MiB
2026/04/14 12:29:31.709, 0 %, 0 MiB, 81920 MiB
2026/04/14 12:29:36.710, 0 %, 527 MiB, 81920 MiB
2026/04/14 12:29:36.710, 0 %, 0 MiB, 81920 MiB
2026/04/14 12:29:41.710, 0 %, 527 MiB, 81920 MiB
2026/04/14 12:29:41.711, 0 %, 0 MiB, 81920 MiB
2026/04/14 12:29:46.711, 0 %, 527 MiB, 81920 MiB
2026/04/14 12:29:46.711, 0 %, 0 MiB, 81920 MiB
2026/04/14 12:29:51.712, 0 %, 527 MiB, 81920 MiB
2026/04/14 12:29:51.712, 0 %, 0 MiB, 81920 MiB
2026/04/14 12:29:56.713, 0 %, 527 MiB, 81920 MiB
2026/04/14 12:29:56.713, 0 %, 0 MiB, 81920 MiB
2026/04/14 12:30:01.714, 1 %, 527 MiB, 81920 MiB
2026/04/14 12:30:01.714, 0 %, 0 MiB, 81920 MiB
2026/04/14 12:30:06.715, 0 %, 527 MiB, 81920 MiB
2026/04/14 12:30:06.715, 0 %, 0 MiB, 81920 MiB
2026/04/14 12:30:11.715, 0 %, 527 MiB, 81920 MiB
2026/04/14 12:30:11.716, 0 %, 0 MiB, 81920 MiB
2026/04/14 12:30:16.716, 0 %, 527 MiB, 81920 MiB
2026/04/14 12:30:16.716, 0 %, 0 MiB, 81920 MiB
2026/04/14 12:30:21.717, 0 %, 527 MiB, 81920 MiB
2026/04/14 12:30:21.717, 0 %, 0 MiB, 81920 MiB
2026/04/14 12:30:26.718, 0 %, 527 MiB, 81920 MiB
2026/04/14 12:30:26.718, 0 %, 0 MiB, 81920 MiB
2026/04/14 12:30:31.719, 0 %, 527 MiB, 81920 MiB
2026/04/14 12:30:31.719, 0 %, 0 MiB, 81920 MiB
2026/04/14 12:30:36.720, 0 %, 527 MiB, 81920 MiB
2026/04/14 12:30:36.720, 0 %, 0 MiB, 81920 MiB
2026/04/14 12:30:41.720, 0 %, 527 MiB, 81920 MiB
2026/04/14 12:30:41.721, 0 %, 0 MiB, 81920 MiB
2026/04/14 12:30:46.721, 0 %, 527 MiB, 81920 MiB
2026/04/14 12:30:46.721, 0 %, 0 MiB, 81920 MiB
2026/04/14 12:30:51.722, 0 %, 527 MiB, 81920 MiB
2026/04/14 12:30:51.722, 0 %, 0 MiB, 81920 MiB
2026/04/14 12:30:56.723, 0 %, 527 MiB, 81920 MiB
2026/04/14 12:30:56.723, 0 %, 0 MiB, 81920 MiB
2026/04/14 12:31:01.724, 0 %, 527 MiB, 81920 MiB
2026/04/14 12:31:01.724, 0 %, 0 MiB, 81920 MiB
2026/04/14 12:31:06.725, 0 %, 527 MiB, 81920 MiB
2026/04/14 12:31:06.725, 0 %, 0 MiB, 81920 MiB
2026/04/14 12:31:11.725, 0 %, 527 MiB, 81920 MiB
2026/04/14 12:31:11.726, 0 %, 0 MiB, 81920 MiB
2026/04/14 12:31:16.726, 0 %, 527 MiB, 81920 MiB
2026/04/14 12:31:16.726, 0 %, 0 MiB, 81920 MiB
2026/04/14 12:31:21.727, 0 %, 527 MiB, 81920 MiB
2026/04/14 12:31:21.727, 0 %, 0 MiB, 81920 MiB
2026/04/14 12:31:26.728, 0 %, 527 MiB, 81920 MiB
2026/04/14 12:31:26.728, 0 %, 0 MiB, 81920 MiB
2026/04/14 12:31:31.729, 0 %, 527 MiB, 81920 MiB
2026/04/14 12:31:31.729, 0 %, 0 MiB, 81920 MiB
2026/04/14 12:31:36.730, 0 %, 527 MiB, 81920 MiB
2026/04/14 12:31:36.730, 0 %, 0 MiB, 81920 MiB
2026/04/14 12:31:41.730, 0 %, 527 MiB, 81920 MiB
2026/04/14 12:31:41.731, 0 %, 0 MiB, 81920 MiB
2026/04/14 12:31:46.731, 0 %, 527 MiB, 81920 MiB
2026/04/14 12:31:46.731, 0 %, 0 MiB, 81920 MiB
2026/04/14 12:31:51.732, 0 %, 527 MiB, 81920 MiB
2026/04/14 12:31:51.732, 0 %, 0 MiB, 81920 MiB
2026/04/14 12:31:56.733, 0 %, 527 MiB, 81920 MiB
2026/04/14 12:31:56.733, 0 %, 0 MiB, 81920 MiB
2026/04/14 12:32:01.734, 0 %, 527 MiB, 81920 MiB
2026/04/14 12:32:01.734, 0 %, 0 MiB, 81920 MiB
2026/04/14 12:32:06.735, 0 %, 527 MiB, 81920 MiB
2026/04/14 12:32:06.735, 0 %, 0 MiB, 81920 MiB
2026/04/14 12:32:11.736, 0 %, 527 MiB, 81920 MiB
2026/04/14 12:32:11.736, 0 %, 0 MiB, 81920 MiB
2026/04/14 12:32:16.736, 0 %, 527 MiB, 81920 MiB
2026/04/14 12:32:16.736, 0 %, 0 MiB, 81920 MiB
2026/04/14 12:32:21.737, 0 %, 527 MiB, 81920 MiB
2026/04/14 12:32:21.737, 0 %, 0 MiB, 81920 MiB
2026/04/14 12:32:26.738, 0 %, 527 MiB, 81920 MiB
2026/04/14 12:32:26.738, 0 %, 0 MiB, 81920 MiB
2026/04/14 12:32:31.739, 0 %, 527 MiB, 81920 MiB
2026/04/14 12:32:31.739, 0 %, 0 MiB, 81920 MiB
2026/04/14 12:32:36.740, 0 %, 527 MiB, 81920 MiB
2026/04/14 12:32:36.740, 0 %, 0 MiB, 81920 MiB
2026/04/14 12:32:41.741, 0 %, 527 MiB, 81920 MiB
2026/04/14 12:32:41.741, 0 %, 0 MiB, 81920 MiB
2026/04/14 12:32:46.741, 0 %, 527 MiB, 81920 MiB
2026/04/14 12:32:46.741, 0 %, 0 MiB, 81920 MiB
2026/04/14 12:32:51.742, 12 %, 527 MiB, 81920 MiB
2026/04/14 12:32:51.742, 0 %, 0 MiB, 81920 MiB
2026/04/14 12:32:56.743, 0 %, 527 MiB, 81920 MiB
2026/04/14 12:32:56.743, 0 %, 0 MiB, 81920 MiB
2026/04/14 12:33:01.744, 1 %, 527 MiB, 81920 MiB
2026/04/14 12:33:01.744, 0 %, 0 MiB, 81920 MiB
2026/04/14 12:33:06.745, 0 %, 527 MiB, 81920 MiB
2026/04/14 12:33:06.745, 0 %, 0 MiB, 81920 MiB
2026/04/14 12:33:11.746, 10 %, 527 MiB, 81920 MiB
2026/04/14 12:33:11.746, 0 %, 0 MiB, 81920 MiB
2026/04/14 12:33:16.746, 8 %, 527 MiB, 81920 MiB
2026/04/14 12:33:16.746, 0 %, 0 MiB, 81920 MiB
2026/04/14 12:33:21.747, 18 %, 527 MiB, 81920 MiB
2026/04/14 12:33:21.747, 0 %, 0 MiB, 81920 MiB
2026/04/14 12:33:26.748, 18 %, 527 MiB, 81920 MiB
2026/04/14 12:33:26.748, 0 %, 0 MiB, 81920 MiB
2026/04/14 12:33:31.749, 11 %, 527 MiB, 81920 MiB
2026/04/14 12:33:31.749, 0 %, 0 MiB, 81920 MiB
2026/04/14 12:33:36.750, 6 %, 527 MiB, 81920 MiB
2026/04/14 12:33:36.750, 0 %, 0 MiB, 81920 MiB
2026/04/14 12:33:41.751, 18 %, 527 MiB, 81920 MiB
2026/04/14 12:33:41.751, 0 %, 0 MiB, 81920 MiB
2026/04/14 12:33:46.751, 17 %, 527 MiB, 81920 MiB
2026/04/14 12:33:46.751, 0 %, 0 MiB, 81920 MiB
2026/04/14 12:33:51.752, 12 %, 527 MiB, 81920 MiB
2026/04/14 12:33:51.752, 0 %, 0 MiB, 81920 MiB
2026/04/14 12:33:56.753, 15 %, 527 MiB, 81920 MiB
2026/04/14 12:33:56.753, 0 %, 0 MiB, 81920 MiB
2026/04/14 12:34:01.754, 3 %, 527 MiB, 81920 MiB
2026/04/14 12:34:01.754, 0 %, 0 MiB, 81920 MiB
2026/04/14 12:34:06.755, 4 %, 527 MiB, 81920 MiB
2026/04/14 12:34:06.755, 0 %, 0 MiB, 81920 MiB
2026/04/14 12:34:11.756, 15 %, 527 MiB, 81920 MiB
2026/04/14 12:34:11.756, 0 %, 0 MiB, 81920 MiB
2026/04/14 12:34:16.756, 16 %, 527 MiB, 81920 MiB
2026/04/14 12:34:16.756, 0 %, 0 MiB, 81920 MiB
2026/04/14 12:34:21.757, 0 %, 527 MiB, 81920 MiB
2026/04/14 12:34:21.757, 0 %, 0 MiB, 81920 MiB
2026/04/14 12:34:26.758, 7 %, 527 MiB, 81920 MiB
2026/04/14 12:34:26.758, 0 %, 0 MiB, 81920 MiB
2026/04/14 12:34:31.759, 0 %, 527 MiB, 81920 MiB
2026/04/14 12:34:31.759, 0 %, 0 MiB, 81920 MiB
2026/04/14 12:34:36.760, 0 %, 527 MiB, 81920 MiB
2026/04/14 12:34:36.760, 0 %, 0 MiB, 81920 MiB
2026/04/14 12:34:41.761, 0 %, 527 MiB, 81920 MiB
2026/04/14 12:34:41.761, 0 %, 0 MiB, 81920 MiB
2026/04/14 12:34:46.761, 0 %, 527 MiB, 81920 MiB
2026/04/14 12:34:46.762, 0 %, 0 MiB, 81920 MiB
2026/04/14 12:34:51.762, 0 %, 527 MiB, 81920 MiB
2026/04/14 12:34:51.762, 0 %, 0 MiB, 81920 MiB
2026/04/14 12:34:56.763, 1 %, 527 MiB, 81920 MiB
2026/04/14 12:34:56.763, 0 %, 0 MiB, 81920 MiB
2026/04/14 12:35:01.764, 0 %, 527 MiB, 81920 MiB
2026/04/14 12:35:01.764, 0 %, 0 MiB, 81920 MiB
2026/04/14 12:35:06.765, 0 %, 527 MiB, 81920 MiB
2026/04/14 12:35:06.765, 0 %, 0 MiB, 81920 MiB
2026/04/14 12:35:11.766, 0 %, 527 MiB, 81920 MiB
2026/04/14 12:35:11.766, 0 %, 0 MiB, 81920 MiB
2026/04/14 12:35:16.766, 0 %, 527 MiB, 81920 MiB
2026/04/14 12:35:16.767, 0 %, 0 MiB, 81920 MiB
2026/04/14 12:35:21.767, 0 %, 527 MiB, 81920 MiB
2026/04/14 12:35:21.767, 0 %, 0 MiB, 81920 MiB
2026/04/14 12:35:26.768, 0 %, 527 MiB, 81920 MiB
2026/04/14 12:35:26.768, 0 %, 0 MiB, 81920 MiB
2026/04/14 12:35:31.769, 0 %, 527 MiB, 81920 MiB
2026/04/14 12:35:31.769, 0 %, 0 MiB, 81920 MiB
2026/04/14 12:35:36.770, 0 %, 527 MiB, 81920 MiB
2026/04/14 12:35:36.770, 0 %, 0 MiB, 81920 MiB
2026/04/14 12:35:41.771, 0 %, 527 MiB, 81920 MiB
2026/04/14 12:35:41.771, 0 %, 0 MiB, 81920 MiB
2026/04/14 12:35:46.771, 0 %, 527 MiB, 81920 MiB
2026/04/14 12:35:46.772, 0 %, 0 MiB, 81920 MiB
2026/04/14 12:35:51.772, 0 %, 527 MiB, 81920 MiB
2026/04/14 12:35:51.772, 0 %, 0 MiB, 81920 MiB
2026/04/14 12:35:56.773, 0 %, 527 MiB, 81920 MiB
2026/04/14 12:35:56.773, 0 %, 0 MiB, 81920 MiB
2026/04/14 12:36:01.774, 0 %, 527 MiB, 81920 MiB
2026/04/14 12:36:01.774, 0 %, 0 MiB, 81920 MiB
2026/04/14 12:36:06.775, 0 %, 527 MiB, 81920 MiB
2026/04/14 12:36:06.775, 0 %, 0 MiB, 81920 MiB
2026/04/14 12:36:11.776, 0 %, 527 MiB, 81920 MiB
2026/04/14 12:36:11.776, 0 %, 0 MiB, 81920 MiB
2026/04/14 12:36:16.776, 0 %, 527 MiB, 81920 MiB
2026/04/14 12:36:16.777, 0 %, 0 MiB, 81920 MiB
2026/04/14 12:36:21.777, 0 %, 527 MiB, 81920 MiB
2026/04/14 12:36:21.777, 0 %, 0 MiB, 81920 MiB
2026/04/14 12:36:26.778, 0 %, 527 MiB, 81920 MiB
2026/04/14 12:36:26.778, 0 %, 0 MiB, 81920 MiB
2026/04/14 12:36:31.779, 0 %, 527 MiB, 81920 MiB
2026/04/14 12:36:31.779, 0 %, 0 MiB, 81920 MiB
2026/04/14 12:36:36.780, 0 %, 527 MiB, 81920 MiB
2026/04/14 12:36:36.780, 0 %, 0 MiB, 81920 MiB
2026/04/14 12:36:41.781, 0 %, 527 MiB, 81920 MiB
2026/04/14 12:36:41.781, 0 %, 0 MiB, 81920 MiB
2026/04/14 12:36:46.782, 0 %, 527 MiB, 81920 MiB
2026/04/14 12:36:46.782, 0 %, 0 MiB, 81920 MiB
2026/04/14 12:36:51.782, 0 %, 527 MiB, 81920 MiB
2026/04/14 12:36:51.782, 0 %, 0 MiB, 81920 MiB
2026/04/14 12:36:56.783, 0 %, 527 MiB, 81920 MiB
2026/04/14 12:36:56.783, 0 %, 0 MiB, 81920 MiB
2026/04/14 12:37:01.784, 0 %, 527 MiB, 81920 MiB
2026/04/14 12:37:01.784, 0 %, 0 MiB, 81920 MiB
2026/04/14 12:37:06.785, 0 %, 527 MiB, 81920 MiB
2026/04/14 12:37:06.785, 0 %, 0 MiB, 81920 MiB
2026/04/14 12:37:11.786, 0 %, 527 MiB, 81920 MiB
2026/04/14 12:37:11.786, 0 %, 0 MiB, 81920 MiB
2026/04/14 12:37:16.787, 0 %, 527 MiB, 81920 MiB
2026/04/14 12:37:16.787, 0 %, 0 MiB, 81920 MiB
2026/04/14 12:37:21.787, 0 %, 527 MiB, 81920 MiB
2026/04/14 12:37:21.787, 0 %, 0 MiB, 81920 MiB
2026/04/14 12:37:26.788, 0 %, 527 MiB, 81920 MiB
2026/04/14 12:37:26.788, 0 %, 0 MiB, 81920 MiB
2026/04/14 12:37:31.789, 0 %, 527 MiB, 81920 MiB
2026/04/14 12:37:31.789, 0 %, 0 MiB, 81920 MiB
2026/04/14 12:37:36.790, 0 %, 527 MiB, 81920 MiB
2026/04/14 12:37:36.790, 0 %, 0 MiB, 81920 MiB
2026/04/14 12:37:41.791, 0 %, 527 MiB, 81920 MiB
2026/04/14 12:37:41.791, 0 %, 0 MiB, 81920 MiB
2026/04/14 12:37:46.792, 0 %, 527 MiB, 81920 MiB
2026/04/14 12:37:46.792, 0 %, 0 MiB, 81920 MiB
2026/04/14 12:37:51.792, 0 %, 527 MiB, 81920 MiB
2026/04/14 12:37:51.792, 0 %, 0 MiB, 81920 MiB
2026/04/14 12:37:56.793, 0 %, 527 MiB, 81920 MiB
2026/04/14 12:37:56.793, 0 %, 0 MiB, 81920 MiB
2026/04/14 12:38:01.794, 0 %, 527 MiB, 81920 MiB
2026/04/14 12:38:01.794, 0 %, 0 MiB, 81920 MiB
2026/04/14 12:38:06.795, 0 %, 527 MiB, 81920 MiB
2026/04/14 12:38:06.795, 0 %, 0 MiB, 81920 MiB
2026/04/14 12:38:11.796, 0 %, 527 MiB, 81920 MiB
2026/04/14 12:38:11.796, 0 %, 0 MiB, 81920 MiB
2026/04/14 12:38:16.797, 0 %, 527 MiB, 81920 MiB
2026/04/14 12:38:16.797, 0 %, 0 MiB, 81920 MiB
2026/04/14 12:38:21.797, 0 %, 527 MiB, 81920 MiB
2026/04/14 12:38:21.798, 0 %, 0 MiB, 81920 MiB
2026/04/14 12:38:26.798, 0 %, 527 MiB, 81920 MiB
2026/04/14 12:38:26.798, 0 %, 0 MiB, 81920 MiB
2026/04/14 12:38:31.799, 0 %, 527 MiB, 81920 MiB
2026/04/14 12:38:31.799, 0 %, 0 MiB, 81920 MiB
2026/04/14 12:38:36.800, 0 %, 527 MiB, 81920 MiB
2026/04/14 12:38:36.800, 0 %, 0 MiB, 81920 MiB
2026/04/14 12:38:41.801, 0 %, 527 MiB, 81920 MiB
2026/04/14 12:38:41.801, 0 %, 0 MiB, 81920 MiB
2026/04/14 12:38:46.801, 0 %, 527 MiB, 81920 MiB
2026/04/14 12:38:46.801, 0 %, 0 MiB, 81920 MiB
2026/04/14 12:38:51.802, 0 %, 527 MiB, 81920 MiB
2026/04/14 12:38:51.802, 0 %, 0 MiB, 81920 MiB
2026/04/14 12:38:56.803, 0 %, 527 MiB, 81920 MiB
2026/04/14 12:38:56.803, 0 %, 0 MiB, 81920 MiB
2026/04/14 12:39:01.804, 0 %, 527 MiB, 81920 MiB
2026/04/14 12:39:01.804, 0 %, 0 MiB, 81920 MiB
2026/04/14 12:39:06.804, 0 %, 527 MiB, 81920 MiB
2026/04/14 12:39:06.804, 0 %, 0 MiB, 81920 MiB
2026/04/14 12:39:11.805, 0 %, 527 MiB, 81920 MiB
2026/04/14 12:39:11.805, 0 %, 0 MiB, 81920 MiB
2026/04/14 12:39:16.806, 0 %, 527 MiB, 81920 MiB
2026/04/14 12:39:16.806, 0 %, 0 MiB, 81920 MiB
2026/04/14 12:39:21.807, 0 %, 527 MiB, 81920 MiB
2026/04/14 12:39:21.807, 0 %, 0 MiB, 81920 MiB
2026/04/14 12:39:26.807, 0 %, 527 MiB, 81920 MiB
2026/04/14 12:39:26.808, 0 %, 0 MiB, 81920 MiB
2026/04/14 12:39:31.808, 0 %, 527 MiB, 81920 MiB
2026/04/14 12:39:31.808, 0 %, 0 MiB, 81920 MiB
2026/04/14 12:39:36.809, 0 %, 527 MiB, 81920 MiB
2026/04/14 12:39:36.809, 0 %, 0 MiB, 81920 MiB
2026/04/14 12:39:41.810, 0 %, 527 MiB, 81920 MiB
2026/04/14 12:39:41.810, 0 %, 0 MiB, 81920 MiB
2026/04/14 12:39:46.811, 0 %, 527 MiB, 81920 MiB
2026/04/14 12:39:46.811, 0 %, 0 MiB, 81920 MiB
2026/04/14 12:39:51.811, 0 %, 527 MiB, 81920 MiB
2026/04/14 12:39:51.811, 0 %, 0 MiB, 81920 MiB
2026/04/14 12:39:56.812, 0 %, 527 MiB, 81920 MiB
2026/04/14 12:39:56.812, 0 %, 0 MiB, 81920 MiB
2026/04/14 12:40:01.813, 0 %, 527 MiB, 81920 MiB
2026/04/14 12:40:01.813, 0 %, 0 MiB, 81920 MiB
2026/04/14 12:40:06.814, 0 %, 527 MiB, 81920 MiB
2026/04/14 12:40:06.814, 0 %, 0 MiB, 81920 MiB
2026/04/14 12:40:11.814, 0 %, 527 MiB, 81920 MiB
2026/04/14 12:40:11.815, 0 %, 0 MiB, 81920 MiB
2026/04/14 12:40:16.816, 0 %, 493 MiB, 81920 MiB
2026/04/14 12:40:16.816, 0 %, 0 MiB, 81920 MiB
2026/04/14 12:40:21.817, 0 %, 493 MiB, 81920 MiB
2026/04/14 12:40:21.817, 0 %, 0 MiB, 81920 MiB
2026/04/14 12:40:26.818, 0 %, 493 MiB, 81920 MiB
2026/04/14 12:40:26.818, 0 %, 0 MiB, 81920 MiB
2026/04/14 12:40:31.819, 0 %, 493 MiB, 81920 MiB
2026/04/14 12:40:31.819, 0 %, 0 MiB, 81920 MiB
2026/04/14 12:40:36.819, 0 %, 493 MiB, 81920 MiB
2026/04/14 12:40:36.820, 0 %, 0 MiB, 81920 MiB
2026/04/14 12:40:41.820, 0 %, 493 MiB, 81920 MiB
2026/04/14 12:40:41.820, 0 %, 0 MiB, 81920 MiB
2026/04/14 12:40:46.821, 0 %, 493 MiB, 81920 MiB
2026/04/14 12:40:46.821, 0 %, 0 MiB, 81920 MiB
2026/04/14 12:40:51.822, 0 %, 493 MiB, 81920 MiB
2026/04/14 12:40:51.822, 0 %, 0 MiB, 81920 MiB
2026/04/14 12:40:56.823, 0 %, 493 MiB, 81920 MiB
2026/04/14 12:40:56.823, 0 %, 0 MiB, 81920 MiB
2026/04/14 12:41:01.824, 0 %, 493 MiB, 81920 MiB
2026/04/14 12:41:01.824, 0 %, 0 MiB, 81920 MiB
2026/04/14 12:41:06.825, 0 %, 493 MiB, 81920 MiB
2026/04/14 12:41:06.825, 0 %, 0 MiB, 81920 MiB
2026/04/14 12:41:11.826, 0 %, 493 MiB, 81920 MiB
2026/04/14 12:41:11.826, 0 %, 0 MiB, 81920 MiB
2026/04/14 12:41:16.827, 0 %, 493 MiB, 81920 MiB
2026/04/14 12:41:16.827, 0 %, 0 MiB, 81920 MiB
2026/04/14 12:41:21.828, 0 %, 493 MiB, 81920 MiB
2026/04/14 12:41:21.828, 0 %, 0 MiB, 81920 MiB
2026/04/14 12:41:26.828, 0 %, 493 MiB, 81920 MiB
2026/04/14 12:41:26.829, 0 %, 0 MiB, 81920 MiB
2026/04/14 12:41:31.829, 0 %, 493 MiB, 81920 MiB
2026/04/14 12:41:31.830, 0 %, 0 MiB, 81920 MiB
2026/04/14 12:41:36.830, 0 %, 493 MiB, 81920 MiB
2026/04/14 12:41:36.830, 0 %, 0 MiB, 81920 MiB
2026/04/14 12:41:41.831, 0 %, 493 MiB, 81920 MiB
2026/04/14 12:41:41.831, 0 %, 0 MiB, 81920 MiB
2026/04/14 12:41:46.832, 0 %, 493 MiB, 81920 MiB
2026/04/14 12:41:46.832, 0 %, 0 MiB, 81920 MiB
2026/04/14 12:41:51.833, 0 %, 493 MiB, 81920 MiB
2026/04/14 12:41:51.833, 0 %, 0 MiB, 81920 MiB
2026/04/14 12:41:56.834, 0 %, 493 MiB, 81920 MiB
2026/04/14 12:41:56.834, 0 %, 0 MiB, 81920 MiB
2026/04/14 12:42:01.835, 0 %, 493 MiB, 81920 MiB
2026/04/14 12:42:01.835, 0 %, 0 MiB, 81920 MiB
2026/04/14 12:42:06.836, 0 %, 493 MiB, 81920 MiB
2026/04/14 12:42:06.836, 0 %, 0 MiB, 81920 MiB
2026/04/14 12:42:11.837, 0 %, 493 MiB, 81920 MiB
2026/04/14 12:42:11.837, 0 %, 0 MiB, 81920 MiB
2026/04/14 12:42:16.838, 0 %, 527 MiB, 81920 MiB
2026/04/14 12:42:16.838, 0 %, 0 MiB, 81920 MiB
2026/04/14 12:42:21.839, 1 %, 527 MiB, 81920 MiB
2026/04/14 12:42:21.839, 0 %, 0 MiB, 81920 MiB
2026/04/14 12:42:26.840, 5 %, 527 MiB, 81920 MiB
2026/04/14 12:42:26.840, 0 %, 0 MiB, 81920 MiB
2026/04/14 12:42:31.840, 0 %, 527 MiB, 81920 MiB
2026/04/14 12:42:31.841, 0 %, 0 MiB, 81920 MiB
2026/04/14 12:42:36.842, 7 %, 527 MiB, 81920 MiB
2026/04/14 12:42:36.842, 0 %, 0 MiB, 81920 MiB
2026/04/14 12:42:41.842, 12 %, 527 MiB, 81920 MiB
2026/04/14 12:42:41.843, 0 %, 0 MiB, 81920 MiB
2026/04/14 12:42:46.843, 15 %, 527 MiB, 81920 MiB
2026/04/14 12:42:46.843, 0 %, 0 MiB, 81920 MiB
2026/04/14 12:42:51.844, 6 %, 527 MiB, 81920 MiB
2026/04/14 12:42:51.844, 0 %, 0 MiB, 81920 MiB
2026/04/14 12:42:56.845, 0 %, 527 MiB, 81920 MiB
2026/04/14 12:42:56.845, 0 %, 0 MiB, 81920 MiB
2026/04/14 12:43:01.846, 0 %, 527 MiB, 81920 MiB
2026/04/14 12:43:01.846, 0 %, 0 MiB, 81920 MiB
2026/04/14 12:43:06.847, 0 %, 527 MiB, 81920 MiB
2026/04/14 12:43:06.847, 0 %, 0 MiB, 81920 MiB
2026/04/14 12:43:11.848, 0 %, 527 MiB, 81920 MiB
2026/04/14 12:43:11.848, 0 %, 0 MiB, 81920 MiB
2026/04/14 12:43:16.849, 0 %, 527 MiB, 81920 MiB
2026/04/14 12:43:16.849, 0 %, 0 MiB, 81920 MiB
2026/04/14 12:43:21.850, 1 %, 527 MiB, 81920 MiB
2026/04/14 12:43:21.850, 0 %, 0 MiB, 81920 MiB
2026/04/14 12:43:26.851, 0 %, 527 MiB, 81920 MiB
2026/04/14 12:43:26.851, 0 %, 0 MiB, 81920 MiB
2026/04/14 12:43:31.852, 0 %, 527 MiB, 81920 MiB
2026/04/14 12:43:31.852, 0 %, 0 MiB, 81920 MiB
2026/04/14 12:43:36.852, 0 %, 527 MiB, 81920 MiB
2026/04/14 12:43:36.853, 0 %, 0 MiB, 81920 MiB
2026/04/14 12:43:41.853, 0 %, 527 MiB, 81920 MiB
2026/04/14 12:43:41.854, 0 %, 0 MiB, 81920 MiB
2026/04/14 12:43:46.854, 0 %, 527 MiB, 81920 MiB
2026/04/14 12:43:46.854, 0 %, 0 MiB, 81920 MiB
2026/04/14 12:43:51.855, 0 %, 527 MiB, 81920 MiB
2026/04/14 12:43:51.855, 0 %, 0 MiB, 81920 MiB
2026/04/14 12:43:56.856, 0 %, 527 MiB, 81920 MiB
2026/04/14 12:43:56.856, 0 %, 0 MiB, 81920 MiB
2026/04/14 12:44:01.857, 0 %, 527 MiB, 81920 MiB
2026/04/14 12:44:01.857, 0 %, 0 MiB, 81920 MiB
2026/04/14 12:44:06.857, 0 %, 527 MiB, 81920 MiB
2026/04/14 12:44:06.858, 0 %, 0 MiB, 81920 MiB
2026/04/14 12:44:11.858, 0 %, 527 MiB, 81920 MiB
2026/04/14 12:44:11.859, 0 %, 0 MiB, 81920 MiB
2026/04/14 12:44:16.859, 0 %, 527 MiB, 81920 MiB
2026/04/14 12:44:16.859, 0 %, 0 MiB, 81920 MiB
2026/04/14 12:44:21.860, 0 %, 527 MiB, 81920 MiB
2026/04/14 12:44:21.860, 0 %, 0 MiB, 81920 MiB
2026/04/14 12:44:26.861, 0 %, 527 MiB, 81920 MiB
2026/04/14 12:44:26.861, 0 %, 0 MiB, 81920 MiB
2026/04/14 12:44:31.862, 0 %, 527 MiB, 81920 MiB
2026/04/14 12:44:31.862, 0 %, 0 MiB, 81920 MiB
2026/04/14 12:44:36.863, 0 %, 527 MiB, 81920 MiB
2026/04/14 12:44:36.863, 0 %, 0 MiB, 81920 MiB
2026/04/14 12:44:41.864, 0 %, 527 MiB, 81920 MiB
2026/04/14 12:44:41.864, 0 %, 0 MiB, 81920 MiB
2026/04/14 12:44:46.864, 0 %, 527 MiB, 81920 MiB
2026/04/14 12:44:46.865, 0 %, 0 MiB, 81920 MiB
2026/04/14 12:44:51.865, 0 %, 527 MiB, 81920 MiB
2026/04/14 12:44:51.865, 0 %, 0 MiB, 81920 MiB
2026/04/14 12:44:56.866, 0 %, 527 MiB, 81920 MiB
2026/04/14 12:44:56.866, 0 %, 0 MiB, 81920 MiB
2026/04/14 12:45:01.867, 0 %, 527 MiB, 81920 MiB
2026/04/14 12:45:01.867, 0 %, 0 MiB, 81920 MiB
2026/04/14 12:45:06.868, 0 %, 527 MiB, 81920 MiB
2026/04/14 12:45:06.868, 0 %, 0 MiB, 81920 MiB
2026/04/14 12:45:11.869, 0 %, 527 MiB, 81920 MiB
2026/04/14 12:45:11.869, 0 %, 0 MiB, 81920 MiB
2026/04/14 12:45:16.870, 0 %, 527 MiB, 81920 MiB
2026/04/14 12:45:16.870, 0 %, 0 MiB, 81920 MiB
2026/04/14 12:45:21.871, 0 %, 527 MiB, 81920 MiB
2026/04/14 12:45:21.871, 0 %, 0 MiB, 81920 MiB
2026/04/14 12:45:26.872, 0 %, 527 MiB, 81920 MiB
2026/04/14 12:45:26.872, 0 %, 0 MiB, 81920 MiB
2026/04/14 12:45:31.873, 0 %, 527 MiB, 81920 MiB
2026/04/14 12:45:31.873, 0 %, 0 MiB, 81920 MiB
2026/04/14 12:45:36.873, 0 %, 527 MiB, 81920 MiB
2026/04/14 12:45:36.874, 0 %, 0 MiB, 81920 MiB
2026/04/14 12:45:41.874, 0 %, 527 MiB, 81920 MiB
2026/04/14 12:45:41.875, 0 %, 0 MiB, 81920 MiB
2026/04/14 12:45:46.875, 0 %, 527 MiB, 81920 MiB
2026/04/14 12:45:46.875, 0 %, 0 MiB, 81920 MiB
2026/04/14 12:45:51.876, 0 %, 527 MiB, 81920 MiB
2026/04/14 12:45:51.876, 0 %, 0 MiB, 81920 MiB
2026/04/14 12:45:56.877, 0 %, 527 MiB, 81920 MiB
2026/04/14 12:45:56.877, 0 %, 0 MiB, 81920 MiB
2026/04/14 12:46:01.878, 0 %, 527 MiB, 81920 MiB
2026/04/14 12:46:01.878, 0 %, 0 MiB, 81920 MiB
2026/04/14 12:46:06.879, 0 %, 527 MiB, 81920 MiB
2026/04/14 12:46:06.879, 0 %, 0 MiB, 81920 MiB
2026/04/14 12:46:11.880, 0 %, 527 MiB, 81920 MiB
2026/04/14 12:46:11.880, 0 %, 0 MiB, 81920 MiB
2026/04/14 12:46:16.881, 0 %, 527 MiB, 81920 MiB
2026/04/14 12:46:16.881, 0 %, 0 MiB, 81920 MiB
2026/04/14 12:46:21.881, 0 %, 527 MiB, 81920 MiB
2026/04/14 12:46:21.882, 0 %, 0 MiB, 81920 MiB
2026/04/14 12:46:26.882, 0 %, 527 MiB, 81920 MiB
2026/04/14 12:46:26.882, 0 %, 0 MiB, 81920 MiB
2026/04/14 12:46:31.883, 0 %, 527 MiB, 81920 MiB
2026/04/14 12:46:31.883, 0 %, 0 MiB, 81920 MiB
2026/04/14 12:46:36.884, 0 %, 527 MiB, 81920 MiB
2026/04/14 12:46:36.884, 0 %, 0 MiB, 81920 MiB
2026/04/14 12:46:41.885, 0 %, 527 MiB, 81920 MiB
2026/04/14 12:46:41.885, 0 %, 0 MiB, 81920 MiB
2026/04/14 12:46:46.886, 0 %, 527 MiB, 81920 MiB
2026/04/14 12:46:46.886, 0 %, 0 MiB, 81920 MiB
2026/04/14 12:46:51.887, 0 %, 527 MiB, 81920 MiB
2026/04/14 12:46:51.887, 0 %, 0 MiB, 81920 MiB
2026/04/14 12:46:56.888, 0 %, 527 MiB, 81920 MiB
2026/04/14 12:46:56.888, 0 %, 0 MiB, 81920 MiB
2026/04/14 12:47:01.889, 0 %, 527 MiB, 81920 MiB
2026/04/14 12:47:01.889, 0 %, 0 MiB, 81920 MiB
2026/04/14 12:47:06.889, 0 %, 527 MiB, 81920 MiB
2026/04/14 12:47:06.890, 0 %, 0 MiB, 81920 MiB
2026/04/14 12:47:11.890, 0 %, 527 MiB, 81920 MiB
2026/04/14 12:47:11.890, 0 %, 0 MiB, 81920 MiB
2026/04/14 12:47:16.891, 0 %, 527 MiB, 81920 MiB
2026/04/14 12:47:16.891, 0 %, 0 MiB, 81920 MiB
2026/04/14 12:47:21.892, 0 %, 527 MiB, 81920 MiB
2026/04/14 12:47:21.892, 0 %, 0 MiB, 81920 MiB
2026/04/14 12:47:26.893, 0 %, 527 MiB, 81920 MiB
2026/04/14 12:47:26.893, 0 %, 0 MiB, 81920 MiB
2026/04/14 12:47:31.894, 0 %, 527 MiB, 81920 MiB
2026/04/14 12:47:31.894, 0 %, 0 MiB, 81920 MiB
2026/04/14 12:47:36.895, 19 %, 527 MiB, 81920 MiB
2026/04/14 12:47:36.895, 0 %, 0 MiB, 81920 MiB
2026/04/14 12:47:41.895, 13 %, 527 MiB, 81920 MiB
2026/04/14 12:47:41.896, 0 %, 0 MiB, 81920 MiB
2026/04/14 12:47:46.896, 11 %, 527 MiB, 81920 MiB
2026/04/14 12:47:46.897, 0 %, 0 MiB, 81920 MiB
2026/04/14 12:47:51.897, 16 %, 527 MiB, 81920 MiB
2026/04/14 12:47:51.897, 0 %, 0 MiB, 81920 MiB
2026/04/14 12:47:56.898, 18 %, 527 MiB, 81920 MiB
2026/04/14 12:47:56.898, 0 %, 0 MiB, 81920 MiB
2026/04/14 12:48:01.899, 15 %, 527 MiB, 81920 MiB
2026/04/14 12:48:01.899, 0 %, 0 MiB, 81920 MiB
2026/04/14 12:48:06.900, 13 %, 527 MiB, 81920 MiB
2026/04/14 12:48:06.900, 0 %, 0 MiB, 81920 MiB
2026/04/14 12:48:11.901, 0 %, 527 MiB, 81920 MiB
2026/04/14 12:48:11.901, 0 %, 0 MiB, 81920 MiB
2026/04/14 12:48:16.902, 16 %, 527 MiB, 81920 MiB
2026/04/14 12:48:16.902, 0 %, 0 MiB, 81920 MiB
2026/04/14 12:48:21.902, 3 %, 527 MiB, 81920 MiB
2026/04/14 12:48:21.903, 0 %, 0 MiB, 81920 MiB
2026/04/14 12:48:26.903, 5 %, 527 MiB, 81920 MiB
2026/04/14 12:48:26.903, 0 %, 0 MiB, 81920 MiB
2026/04/14 12:48:31.904, 0 %, 527 MiB, 81920 MiB
2026/04/14 12:48:31.904, 0 %, 0 MiB, 81920 MiB
2026/04/14 12:48:36.905, 0 %, 527 MiB, 81920 MiB
2026/04/14 12:48:36.905, 0 %, 0 MiB, 81920 MiB
2026/04/14 12:48:41.906, 0 %, 527 MiB, 81920 MiB
2026/04/14 12:48:41.906, 0 %, 0 MiB, 81920 MiB
2026/04/14 12:48:46.907, 0 %, 527 MiB, 81920 MiB
2026/04/14 12:48:46.907, 0 %, 0 MiB, 81920 MiB
2026/04/14 12:48:51.908, 0 %, 527 MiB, 81920 MiB
2026/04/14 12:48:51.908, 0 %, 0 MiB, 81920 MiB
2026/04/14 12:48:56.909, 0 %, 527 MiB, 81920 MiB
2026/04/14 12:48:56.909, 0 %, 0 MiB, 81920 MiB
2026/04/14 12:49:01.909, 0 %, 527 MiB, 81920 MiB
2026/04/14 12:49:01.910, 0 %, 0 MiB, 81920 MiB
2026/04/14 12:49:06.910, 0 %, 527 MiB, 81920 MiB
2026/04/14 12:49:06.910, 0 %, 0 MiB, 81920 MiB
2026/04/14 12:49:11.911, 0 %, 527 MiB, 81920 MiB
2026/04/14 12:49:11.911, 0 %, 0 MiB, 81920 MiB
2026/04/14 12:49:16.912, 0 %, 527 MiB, 81920 MiB
2026/04/14 12:49:16.912, 0 %, 0 MiB, 81920 MiB
2026/04/14 12:49:21.913, 0 %, 527 MiB, 81920 MiB
2026/04/14 12:49:21.913, 0 %, 0 MiB, 81920 MiB
2026/04/14 12:49:26.914, 0 %, 527 MiB, 81920 MiB
2026/04/14 12:49:26.914, 0 %, 0 MiB, 81920 MiB
2026/04/14 12:49:31.915, 0 %, 527 MiB, 81920 MiB
2026/04/14 12:49:31.915, 0 %, 0 MiB, 81920 MiB
2026/04/14 12:49:36.916, 0 %, 527 MiB, 81920 MiB
2026/04/14 12:49:36.916, 0 %, 0 MiB, 81920 MiB
2026/04/14 12:49:41.917, 0 %, 527 MiB, 81920 MiB
2026/04/14 12:49:41.917, 0 %, 0 MiB, 81920 MiB
2026/04/14 12:49:46.918, 0 %, 527 MiB, 81920 MiB
2026/04/14 12:49:46.918, 0 %, 0 MiB, 81920 MiB
2026/04/14 12:49:51.919, 0 %, 527 MiB, 81920 MiB
2026/04/14 12:49:51.919, 0 %, 0 MiB, 81920 MiB
2026/04/14 12:49:56.919, 0 %, 527 MiB, 81920 MiB
2026/04/14 12:49:56.920, 0 %, 0 MiB, 81920 MiB
2026/04/14 12:50:01.920, 0 %, 527 MiB, 81920 MiB
2026/04/14 12:50:01.921, 0 %, 0 MiB, 81920 MiB
2026/04/14 12:50:06.921, 0 %, 527 MiB, 81920 MiB
2026/04/14 12:50:06.922, 0 %, 0 MiB, 81920 MiB
2026/04/14 12:50:11.922, 0 %, 527 MiB, 81920 MiB
2026/04/14 12:50:11.922, 0 %, 0 MiB, 81920 MiB
2026/04/14 12:50:16.923, 0 %, 527 MiB, 81920 MiB
2026/04/14 12:50:16.923, 0 %, 0 MiB, 81920 MiB
2026/04/14 12:50:21.924, 0 %, 527 MiB, 81920 MiB
2026/04/14 12:50:21.924, 0 %, 0 MiB, 81920 MiB
2026/04/14 12:50:26.925, 0 %, 527 MiB, 81920 MiB
2026/04/14 12:50:26.925, 0 %, 0 MiB, 81920 MiB
2026/04/14 12:50:31.926, 0 %, 527 MiB, 81920 MiB
2026/04/14 12:50:31.926, 0 %, 0 MiB, 81920 MiB
2026/04/14 12:50:36.927, 4 %, 527 MiB, 81920 MiB
2026/04/14 12:50:36.927, 0 %, 0 MiB, 81920 MiB
2026/04/14 12:50:41.928, 3 %, 527 MiB, 81920 MiB
2026/04/14 12:50:41.928, 0 %, 0 MiB, 81920 MiB
2026/04/14 12:50:46.929, 17 %, 527 MiB, 81920 MiB
2026/04/14 12:50:46.929, 0 %, 0 MiB, 81920 MiB
2026/04/14 12:50:51.930, 0 %, 527 MiB, 81920 MiB
2026/04/14 12:50:51.930, 0 %, 0 MiB, 81920 MiB
2026/04/14 12:50:56.931, 8 %, 527 MiB, 81920 MiB
2026/04/14 12:50:56.931, 0 %, 0 MiB, 81920 MiB
2026/04/14 12:51:01.932, 6 %, 527 MiB, 81920 MiB
2026/04/14 12:51:01.932, 0 %, 0 MiB, 81920 MiB
2026/04/14 12:51:06.933, 18 %, 527 MiB, 81920 MiB
2026/04/14 12:51:06.933, 0 %, 0 MiB, 81920 MiB
2026/04/14 12:51:11.933, 18 %, 527 MiB, 81920 MiB
2026/04/14 12:51:11.934, 0 %, 0 MiB, 81920 MiB
2026/04/14 12:51:16.934, 8 %, 527 MiB, 81920 MiB
2026/04/14 12:51:16.934, 0 %, 0 MiB, 81920 MiB
2026/04/14 12:51:21.935, 9 %, 527 MiB, 81920 MiB
2026/04/14 12:51:21.935, 0 %, 0 MiB, 81920 MiB
2026/04/14 12:51:26.936, 0 %, 527 MiB, 81920 MiB
2026/04/14 12:51:26.936, 0 %, 0 MiB, 81920 MiB
2026/04/14 12:51:31.937, 18 %, 527 MiB, 81920 MiB
2026/04/14 12:51:31.937, 0 %, 0 MiB, 81920 MiB
2026/04/14 12:51:36.938, 3 %, 527 MiB, 81920 MiB
2026/04/14 12:51:36.938, 0 %, 0 MiB, 81920 MiB
2026/04/14 12:51:41.939, 0 %, 527 MiB, 81920 MiB
2026/04/14 12:51:41.939, 0 %, 0 MiB, 81920 MiB
2026/04/14 12:51:46.939, 0 %, 527 MiB, 81920 MiB
2026/04/14 12:51:46.940, 0 %, 0 MiB, 81920 MiB
2026/04/14 12:51:51.940, 0 %, 527 MiB, 81920 MiB
2026/04/14 12:51:51.940, 0 %, 0 MiB, 81920 MiB
2026/04/14 12:51:56.941, 0 %, 527 MiB, 81920 MiB
2026/04/14 12:51:56.941, 0 %, 0 MiB, 81920 MiB
2026/04/14 12:52:01.942, 0 %, 527 MiB, 81920 MiB
2026/04/14 12:52:01.942, 0 %, 0 MiB, 81920 MiB
2026/04/14 12:52:06.943, 0 %, 527 MiB, 81920 MiB
2026/04/14 12:52:06.943, 0 %, 0 MiB, 81920 MiB
2026/04/14 12:52:11.944, 0 %, 527 MiB, 81920 MiB
2026/04/14 12:52:11.944, 0 %, 0 MiB, 81920 MiB
2026/04/14 12:52:16.945, 0 %, 527 MiB, 81920 MiB
2026/04/14 12:52:16.945, 0 %, 0 MiB, 81920 MiB
2026/04/14 12:52:21.946, 0 %, 527 MiB, 81920 MiB
2026/04/14 12:52:21.946, 0 %, 0 MiB, 81920 MiB
2026/04/14 12:52:26.946, 0 %, 527 MiB, 81920 MiB
2026/04/14 12:52:26.947, 0 %, 0 MiB, 81920 MiB
2026/04/14 12:52:31.947, 0 %, 527 MiB, 81920 MiB
2026/04/14 12:52:31.947, 0 %, 0 MiB, 81920 MiB
2026/04/14 12:52:36.948, 0 %, 527 MiB, 81920 MiB
2026/04/14 12:52:36.948, 0 %, 0 MiB, 81920 MiB
2026/04/14 12:52:41.949, 0 %, 527 MiB, 81920 MiB
2026/04/14 12:52:41.949, 0 %, 0 MiB, 81920 MiB
2026/04/14 12:52:46.950, 0 %, 527 MiB, 81920 MiB
2026/04/14 12:52:46.950, 0 %, 0 MiB, 81920 MiB
2026/04/14 12:52:51.951, 0 %, 527 MiB, 81920 MiB
2026/04/14 12:52:51.951, 0 %, 0 MiB, 81920 MiB
2026/04/14 12:52:56.952, 0 %, 527 MiB, 81920 MiB
2026/04/14 12:52:56.952, 0 %, 0 MiB, 81920 MiB
2026/04/14 12:53:01.953, 0 %, 527 MiB, 81920 MiB
2026/04/14 12:53:01.953, 0 %, 0 MiB, 81920 MiB
2026/04/14 12:53:06.953, 0 %, 527 MiB, 81920 MiB
2026/04/14 12:53:06.954, 0 %, 0 MiB, 81920 MiB
2026/04/14 12:53:11.954, 0 %, 527 MiB, 81920 MiB
2026/04/14 12:53:11.954, 0 %, 0 MiB, 81920 MiB
2026/04/14 12:53:16.955, 0 %, 527 MiB, 81920 MiB
2026/04/14 12:53:16.955, 0 %, 0 MiB, 81920 MiB
2026/04/14 12:53:21.956, 0 %, 527 MiB, 81920 MiB
2026/04/14 12:53:21.956, 0 %, 0 MiB, 81920 MiB
2026/04/14 12:53:26.957, 0 %, 527 MiB, 81920 MiB
2026/04/14 12:53:26.957, 0 %, 0 MiB, 81920 MiB
2026/04/14 12:53:31.958, 0 %, 527 MiB, 81920 MiB
2026/04/14 12:53:31.958, 0 %, 0 MiB, 81920 MiB
2026/04/14 12:53:36.959, 0 %, 527 MiB, 81920 MiB
2026/04/14 12:53:36.959, 0 %, 0 MiB, 81920 MiB
2026/04/14 12:53:41.960, 0 %, 527 MiB, 81920 MiB
2026/04/14 12:53:41.960, 0 %, 0 MiB, 81920 MiB
2026/04/14 12:53:46.960, 0 %, 527 MiB, 81920 MiB
2026/04/14 12:53:46.961, 0 %, 0 MiB, 81920 MiB
2026/04/14 12:53:51.961, 0 %, 527 MiB, 81920 MiB
2026/04/14 12:53:51.962, 0 %, 0 MiB, 81920 MiB
2026/04/14 12:53:56.962, 0 %, 527 MiB, 81920 MiB
2026/04/14 12:53:56.962, 0 %, 0 MiB, 81920 MiB
2026/04/14 12:54:01.963, 0 %, 527 MiB, 81920 MiB
2026/04/14 12:54:01.963, 0 %, 0 MiB, 81920 MiB
2026/04/14 12:54:06.964, 0 %, 527 MiB, 81920 MiB
2026/04/14 12:54:06.964, 0 %, 0 MiB, 81920 MiB
2026/04/14 12:54:11.965, 0 %, 527 MiB, 81920 MiB
2026/04/14 12:54:11.965, 0 %, 0 MiB, 81920 MiB
2026/04/14 12:54:16.966, 0 %, 527 MiB, 81920 MiB
2026/04/14 12:54:16.966, 0 %, 0 MiB, 81920 MiB
2026/04/14 12:54:21.967, 0 %, 527 MiB, 81920 MiB
2026/04/14 12:54:21.967, 0 %, 0 MiB, 81920 MiB
2026/04/14 12:54:26.968, 0 %, 527 MiB, 81920 MiB
2026/04/14 12:54:26.968, 0 %, 0 MiB, 81920 MiB
2026/04/14 12:54:31.968, 0 %, 527 MiB, 81920 MiB
2026/04/14 12:54:31.969, 0 %, 0 MiB, 81920 MiB
2026/04/14 12:54:36.969, 0 %, 527 MiB, 81920 MiB
2026/04/14 12:54:36.969, 0 %, 0 MiB, 81920 MiB
2026/04/14 12:54:41.970, 0 %, 493 MiB, 81920 MiB
2026/04/14 12:54:41.970, 0 %, 0 MiB, 81920 MiB
2026/04/14 12:54:46.972, 0 %, 493 MiB, 81920 MiB
2026/04/14 12:54:46.972, 0 %, 0 MiB, 81920 MiB
2026/04/14 12:54:51.972, 0 %, 493 MiB, 81920 MiB
2026/04/14 12:54:51.972, 0 %, 0 MiB, 81920 MiB
2026/04/14 12:54:56.973, 0 %, 493 MiB, 81920 MiB
2026/04/14 12:54:56.973, 0 %, 0 MiB, 81920 MiB
2026/04/14 12:55:01.973, 0 %, 493 MiB, 81920 MiB
2026/04/14 12:55:01.973, 0 %, 0 MiB, 81920 MiB
2026/04/14 12:55:06.974, 0 %, 493 MiB, 81920 MiB
2026/04/14 12:55:06.974, 0 %, 0 MiB, 81920 MiB
2026/04/14 12:55:11.975, 0 %, 493 MiB, 81920 MiB
2026/04/14 12:55:11.975, 0 %, 0 MiB, 81920 MiB
2026/04/14 12:55:16.976, 0 %, 493 MiB, 81920 MiB
2026/04/14 12:55:16.976, 0 %, 0 MiB, 81920 MiB
2026/04/14 12:55:21.976, 0 %, 493 MiB, 81920 MiB
2026/04/14 12:55:21.977, 0 %, 0 MiB, 81920 MiB
2026/04/14 12:55:26.978, 0 %, 493 MiB, 81920 MiB
2026/04/14 12:55:26.978, 0 %, 0 MiB, 81920 MiB
2026/04/14 12:55:31.979, 0 %, 493 MiB, 81920 MiB
2026/04/14 12:55:31.979, 0 %, 0 MiB, 81920 MiB
2026/04/14 12:55:36.979, 0 %, 493 MiB, 81920 MiB
2026/04/14 12:55:36.979, 0 %, 0 MiB, 81920 MiB
2026/04/14 12:55:41.980, 0 %, 493 MiB, 81920 MiB
2026/04/14 12:55:41.980, 0 %, 0 MiB, 81920 MiB
2026/04/14 12:55:46.981, 0 %, 493 MiB, 81920 MiB
2026/04/14 12:55:46.981, 0 %, 0 MiB, 81920 MiB
2026/04/14 12:55:51.982, 0 %, 493 MiB, 81920 MiB
2026/04/14 12:55:51.982, 0 %, 0 MiB, 81920 MiB
2026/04/14 12:55:56.983, 0 %, 493 MiB, 81920 MiB
2026/04/14 12:55:56.983, 0 %, 0 MiB, 81920 MiB
2026/04/14 12:56:01.984, 0 %, 493 MiB, 81920 MiB
2026/04/14 12:56:01.984, 0 %, 0 MiB, 81920 MiB
2026/04/14 12:56:06.985, 0 %, 493 MiB, 81920 MiB
2026/04/14 12:56:06.985, 0 %, 0 MiB, 81920 MiB
2026/04/14 12:56:11.985, 0 %, 493 MiB, 81920 MiB
2026/04/14 12:56:11.986, 0 %, 0 MiB, 81920 MiB
2026/04/14 12:56:16.986, 0 %, 493 MiB, 81920 MiB
2026/04/14 12:56:16.986, 0 %, 0 MiB, 81920 MiB
2026/04/14 12:56:21.987, 0 %, 493 MiB, 81920 MiB
2026/04/14 12:56:21.987, 0 %, 0 MiB, 81920 MiB
2026/04/14 12:56:26.988, 0 %, 493 MiB, 81920 MiB
2026/04/14 12:56:26.988, 0 %, 0 MiB, 81920 MiB
2026/04/14 12:56:31.989, 0 %, 493 MiB, 81920 MiB
2026/04/14 12:56:31.989, 0 %, 0 MiB, 81920 MiB
2026/04/14 12:56:36.989, 0 %, 493 MiB, 81920 MiB
2026/04/14 12:56:36.989, 0 %, 0 MiB, 81920 MiB
2026/04/14 12:56:41.990, 0 %, 527 MiB, 81920 MiB
2026/04/14 12:56:41.990, 0 %, 0 MiB, 81920 MiB
2026/04/14 12:56:46.991, 6 %, 527 MiB, 81920 MiB
2026/04/14 12:56:46.991, 0 %, 0 MiB, 81920 MiB
2026/04/14 12:56:51.992, 5 %, 527 MiB, 81920 MiB
2026/04/14 12:56:51.992, 0 %, 0 MiB, 81920 MiB
2026/04/14 12:56:56.993, 18 %, 527 MiB, 81920 MiB
2026/04/14 12:56:56.993, 0 %, 0 MiB, 81920 MiB
2026/04/14 12:57:01.994, 7 %, 527 MiB, 81920 MiB
2026/04/14 12:57:01.994, 0 %, 0 MiB, 81920 MiB
2026/04/14 12:57:06.994, 6 %, 527 MiB, 81920 MiB
2026/04/14 12:57:06.994, 0 %, 0 MiB, 81920 MiB
2026/04/14 12:57:11.995, 9 %, 527 MiB, 81920 MiB
2026/04/14 12:57:11.995, 0 %, 0 MiB, 81920 MiB
2026/04/14 12:57:16.996, 0 %, 527 MiB, 81920 MiB
2026/04/14 12:57:16.996, 0 %, 0 MiB, 81920 MiB
2026/04/14 12:57:21.997, 0 %, 527 MiB, 81920 MiB
2026/04/14 12:57:21.997, 0 %, 0 MiB, 81920 MiB
2026/04/14 12:57:26.998, 3 %, 527 MiB, 81920 MiB
2026/04/14 12:57:26.998, 0 %, 0 MiB, 81920 MiB
2026/04/14 12:57:31.999, 0 %, 527 MiB, 81920 MiB
2026/04/14 12:57:31.999, 0 %, 0 MiB, 81920 MiB
2026/04/14 12:57:36.999, 0 %, 527 MiB, 81920 MiB
2026/04/14 12:57:36.999, 0 %, 0 MiB, 81920 MiB
2026/04/14 12:57:42.000, 0 %, 527 MiB, 81920 MiB
2026/04/14 12:57:42.000, 0 %, 0 MiB, 81920 MiB
2026/04/14 12:57:47.001, 0 %, 527 MiB, 81920 MiB
2026/04/14 12:57:47.001, 0 %, 0 MiB, 81920 MiB
2026/04/14 12:57:52.002, 0 %, 527 MiB, 81920 MiB
2026/04/14 12:57:52.002, 0 %, 0 MiB, 81920 MiB
2026/04/14 12:57:57.003, 0 %, 527 MiB, 81920 MiB
2026/04/14 12:57:57.003, 0 %, 0 MiB, 81920 MiB
2026/04/14 12:58:02.003, 0 %, 527 MiB, 81920 MiB
2026/04/14 12:58:02.004, 0 %, 0 MiB, 81920 MiB
2026/04/14 12:58:07.004, 0 %, 527 MiB, 81920 MiB
2026/04/14 12:58:07.004, 0 %, 0 MiB, 81920 MiB
2026/04/14 12:58:12.005, 0 %, 527 MiB, 81920 MiB
2026/04/14 12:58:12.005, 0 %, 0 MiB, 81920 MiB
2026/04/14 12:58:17.006, 0 %, 527 MiB, 81920 MiB
2026/04/14 12:58:17.006, 0 %, 0 MiB, 81920 MiB
2026/04/14 12:58:22.007, 0 %, 527 MiB, 81920 MiB
2026/04/14 12:58:22.007, 0 %, 0 MiB, 81920 MiB
2026/04/14 12:58:27.008, 0 %, 527 MiB, 81920 MiB
2026/04/14 12:58:27.008, 0 %, 0 MiB, 81920 MiB
2026/04/14 12:58:32.008, 0 %, 527 MiB, 81920 MiB
2026/04/14 12:58:32.009, 0 %, 0 MiB, 81920 MiB
2026/04/14 12:58:37.009, 0 %, 527 MiB, 81920 MiB
2026/04/14 12:58:37.009, 0 %, 0 MiB, 81920 MiB
2026/04/14 12:58:42.010, 0 %, 527 MiB, 81920 MiB
2026/04/14 12:58:42.010, 0 %, 0 MiB, 81920 MiB
2026/04/14 12:58:47.011, 0 %, 527 MiB, 81920 MiB
2026/04/14 12:58:47.011, 0 %, 0 MiB, 81920 MiB
2026/04/14 12:58:52.012, 0 %, 527 MiB, 81920 MiB
2026/04/14 12:58:52.012, 0 %, 0 MiB, 81920 MiB
2026/04/14 12:58:57.013, 0 %, 527 MiB, 81920 MiB
2026/04/14 12:58:57.013, 0 %, 0 MiB, 81920 MiB
2026/04/14 12:59:02.013, 0 %, 527 MiB, 81920 MiB
2026/04/14 12:59:02.014, 0 %, 0 MiB, 81920 MiB
2026/04/14 12:59:07.014, 0 %, 527 MiB, 81920 MiB
2026/04/14 12:59:07.014, 0 %, 0 MiB, 81920 MiB
2026/04/14 12:59:12.015, 0 %, 527 MiB, 81920 MiB
2026/04/14 12:59:12.015, 0 %, 0 MiB, 81920 MiB
2026/04/14 12:59:17.016, 10 %, 527 MiB, 81920 MiB
2026/04/14 12:59:17.016, 0 %, 0 MiB, 81920 MiB
2026/04/14 12:59:22.017, 0 %, 527 MiB, 81920 MiB
2026/04/14 12:59:22.017, 0 %, 0 MiB, 81920 MiB
2026/04/14 12:59:27.018, 1 %, 527 MiB, 81920 MiB
2026/04/14 12:59:27.018, 0 %, 0 MiB, 81920 MiB
2026/04/14 12:59:32.018, 19 %, 527 MiB, 81920 MiB
2026/04/14 12:59:32.019, 0 %, 0 MiB, 81920 MiB
2026/04/14 12:59:37.019, 13 %, 527 MiB, 81920 MiB
2026/04/14 12:59:37.019, 0 %, 0 MiB, 81920 MiB
2026/04/14 12:59:42.020, 13 %, 527 MiB, 81920 MiB
2026/04/14 12:59:42.020, 0 %, 0 MiB, 81920 MiB
2026/04/14 12:59:47.021, 15 %, 527 MiB, 81920 MiB
2026/04/14 12:59:47.021, 0 %, 0 MiB, 81920 MiB
2026/04/14 12:59:52.022, 16 %, 527 MiB, 81920 MiB
2026/04/14 12:59:52.022, 0 %, 0 MiB, 81920 MiB
2026/04/14 12:59:57.022, 4 %, 527 MiB, 81920 MiB
2026/04/14 12:59:57.022, 0 %, 0 MiB, 81920 MiB
2026/04/14 13:00:02.023, 12 %, 527 MiB, 81920 MiB
2026/04/14 13:00:02.023, 0 %, 0 MiB, 81920 MiB
2026/04/14 13:00:07.024, 0 %, 527 MiB, 81920 MiB
2026/04/14 13:00:07.024, 0 %, 0 MiB, 81920 MiB
2026/04/14 13:00:12.025, 18 %, 527 MiB, 81920 MiB
2026/04/14 13:00:12.025, 0 %, 0 MiB, 81920 MiB
2026/04/14 13:00:17.025, 6 %, 527 MiB, 81920 MiB
2026/04/14 13:00:17.025, 0 %, 0 MiB, 81920 MiB
2026/04/14 13:00:22.026, 8 %, 527 MiB, 81920 MiB
2026/04/14 13:00:22.026, 0 %, 0 MiB, 81920 MiB
2026/04/14 13:00:27.027, 0 %, 527 MiB, 81920 MiB
2026/04/14 13:00:27.027, 0 %, 0 MiB, 81920 MiB
2026/04/14 13:00:32.028, 0 %, 527 MiB, 81920 MiB
2026/04/14 13:00:32.028, 0 %, 0 MiB, 81920 MiB
2026/04/14 13:00:37.028, 0 %, 527 MiB, 81920 MiB
2026/04/14 13:00:37.028, 0 %, 0 MiB, 81920 MiB
2026/04/14 13:00:42.029, 8 %, 527 MiB, 81920 MiB
2026/04/14 13:00:42.029, 0 %, 0 MiB, 81920 MiB
2026/04/14 13:00:47.030, 0 %, 527 MiB, 81920 MiB
2026/04/14 13:00:47.030, 0 %, 0 MiB, 81920 MiB
2026/04/14 13:00:52.031, 0 %, 527 MiB, 81920 MiB
2026/04/14 13:00:52.031, 0 %, 0 MiB, 81920 MiB
2026/04/14 13:00:57.031, 0 %, 527 MiB, 81920 MiB
2026/04/14 13:00:57.031, 0 %, 0 MiB, 81920 MiB
2026/04/14 13:01:02.032, 0 %, 527 MiB, 81920 MiB
2026/04/14 13:01:02.032, 0 %, 0 MiB, 81920 MiB
2026/04/14 13:01:07.033, 0 %, 527 MiB, 81920 MiB
2026/04/14 13:01:07.033, 0 %, 0 MiB, 81920 MiB
2026/04/14 13:01:12.034, 0 %, 527 MiB, 81920 MiB
2026/04/14 13:01:12.034, 0 %, 0 MiB, 81920 MiB
2026/04/14 13:01:17.034, 0 %, 527 MiB, 81920 MiB
2026/04/14 13:01:17.034, 0 %, 0 MiB, 81920 MiB
2026/04/14 13:01:22.035, 0 %, 527 MiB, 81920 MiB
2026/04/14 13:01:22.035, 0 %, 0 MiB, 81920 MiB
2026/04/14 13:01:27.036, 0 %, 527 MiB, 81920 MiB
2026/04/14 13:01:27.036, 0 %, 0 MiB, 81920 MiB
2026/04/14 13:01:32.037, 0 %, 527 MiB, 81920 MiB
2026/04/14 13:01:32.037, 0 %, 0 MiB, 81920 MiB
2026/04/14 13:01:37.037, 0 %, 527 MiB, 81920 MiB
2026/04/14 13:01:37.038, 0 %, 0 MiB, 81920 MiB
2026/04/14 13:01:42.038, 0 %, 527 MiB, 81920 MiB
2026/04/14 13:01:42.038, 0 %, 0 MiB, 81920 MiB
2026/04/14 13:01:47.039, 0 %, 527 MiB, 81920 MiB
2026/04/14 13:01:47.039, 0 %, 0 MiB, 81920 MiB
2026/04/14 13:01:52.040, 0 %, 527 MiB, 81920 MiB
2026/04/14 13:01:52.040, 0 %, 0 MiB, 81920 MiB
2026/04/14 13:01:57.040, 0 %, 527 MiB, 81920 MiB
2026/04/14 13:01:57.041, 0 %, 0 MiB, 81920 MiB
2026/04/14 13:02:02.041, 0 %, 527 MiB, 81920 MiB
2026/04/14 13:02:02.041, 0 %, 0 MiB, 81920 MiB
2026/04/14 13:02:07.042, 0 %, 527 MiB, 81920 MiB
2026/04/14 13:02:07.042, 0 %, 0 MiB, 81920 MiB
2026/04/14 13:02:12.043, 0 %, 527 MiB, 81920 MiB
2026/04/14 13:02:12.043, 0 %, 0 MiB, 81920 MiB
2026/04/14 13:02:17.044, 0 %, 527 MiB, 81920 MiB
2026/04/14 13:02:17.044, 0 %, 0 MiB, 81920 MiB
2026/04/14 13:02:22.044, 0 %, 527 MiB, 81920 MiB
2026/04/14 13:02:22.044, 0 %, 0 MiB, 81920 MiB
2026/04/14 13:02:27.045, 0 %, 527 MiB, 81920 MiB
2026/04/14 13:02:27.045, 0 %, 0 MiB, 81920 MiB
2026/04/14 13:02:32.046, 0 %, 527 MiB, 81920 MiB
2026/04/14 13:02:32.046, 0 %, 0 MiB, 81920 MiB
2026/04/14 13:02:37.047, 0 %, 527 MiB, 81920 MiB
2026/04/14 13:02:37.047, 0 %, 0 MiB, 81920 MiB
2026/04/14 13:02:42.047, 0 %, 527 MiB, 81920 MiB
2026/04/14 13:02:42.047, 0 %, 0 MiB, 81920 MiB
2026/04/14 13:02:47.048, 0 %, 527 MiB, 81920 MiB
2026/04/14 13:02:47.048, 0 %, 0 MiB, 81920 MiB
2026/04/14 13:02:52.049, 10 %, 527 MiB, 81920 MiB
2026/04/14 13:02:52.049, 0 %, 0 MiB, 81920 MiB
2026/04/14 13:02:57.050, 0 %, 527 MiB, 81920 MiB
2026/04/14 13:02:57.050, 0 %, 0 MiB, 81920 MiB
2026/04/14 13:03:02.050, 0 %, 527 MiB, 81920 MiB
2026/04/14 13:03:02.051, 0 %, 0 MiB, 81920 MiB
2026/04/14 13:03:07.051, 0 %, 527 MiB, 81920 MiB
2026/04/14 13:03:07.051, 0 %, 0 MiB, 81920 MiB
2026/04/14 13:03:12.052, 8 %, 527 MiB, 81920 MiB
2026/04/14 13:03:12.052, 0 %, 0 MiB, 81920 MiB
2026/04/14 13:03:17.053, 4 %, 527 MiB, 81920 MiB
2026/04/14 13:03:17.053, 0 %, 0 MiB, 81920 MiB
2026/04/14 13:03:22.053, 16 %, 527 MiB, 81920 MiB
2026/04/14 13:03:22.054, 0 %, 0 MiB, 81920 MiB
2026/04/14 13:03:27.054, 14 %, 527 MiB, 81920 MiB
2026/04/14 13:03:27.054, 0 %, 0 MiB, 81920 MiB
2026/04/14 13:03:32.055, 14 %, 527 MiB, 81920 MiB
2026/04/14 13:03:32.055, 0 %, 0 MiB, 81920 MiB
2026/04/14 13:03:37.056, 2 %, 527 MiB, 81920 MiB
2026/04/14 13:03:37.056, 0 %, 0 MiB, 81920 MiB
2026/04/14 13:03:42.057, 15 %, 527 MiB, 81920 MiB
2026/04/14 13:03:42.057, 0 %, 0 MiB, 81920 MiB
2026/04/14 13:03:47.057, 12 %, 527 MiB, 81920 MiB
2026/04/14 13:03:47.057, 0 %, 0 MiB, 81920 MiB
2026/04/14 13:03:52.058, 16 %, 527 MiB, 81920 MiB
2026/04/14 13:03:52.058, 0 %, 0 MiB, 81920 MiB
2026/04/14 13:03:57.059, 19 %, 527 MiB, 81920 MiB
2026/04/14 13:03:57.059, 0 %, 0 MiB, 81920 MiB
2026/04/14 13:04:02.060, 6 %, 527 MiB, 81920 MiB
2026/04/14 13:04:02.060, 0 %, 0 MiB, 81920 MiB
2026/04/14 13:04:07.060, 10 %, 527 MiB, 81920 MiB
2026/04/14 13:04:07.061, 0 %, 0 MiB, 81920 MiB
2026/04/14 13:04:12.061, 0 %, 527 MiB, 81920 MiB
2026/04/14 13:04:12.061, 0 %, 0 MiB, 81920 MiB
2026/04/14 13:04:17.062, 18 %, 527 MiB, 81920 MiB
2026/04/14 13:04:17.062, 0 %, 0 MiB, 81920 MiB
2026/04/14 13:04:22.063, 9 %, 527 MiB, 81920 MiB
2026/04/14 13:04:22.063, 0 %, 0 MiB, 81920 MiB
2026/04/14 13:04:27.064, 13 %, 527 MiB, 81920 MiB
2026/04/14 13:04:27.064, 0 %, 0 MiB, 81920 MiB
2026/04/14 13:04:32.065, 0 %, 527 MiB, 81920 MiB
2026/04/14 13:04:32.065, 0 %, 0 MiB, 81920 MiB
2026/04/14 13:04:37.065, 1 %, 527 MiB, 81920 MiB
2026/04/14 13:04:37.065, 0 %, 0 MiB, 81920 MiB
2026/04/14 13:04:42.066, 0 %, 527 MiB, 81920 MiB
2026/04/14 13:04:42.066, 0 %, 0 MiB, 81920 MiB
2026/04/14 13:04:47.067, 0 %, 527 MiB, 81920 MiB
2026/04/14 13:04:47.067, 0 %, 0 MiB, 81920 MiB
2026/04/14 13:04:52.068, 0 %, 527 MiB, 81920 MiB
2026/04/14 13:04:52.068, 0 %, 0 MiB, 81920 MiB
2026/04/14 13:04:57.069, 5 %, 527 MiB, 81920 MiB
2026/04/14 13:04:57.069, 0 %, 0 MiB, 81920 MiB
2026/04/14 13:05:02.069, 0 %, 527 MiB, 81920 MiB
2026/04/14 13:05:02.069, 0 %, 0 MiB, 81920 MiB
2026/04/14 13:05:07.070, 0 %, 527 MiB, 81920 MiB
2026/04/14 13:05:07.070, 0 %, 0 MiB, 81920 MiB
2026/04/14 13:05:12.071, 0 %, 527 MiB, 81920 MiB
2026/04/14 13:05:12.071, 0 %, 0 MiB, 81920 MiB
2026/04/14 13:05:17.072, 0 %, 527 MiB, 81920 MiB
2026/04/14 13:05:17.072, 0 %, 0 MiB, 81920 MiB
2026/04/14 13:05:22.072, 0 %, 527 MiB, 81920 MiB
2026/04/14 13:05:22.072, 0 %, 0 MiB, 81920 MiB
2026/04/14 13:05:27.073, 0 %, 527 MiB, 81920 MiB
2026/04/14 13:05:27.073, 0 %, 0 MiB, 81920 MiB
2026/04/14 13:05:32.074, 0 %, 527 MiB, 81920 MiB
2026/04/14 13:05:32.074, 0 %, 0 MiB, 81920 MiB
2026/04/14 13:05:37.074, 0 %, 527 MiB, 81920 MiB
2026/04/14 13:05:37.075, 0 %, 0 MiB, 81920 MiB
2026/04/14 13:05:42.075, 0 %, 527 MiB, 81920 MiB
2026/04/14 13:05:42.075, 0 %, 0 MiB, 81920 MiB
2026/04/14 13:05:47.076, 0 %, 527 MiB, 81920 MiB
2026/04/14 13:05:47.076, 0 %, 0 MiB, 81920 MiB
2026/04/14 13:05:52.077, 0 %, 527 MiB, 81920 MiB
2026/04/14 13:05:52.077, 0 %, 0 MiB, 81920 MiB
2026/04/14 13:05:57.077, 0 %, 527 MiB, 81920 MiB
2026/04/14 13:05:57.078, 0 %, 0 MiB, 81920 MiB
2026/04/14 13:06:02.078, 0 %, 527 MiB, 81920 MiB
2026/04/14 13:06:02.078, 0 %, 0 MiB, 81920 MiB
2026/04/14 13:06:07.079, 0 %, 527 MiB, 81920 MiB
2026/04/14 13:06:07.079, 0 %, 0 MiB, 81920 MiB
2026/04/14 13:06:12.080, 0 %, 527 MiB, 81920 MiB
2026/04/14 13:06:12.080, 0 %, 0 MiB, 81920 MiB
2026/04/14 13:06:17.080, 0 %, 527 MiB, 81920 MiB
2026/04/14 13:06:17.081, 0 %, 0 MiB, 81920 MiB
2026/04/14 13:06:22.081, 0 %, 527 MiB, 81920 MiB
2026/04/14 13:06:22.081, 0 %, 0 MiB, 81920 MiB
2026/04/14 13:06:27.082, 0 %, 527 MiB, 81920 MiB
2026/04/14 13:06:27.082, 0 %, 0 MiB, 81920 MiB
2026/04/14 13:06:32.083, 0 %, 527 MiB, 81920 MiB
2026/04/14 13:06:32.083, 0 %, 0 MiB, 81920 MiB
2026/04/14 13:06:37.083, 0 %, 527 MiB, 81920 MiB
2026/04/14 13:06:37.083, 0 %, 0 MiB, 81920 MiB
2026/04/14 13:06:42.084, 0 %, 527 MiB, 81920 MiB
2026/04/14 13:06:42.084, 0 %, 0 MiB, 81920 MiB
2026/04/14 13:06:47.085, 0 %, 527 MiB, 81920 MiB
2026/04/14 13:06:47.085, 0 %, 0 MiB, 81920 MiB
2026/04/14 13:06:52.086, 0 %, 527 MiB, 81920 MiB
2026/04/14 13:06:52.086, 0 %, 0 MiB, 81920 MiB
2026/04/14 13:06:57.086, 0 %, 527 MiB, 81920 MiB
2026/04/14 13:06:57.086, 0 %, 0 MiB, 81920 MiB
2026/04/14 13:07:02.087, 0 %, 527 MiB, 81920 MiB
2026/04/14 13:07:02.087, 0 %, 0 MiB, 81920 MiB
2026/04/14 13:07:07.088, 0 %, 527 MiB, 81920 MiB
2026/04/14 13:07:07.088, 0 %, 0 MiB, 81920 MiB
2026/04/14 13:07:12.088, 0 %, 527 MiB, 81920 MiB
2026/04/14 13:07:12.089, 0 %, 0 MiB, 81920 MiB
2026/04/14 13:07:17.089, 0 %, 527 MiB, 81920 MiB
2026/04/14 13:07:17.089, 0 %, 0 MiB, 81920 MiB
2026/04/14 13:07:22.090, 0 %, 527 MiB, 81920 MiB
2026/04/14 13:07:22.090, 0 %, 0 MiB, 81920 MiB
2026/04/14 13:07:27.091, 0 %, 527 MiB, 81920 MiB
2026/04/14 13:07:27.091, 0 %, 0 MiB, 81920 MiB
2026/04/14 13:07:32.091, 0 %, 527 MiB, 81920 MiB
2026/04/14 13:07:32.091, 0 %, 0 MiB, 81920 MiB
2026/04/14 13:07:37.092, 0 %, 527 MiB, 81920 MiB
2026/04/14 13:07:37.092, 0 %, 0 MiB, 81920 MiB
2026/04/14 13:07:42.093, 0 %, 527 MiB, 81920 MiB
2026/04/14 13:07:42.093, 0 %, 0 MiB, 81920 MiB
2026/04/14 13:07:47.094, 0 %, 527 MiB, 81920 MiB
2026/04/14 13:07:47.094, 0 %, 0 MiB, 81920 MiB
2026/04/14 13:07:52.095, 0 %, 527 MiB, 81920 MiB
2026/04/14 13:07:52.095, 0 %, 0 MiB, 81920 MiB
2026/04/14 13:07:57.095, 0 %, 527 MiB, 81920 MiB
2026/04/14 13:07:57.095, 0 %, 0 MiB, 81920 MiB
2026/04/14 13:08:02.096, 0 %, 527 MiB, 81920 MiB
2026/04/14 13:08:02.096, 0 %, 0 MiB, 81920 MiB
2026/04/14 13:08:07.097, 0 %, 527 MiB, 81920 MiB
2026/04/14 13:08:07.097, 0 %, 0 MiB, 81920 MiB
2026/04/14 13:08:12.097, 0 %, 527 MiB, 81920 MiB
2026/04/14 13:08:12.097, 0 %, 0 MiB, 81920 MiB
2026/04/14 13:08:17.098, 0 %, 527 MiB, 81920 MiB
2026/04/14 13:08:17.098, 0 %, 0 MiB, 81920 MiB
2026/04/14 13:08:22.099, 0 %, 527 MiB, 81920 MiB
2026/04/14 13:08:22.099, 0 %, 0 MiB, 81920 MiB
2026/04/14 13:08:27.099, 0 %, 527 MiB, 81920 MiB
2026/04/14 13:08:27.099, 0 %, 0 MiB, 81920 MiB
2026/04/14 13:08:32.100, 0 %, 527 MiB, 81920 MiB
2026/04/14 13:08:32.100, 0 %, 0 MiB, 81920 MiB
2026/04/14 13:08:37.101, 0 %, 527 MiB, 81920 MiB
2026/04/14 13:08:37.101, 0 %, 0 MiB, 81920 MiB
2026/04/14 13:08:42.101, 0 %, 527 MiB, 81920 MiB
2026/04/14 13:08:42.102, 0 %, 0 MiB, 81920 MiB
2026/04/14 13:08:47.102, 0 %, 527 MiB, 81920 MiB
2026/04/14 13:08:47.102, 0 %, 0 MiB, 81920 MiB
2026/04/14 13:08:52.103, 0 %, 527 MiB, 81920 MiB
2026/04/14 13:08:52.103, 0 %, 0 MiB, 81920 MiB
2026/04/14 13:08:57.103, 0 %, 527 MiB, 81920 MiB
2026/04/14 13:08:57.104, 0 %, 0 MiB, 81920 MiB
2026/04/14 13:09:02.104, 0 %, 527 MiB, 81920 MiB
2026/04/14 13:09:02.104, 0 %, 0 MiB, 81920 MiB
2026/04/14 13:09:07.105, 0 %, 527 MiB, 81920 MiB
2026/04/14 13:09:07.105, 0 %, 0 MiB, 81920 MiB
2026/04/14 13:09:12.106, 0 %, 527 MiB, 81920 MiB
2026/04/14 13:09:12.106, 0 %, 0 MiB, 81920 MiB
2026/04/14 13:09:17.106, 0 %, 527 MiB, 81920 MiB
2026/04/14 13:09:17.107, 0 %, 0 MiB, 81920 MiB
2026/04/14 13:09:22.107, 0 %, 527 MiB, 81920 MiB
2026/04/14 13:09:22.107, 0 %, 0 MiB, 81920 MiB
2026/04/14 13:09:27.108, 0 %, 527 MiB, 81920 MiB
2026/04/14 13:09:27.108, 0 %, 0 MiB, 81920 MiB
2026/04/14 13:09:32.109, 0 %, 527 MiB, 81920 MiB
2026/04/14 13:09:32.109, 0 %, 0 MiB, 81920 MiB
2026/04/14 13:09:37.109, 0 %, 527 MiB, 81920 MiB
2026/04/14 13:09:37.110, 0 %, 0 MiB, 81920 MiB
2026/04/14 13:09:42.110, 0 %, 527 MiB, 81920 MiB
2026/04/14 13:09:42.110, 0 %, 0 MiB, 81920 MiB
2026/04/14 13:09:47.111, 0 %, 493 MiB, 81920 MiB
2026/04/14 13:09:47.111, 0 %, 0 MiB, 81920 MiB
2026/04/14 13:09:52.112, 0 %, 493 MiB, 81920 MiB
2026/04/14 13:09:52.112, 0 %, 0 MiB, 81920 MiB
2026/04/14 13:09:57.115, 0 %, 493 MiB, 81920 MiB
2026/04/14 13:09:57.115, 0 %, 0 MiB, 81920 MiB
2026/04/14 13:10:02.115, 0 %, 493 MiB, 81920 MiB
2026/04/14 13:10:02.115, 0 %, 0 MiB, 81920 MiB
2026/04/14 13:10:07.116, 0 %, 493 MiB, 81920 MiB
2026/04/14 13:10:07.116, 0 %, 0 MiB, 81920 MiB
2026/04/14 13:10:12.117, 0 %, 493 MiB, 81920 MiB
2026/04/14 13:10:12.117, 0 %, 0 MiB, 81920 MiB
2026/04/14 13:10:17.118, 0 %, 493 MiB, 81920 MiB
2026/04/14 13:10:17.118, 0 %, 0 MiB, 81920 MiB
2026/04/14 13:10:22.119, 0 %, 493 MiB, 81920 MiB
2026/04/14 13:10:22.119, 0 %, 0 MiB, 81920 MiB
2026/04/14 13:10:27.120, 0 %, 493 MiB, 81920 MiB
2026/04/14 13:10:27.120, 0 %, 0 MiB, 81920 MiB
2026/04/14 13:10:32.121, 0 %, 493 MiB, 81920 MiB
2026/04/14 13:10:32.121, 0 %, 0 MiB, 81920 MiB
2026/04/14 13:10:37.121, 0 %, 493 MiB, 81920 MiB
2026/04/14 13:10:37.122, 0 %, 0 MiB, 81920 MiB
2026/04/14 13:10:42.122, 0 %, 493 MiB, 81920 MiB
2026/04/14 13:10:42.122, 0 %, 0 MiB, 81920 MiB
2026/04/14 13:10:47.123, 0 %, 493 MiB, 81920 MiB
2026/04/14 13:10:47.123, 0 %, 0 MiB, 81920 MiB
2026/04/14 13:10:52.124, 0 %, 493 MiB, 81920 MiB
2026/04/14 13:10:52.124, 0 %, 0 MiB, 81920 MiB
2026/04/14 13:10:57.125, 0 %, 493 MiB, 81920 MiB
2026/04/14 13:10:57.125, 0 %, 0 MiB, 81920 MiB
2026/04/14 13:11:02.126, 0 %, 493 MiB, 81920 MiB
2026/04/14 13:11:02.126, 0 %, 0 MiB, 81920 MiB
2026/04/14 13:11:07.126, 0 %, 493 MiB, 81920 MiB
2026/04/14 13:11:07.126, 0 %, 0 MiB, 81920 MiB
2026/04/14 13:11:12.127, 0 %, 493 MiB, 81920 MiB
2026/04/14 13:11:12.127, 0 %, 0 MiB, 81920 MiB
2026/04/14 13:11:17.128, 0 %, 493 MiB, 81920 MiB
2026/04/14 13:11:17.128, 0 %, 0 MiB, 81920 MiB
2026/04/14 13:11:22.129, 0 %, 493 MiB, 81920 MiB
2026/04/14 13:11:22.129, 0 %, 0 MiB, 81920 MiB
2026/04/14 13:11:27.130, 0 %, 493 MiB, 81920 MiB
2026/04/14 13:11:27.130, 0 %, 0 MiB, 81920 MiB
2026/04/14 13:11:32.130, 0 %, 493 MiB, 81920 MiB
2026/04/14 13:11:32.130, 0 %, 0 MiB, 81920 MiB
2026/04/14 13:11:37.131, 0 %, 493 MiB, 81920 MiB
2026/04/14 13:11:37.131, 0 %, 0 MiB, 81920 MiB
2026/04/14 13:11:42.132, 0 %, 493 MiB, 81920 MiB
2026/04/14 13:11:42.132, 0 %, 0 MiB, 81920 MiB
2026/04/14 13:11:47.133, 0 %, 527 MiB, 81920 MiB
2026/04/14 13:11:47.133, 0 %, 0 MiB, 81920 MiB
2026/04/14 13:11:52.133, 0 %, 527 MiB, 81920 MiB
2026/04/14 13:11:52.134, 0 %, 0 MiB, 81920 MiB
2026/04/14 13:11:57.134, 0 %, 527 MiB, 81920 MiB
2026/04/14 13:11:57.134, 0 %, 0 MiB, 81920 MiB
2026/04/14 13:12:02.135, 0 %, 527 MiB, 81920 MiB
2026/04/14 13:12:02.135, 0 %, 0 MiB, 81920 MiB
2026/04/14 13:12:07.136, 0 %, 527 MiB, 81920 MiB
2026/04/14 13:12:07.136, 0 %, 0 MiB, 81920 MiB
2026/04/14 13:12:12.136, 0 %, 527 MiB, 81920 MiB
2026/04/14 13:12:12.136, 0 %, 0 MiB, 81920 MiB
2026/04/14 13:12:17.137, 0 %, 527 MiB, 81920 MiB
2026/04/14 13:12:17.137, 0 %, 0 MiB, 81920 MiB
2026/04/14 13:12:22.138, 0 %, 527 MiB, 81920 MiB
2026/04/14 13:12:22.138, 0 %, 0 MiB, 81920 MiB
2026/04/14 13:12:27.139, 0 %, 527 MiB, 81920 MiB
2026/04/14 13:12:27.139, 0 %, 0 MiB, 81920 MiB
2026/04/14 13:12:32.139, 0 %, 527 MiB, 81920 MiB
2026/04/14 13:12:32.139, 0 %, 0 MiB, 81920 MiB
2026/04/14 13:12:37.140, 0 %, 527 MiB, 81920 MiB
2026/04/14 13:12:37.140, 0 %, 0 MiB, 81920 MiB
2026/04/14 13:12:42.141, 0 %, 527 MiB, 81920 MiB
2026/04/14 13:12:42.141, 0 %, 0 MiB, 81920 MiB
2026/04/14 13:12:47.142, 0 %, 527 MiB, 81920 MiB
2026/04/14 13:12:47.142, 0 %, 0 MiB, 81920 MiB
2026/04/14 13:12:52.142, 1 %, 527 MiB, 81920 MiB
2026/04/14 13:12:52.142, 0 %, 0 MiB, 81920 MiB
2026/04/14 13:12:57.143, 0 %, 527 MiB, 81920 MiB
2026/04/14 13:12:57.143, 0 %, 0 MiB, 81920 MiB
2026/04/14 13:13:02.144, 12 %, 527 MiB, 81920 MiB
2026/04/14 13:13:02.144, 0 %, 0 MiB, 81920 MiB
2026/04/14 13:13:07.145, 10 %, 527 MiB, 81920 MiB
2026/04/14 13:13:07.145, 0 %, 0 MiB, 81920 MiB
2026/04/14 13:13:12.145, 17 %, 527 MiB, 81920 MiB
2026/04/14 13:13:12.145, 0 %, 0 MiB, 81920 MiB
2026/04/14 13:13:17.146, 18 %, 527 MiB, 81920 MiB
2026/04/14 13:13:17.146, 0 %, 0 MiB, 81920 MiB
2026/04/14 13:13:22.147, 12 %, 527 MiB, 81920 MiB
2026/04/14 13:13:22.147, 0 %, 0 MiB, 81920 MiB
2026/04/14 13:13:27.148, 11 %, 527 MiB, 81920 MiB
2026/04/14 13:13:27.148, 0 %, 0 MiB, 81920 MiB
2026/04/14 13:13:32.148, 16 %, 527 MiB, 81920 MiB
2026/04/14 13:13:32.148, 0 %, 0 MiB, 81920 MiB
2026/04/14 13:13:37.149, 18 %, 527 MiB, 81920 MiB
2026/04/14 13:13:37.149, 0 %, 0 MiB, 81920 MiB
2026/04/14 13:13:42.150, 5 %, 527 MiB, 81920 MiB
2026/04/14 13:13:42.150, 0 %, 0 MiB, 81920 MiB
2026/04/14 13:13:47.151, 9 %, 527 MiB, 81920 MiB
2026/04/14 13:13:47.151, 0 %, 0 MiB, 81920 MiB
2026/04/14 13:13:52.152, 0 %, 527 MiB, 81920 MiB
2026/04/14 13:13:52.152, 0 %, 0 MiB, 81920 MiB
2026/04/14 13:13:57.152, 0 %, 527 MiB, 81920 MiB
2026/04/14 13:13:57.152, 0 %, 0 MiB, 81920 MiB
2026/04/14 13:14:02.153, 6 %, 527 MiB, 81920 MiB
2026/04/14 13:14:02.153, 0 %, 0 MiB, 81920 MiB
2026/04/14 13:14:07.154, 7 %, 527 MiB, 81920 MiB
2026/04/14 13:14:07.154, 0 %, 0 MiB, 81920 MiB
2026/04/14 13:14:12.155, 0 %, 527 MiB, 81920 MiB
2026/04/14 13:14:12.155, 0 %, 0 MiB, 81920 MiB
2026/04/14 13:14:17.155, 0 %, 527 MiB, 81920 MiB
2026/04/14 13:14:17.155, 0 %, 0 MiB, 81920 MiB
2026/04/14 13:14:22.156, 0 %, 527 MiB, 81920 MiB
2026/04/14 13:14:22.156, 0 %, 0 MiB, 81920 MiB
2026/04/14 13:14:27.157, 0 %, 527 MiB, 81920 MiB
2026/04/14 13:14:27.157, 0 %, 0 MiB, 81920 MiB
2026/04/14 13:14:32.158, 0 %, 527 MiB, 81920 MiB
2026/04/14 13:14:32.158, 0 %, 0 MiB, 81920 MiB
2026/04/14 13:14:37.158, 0 %, 527 MiB, 81920 MiB
2026/04/14 13:14:37.158, 0 %, 0 MiB, 81920 MiB
2026/04/14 13:14:42.159, 0 %, 527 MiB, 81920 MiB
2026/04/14 13:14:42.159, 0 %, 0 MiB, 81920 MiB
2026/04/14 13:14:47.160, 0 %, 527 MiB, 81920 MiB
2026/04/14 13:14:47.160, 0 %, 0 MiB, 81920 MiB
2026/04/14 13:14:52.161, 0 %, 527 MiB, 81920 MiB
2026/04/14 13:14:52.161, 0 %, 0 MiB, 81920 MiB
2026/04/14 13:14:57.161, 0 %, 527 MiB, 81920 MiB
2026/04/14 13:14:57.162, 0 %, 0 MiB, 81920 MiB
2026/04/14 13:15:02.162, 0 %, 527 MiB, 81920 MiB
2026/04/14 13:15:02.162, 0 %, 0 MiB, 81920 MiB
2026/04/14 13:15:07.163, 0 %, 527 MiB, 81920 MiB
2026/04/14 13:15:07.163, 0 %, 0 MiB, 81920 MiB
2026/04/14 13:15:12.164, 0 %, 527 MiB, 81920 MiB
2026/04/14 13:15:12.164, 0 %, 0 MiB, 81920 MiB
2026/04/14 13:15:17.164, 0 %, 527 MiB, 81920 MiB
2026/04/14 13:15:17.165, 0 %, 0 MiB, 81920 MiB
2026/04/14 13:15:22.165, 0 %, 527 MiB, 81920 MiB
2026/04/14 13:15:22.165, 0 %, 0 MiB, 81920 MiB
2026/04/14 13:15:27.166, 0 %, 527 MiB, 81920 MiB
2026/04/14 13:15:27.166, 0 %, 0 MiB, 81920 MiB
2026/04/14 13:15:32.167, 0 %, 527 MiB, 81920 MiB
2026/04/14 13:15:32.167, 0 %, 0 MiB, 81920 MiB
2026/04/14 13:15:37.167, 0 %, 527 MiB, 81920 MiB
2026/04/14 13:15:37.168, 0 %, 0 MiB, 81920 MiB
2026/04/14 13:15:42.168, 0 %, 527 MiB, 81920 MiB
2026/04/14 13:15:42.168, 0 %, 0 MiB, 81920 MiB
2026/04/14 13:15:47.169, 0 %, 527 MiB, 81920 MiB
2026/04/14 13:15:47.169, 0 %, 0 MiB, 81920 MiB
2026/04/14 13:15:52.170, 0 %, 527 MiB, 81920 MiB
2026/04/14 13:15:52.170, 0 %, 0 MiB, 81920 MiB
2026/04/14 13:15:57.171, 0 %, 527 MiB, 81920 MiB
2026/04/14 13:15:57.171, 0 %, 0 MiB, 81920 MiB
2026/04/14 13:16:02.171, 0 %, 527 MiB, 81920 MiB
2026/04/14 13:16:02.171, 0 %, 0 MiB, 81920 MiB
2026/04/14 13:16:07.172, 0 %, 527 MiB, 81920 MiB
2026/04/14 13:16:07.172, 0 %, 0 MiB, 81920 MiB
2026/04/14 13:16:12.173, 0 %, 527 MiB, 81920 MiB
2026/04/14 13:16:12.173, 0 %, 0 MiB, 81920 MiB
2026/04/14 13:16:17.174, 0 %, 527 MiB, 81920 MiB
2026/04/14 13:16:17.174, 0 %, 0 MiB, 81920 MiB
2026/04/14 13:16:22.174, 0 %, 527 MiB, 81920 MiB
2026/04/14 13:16:22.174, 0 %, 0 MiB, 81920 MiB
2026/04/14 13:16:27.175, 0 %, 527 MiB, 81920 MiB
2026/04/14 13:16:27.175, 0 %, 0 MiB, 81920 MiB
2026/04/14 13:16:32.176, 0 %, 527 MiB, 81920 MiB
2026/04/14 13:16:32.176, 0 %, 0 MiB, 81920 MiB
2026/04/14 13:16:37.177, 7 %, 527 MiB, 81920 MiB
2026/04/14 13:16:37.177, 0 %, 0 MiB, 81920 MiB
2026/04/14 13:16:42.177, 0 %, 527 MiB, 81920 MiB
2026/04/14 13:16:42.177, 0 %, 0 MiB, 81920 MiB
2026/04/14 13:16:47.178, 18 %, 527 MiB, 81920 MiB
2026/04/14 13:16:47.178, 0 %, 0 MiB, 81920 MiB
2026/04/14 13:16:52.179, 17 %, 527 MiB, 81920 MiB
2026/04/14 13:16:52.179, 0 %, 0 MiB, 81920 MiB
2026/04/14 13:16:57.180, 7 %, 527 MiB, 81920 MiB
2026/04/14 13:16:57.180, 0 %, 0 MiB, 81920 MiB
2026/04/14 13:17:02.180, 5 %, 527 MiB, 81920 MiB
2026/04/14 13:17:02.181, 0 %, 0 MiB, 81920 MiB
2026/04/14 13:17:07.181, 18 %, 527 MiB, 81920 MiB
2026/04/14 13:17:07.181, 0 %, 0 MiB, 81920 MiB
2026/04/14 13:17:12.182, 17 %, 527 MiB, 81920 MiB
2026/04/14 13:17:12.182, 0 %, 0 MiB, 81920 MiB
2026/04/14 13:17:17.183, 7 %, 527 MiB, 81920 MiB
2026/04/14 13:17:17.183, 0 %, 0 MiB, 81920 MiB
2026/04/14 13:17:22.183, 6 %, 527 MiB, 81920 MiB
2026/04/14 13:17:22.184, 0 %, 0 MiB, 81920 MiB
2026/04/14 13:17:27.184, 1 %, 527 MiB, 81920 MiB
2026/04/14 13:17:27.184, 0 %, 0 MiB, 81920 MiB
2026/04/14 13:17:32.185, 16 %, 527 MiB, 81920 MiB
2026/04/14 13:17:32.185, 0 %, 0 MiB, 81920 MiB
2026/04/14 13:17:37.186, 11 %, 527 MiB, 81920 MiB
2026/04/14 13:17:37.186, 0 %, 0 MiB, 81920 MiB
2026/04/14 13:17:42.187, 14 %, 527 MiB, 81920 MiB
2026/04/14 13:17:42.187, 0 %, 0 MiB, 81920 MiB
2026/04/14 13:17:47.187, 3 %, 527 MiB, 81920 MiB
2026/04/14 13:17:47.187, 0 %, 0 MiB, 81920 MiB
2026/04/14 13:17:52.188, 4 %, 527 MiB, 81920 MiB
2026/04/14 13:17:52.188, 0 %, 0 MiB, 81920 MiB
2026/04/14 13:17:57.189, 0 %, 527 MiB, 81920 MiB
2026/04/14 13:17:57.189, 0 %, 0 MiB, 81920 MiB
2026/04/14 13:18:02.190, 0 %, 527 MiB, 81920 MiB
2026/04/14 13:18:02.190, 0 %, 0 MiB, 81920 MiB
2026/04/14 13:18:07.190, 0 %, 527 MiB, 81920 MiB
2026/04/14 13:18:07.190, 0 %, 0 MiB, 81920 MiB
2026/04/14 13:18:12.191, 4 %, 527 MiB, 81920 MiB
2026/04/14 13:18:12.191, 0 %, 0 MiB, 81920 MiB
2026/04/14 13:18:17.192, 0 %, 527 MiB, 81920 MiB
2026/04/14 13:18:17.192, 0 %, 0 MiB, 81920 MiB
2026/04/14 13:18:22.193, 0 %, 527 MiB, 81920 MiB
2026/04/14 13:18:22.193, 0 %, 0 MiB, 81920 MiB
2026/04/14 13:18:27.193, 0 %, 527 MiB, 81920 MiB
2026/04/14 13:18:27.194, 0 %, 0 MiB, 81920 MiB
2026/04/14 13:18:32.194, 0 %, 527 MiB, 81920 MiB
2026/04/14 13:18:32.194, 0 %, 0 MiB, 81920 MiB
2026/04/14 13:18:37.195, 0 %, 527 MiB, 81920 MiB
2026/04/14 13:18:37.195, 0 %, 0 MiB, 81920 MiB
2026/04/14 13:18:42.196, 0 %, 527 MiB, 81920 MiB
2026/04/14 13:18:42.196, 0 %, 0 MiB, 81920 MiB
2026/04/14 13:18:47.196, 0 %, 527 MiB, 81920 MiB
2026/04/14 13:18:47.197, 0 %, 0 MiB, 81920 MiB
2026/04/14 13:18:52.197, 0 %, 527 MiB, 81920 MiB
2026/04/14 13:18:52.197, 0 %, 0 MiB, 81920 MiB
2026/04/14 13:18:57.198, 0 %, 527 MiB, 81920 MiB
2026/04/14 13:18:57.198, 0 %, 0 MiB, 81920 MiB
2026/04/14 13:19:02.199, 0 %, 527 MiB, 81920 MiB
2026/04/14 13:19:02.199, 0 %, 0 MiB, 81920 MiB
2026/04/14 13:19:07.199, 0 %, 527 MiB, 81920 MiB
2026/04/14 13:19:07.200, 0 %, 0 MiB, 81920 MiB
2026/04/14 13:19:12.200, 0 %, 527 MiB, 81920 MiB
2026/04/14 13:19:12.200, 0 %, 0 MiB, 81920 MiB
2026/04/14 13:19:17.201, 0 %, 527 MiB, 81920 MiB
2026/04/14 13:19:17.201, 0 %, 0 MiB, 81920 MiB
2026/04/14 13:19:22.202, 0 %, 527 MiB, 81920 MiB
2026/04/14 13:19:22.202, 0 %, 0 MiB, 81920 MiB
2026/04/14 13:19:27.203, 0 %, 527 MiB, 81920 MiB
2026/04/14 13:19:27.203, 0 %, 0 MiB, 81920 MiB
2026/04/14 13:19:32.203, 0 %, 527 MiB, 81920 MiB
2026/04/14 13:19:32.203, 0 %, 0 MiB, 81920 MiB
2026/04/14 13:19:37.204, 0 %, 527 MiB, 81920 MiB
2026/04/14 13:19:37.204, 0 %, 0 MiB, 81920 MiB
2026/04/14 13:19:42.205, 0 %, 527 MiB, 81920 MiB
2026/04/14 13:19:42.205, 0 %, 0 MiB, 81920 MiB
2026/04/14 13:19:47.206, 0 %, 527 MiB, 81920 MiB
2026/04/14 13:19:47.206, 0 %, 0 MiB, 81920 MiB
2026/04/14 13:19:52.206, 0 %, 527 MiB, 81920 MiB
2026/04/14 13:19:52.206, 0 %, 0 MiB, 81920 MiB
2026/04/14 13:19:57.207, 0 %, 527 MiB, 81920 MiB
2026/04/14 13:19:57.207, 0 %, 0 MiB, 81920 MiB
2026/04/14 13:20:02.208, 0 %, 527 MiB, 81920 MiB
2026/04/14 13:20:02.208, 0 %, 0 MiB, 81920 MiB
2026/04/14 13:20:07.209, 0 %, 527 MiB, 81920 MiB
2026/04/14 13:20:07.209, 0 %, 0 MiB, 81920 MiB
2026/04/14 13:20:12.210, 0 %, 527 MiB, 81920 MiB
2026/04/14 13:20:12.210, 0 %, 0 MiB, 81920 MiB
2026/04/14 13:20:17.210, 8 %, 527 MiB, 81920 MiB
2026/04/14 13:20:17.210, 0 %, 0 MiB, 81920 MiB
2026/04/14 13:20:22.211, 6 %, 527 MiB, 81920 MiB
2026/04/14 13:20:22.211, 0 %, 0 MiB, 81920 MiB
2026/04/14 13:20:27.212, 17 %, 527 MiB, 81920 MiB
2026/04/14 13:20:27.212, 0 %, 0 MiB, 81920 MiB
2026/04/14 13:20:32.213, 16 %, 527 MiB, 81920 MiB
2026/04/14 13:20:32.213, 0 %, 0 MiB, 81920 MiB
2026/04/14 13:20:37.213, 12 %, 527 MiB, 81920 MiB
2026/04/14 13:20:37.213, 0 %, 0 MiB, 81920 MiB
2026/04/14 13:20:42.214, 13 %, 527 MiB, 81920 MiB
2026/04/14 13:20:42.214, 0 %, 0 MiB, 81920 MiB
2026/04/14 13:20:47.215, 0 %, 527 MiB, 81920 MiB
2026/04/14 13:20:47.215, 0 %, 0 MiB, 81920 MiB
2026/04/14 13:20:52.216, 0 %, 527 MiB, 81920 MiB
2026/04/14 13:20:52.216, 0 %, 0 MiB, 81920 MiB
2026/04/14 13:20:57.216, 0 %, 527 MiB, 81920 MiB
2026/04/14 13:20:57.217, 0 %, 0 MiB, 81920 MiB
2026/04/14 13:21:02.217, 0 %, 527 MiB, 81920 MiB
2026/04/14 13:21:02.217, 0 %, 0 MiB, 81920 MiB
2026/04/14 13:21:07.218, 0 %, 527 MiB, 81920 MiB
2026/04/14 13:21:07.218, 0 %, 0 MiB, 81920 MiB
2026/04/14 13:21:12.219, 0 %, 527 MiB, 81920 MiB
2026/04/14 13:21:12.219, 0 %, 0 MiB, 81920 MiB
2026/04/14 13:21:17.219, 6 %, 527 MiB, 81920 MiB
2026/04/14 13:21:17.220, 0 %, 0 MiB, 81920 MiB
2026/04/14 13:21:22.220, 4 %, 527 MiB, 81920 MiB
2026/04/14 13:21:22.220, 0 %, 0 MiB, 81920 MiB
2026/04/14 13:21:27.221, 17 %, 527 MiB, 81920 MiB
2026/04/14 13:21:27.221, 0 %, 0 MiB, 81920 MiB
2026/04/14 13:21:32.222, 0 %, 527 MiB, 81920 MiB
2026/04/14 13:21:32.222, 0 %, 0 MiB, 81920 MiB
2026/04/14 13:21:37.223, 5 %, 527 MiB, 81920 MiB
2026/04/14 13:21:37.223, 0 %, 0 MiB, 81920 MiB
2026/04/14 13:21:42.223, 3 %, 527 MiB, 81920 MiB
2026/04/14 13:21:42.223, 0 %, 0 MiB, 81920 MiB
2026/04/14 13:21:47.224, 14 %, 527 MiB, 81920 MiB
2026/04/14 13:21:47.224, 0 %, 0 MiB, 81920 MiB
2026/04/14 13:21:52.225, 11 %, 527 MiB, 81920 MiB
2026/04/14 13:21:52.225, 0 %, 0 MiB, 81920 MiB
2026/04/14 13:21:57.226, 18 %, 527 MiB, 81920 MiB
2026/04/14 13:21:57.226, 0 %, 0 MiB, 81920 MiB
2026/04/14 13:22:02.226, 19 %, 527 MiB, 81920 MiB
2026/04/14 13:22:02.226, 0 %, 0 MiB, 81920 MiB
2026/04/14 13:22:07.227, 7 %, 527 MiB, 81920 MiB
2026/04/14 13:22:07.227, 0 %, 0 MiB, 81920 MiB
2026/04/14 13:22:12.228, 9 %, 527 MiB, 81920 MiB
2026/04/14 13:22:12.228, 0 %, 0 MiB, 81920 MiB
2026/04/14 13:22:17.229, 18 %, 527 MiB, 81920 MiB
2026/04/14 13:22:17.229, 0 %, 0 MiB, 81920 MiB
2026/04/14 13:22:22.229, 18 %, 527 MiB, 81920 MiB
2026/04/14 13:22:22.229, 0 %, 0 MiB, 81920 MiB
2026/04/14 13:22:27.230, 9 %, 527 MiB, 81920 MiB
2026/04/14 13:22:27.230, 0 %, 0 MiB, 81920 MiB
2026/04/14 13:22:32.231, 11 %, 527 MiB, 81920 MiB
2026/04/14 13:22:32.231, 0 %, 0 MiB, 81920 MiB
2026/04/14 13:22:37.232, 1 %, 527 MiB, 81920 MiB
2026/04/14 13:22:37.232, 0 %, 0 MiB, 81920 MiB
2026/04/14 13:22:42.232, 2 %, 527 MiB, 81920 MiB
2026/04/14 13:22:42.232, 0 %, 0 MiB, 81920 MiB
2026/04/14 13:22:47.233, 0 %, 527 MiB, 81920 MiB
2026/04/14 13:22:47.233, 0 %, 0 MiB, 81920 MiB
2026/04/14 13:22:52.234, 0 %, 527 MiB, 81920 MiB
2026/04/14 13:22:52.234, 0 %, 0 MiB, 81920 MiB
2026/04/14 13:22:57.235, 1 %, 527 MiB, 81920 MiB
2026/04/14 13:22:57.235, 0 %, 0 MiB, 81920 MiB
2026/04/14 13:23:02.235, 0 %, 527 MiB, 81920 MiB
2026/04/14 13:23:02.236, 0 %, 0 MiB, 81920 MiB
2026/04/14 13:23:07.236, 0 %, 527 MiB, 81920 MiB
2026/04/14 13:23:07.236, 0 %, 0 MiB, 81920 MiB
2026/04/14 13:23:12.237, 0 %, 527 MiB, 81920 MiB
2026/04/14 13:23:12.237, 0 %, 0 MiB, 81920 MiB
2026/04/14 13:23:17.237, 0 %, 527 MiB, 81920 MiB
2026/04/14 13:23:17.238, 0 %, 0 MiB, 81920 MiB
2026/04/14 13:23:22.238, 0 %, 527 MiB, 81920 MiB
2026/04/14 13:23:22.238, 0 %, 0 MiB, 81920 MiB
2026/04/14 13:23:27.239, 0 %, 527 MiB, 81920 MiB
2026/04/14 13:23:27.239, 0 %, 0 MiB, 81920 MiB
2026/04/14 13:23:32.240, 0 %, 527 MiB, 81920 MiB
2026/04/14 13:23:32.240, 0 %, 0 MiB, 81920 MiB
2026/04/14 13:23:37.240, 0 %, 527 MiB, 81920 MiB
2026/04/14 13:23:37.240, 0 %, 0 MiB, 81920 MiB
2026/04/14 13:23:42.241, 0 %, 527 MiB, 81920 MiB
2026/04/14 13:23:42.241, 0 %, 0 MiB, 81920 MiB
2026/04/14 13:23:47.242, 0 %, 527 MiB, 81920 MiB
2026/04/14 13:23:47.242, 0 %, 0 MiB, 81920 MiB
2026/04/14 13:23:52.242, 0 %, 527 MiB, 81920 MiB
2026/04/14 13:23:52.243, 0 %, 0 MiB, 81920 MiB
2026/04/14 13:23:57.243, 0 %, 527 MiB, 81920 MiB
2026/04/14 13:23:57.243, 0 %, 0 MiB, 81920 MiB
2026/04/14 13:24:02.244, 0 %, 527 MiB, 81920 MiB
2026/04/14 13:24:02.244, 0 %, 0 MiB, 81920 MiB
2026/04/14 13:24:07.245, 0 %, 527 MiB, 81920 MiB
2026/04/14 13:24:07.245, 0 %, 0 MiB, 81920 MiB
2026/04/14 13:24:12.245, 0 %, 527 MiB, 81920 MiB
2026/04/14 13:24:12.245, 0 %, 0 MiB, 81920 MiB
2026/04/14 13:24:17.246, 0 %, 527 MiB, 81920 MiB
2026/04/14 13:24:17.246, 0 %, 0 MiB, 81920 MiB
2026/04/14 13:24:22.247, 0 %, 527 MiB, 81920 MiB
2026/04/14 13:24:22.247, 0 %, 0 MiB, 81920 MiB
2026/04/14 13:24:27.247, 0 %, 527 MiB, 81920 MiB
2026/04/14 13:24:27.247, 0 %, 0 MiB, 81920 MiB
2026/04/14 13:24:32.248, 0 %, 527 MiB, 81920 MiB
2026/04/14 13:24:32.248, 0 %, 0 MiB, 81920 MiB
2026/04/14 13:24:37.249, 0 %, 527 MiB, 81920 MiB
2026/04/14 13:24:37.249, 0 %, 0 MiB, 81920 MiB
2026/04/14 13:24:42.249, 0 %, 527 MiB, 81920 MiB
2026/04/14 13:24:42.250, 0 %, 0 MiB, 81920 MiB
2026/04/14 13:24:47.250, 0 %, 527 MiB, 81920 MiB
2026/04/14 13:24:47.250, 0 %, 0 MiB, 81920 MiB
2026/04/14 13:24:52.251, 0 %, 527 MiB, 81920 MiB
2026/04/14 13:24:52.251, 0 %, 0 MiB, 81920 MiB
2026/04/14 13:24:57.339, 0 %, 493 MiB, 81920 MiB
2026/04/14 13:24:57.339, 0 %, 0 MiB, 81920 MiB
2026/04/14 13:25:02.340, 0 %, 493 MiB, 81920 MiB
2026/04/14 13:25:02.340, 0 %, 0 MiB, 81920 MiB
2026/04/14 13:25:07.341, 0 %, 493 MiB, 81920 MiB
2026/04/14 13:25:07.341, 0 %, 0 MiB, 81920 MiB
2026/04/14 13:25:12.342, 0 %, 493 MiB, 81920 MiB
2026/04/14 13:25:12.342, 0 %, 0 MiB, 81920 MiB
2026/04/14 13:25:17.343, 0 %, 493 MiB, 81920 MiB
2026/04/14 13:25:17.343, 0 %, 0 MiB, 81920 MiB
2026/04/14 13:25:22.343, 0 %, 493 MiB, 81920 MiB
2026/04/14 13:25:22.343, 0 %, 0 MiB, 81920 MiB
2026/04/14 13:25:27.344, 0 %, 493 MiB, 81920 MiB
2026/04/14 13:25:27.344, 0 %, 0 MiB, 81920 MiB
2026/04/14 13:25:32.345, 0 %, 493 MiB, 81920 MiB
2026/04/14 13:25:32.345, 0 %, 0 MiB, 81920 MiB
2026/04/14 13:25:37.376, 0 %, 493 MiB, 81920 MiB
2026/04/14 13:25:37.376, 0 %, 0 MiB, 81920 MiB
2026/04/14 13:25:42.377, 0 %, 493 MiB, 81920 MiB
2026/04/14 13:25:42.377, 0 %, 0 MiB, 81920 MiB
2026/04/14 13:25:47.377, 0 %, 493 MiB, 81920 MiB
2026/04/14 13:25:47.378, 0 %, 0 MiB, 81920 MiB
2026/04/14 13:25:52.378, 0 %, 493 MiB, 81920 MiB
2026/04/14 13:25:52.378, 0 %, 0 MiB, 81920 MiB
2026/04/14 13:25:57.379, 0 %, 493 MiB, 81920 MiB
2026/04/14 13:25:57.379, 0 %, 0 MiB, 81920 MiB
2026/04/14 13:26:02.380, 0 %, 493 MiB, 81920 MiB
2026/04/14 13:26:02.380, 0 %, 0 MiB, 81920 MiB
2026/04/14 13:26:07.381, 0 %, 493 MiB, 81920 MiB
2026/04/14 13:26:07.381, 0 %, 0 MiB, 81920 MiB
2026/04/14 13:26:12.382, 0 %, 493 MiB, 81920 MiB
2026/04/14 13:26:12.382, 0 %, 0 MiB, 81920 MiB
2026/04/14 13:26:17.383, 0 %, 493 MiB, 81920 MiB
2026/04/14 13:26:17.383, 0 %, 0 MiB, 81920 MiB
2026/04/14 13:26:22.383, 0 %, 493 MiB, 81920 MiB
2026/04/14 13:26:22.384, 0 %, 0 MiB, 81920 MiB
2026/04/14 13:26:27.384, 0 %, 493 MiB, 81920 MiB
2026/04/14 13:26:27.384, 0 %, 0 MiB, 81920 MiB
2026/04/14 13:26:32.385, 0 %, 493 MiB, 81920 MiB
2026/04/14 13:26:32.385, 0 %, 0 MiB, 81920 MiB
2026/04/14 13:26:37.386, 0 %, 493 MiB, 81920 MiB
2026/04/14 13:26:37.386, 0 %, 0 MiB, 81920 MiB
2026/04/14 13:26:42.386, 0 %, 493 MiB, 81920 MiB
2026/04/14 13:26:42.387, 0 %, 0 MiB, 81920 MiB
2026/04/14 13:26:47.387, 0 %, 493 MiB, 81920 MiB
2026/04/14 13:26:47.387, 0 %, 0 MiB, 81920 MiB
2026/04/14 13:26:52.388, 0 %, 493 MiB, 81920 MiB
2026/04/14 13:26:52.389, 0 %, 0 MiB, 81920 MiB
2026/04/14 13:26:57.389, 0 %, 527 MiB, 81920 MiB
2026/04/14 13:26:57.389, 0 %, 0 MiB, 81920 MiB
2026/04/14 13:27:02.390, 0 %, 527 MiB, 81920 MiB
2026/04/14 13:27:02.390, 0 %, 0 MiB, 81920 MiB
2026/04/14 13:27:07.391, 0 %, 527 MiB, 81920 MiB
2026/04/14 13:27:07.391, 0 %, 0 MiB, 81920 MiB
2026/04/14 13:27:12.392, 0 %, 527 MiB, 81920 MiB
2026/04/14 13:27:12.392, 0 %, 0 MiB, 81920 MiB
2026/04/14 13:27:17.393, 0 %, 527 MiB, 81920 MiB
2026/04/14 13:27:17.393, 0 %, 0 MiB, 81920 MiB
2026/04/14 13:27:22.393, 0 %, 527 MiB, 81920 MiB
2026/04/14 13:27:22.393, 0 %, 0 MiB, 81920 MiB
2026/04/14 13:27:27.394, 0 %, 527 MiB, 81920 MiB
2026/04/14 13:27:27.394, 0 %, 0 MiB, 81920 MiB
2026/04/14 13:27:32.395, 0 %, 527 MiB, 81920 MiB
2026/04/14 13:27:32.395, 0 %, 0 MiB, 81920 MiB
2026/04/14 13:27:37.396, 0 %, 527 MiB, 81920 MiB
2026/04/14 13:27:37.396, 0 %, 0 MiB, 81920 MiB
2026/04/14 13:27:42.397, 5 %, 527 MiB, 81920 MiB
2026/04/14 13:27:42.397, 0 %, 0 MiB, 81920 MiB
2026/04/14 13:27:47.397, 0 %, 527 MiB, 81920 MiB
2026/04/14 13:27:47.398, 0 %, 0 MiB, 81920 MiB
2026/04/14 13:27:52.398, 0 %, 527 MiB, 81920 MiB
2026/04/14 13:27:52.398, 0 %, 0 MiB, 81920 MiB
2026/04/14 13:27:57.399, 0 %, 527 MiB, 81920 MiB
2026/04/14 13:27:57.399, 0 %, 0 MiB, 81920 MiB
2026/04/14 13:28:02.400, 6 %, 527 MiB, 81920 MiB
2026/04/14 13:28:02.400, 0 %, 0 MiB, 81920 MiB
2026/04/14 13:28:07.400, 0 %, 527 MiB, 81920 MiB
2026/04/14 13:28:07.401, 0 %, 0 MiB, 81920 MiB
2026/04/14 13:28:12.401, 18 %, 527 MiB, 81920 MiB
2026/04/14 13:28:12.401, 0 %, 0 MiB, 81920 MiB
2026/04/14 13:28:17.402, 17 %, 527 MiB, 81920 MiB
2026/04/14 13:28:17.402, 0 %, 0 MiB, 81920 MiB
2026/04/14 13:28:22.403, 10 %, 527 MiB, 81920 MiB
2026/04/14 13:28:22.403, 0 %, 0 MiB, 81920 MiB
2026/04/14 13:28:27.403, 0 %, 527 MiB, 81920 MiB
2026/04/14 13:28:27.403, 0 %, 0 MiB, 81920 MiB
2026/04/14 13:28:32.404, 7 %, 527 MiB, 81920 MiB
2026/04/14 13:28:32.404, 0 %, 0 MiB, 81920 MiB
2026/04/14 13:28:37.405, 5 %, 527 MiB, 81920 MiB
2026/04/14 13:28:37.405, 0 %, 0 MiB, 81920 MiB
2026/04/14 13:28:42.406, 18 %, 527 MiB, 81920 MiB
2026/04/14 13:28:42.406, 0 %, 0 MiB, 81920 MiB
2026/04/14 13:28:47.406, 18 %, 527 MiB, 81920 MiB
2026/04/14 13:28:47.407, 0 %, 0 MiB, 81920 MiB
2026/04/14 13:28:52.407, 11 %, 527 MiB, 81920 MiB
2026/04/14 13:28:52.407, 0 %, 0 MiB, 81920 MiB
2026/04/14 13:28:57.408, 9 %, 527 MiB, 81920 MiB
2026/04/14 13:28:57.408, 0 %, 0 MiB, 81920 MiB
2026/04/14 13:29:02.409, 18 %, 527 MiB, 81920 MiB
2026/04/14 13:29:02.409, 0 %, 0 MiB, 81920 MiB
2026/04/14 13:29:07.409, 18 %, 527 MiB, 81920 MiB
2026/04/14 13:29:07.410, 0 %, 0 MiB, 81920 MiB
2026/04/14 13:29:12.410, 14 %, 527 MiB, 81920 MiB
2026/04/14 13:29:12.410, 0 %, 0 MiB, 81920 MiB
2026/04/14 13:29:17.411, 16 %, 527 MiB, 81920 MiB
2026/04/14 13:29:17.411, 0 %, 0 MiB, 81920 MiB
2026/04/14 13:29:22.412, 2 %, 527 MiB, 81920 MiB
2026/04/14 13:29:22.412, 0 %, 0 MiB, 81920 MiB
2026/04/14 13:29:27.413, 6 %, 527 MiB, 81920 MiB
2026/04/14 13:29:27.413, 0 %, 0 MiB, 81920 MiB
2026/04/14 13:29:32.414, 0 %, 527 MiB, 81920 MiB
2026/04/14 13:29:32.414, 0 %, 0 MiB, 81920 MiB
2026/04/14 13:29:37.414, 0 %, 527 MiB, 81920 MiB
2026/04/14 13:29:37.414, 0 %, 0 MiB, 81920 MiB
2026/04/14 13:29:42.415, 1 %, 527 MiB, 81920 MiB
2026/04/14 13:29:42.415, 0 %, 0 MiB, 81920 MiB
2026/04/14 13:29:47.416, 3 %, 527 MiB, 81920 MiB
2026/04/14 13:29:47.416, 0 %, 0 MiB, 81920 MiB
2026/04/14 13:29:52.417, 0 %, 527 MiB, 81920 MiB
2026/04/14 13:29:52.417, 0 %, 0 MiB, 81920 MiB
2026/04/14 13:29:57.418, 0 %, 527 MiB, 81920 MiB
2026/04/14 13:29:57.418, 0 %, 0 MiB, 81920 MiB
2026/04/14 13:30:02.418, 0 %, 527 MiB, 81920 MiB
2026/04/14 13:30:02.419, 0 %, 0 MiB, 81920 MiB
2026/04/14 13:30:07.419, 0 %, 527 MiB, 81920 MiB
2026/04/14 13:30:07.419, 0 %, 0 MiB, 81920 MiB
2026/04/14 13:30:12.420, 0 %, 527 MiB, 81920 MiB
2026/04/14 13:30:12.420, 0 %, 0 MiB, 81920 MiB
2026/04/14 13:30:17.421, 0 %, 527 MiB, 81920 MiB
2026/04/14 13:30:17.421, 0 %, 0 MiB, 81920 MiB
2026/04/14 13:30:22.422, 0 %, 527 MiB, 81920 MiB
2026/04/14 13:30:22.422, 0 %, 0 MiB, 81920 MiB
2026/04/14 13:30:27.423, 0 %, 527 MiB, 81920 MiB
2026/04/14 13:30:27.423, 0 %, 0 MiB, 81920 MiB
2026/04/14 13:30:32.423, 0 %, 527 MiB, 81920 MiB
2026/04/14 13:30:32.423, 0 %, 0 MiB, 81920 MiB
2026/04/14 13:30:37.424, 0 %, 527 MiB, 81920 MiB
2026/04/14 13:30:37.424, 0 %, 0 MiB, 81920 MiB
2026/04/14 13:30:42.425, 0 %, 527 MiB, 81920 MiB
2026/04/14 13:30:42.425, 0 %, 0 MiB, 81920 MiB
2026/04/14 13:30:47.426, 0 %, 527 MiB, 81920 MiB
2026/04/14 13:30:47.426, 0 %, 0 MiB, 81920 MiB
2026/04/14 13:30:52.427, 0 %, 527 MiB, 81920 MiB
2026/04/14 13:30:52.427, 0 %, 0 MiB, 81920 MiB
2026/04/14 13:30:57.427, 0 %, 527 MiB, 81920 MiB
2026/04/14 13:30:57.427, 0 %, 0 MiB, 81920 MiB
2026/04/14 13:31:02.428, 0 %, 527 MiB, 81920 MiB
2026/04/14 13:31:02.428, 0 %, 0 MiB, 81920 MiB
2026/04/14 13:31:07.429, 0 %, 527 MiB, 81920 MiB
2026/04/14 13:31:07.429, 0 %, 0 MiB, 81920 MiB
2026/04/14 13:31:12.430, 0 %, 527 MiB, 81920 MiB
2026/04/14 13:31:12.430, 0 %, 0 MiB, 81920 MiB
2026/04/14 13:31:17.430, 0 %, 527 MiB, 81920 MiB
2026/04/14 13:31:17.431, 0 %, 0 MiB, 81920 MiB
2026/04/14 13:31:22.431, 0 %, 527 MiB, 81920 MiB
2026/04/14 13:31:22.431, 0 %, 0 MiB, 81920 MiB
2026/04/14 13:31:27.432, 0 %, 527 MiB, 81920 MiB
2026/04/14 13:31:27.432, 0 %, 0 MiB, 81920 MiB
2026/04/14 13:31:32.433, 0 %, 527 MiB, 81920 MiB
2026/04/14 13:31:32.433, 0 %, 0 MiB, 81920 MiB
2026/04/14 13:31:37.434, 0 %, 527 MiB, 81920 MiB
2026/04/14 13:31:37.434, 0 %, 0 MiB, 81920 MiB
2026/04/14 13:31:42.435, 0 %, 527 MiB, 81920 MiB
2026/04/14 13:31:42.435, 0 %, 0 MiB, 81920 MiB
2026/04/14 13:31:47.435, 0 %, 527 MiB, 81920 MiB
2026/04/14 13:31:47.436, 0 %, 0 MiB, 81920 MiB
2026/04/14 13:31:52.436, 0 %, 527 MiB, 81920 MiB
2026/04/14 13:31:52.436, 0 %, 0 MiB, 81920 MiB
2026/04/14 13:31:57.437, 0 %, 527 MiB, 81920 MiB
2026/04/14 13:31:57.437, 0 %, 0 MiB, 81920 MiB
2026/04/14 13:32:02.438, 0 %, 527 MiB, 81920 MiB
2026/04/14 13:32:02.438, 0 %, 0 MiB, 81920 MiB
2026/04/14 13:32:07.439, 0 %, 527 MiB, 81920 MiB
2026/04/14 13:32:07.439, 0 %, 0 MiB, 81920 MiB
2026/04/14 13:32:12.439, 0 %, 527 MiB, 81920 MiB
2026/04/14 13:32:12.440, 0 %, 0 MiB, 81920 MiB
2026/04/14 13:32:17.440, 6 %, 527 MiB, 81920 MiB
2026/04/14 13:32:17.440, 0 %, 0 MiB, 81920 MiB
2026/04/14 13:32:22.441, 4 %, 527 MiB, 81920 MiB
2026/04/14 13:32:22.441, 0 %, 0 MiB, 81920 MiB
2026/04/14 13:32:27.442, 0 %, 527 MiB, 81920 MiB
2026/04/14 13:32:27.442, 0 %, 0 MiB, 81920 MiB
2026/04/14 13:32:32.443, 0 %, 527 MiB, 81920 MiB
2026/04/14 13:32:32.443, 0 %, 0 MiB, 81920 MiB
2026/04/14 13:32:37.444, 6 %, 527 MiB, 81920 MiB
2026/04/14 13:32:37.444, 0 %, 0 MiB, 81920 MiB
2026/04/14 13:32:42.444, 4 %, 527 MiB, 81920 MiB
2026/04/14 13:32:42.445, 0 %, 0 MiB, 81920 MiB
2026/04/14 13:32:47.445, 17 %, 527 MiB, 81920 MiB
2026/04/14 13:32:47.445, 0 %, 0 MiB, 81920 MiB
2026/04/14 13:32:52.446, 15 %, 527 MiB, 81920 MiB
2026/04/14 13:32:52.446, 0 %, 0 MiB, 81920 MiB
2026/04/14 13:32:57.447, 4 %, 527 MiB, 81920 MiB
2026/04/14 13:32:57.447, 0 %, 0 MiB, 81920 MiB
2026/04/14 13:33:02.448, 18 %, 527 MiB, 81920 MiB
2026/04/14 13:33:02.448, 0 %, 0 MiB, 81920 MiB
2026/04/14 13:33:07.448, 5 %, 527 MiB, 81920 MiB
2026/04/14 13:33:07.449, 0 %, 0 MiB, 81920 MiB
2026/04/14 13:33:12.449, 10 %, 527 MiB, 81920 MiB
2026/04/14 13:33:12.449, 0 %, 0 MiB, 81920 MiB
2026/04/14 13:33:17.450, 18 %, 527 MiB, 81920 MiB
2026/04/14 13:33:17.450, 0 %, 0 MiB, 81920 MiB
2026/04/14 13:33:22.451, 18 %, 527 MiB, 81920 MiB
2026/04/14 13:33:22.451, 0 %, 0 MiB, 81920 MiB
2026/04/14 13:33:27.452, 8 %, 527 MiB, 81920 MiB
2026/04/14 13:33:27.452, 0 %, 0 MiB, 81920 MiB
2026/04/14 13:33:32.453, 11 %, 527 MiB, 81920 MiB
2026/04/14 13:33:32.453, 0 %, 0 MiB, 81920 MiB
2026/04/14 13:33:37.453, 1 %, 527 MiB, 81920 MiB
2026/04/14 13:33:37.453, 0 %, 0 MiB, 81920 MiB
2026/04/14 13:33:42.454, 3 %, 527 MiB, 81920 MiB
2026/04/14 13:33:42.454, 0 %, 0 MiB, 81920 MiB
2026/04/14 13:33:47.455, 0 %, 527 MiB, 81920 MiB
2026/04/14 13:33:47.455, 0 %, 0 MiB, 81920 MiB
2026/04/14 13:33:52.456, 16 %, 527 MiB, 81920 MiB
2026/04/14 13:33:52.456, 0 %, 0 MiB, 81920 MiB
2026/04/14 13:33:57.457, 2 %, 527 MiB, 81920 MiB
2026/04/14 13:33:57.457, 0 %, 0 MiB, 81920 MiB
2026/04/14 13:34:02.457, 4 %, 527 MiB, 81920 MiB
2026/04/14 13:34:02.458, 0 %, 0 MiB, 81920 MiB
2026/04/14 13:34:07.458, 0 %, 527 MiB, 81920 MiB
2026/04/14 13:34:07.458, 0 %, 0 MiB, 81920 MiB
2026/04/14 13:34:12.459, 0 %, 527 MiB, 81920 MiB
2026/04/14 13:34:12.459, 0 %, 0 MiB, 81920 MiB
2026/04/14 13:34:17.460, 0 %, 527 MiB, 81920 MiB
2026/04/14 13:34:17.460, 0 %, 0 MiB, 81920 MiB
2026/04/14 13:34:22.461, 0 %, 527 MiB, 81920 MiB
2026/04/14 13:34:22.461, 0 %, 0 MiB, 81920 MiB
2026/04/14 13:34:27.462, 0 %, 527 MiB, 81920 MiB
2026/04/14 13:34:27.462, 0 %, 0 MiB, 81920 MiB
2026/04/14 13:34:32.462, 0 %, 527 MiB, 81920 MiB
2026/04/14 13:34:32.463, 0 %, 0 MiB, 81920 MiB
2026/04/14 13:34:37.463, 0 %, 527 MiB, 81920 MiB
2026/04/14 13:34:37.463, 0 %, 0 MiB, 81920 MiB
2026/04/14 13:34:42.464, 0 %, 527 MiB, 81920 MiB
2026/04/14 13:34:42.464, 0 %, 0 MiB, 81920 MiB
2026/04/14 13:34:47.465, 0 %, 527 MiB, 81920 MiB
2026/04/14 13:34:47.465, 0 %, 0 MiB, 81920 MiB
2026/04/14 13:34:52.466, 0 %, 527 MiB, 81920 MiB
2026/04/14 13:34:52.466, 0 %, 0 MiB, 81920 MiB
2026/04/14 13:34:57.467, 0 %, 527 MiB, 81920 MiB
2026/04/14 13:34:57.467, 0 %, 0 MiB, 81920 MiB
2026/04/14 13:35:02.467, 0 %, 527 MiB, 81920 MiB
2026/04/14 13:35:02.468, 0 %, 0 MiB, 81920 MiB
2026/04/14 13:35:07.468, 0 %, 527 MiB, 81920 MiB
2026/04/14 13:35:07.468, 0 %, 0 MiB, 81920 MiB
2026/04/14 13:35:12.469, 0 %, 527 MiB, 81920 MiB
2026/04/14 13:35:12.469, 0 %, 0 MiB, 81920 MiB
2026/04/14 13:35:17.470, 0 %, 527 MiB, 81920 MiB
2026/04/14 13:35:17.470, 0 %, 0 MiB, 81920 MiB
2026/04/14 13:35:22.471, 0 %, 527 MiB, 81920 MiB
2026/04/14 13:35:22.471, 0 %, 0 MiB, 81920 MiB
2026/04/14 13:35:27.471, 0 %, 527 MiB, 81920 MiB
2026/04/14 13:35:27.472, 0 %, 0 MiB, 81920 MiB
2026/04/14 13:35:32.472, 0 %, 527 MiB, 81920 MiB
2026/04/14 13:35:32.472, 0 %, 0 MiB, 81920 MiB
2026/04/14 13:35:37.473, 0 %, 527 MiB, 81920 MiB
2026/04/14 13:35:37.473, 0 %, 0 MiB, 81920 MiB
2026/04/14 13:35:42.474, 0 %, 527 MiB, 81920 MiB
2026/04/14 13:35:42.474, 0 %, 0 MiB, 81920 MiB
2026/04/14 13:35:47.475, 0 %, 527 MiB, 81920 MiB
2026/04/14 13:35:47.475, 0 %, 0 MiB, 81920 MiB
2026/04/14 13:35:52.476, 0 %, 527 MiB, 81920 MiB
2026/04/14 13:35:52.476, 0 %, 0 MiB, 81920 MiB
2026/04/14 13:35:57.476, 0 %, 527 MiB, 81920 MiB
2026/04/14 13:35:57.476, 0 %, 0 MiB, 81920 MiB
2026/04/14 13:36:02.477, 0 %, 527 MiB, 81920 MiB
2026/04/14 13:36:02.477, 0 %, 0 MiB, 81920 MiB
2026/04/14 13:36:07.478, 0 %, 527 MiB, 81920 MiB
2026/04/14 13:36:07.478, 0 %, 0 MiB, 81920 MiB
2026/04/14 13:36:12.479, 0 %, 527 MiB, 81920 MiB
2026/04/14 13:36:12.479, 0 %, 0 MiB, 81920 MiB
2026/04/14 13:36:17.480, 0 %, 527 MiB, 81920 MiB
2026/04/14 13:36:17.480, 0 %, 0 MiB, 81920 MiB
2026/04/14 13:36:22.480, 0 %, 527 MiB, 81920 MiB
2026/04/14 13:36:22.481, 0 %, 0 MiB, 81920 MiB
2026/04/14 13:36:27.481, 0 %, 527 MiB, 81920 MiB
2026/04/14 13:36:27.481, 0 %, 0 MiB, 81920 MiB
2026/04/14 13:36:32.482, 0 %, 527 MiB, 81920 MiB
2026/04/14 13:36:32.482, 0 %, 0 MiB, 81920 MiB
2026/04/14 13:36:37.483, 0 %, 527 MiB, 81920 MiB
2026/04/14 13:36:37.483, 0 %, 0 MiB, 81920 MiB
2026/04/14 13:36:42.484, 0 %, 527 MiB, 81920 MiB
2026/04/14 13:36:42.484, 0 %, 0 MiB, 81920 MiB
2026/04/14 13:36:47.484, 1 %, 527 MiB, 81920 MiB
2026/04/14 13:36:47.485, 0 %, 0 MiB, 81920 MiB
2026/04/14 13:36:52.485, 0 %, 527 MiB, 81920 MiB
2026/04/14 13:36:52.485, 0 %, 0 MiB, 81920 MiB
2026/04/14 13:36:57.486, 11 %, 527 MiB, 81920 MiB
2026/04/14 13:36:57.486, 0 %, 0 MiB, 81920 MiB
2026/04/14 13:37:02.487, 9 %, 527 MiB, 81920 MiB
2026/04/14 13:37:02.487, 0 %, 0 MiB, 81920 MiB
2026/04/14 13:37:07.488, 0 %, 527 MiB, 81920 MiB
2026/04/14 13:37:07.488, 0 %, 0 MiB, 81920 MiB
2026/04/14 13:37:12.489, 18 %, 527 MiB, 81920 MiB
2026/04/14 13:37:12.489, 0 %, 0 MiB, 81920 MiB
2026/04/14 13:37:17.489, 8 %, 527 MiB, 81920 MiB
2026/04/14 13:37:17.489, 0 %, 0 MiB, 81920 MiB
2026/04/14 13:37:22.490, 7 %, 527 MiB, 81920 MiB
2026/04/14 13:37:22.490, 0 %, 0 MiB, 81920 MiB
2026/04/14 13:37:27.491, 18 %, 527 MiB, 81920 MiB
2026/04/14 13:37:27.491, 0 %, 0 MiB, 81920 MiB
2026/04/14 13:37:32.492, 17 %, 527 MiB, 81920 MiB
2026/04/14 13:37:32.492, 0 %, 0 MiB, 81920 MiB
2026/04/14 13:37:37.493, 10 %, 527 MiB, 81920 MiB
2026/04/14 13:37:37.493, 0 %, 0 MiB, 81920 MiB
2026/04/14 13:37:42.493, 13 %, 527 MiB, 81920 MiB
2026/04/14 13:37:42.493, 0 %, 0 MiB, 81920 MiB
2026/04/14 13:37:47.494, 18 %, 527 MiB, 81920 MiB
2026/04/14 13:37:47.494, 0 %, 0 MiB, 81920 MiB
2026/04/14 13:37:52.495, 15 %, 527 MiB, 81920 MiB
2026/04/14 13:37:52.495, 0 %, 0 MiB, 81920 MiB
2026/04/14 13:37:57.496, 0 %, 527 MiB, 81920 MiB
2026/04/14 13:37:57.496, 0 %, 0 MiB, 81920 MiB
2026/04/14 13:38:02.497, 16 %, 527 MiB, 81920 MiB
2026/04/14 13:38:02.497, 0 %, 0 MiB, 81920 MiB
2026/04/14 13:38:07.497, 0 %, 527 MiB, 81920 MiB
2026/04/14 13:38:07.497, 0 %, 0 MiB, 81920 MiB
2026/04/14 13:38:12.498, 0 %, 527 MiB, 81920 MiB
2026/04/14 13:38:12.498, 0 %, 0 MiB, 81920 MiB
2026/04/14 13:38:17.499, 0 %, 527 MiB, 81920 MiB
2026/04/14 13:38:17.499, 0 %, 0 MiB, 81920 MiB
2026/04/14 13:38:22.500, 0 %, 527 MiB, 81920 MiB
2026/04/14 13:38:22.500, 0 %, 0 MiB, 81920 MiB
2026/04/14 13:38:27.500, 0 %, 527 MiB, 81920 MiB
2026/04/14 13:38:27.501, 0 %, 0 MiB, 81920 MiB
2026/04/14 13:38:32.501, 0 %, 527 MiB, 81920 MiB
2026/04/14 13:38:32.501, 0 %, 0 MiB, 81920 MiB
2026/04/14 13:38:37.502, 0 %, 527 MiB, 81920 MiB
2026/04/14 13:38:37.502, 0 %, 0 MiB, 81920 MiB
2026/04/14 13:38:42.503, 0 %, 527 MiB, 81920 MiB
2026/04/14 13:38:42.503, 0 %, 0 MiB, 81920 MiB
2026/04/14 13:38:47.503, 0 %, 527 MiB, 81920 MiB
2026/04/14 13:38:47.504, 0 %, 0 MiB, 81920 MiB
2026/04/14 13:38:52.504, 0 %, 527 MiB, 81920 MiB
2026/04/14 13:38:52.504, 0 %, 0 MiB, 81920 MiB
2026/04/14 13:38:57.505, 0 %, 527 MiB, 81920 MiB
2026/04/14 13:38:57.505, 0 %, 0 MiB, 81920 MiB
2026/04/14 13:39:02.506, 0 %, 527 MiB, 81920 MiB
2026/04/14 13:39:02.506, 0 %, 0 MiB, 81920 MiB
2026/04/14 13:39:07.507, 0 %, 527 MiB, 81920 MiB
2026/04/14 13:39:07.507, 0 %, 0 MiB, 81920 MiB
2026/04/14 13:39:12.507, 0 %, 527 MiB, 81920 MiB
2026/04/14 13:39:12.507, 0 %, 0 MiB, 81920 MiB
2026/04/14 13:39:17.508, 0 %, 527 MiB, 81920 MiB
2026/04/14 13:39:17.508, 0 %, 0 MiB, 81920 MiB
2026/04/14 13:39:22.509, 0 %, 527 MiB, 81920 MiB
2026/04/14 13:39:22.509, 0 %, 0 MiB, 81920 MiB
2026/04/14 13:39:27.510, 0 %, 527 MiB, 81920 MiB
2026/04/14 13:39:27.510, 0 %, 0 MiB, 81920 MiB
2026/04/14 13:39:32.510, 0 %, 527 MiB, 81920 MiB
2026/04/14 13:39:32.510, 0 %, 0 MiB, 81920 MiB
2026/04/14 13:39:37.511, 0 %, 527 MiB, 81920 MiB
2026/04/14 13:39:37.511, 0 %, 0 MiB, 81920 MiB
2026/04/14 13:39:42.512, 0 %, 527 MiB, 81920 MiB
2026/04/14 13:39:42.512, 0 %, 0 MiB, 81920 MiB
2026/04/14 13:39:47.513, 0 %, 527 MiB, 81920 MiB
2026/04/14 13:39:47.513, 0 %, 0 MiB, 81920 MiB
2026/04/14 13:39:52.513, 0 %, 527 MiB, 81920 MiB
2026/04/14 13:39:52.514, 0 %, 0 MiB, 81920 MiB
2026/04/14 13:39:57.514, 0 %, 527 MiB, 81920 MiB
2026/04/14 13:39:57.514, 0 %, 0 MiB, 81920 MiB
2026/04/14 13:40:02.515, 0 %, 493 MiB, 81920 MiB
2026/04/14 13:40:02.515, 0 %, 0 MiB, 81920 MiB
2026/04/14 13:40:07.515, 0 %, 493 MiB, 81920 MiB
2026/04/14 13:40:07.516, 0 %, 0 MiB, 81920 MiB
2026/04/14 13:40:12.517, 0 %, 493 MiB, 81920 MiB
2026/04/14 13:40:12.517, 0 %, 0 MiB, 81920 MiB
2026/04/14 13:40:17.518, 0 %, 493 MiB, 81920 MiB
2026/04/14 13:40:17.518, 0 %, 0 MiB, 81920 MiB
2026/04/14 13:40:22.518, 0 %, 493 MiB, 81920 MiB
2026/04/14 13:40:22.518, 0 %, 0 MiB, 81920 MiB
2026/04/14 13:40:27.519, 0 %, 493 MiB, 81920 MiB
2026/04/14 13:40:27.519, 0 %, 0 MiB, 81920 MiB
2026/04/14 13:40:32.520, 0 %, 493 MiB, 81920 MiB
2026/04/14 13:40:32.520, 0 %, 0 MiB, 81920 MiB
2026/04/14 13:40:37.521, 0 %, 493 MiB, 81920 MiB
2026/04/14 13:40:37.521, 0 %, 0 MiB, 81920 MiB
2026/04/14 13:40:42.522, 0 %, 493 MiB, 81920 MiB
2026/04/14 13:40:42.522, 0 %, 0 MiB, 81920 MiB
2026/04/14 13:40:47.523, 0 %, 493 MiB, 81920 MiB
2026/04/14 13:40:47.523, 0 %, 0 MiB, 81920 MiB
2026/04/14 13:40:52.524, 0 %, 493 MiB, 81920 MiB
2026/04/14 13:40:52.524, 0 %, 0 MiB, 81920 MiB
2026/04/14 13:40:57.524, 0 %, 493 MiB, 81920 MiB
2026/04/14 13:40:57.525, 0 %, 0 MiB, 81920 MiB
2026/04/14 13:41:02.525, 0 %, 493 MiB, 81920 MiB
2026/04/14 13:41:02.525, 0 %, 0 MiB, 81920 MiB
2026/04/14 13:41:07.526, 0 %, 493 MiB, 81920 MiB
2026/04/14 13:41:07.526, 0 %, 0 MiB, 81920 MiB
2026/04/14 13:41:12.527, 0 %, 493 MiB, 81920 MiB
2026/04/14 13:41:12.527, 0 %, 0 MiB, 81920 MiB
2026/04/14 13:41:17.528, 0 %, 493 MiB, 81920 MiB
2026/04/14 13:41:17.528, 0 %, 0 MiB, 81920 MiB
2026/04/14 13:41:22.528, 0 %, 493 MiB, 81920 MiB
2026/04/14 13:41:22.529, 0 %, 0 MiB, 81920 MiB
2026/04/14 13:41:27.529, 0 %, 493 MiB, 81920 MiB
2026/04/14 13:41:27.529, 0 %, 0 MiB, 81920 MiB
2026/04/14 13:41:32.530, 0 %, 493 MiB, 81920 MiB
2026/04/14 13:41:32.530, 0 %, 0 MiB, 81920 MiB
2026/04/14 13:41:37.531, 0 %, 493 MiB, 81920 MiB
2026/04/14 13:41:37.531, 0 %, 0 MiB, 81920 MiB
2026/04/14 13:41:42.532, 0 %, 493 MiB, 81920 MiB
2026/04/14 13:41:42.532, 0 %, 0 MiB, 81920 MiB
2026/04/14 13:41:47.533, 0 %, 493 MiB, 81920 MiB
2026/04/14 13:41:47.533, 0 %, 0 MiB, 81920 MiB
2026/04/14 13:41:52.534, 0 %, 493 MiB, 81920 MiB
2026/04/14 13:41:52.534, 0 %, 0 MiB, 81920 MiB
2026/04/14 13:41:57.535, 0 %, 493 MiB, 81920 MiB
2026/04/14 13:41:57.535, 0 %, 0 MiB, 81920 MiB
2026/04/14 13:42:02.535, 6 %, 527 MiB, 81920 MiB
2026/04/14 13:42:02.536, 0 %, 0 MiB, 81920 MiB
2026/04/14 13:42:07.536, 13 %, 527 MiB, 81920 MiB
2026/04/14 13:42:07.536, 0 %, 0 MiB, 81920 MiB
2026/04/14 13:42:12.537, 6 %, 527 MiB, 81920 MiB
2026/04/14 13:42:12.537, 0 %, 0 MiB, 81920 MiB
2026/04/14 13:42:17.538, 0 %, 527 MiB, 81920 MiB
2026/04/14 13:42:17.538, 0 %, 0 MiB, 81920 MiB
2026/04/14 13:42:22.538, 0 %, 527 MiB, 81920 MiB
2026/04/14 13:42:22.539, 0 %, 0 MiB, 81920 MiB
2026/04/14 13:42:27.539, 0 %, 527 MiB, 81920 MiB
2026/04/14 13:42:27.539, 0 %, 0 MiB, 81920 MiB
2026/04/14 13:42:32.540, 0 %, 527 MiB, 81920 MiB
2026/04/14 13:42:32.540, 0 %, 0 MiB, 81920 MiB
2026/04/14 13:42:37.541, 0 %, 527 MiB, 81920 MiB
2026/04/14 13:42:37.541, 0 %, 0 MiB, 81920 MiB
2026/04/14 13:42:42.542, 0 %, 527 MiB, 81920 MiB
2026/04/14 13:42:42.542, 0 %, 0 MiB, 81920 MiB
2026/04/14 13:42:47.542, 0 %, 527 MiB, 81920 MiB
2026/04/14 13:42:47.542, 0 %, 0 MiB, 81920 MiB
2026/04/14 13:42:52.543, 0 %, 527 MiB, 81920 MiB
2026/04/14 13:42:52.543, 0 %, 0 MiB, 81920 MiB
2026/04/14 13:42:57.544, 0 %, 527 MiB, 81920 MiB
2026/04/14 13:42:57.544, 0 %, 0 MiB, 81920 MiB
2026/04/14 13:43:02.545, 0 %, 527 MiB, 81920 MiB
2026/04/14 13:43:02.545, 0 %, 0 MiB, 81920 MiB
2026/04/14 13:43:07.545, 0 %, 527 MiB, 81920 MiB
2026/04/14 13:43:07.545, 0 %, 0 MiB, 81920 MiB
2026/04/14 13:43:12.546, 0 %, 527 MiB, 81920 MiB
2026/04/14 13:43:12.546, 0 %, 0 MiB, 81920 MiB
2026/04/14 13:43:17.547, 0 %, 527 MiB, 81920 MiB
2026/04/14 13:43:17.547, 0 %, 0 MiB, 81920 MiB
2026/04/14 13:43:22.548, 0 %, 527 MiB, 81920 MiB
2026/04/14 13:43:22.548, 0 %, 0 MiB, 81920 MiB
2026/04/14 13:43:27.548, 0 %, 527 MiB, 81920 MiB
2026/04/14 13:43:27.548, 0 %, 0 MiB, 81920 MiB
2026/04/14 13:43:32.549, 0 %, 527 MiB, 81920 MiB
2026/04/14 13:43:32.549, 0 %, 0 MiB, 81920 MiB
2026/04/14 13:43:37.550, 0 %, 527 MiB, 81920 MiB
2026/04/14 13:43:37.550, 0 %, 0 MiB, 81920 MiB
2026/04/14 13:43:42.551, 0 %, 527 MiB, 81920 MiB
2026/04/14 13:43:42.551, 0 %, 0 MiB, 81920 MiB
2026/04/14 13:43:47.551, 0 %, 527 MiB, 81920 MiB
2026/04/14 13:43:47.551, 0 %, 0 MiB, 81920 MiB
2026/04/14 13:43:52.552, 0 %, 527 MiB, 81920 MiB
2026/04/14 13:43:52.552, 0 %, 0 MiB, 81920 MiB
2026/04/14 13:43:57.553, 0 %, 527 MiB, 81920 MiB
2026/04/14 13:43:57.553, 0 %, 0 MiB, 81920 MiB
2026/04/14 13:44:02.554, 0 %, 527 MiB, 81920 MiB
2026/04/14 13:44:02.554, 0 %, 0 MiB, 81920 MiB
2026/04/14 13:44:07.554, 0 %, 527 MiB, 81920 MiB
2026/04/14 13:44:07.555, 0 %, 0 MiB, 81920 MiB
2026/04/14 13:44:12.555, 0 %, 527 MiB, 81920 MiB
2026/04/14 13:44:12.555, 0 %, 0 MiB, 81920 MiB
2026/04/14 13:44:17.556, 0 %, 527 MiB, 81920 MiB
2026/04/14 13:44:17.556, 0 %, 0 MiB, 81920 MiB
2026/04/14 13:44:22.557, 0 %, 527 MiB, 81920 MiB
2026/04/14 13:44:22.557, 0 %, 0 MiB, 81920 MiB
2026/04/14 13:44:27.557, 0 %, 527 MiB, 81920 MiB
2026/04/14 13:44:27.557, 0 %, 0 MiB, 81920 MiB
2026/04/14 13:44:32.558, 0 %, 527 MiB, 81920 MiB
2026/04/14 13:44:32.558, 0 %, 0 MiB, 81920 MiB
2026/04/14 13:44:37.559, 0 %, 527 MiB, 81920 MiB
2026/04/14 13:44:37.559, 0 %, 0 MiB, 81920 MiB
2026/04/14 13:44:42.560, 0 %, 527 MiB, 81920 MiB
2026/04/14 13:44:42.560, 0 %, 0 MiB, 81920 MiB
2026/04/14 13:44:47.560, 0 %, 527 MiB, 81920 MiB
2026/04/14 13:44:47.561, 0 %, 0 MiB, 81920 MiB
2026/04/14 13:44:52.561, 0 %, 527 MiB, 81920 MiB
2026/04/14 13:44:52.561, 0 %, 0 MiB, 81920 MiB
2026/04/14 13:44:57.562, 0 %, 527 MiB, 81920 MiB
2026/04/14 13:44:57.562, 0 %, 0 MiB, 81920 MiB
2026/04/14 13:45:02.563, 0 %, 527 MiB, 81920 MiB
2026/04/14 13:45:02.563, 0 %, 0 MiB, 81920 MiB
2026/04/14 13:45:07.563, 0 %, 527 MiB, 81920 MiB
2026/04/14 13:45:07.564, 0 %, 0 MiB, 81920 MiB
2026/04/14 13:45:12.564, 0 %, 527 MiB, 81920 MiB
2026/04/14 13:45:12.564, 0 %, 0 MiB, 81920 MiB
2026/04/14 13:45:17.565, 0 %, 527 MiB, 81920 MiB
2026/04/14 13:45:17.565, 0 %, 0 MiB, 81920 MiB
2026/04/14 13:45:22.566, 0 %, 527 MiB, 81920 MiB
2026/04/14 13:45:22.566, 0 %, 0 MiB, 81920 MiB
2026/04/14 13:45:27.566, 0 %, 527 MiB, 81920 MiB
2026/04/14 13:45:27.567, 0 %, 0 MiB, 81920 MiB
2026/04/14 13:45:32.567, 0 %, 527 MiB, 81920 MiB
2026/04/14 13:45:32.567, 0 %, 0 MiB, 81920 MiB
2026/04/14 13:45:37.568, 0 %, 527 MiB, 81920 MiB
2026/04/14 13:45:37.568, 0 %, 0 MiB, 81920 MiB
2026/04/14 13:45:42.569, 0 %, 527 MiB, 81920 MiB
2026/04/14 13:45:42.569, 0 %, 0 MiB, 81920 MiB
2026/04/14 13:45:47.570, 0 %, 527 MiB, 81920 MiB
2026/04/14 13:45:47.570, 0 %, 0 MiB, 81920 MiB
2026/04/14 13:45:52.570, 0 %, 527 MiB, 81920 MiB
2026/04/14 13:45:52.570, 0 %, 0 MiB, 81920 MiB
2026/04/14 13:45:57.571, 0 %, 527 MiB, 81920 MiB
2026/04/14 13:45:57.571, 0 %, 0 MiB, 81920 MiB
2026/04/14 13:46:02.572, 0 %, 527 MiB, 81920 MiB
2026/04/14 13:46:02.572, 0 %, 0 MiB, 81920 MiB
2026/04/14 13:46:07.573, 0 %, 527 MiB, 81920 MiB
2026/04/14 13:46:07.573, 0 %, 0 MiB, 81920 MiB
2026/04/14 13:46:12.573, 0 %, 527 MiB, 81920 MiB
2026/04/14 13:46:12.573, 0 %, 0 MiB, 81920 MiB
2026/04/14 13:46:17.574, 0 %, 527 MiB, 81920 MiB
2026/04/14 13:46:17.574, 0 %, 0 MiB, 81920 MiB
2026/04/14 13:46:22.575, 0 %, 527 MiB, 81920 MiB
2026/04/14 13:46:22.575, 0 %, 0 MiB, 81920 MiB
2026/04/14 13:46:27.576, 0 %, 527 MiB, 81920 MiB
2026/04/14 13:46:27.576, 0 %, 0 MiB, 81920 MiB
2026/04/14 13:46:32.576, 0 %, 527 MiB, 81920 MiB
2026/04/14 13:46:32.576, 0 %, 0 MiB, 81920 MiB
2026/04/14 13:46:37.577, 0 %, 527 MiB, 81920 MiB
2026/04/14 13:46:37.577, 0 %, 0 MiB, 81920 MiB
2026/04/14 13:46:42.578, 0 %, 527 MiB, 81920 MiB
2026/04/14 13:46:42.578, 0 %, 0 MiB, 81920 MiB
2026/04/14 13:46:47.579, 0 %, 527 MiB, 81920 MiB
2026/04/14 13:46:47.579, 0 %, 0 MiB, 81920 MiB
2026/04/14 13:46:52.579, 0 %, 527 MiB, 81920 MiB
2026/04/14 13:46:52.579, 0 %, 0 MiB, 81920 MiB
2026/04/14 13:46:57.580, 0 %, 527 MiB, 81920 MiB
2026/04/14 13:46:57.580, 0 %, 0 MiB, 81920 MiB
2026/04/14 13:47:02.581, 0 %, 527 MiB, 81920 MiB
2026/04/14 13:47:02.581, 0 %, 0 MiB, 81920 MiB
2026/04/14 13:47:07.582, 2 %, 527 MiB, 81920 MiB
2026/04/14 13:47:07.582, 0 %, 0 MiB, 81920 MiB
2026/04/14 13:47:12.582, 0 %, 527 MiB, 81920 MiB
2026/04/14 13:47:12.582, 0 %, 0 MiB, 81920 MiB
2026/04/14 13:47:17.583, 0 %, 527 MiB, 81920 MiB
2026/04/14 13:47:17.583, 0 %, 0 MiB, 81920 MiB
2026/04/14 13:47:22.584, 0 %, 527 MiB, 81920 MiB
2026/04/14 13:47:22.584, 0 %, 0 MiB, 81920 MiB
2026/04/14 13:47:27.585, 0 %, 527 MiB, 81920 MiB
2026/04/14 13:47:27.585, 0 %, 0 MiB, 81920 MiB
2026/04/14 13:47:32.585, 0 %, 527 MiB, 81920 MiB
2026/04/14 13:47:32.585, 0 %, 0 MiB, 81920 MiB
2026/04/14 13:47:37.586, 0 %, 527 MiB, 81920 MiB
2026/04/14 13:47:37.586, 0 %, 0 MiB, 81920 MiB
2026/04/14 13:47:42.587, 0 %, 527 MiB, 81920 MiB
2026/04/14 13:47:42.587, 0 %, 0 MiB, 81920 MiB
2026/04/14 13:47:47.588, 0 %, 527 MiB, 81920 MiB
2026/04/14 13:47:47.588, 0 %, 0 MiB, 81920 MiB
2026/04/14 13:47:52.588, 0 %, 527 MiB, 81920 MiB
2026/04/14 13:47:52.588, 0 %, 0 MiB, 81920 MiB
2026/04/14 13:47:57.589, 0 %, 527 MiB, 81920 MiB
2026/04/14 13:47:57.589, 0 %, 0 MiB, 81920 MiB
2026/04/14 13:48:02.590, 0 %, 527 MiB, 81920 MiB
2026/04/14 13:48:02.590, 0 %, 0 MiB, 81920 MiB
2026/04/14 13:48:07.591, 0 %, 527 MiB, 81920 MiB
2026/04/14 13:48:07.591, 0 %, 0 MiB, 81920 MiB
2026/04/14 13:48:12.591, 0 %, 527 MiB, 81920 MiB
2026/04/14 13:48:12.591, 0 %, 0 MiB, 81920 MiB
2026/04/14 13:48:17.592, 3 %, 527 MiB, 81920 MiB
2026/04/14 13:48:17.592, 0 %, 0 MiB, 81920 MiB
2026/04/14 13:48:22.593, 0 %, 527 MiB, 81920 MiB
2026/04/14 13:48:22.593, 0 %, 0 MiB, 81920 MiB
2026/04/14 13:48:27.594, 11 %, 527 MiB, 81920 MiB
2026/04/14 13:48:27.594, 0 %, 0 MiB, 81920 MiB
2026/04/14 13:48:32.594, 0 %, 527 MiB, 81920 MiB
2026/04/14 13:48:32.594, 0 %, 0 MiB, 81920 MiB
2026/04/14 13:48:37.595, 0 %, 527 MiB, 81920 MiB
2026/04/14 13:48:37.595, 0 %, 0 MiB, 81920 MiB
2026/04/14 13:48:42.596, 0 %, 527 MiB, 81920 MiB
2026/04/14 13:48:42.596, 0 %, 0 MiB, 81920 MiB
2026/04/14 13:48:47.597, 6 %, 527 MiB, 81920 MiB
2026/04/14 13:48:47.597, 0 %, 0 MiB, 81920 MiB
2026/04/14 13:48:52.597, 1 %, 527 MiB, 81920 MiB
2026/04/14 13:48:52.597, 0 %, 0 MiB, 81920 MiB
2026/04/14 13:48:57.598, 15 %, 527 MiB, 81920 MiB
2026/04/14 13:48:57.598, 0 %, 0 MiB, 81920 MiB
2026/04/14 13:49:02.599, 11 %, 527 MiB, 81920 MiB
2026/04/14 13:49:02.599, 0 %, 0 MiB, 81920 MiB
2026/04/14 13:49:07.600, 18 %, 527 MiB, 81920 MiB
2026/04/14 13:49:07.600, 0 %, 0 MiB, 81920 MiB
2026/04/14 13:49:12.600, 0 %, 527 MiB, 81920 MiB
2026/04/14 13:49:12.601, 0 %, 0 MiB, 81920 MiB
2026/04/14 13:49:17.601, 10 %, 527 MiB, 81920 MiB
2026/04/14 13:49:17.601, 0 %, 0 MiB, 81920 MiB
2026/04/14 13:49:22.602, 5 %, 527 MiB, 81920 MiB
2026/04/14 13:49:22.602, 0 %, 0 MiB, 81920 MiB
2026/04/14 13:49:27.603, 17 %, 527 MiB, 81920 MiB
2026/04/14 13:49:27.603, 0 %, 0 MiB, 81920 MiB
2026/04/14 13:49:32.604, 11 %, 527 MiB, 81920 MiB
2026/04/14 13:49:32.604, 0 %, 0 MiB, 81920 MiB
2026/04/14 13:49:37.604, 18 %, 527 MiB, 81920 MiB
2026/04/14 13:49:37.604, 0 %, 0 MiB, 81920 MiB
2026/04/14 13:49:42.605, 18 %, 527 MiB, 81920 MiB
2026/04/14 13:49:42.605, 0 %, 0 MiB, 81920 MiB
2026/04/14 13:49:47.606, 11 %, 527 MiB, 81920 MiB
2026/04/14 13:49:47.606, 0 %, 0 MiB, 81920 MiB
2026/04/14 13:49:52.607, 3 %, 527 MiB, 81920 MiB
2026/04/14 13:49:52.607, 0 %, 0 MiB, 81920 MiB
2026/04/14 13:49:57.607, 15 %, 527 MiB, 81920 MiB
2026/04/14 13:49:57.607, 0 %, 0 MiB, 81920 MiB
2026/04/14 13:50:02.608, 11 %, 527 MiB, 81920 MiB
2026/04/14 13:50:02.608, 0 %, 0 MiB, 81920 MiB
2026/04/14 13:50:07.609, 18 %, 527 MiB, 81920 MiB
2026/04/14 13:50:07.609, 0 %, 0 MiB, 81920 MiB
2026/04/14 13:50:12.610, 18 %, 527 MiB, 81920 MiB
2026/04/14 13:50:12.610, 0 %, 0 MiB, 81920 MiB
2026/04/14 13:50:17.610, 11 %, 527 MiB, 81920 MiB
2026/04/14 13:50:17.610, 0 %, 0 MiB, 81920 MiB
2026/04/14 13:50:22.611, 17 %, 527 MiB, 81920 MiB
2026/04/14 13:50:22.611, 0 %, 0 MiB, 81920 MiB
2026/04/14 13:50:27.612, 14 %, 527 MiB, 81920 MiB
2026/04/14 13:50:27.612, 0 %, 0 MiB, 81920 MiB
2026/04/14 13:50:32.613, 10 %, 527 MiB, 81920 MiB
2026/04/14 13:50:32.613, 0 %, 0 MiB, 81920 MiB
2026/04/14 13:50:37.613, 18 %, 527 MiB, 81920 MiB
2026/04/14 13:50:37.613, 0 %, 0 MiB, 81920 MiB
2026/04/14 13:50:42.614, 18 %, 527 MiB, 81920 MiB
2026/04/14 13:50:42.614, 0 %, 0 MiB, 81920 MiB
2026/04/14 13:50:47.615, 11 %, 527 MiB, 81920 MiB
2026/04/14 13:50:47.615, 0 %, 0 MiB, 81920 MiB
2026/04/14 13:50:52.616, 16 %, 527 MiB, 81920 MiB
2026/04/14 13:50:52.616, 0 %, 0 MiB, 81920 MiB
2026/04/14 13:50:57.616, 4 %, 527 MiB, 81920 MiB
2026/04/14 13:50:57.616, 0 %, 0 MiB, 81920 MiB
2026/04/14 13:51:02.617, 9 %, 527 MiB, 81920 MiB
2026/04/14 13:51:02.617, 0 %, 0 MiB, 81920 MiB
2026/04/14 13:51:07.618, 0 %, 527 MiB, 81920 MiB
2026/04/14 13:51:07.618, 0 %, 0 MiB, 81920 MiB
2026/04/14 13:51:12.619, 18 %, 527 MiB, 81920 MiB
2026/04/14 13:51:12.619, 0 %, 0 MiB, 81920 MiB
2026/04/14 13:51:17.619, 12 %, 527 MiB, 81920 MiB
2026/04/14 13:51:17.619, 0 %, 0 MiB, 81920 MiB
2026/04/14 13:51:22.620, 16 %, 527 MiB, 81920 MiB
2026/04/14 13:51:22.620, 0 %, 0 MiB, 81920 MiB
2026/04/14 13:51:27.621, 4 %, 527 MiB, 81920 MiB
2026/04/14 13:51:27.621, 0 %, 0 MiB, 81920 MiB
2026/04/14 13:51:32.622, 8 %, 527 MiB, 81920 MiB
2026/04/14 13:51:32.622, 0 %, 0 MiB, 81920 MiB
2026/04/14 13:51:37.622, 0 %, 527 MiB, 81920 MiB
2026/04/14 13:51:37.622, 0 %, 0 MiB, 81920 MiB
2026/04/14 13:51:42.623, 1 %, 527 MiB, 81920 MiB
2026/04/14 13:51:42.623, 0 %, 0 MiB, 81920 MiB
2026/04/14 13:51:47.624, 9 %, 527 MiB, 81920 MiB
2026/04/14 13:51:47.624, 0 %, 0 MiB, 81920 MiB
2026/04/14 13:51:52.625, 0 %, 527 MiB, 81920 MiB
2026/04/14 13:51:52.625, 0 %, 0 MiB, 81920 MiB
2026/04/14 13:51:57.625, 0 %, 527 MiB, 81920 MiB
2026/04/14 13:51:57.626, 0 %, 0 MiB, 81920 MiB
2026/04/14 13:52:02.626, 5 %, 527 MiB, 81920 MiB
2026/04/14 13:52:02.626, 0 %, 0 MiB, 81920 MiB
2026/04/14 13:52:07.627, 0 %, 527 MiB, 81920 MiB
2026/04/14 13:52:07.627, 0 %, 0 MiB, 81920 MiB
2026/04/14 13:52:12.628, 0 %, 527 MiB, 81920 MiB
2026/04/14 13:52:12.628, 0 %, 0 MiB, 81920 MiB
2026/04/14 13:52:17.628, 0 %, 527 MiB, 81920 MiB
2026/04/14 13:52:17.629, 0 %, 0 MiB, 81920 MiB
2026/04/14 13:52:22.629, 0 %, 527 MiB, 81920 MiB
2026/04/14 13:52:22.629, 0 %, 0 MiB, 81920 MiB
2026/04/14 13:52:27.630, 1 %, 527 MiB, 81920 MiB
2026/04/14 13:52:27.630, 0 %, 0 MiB, 81920 MiB
2026/04/14 13:52:32.631, 0 %, 527 MiB, 81920 MiB
2026/04/14 13:52:32.631, 0 %, 0 MiB, 81920 MiB
2026/04/14 13:52:37.631, 0 %, 527 MiB, 81920 MiB
2026/04/14 13:52:37.631, 0 %, 0 MiB, 81920 MiB
2026/04/14 13:52:42.632, 0 %, 527 MiB, 81920 MiB
2026/04/14 13:52:42.632, 0 %, 0 MiB, 81920 MiB
2026/04/14 13:52:47.633, 0 %, 527 MiB, 81920 MiB
2026/04/14 13:52:47.633, 0 %, 0 MiB, 81920 MiB
2026/04/14 13:52:52.633, 0 %, 527 MiB, 81920 MiB
2026/04/14 13:52:52.634, 0 %, 0 MiB, 81920 MiB
2026/04/14 13:52:57.634, 0 %, 527 MiB, 81920 MiB
2026/04/14 13:52:57.634, 0 %, 0 MiB, 81920 MiB
2026/04/14 13:53:02.635, 0 %, 527 MiB, 81920 MiB
2026/04/14 13:53:02.635, 0 %, 0 MiB, 81920 MiB
2026/04/14 13:53:07.636, 0 %, 527 MiB, 81920 MiB
2026/04/14 13:53:07.636, 0 %, 0 MiB, 81920 MiB
2026/04/14 13:53:12.636, 0 %, 527 MiB, 81920 MiB
2026/04/14 13:53:12.636, 0 %, 0 MiB, 81920 MiB
2026/04/14 13:53:17.637, 0 %, 527 MiB, 81920 MiB
2026/04/14 13:53:17.637, 0 %, 0 MiB, 81920 MiB
2026/04/14 13:53:22.638, 0 %, 527 MiB, 81920 MiB
2026/04/14 13:53:22.638, 0 %, 0 MiB, 81920 MiB
2026/04/14 13:53:27.638, 0 %, 527 MiB, 81920 MiB
2026/04/14 13:53:27.638, 0 %, 0 MiB, 81920 MiB
2026/04/14 13:53:32.639, 0 %, 527 MiB, 81920 MiB
2026/04/14 13:53:32.639, 0 %, 0 MiB, 81920 MiB
2026/04/14 13:53:37.640, 0 %, 527 MiB, 81920 MiB
2026/04/14 13:53:37.640, 0 %, 0 MiB, 81920 MiB
2026/04/14 13:53:42.640, 0 %, 527 MiB, 81920 MiB
2026/04/14 13:53:42.641, 0 %, 0 MiB, 81920 MiB
2026/04/14 13:53:47.641, 0 %, 527 MiB, 81920 MiB
2026/04/14 13:53:47.641, 0 %, 0 MiB, 81920 MiB
2026/04/14 13:53:52.642, 0 %, 527 MiB, 81920 MiB
2026/04/14 13:53:52.642, 0 %, 0 MiB, 81920 MiB
2026/04/14 13:53:57.643, 0 %, 527 MiB, 81920 MiB
2026/04/14 13:53:57.643, 0 %, 0 MiB, 81920 MiB
2026/04/14 13:54:02.643, 0 %, 527 MiB, 81920 MiB
2026/04/14 13:54:02.643, 0 %, 0 MiB, 81920 MiB
2026/04/14 13:54:07.644, 0 %, 527 MiB, 81920 MiB
2026/04/14 13:54:07.644, 0 %, 0 MiB, 81920 MiB
2026/04/14 13:54:12.645, 0 %, 527 MiB, 81920 MiB
2026/04/14 13:54:12.645, 0 %, 0 MiB, 81920 MiB
2026/04/14 13:54:17.645, 0 %, 527 MiB, 81920 MiB
2026/04/14 13:54:17.645, 0 %, 0 MiB, 81920 MiB
2026/04/14 13:54:22.646, 0 %, 527 MiB, 81920 MiB
2026/04/14 13:54:22.646, 0 %, 0 MiB, 81920 MiB
2026/04/14 13:54:27.647, 0 %, 527 MiB, 81920 MiB
2026/04/14 13:54:27.647, 0 %, 0 MiB, 81920 MiB
2026/04/14 13:54:32.648, 0 %, 493 MiB, 81920 MiB
2026/04/14 13:54:32.648, 0 %, 0 MiB, 81920 MiB
2026/04/14 13:54:37.650, 0 %, 493 MiB, 81920 MiB
2026/04/14 13:54:37.650, 0 %, 0 MiB, 81920 MiB
2026/04/14 13:54:42.650, 0 %, 493 MiB, 81920 MiB
2026/04/14 13:54:42.650, 0 %, 0 MiB, 81920 MiB
2026/04/14 13:54:47.651, 0 %, 493 MiB, 81920 MiB
2026/04/14 13:54:47.651, 0 %, 0 MiB, 81920 MiB
2026/04/14 13:54:52.652, 0 %, 493 MiB, 81920 MiB
2026/04/14 13:54:52.652, 0 %, 0 MiB, 81920 MiB
2026/04/14 13:54:57.653, 0 %, 493 MiB, 81920 MiB
2026/04/14 13:54:57.653, 0 %, 0 MiB, 81920 MiB
2026/04/14 13:55:02.654, 0 %, 493 MiB, 81920 MiB
2026/04/14 13:55:02.654, 0 %, 0 MiB, 81920 MiB
2026/04/14 13:55:07.655, 0 %, 493 MiB, 81920 MiB
2026/04/14 13:55:07.655, 0 %, 0 MiB, 81920 MiB
2026/04/14 13:55:12.655, 0 %, 493 MiB, 81920 MiB
2026/04/14 13:55:12.655, 0 %, 0 MiB, 81920 MiB
2026/04/14 13:55:17.656, 0 %, 493 MiB, 81920 MiB
2026/04/14 13:55:17.656, 0 %, 0 MiB, 81920 MiB
2026/04/14 13:55:22.657, 0 %, 493 MiB, 81920 MiB
2026/04/14 13:55:22.657, 0 %, 0 MiB, 81920 MiB
2026/04/14 13:55:27.658, 0 %, 493 MiB, 81920 MiB
2026/04/14 13:55:27.658, 0 %, 0 MiB, 81920 MiB
2026/04/14 13:55:32.659, 0 %, 493 MiB, 81920 MiB
2026/04/14 13:55:32.659, 0 %, 0 MiB, 81920 MiB
2026/04/14 13:55:37.659, 0 %, 493 MiB, 81920 MiB
2026/04/14 13:55:37.660, 0 %, 0 MiB, 81920 MiB
2026/04/14 13:55:42.660, 0 %, 493 MiB, 81920 MiB
2026/04/14 13:55:42.660, 0 %, 0 MiB, 81920 MiB
2026/04/14 13:55:47.661, 0 %, 493 MiB, 81920 MiB
2026/04/14 13:55:47.661, 0 %, 0 MiB, 81920 MiB
2026/04/14 13:55:52.662, 0 %, 493 MiB, 81920 MiB
2026/04/14 13:55:52.662, 0 %, 0 MiB, 81920 MiB
2026/04/14 13:55:57.663, 0 %, 493 MiB, 81920 MiB
2026/04/14 13:55:57.663, 0 %, 0 MiB, 81920 MiB
2026/04/14 13:56:02.664, 0 %, 493 MiB, 81920 MiB
2026/04/14 13:56:02.664, 0 %, 0 MiB, 81920 MiB
2026/04/14 13:56:07.665, 0 %, 493 MiB, 81920 MiB
2026/04/14 13:56:07.665, 0 %, 0 MiB, 81920 MiB
2026/04/14 13:56:12.666, 0 %, 493 MiB, 81920 MiB
2026/04/14 13:56:12.666, 0 %, 0 MiB, 81920 MiB
2026/04/14 13:56:17.667, 0 %, 493 MiB, 81920 MiB
2026/04/14 13:56:17.667, 0 %, 0 MiB, 81920 MiB
2026/04/14 13:56:22.668, 0 %, 493 MiB, 81920 MiB
2026/04/14 13:56:22.668, 0 %, 0 MiB, 81920 MiB
2026/04/14 13:56:27.668, 0 %, 493 MiB, 81920 MiB
2026/04/14 13:56:27.668, 0 %, 0 MiB, 81920 MiB
2026/04/14 13:56:32.669, 0 %, 527 MiB, 81920 MiB
2026/04/14 13:56:32.669, 0 %, 0 MiB, 81920 MiB
2026/04/14 13:56:37.670, 0 %, 527 MiB, 81920 MiB
2026/04/14 13:56:37.670, 0 %, 0 MiB, 81920 MiB
2026/04/14 13:56:42.670, 0 %, 527 MiB, 81920 MiB
2026/04/14 13:56:42.670, 0 %, 0 MiB, 81920 MiB
2026/04/14 13:56:47.671, 0 %, 527 MiB, 81920 MiB
2026/04/14 13:56:47.671, 0 %, 0 MiB, 81920 MiB
2026/04/14 13:56:52.672, 0 %, 527 MiB, 81920 MiB
2026/04/14 13:56:52.672, 0 %, 0 MiB, 81920 MiB
2026/04/14 13:56:57.673, 0 %, 527 MiB, 81920 MiB
2026/04/14 13:56:57.673, 0 %, 0 MiB, 81920 MiB
2026/04/14 13:57:02.673, 0 %, 527 MiB, 81920 MiB
2026/04/14 13:57:02.674, 0 %, 0 MiB, 81920 MiB
2026/04/14 13:57:07.674, 0 %, 527 MiB, 81920 MiB
2026/04/14 13:57:07.674, 0 %, 0 MiB, 81920 MiB
2026/04/14 13:57:12.675, 0 %, 527 MiB, 81920 MiB
2026/04/14 13:57:12.675, 0 %, 0 MiB, 81920 MiB
2026/04/14 13:57:17.676, 0 %, 527 MiB, 81920 MiB
2026/04/14 13:57:17.676, 0 %, 0 MiB, 81920 MiB
2026/04/14 13:57:22.677, 0 %, 527 MiB, 81920 MiB
2026/04/14 13:57:22.677, 0 %, 0 MiB, 81920 MiB
2026/04/14 13:57:27.677, 0 %, 527 MiB, 81920 MiB
2026/04/14 13:57:27.677, 0 %, 0 MiB, 81920 MiB
2026/04/14 13:57:32.678, 0 %, 527 MiB, 81920 MiB
2026/04/14 13:57:32.678, 0 %, 0 MiB, 81920 MiB
2026/04/14 13:57:37.679, 0 %, 527 MiB, 81920 MiB
2026/04/14 13:57:37.679, 0 %, 0 MiB, 81920 MiB
2026/04/14 13:57:42.680, 0 %, 527 MiB, 81920 MiB
2026/04/14 13:57:42.680, 0 %, 0 MiB, 81920 MiB
2026/04/14 13:57:47.680, 0 %, 527 MiB, 81920 MiB
2026/04/14 13:57:47.681, 0 %, 0 MiB, 81920 MiB
2026/04/14 13:57:52.681, 0 %, 527 MiB, 81920 MiB
2026/04/14 13:57:52.681, 0 %, 0 MiB, 81920 MiB
2026/04/14 13:57:57.682, 0 %, 527 MiB, 81920 MiB
2026/04/14 13:57:57.682, 0 %, 0 MiB, 81920 MiB
2026/04/14 13:58:02.683, 0 %, 527 MiB, 81920 MiB
2026/04/14 13:58:02.683, 0 %, 0 MiB, 81920 MiB
2026/04/14 13:58:07.683, 0 %, 527 MiB, 81920 MiB
2026/04/14 13:58:07.684, 0 %, 0 MiB, 81920 MiB
2026/04/14 13:58:12.684, 0 %, 527 MiB, 81920 MiB
2026/04/14 13:58:12.684, 0 %, 0 MiB, 81920 MiB
2026/04/14 13:58:17.685, 0 %, 527 MiB, 81920 MiB
2026/04/14 13:58:17.685, 0 %, 0 MiB, 81920 MiB
2026/04/14 13:58:22.686, 0 %, 527 MiB, 81920 MiB
2026/04/14 13:58:22.686, 0 %, 0 MiB, 81920 MiB
2026/04/14 13:58:27.686, 0 %, 527 MiB, 81920 MiB
2026/04/14 13:58:27.687, 0 %, 0 MiB, 81920 MiB
2026/04/14 13:58:32.687, 0 %, 527 MiB, 81920 MiB
2026/04/14 13:58:32.687, 0 %, 0 MiB, 81920 MiB
2026/04/14 13:58:37.688, 0 %, 527 MiB, 81920 MiB
2026/04/14 13:58:37.688, 0 %, 0 MiB, 81920 MiB
2026/04/14 13:58:42.689, 0 %, 527 MiB, 81920 MiB
2026/04/14 13:58:42.689, 0 %, 0 MiB, 81920 MiB
2026/04/14 13:58:47.690, 0 %, 527 MiB, 81920 MiB
2026/04/14 13:58:47.690, 0 %, 0 MiB, 81920 MiB
2026/04/14 13:58:52.690, 0 %, 527 MiB, 81920 MiB
2026/04/14 13:58:52.690, 0 %, 0 MiB, 81920 MiB
2026/04/14 13:58:57.691, 0 %, 527 MiB, 81920 MiB
2026/04/14 13:58:57.691, 0 %, 0 MiB, 81920 MiB
2026/04/14 13:59:02.692, 0 %, 527 MiB, 81920 MiB
2026/04/14 13:59:02.692, 0 %, 0 MiB, 81920 MiB
2026/04/14 13:59:07.693, 0 %, 527 MiB, 81920 MiB
2026/04/14 13:59:07.693, 0 %, 0 MiB, 81920 MiB
2026/04/14 13:59:12.693, 0 %, 527 MiB, 81920 MiB
2026/04/14 13:59:12.693, 0 %, 0 MiB, 81920 MiB
2026/04/14 13:59:17.694, 0 %, 527 MiB, 81920 MiB
2026/04/14 13:59:17.694, 0 %, 0 MiB, 81920 MiB
2026/04/14 13:59:22.695, 7 %, 527 MiB, 81920 MiB
2026/04/14 13:59:22.695, 0 %, 0 MiB, 81920 MiB
2026/04/14 13:59:27.696, 2 %, 527 MiB, 81920 MiB
2026/04/14 13:59:27.696, 0 %, 0 MiB, 81920 MiB
2026/04/14 13:59:32.696, 0 %, 527 MiB, 81920 MiB
2026/04/14 13:59:32.696, 0 %, 0 MiB, 81920 MiB
2026/04/14 13:59:37.697, 0 %, 527 MiB, 81920 MiB
2026/04/14 13:59:37.697, 0 %, 0 MiB, 81920 MiB
2026/04/14 13:59:42.698, 18 %, 527 MiB, 81920 MiB
2026/04/14 13:59:42.698, 0 %, 0 MiB, 81920 MiB
2026/04/14 13:59:47.699, 0 %, 527 MiB, 81920 MiB
2026/04/14 13:59:47.699, 0 %, 0 MiB, 81920 MiB
2026/04/14 13:59:52.699, 5 %, 527 MiB, 81920 MiB
2026/04/14 13:59:52.700, 0 %, 0 MiB, 81920 MiB
2026/04/14 13:59:57.700, 0 %, 527 MiB, 81920 MiB
2026/04/14 13:59:57.700, 0 %, 0 MiB, 81920 MiB
2026/04/14 14:00:02.701, 12 %, 527 MiB, 81920 MiB
2026/04/14 14:00:02.701, 0 %, 0 MiB, 81920 MiB
2026/04/14 14:00:07.702, 8 %, 527 MiB, 81920 MiB
2026/04/14 14:00:07.702, 0 %, 0 MiB, 81920 MiB
2026/04/14 14:00:12.702, 18 %, 527 MiB, 81920 MiB
2026/04/14 14:00:12.702, 0 %, 0 MiB, 81920 MiB
2026/04/14 14:00:17.703, 14 %, 527 MiB, 81920 MiB
2026/04/14 14:00:17.703, 0 %, 0 MiB, 81920 MiB
2026/04/14 14:00:22.704, 4 %, 527 MiB, 81920 MiB
2026/04/14 14:00:22.704, 0 %, 0 MiB, 81920 MiB
2026/04/14 14:00:27.705, 0 %, 527 MiB, 81920 MiB
2026/04/14 14:00:27.705, 0 %, 0 MiB, 81920 MiB
2026/04/14 14:00:32.705, 12 %, 527 MiB, 81920 MiB
2026/04/14 14:00:32.705, 0 %, 0 MiB, 81920 MiB
2026/04/14 14:00:37.706, 6 %, 527 MiB, 81920 MiB
2026/04/14 14:00:37.706, 0 %, 0 MiB, 81920 MiB
2026/04/14 14:00:42.707, 18 %, 527 MiB, 81920 MiB
2026/04/14 14:00:42.707, 0 %, 0 MiB, 81920 MiB
2026/04/14 14:00:47.708, 13 %, 527 MiB, 81920 MiB
2026/04/14 14:00:47.708, 0 %, 0 MiB, 81920 MiB
2026/04/14 14:00:52.708, 15 %, 527 MiB, 81920 MiB
2026/04/14 14:00:52.708, 0 %, 0 MiB, 81920 MiB
2026/04/14 14:00:57.709, 19 %, 527 MiB, 81920 MiB
2026/04/14 14:00:57.709, 0 %, 0 MiB, 81920 MiB
2026/04/14 14:01:02.710, 10 %, 527 MiB, 81920 MiB
2026/04/14 14:01:02.710, 0 %, 0 MiB, 81920 MiB
2026/04/14 14:01:07.711, 6 %, 527 MiB, 81920 MiB
2026/04/14 14:01:07.711, 0 %, 0 MiB, 81920 MiB
2026/04/14 14:01:12.711, 18 %, 527 MiB, 81920 MiB
2026/04/14 14:01:12.711, 0 %, 0 MiB, 81920 MiB
2026/04/14 14:01:17.712, 13 %, 527 MiB, 81920 MiB
2026/04/14 14:01:17.712, 0 %, 0 MiB, 81920 MiB
2026/04/14 14:01:22.713, 16 %, 527 MiB, 81920 MiB
2026/04/14 14:01:22.713, 0 %, 0 MiB, 81920 MiB
2026/04/14 14:01:27.714, 18 %, 527 MiB, 81920 MiB
2026/04/14 14:01:27.714, 0 %, 0 MiB, 81920 MiB
2026/04/14 14:01:32.714, 10 %, 527 MiB, 81920 MiB
2026/04/14 14:01:32.714, 0 %, 0 MiB, 81920 MiB
2026/04/14 14:01:37.715, 14 %, 527 MiB, 81920 MiB
2026/04/14 14:01:37.715, 0 %, 0 MiB, 81920 MiB
2026/04/14 14:01:42.716, 15 %, 527 MiB, 81920 MiB
2026/04/14 14:01:42.716, 0 %, 0 MiB, 81920 MiB
2026/04/14 14:01:47.716, 10 %, 527 MiB, 81920 MiB
2026/04/14 14:01:47.717, 0 %, 0 MiB, 81920 MiB
2026/04/14 14:01:52.717, 19 %, 527 MiB, 81920 MiB
2026/04/14 14:01:52.717, 0 %, 0 MiB, 81920 MiB
2026/04/14 14:01:57.718, 17 %, 527 MiB, 81920 MiB
2026/04/14 14:01:57.718, 0 %, 0 MiB, 81920 MiB
2026/04/14 14:02:02.719, 12 %, 527 MiB, 81920 MiB
2026/04/14 14:02:02.719, 0 %, 0 MiB, 81920 MiB
2026/04/14 14:02:07.719, 18 %, 527 MiB, 81920 MiB
2026/04/14 14:02:07.720, 0 %, 0 MiB, 81920 MiB
2026/04/14 14:02:12.720, 6 %, 527 MiB, 81920 MiB
2026/04/14 14:02:12.720, 0 %, 0 MiB, 81920 MiB
2026/04/14 14:02:17.721, 11 %, 527 MiB, 81920 MiB
2026/04/14 14:02:17.721, 0 %, 0 MiB, 81920 MiB
2026/04/14 14:02:22.722, 18 %, 527 MiB, 81920 MiB
2026/04/14 14:02:22.722, 0 %, 0 MiB, 81920 MiB
2026/04/14 14:02:27.722, 5 %, 527 MiB, 81920 MiB
2026/04/14 14:02:27.722, 0 %, 0 MiB, 81920 MiB
2026/04/14 14:02:32.723, 15 %, 527 MiB, 81920 MiB
2026/04/14 14:02:32.723, 0 %, 0 MiB, 81920 MiB
2026/04/14 14:02:37.724, 19 %, 527 MiB, 81920 MiB
2026/04/14 14:02:37.724, 0 %, 0 MiB, 81920 MiB
2026/04/14 14:02:42.725, 7 %, 527 MiB, 81920 MiB
2026/04/14 14:02:42.725, 0 %, 0 MiB, 81920 MiB
2026/04/14 14:02:47.725, 11 %, 527 MiB, 81920 MiB
2026/04/14 14:02:47.725, 0 %, 0 MiB, 81920 MiB
2026/04/14 14:02:52.726, 1 %, 527 MiB, 81920 MiB
2026/04/14 14:02:52.726, 0 %, 0 MiB, 81920 MiB
2026/04/14 14:02:57.727, 14 %, 527 MiB, 81920 MiB
2026/04/14 14:02:57.727, 0 %, 0 MiB, 81920 MiB
2026/04/14 14:03:02.727, 15 %, 527 MiB, 81920 MiB
2026/04/14 14:03:02.728, 0 %, 0 MiB, 81920 MiB
2026/04/14 14:03:07.728, 0 %, 527 MiB, 81920 MiB
2026/04/14 14:03:07.728, 0 %, 0 MiB, 81920 MiB
2026/04/14 14:03:12.729, 7 %, 527 MiB, 81920 MiB
2026/04/14 14:03:12.729, 0 %, 0 MiB, 81920 MiB
2026/04/14 14:03:17.730, 13 %, 527 MiB, 81920 MiB
2026/04/14 14:03:17.730, 0 %, 0 MiB, 81920 MiB
2026/04/14 14:03:22.730, 1 %, 527 MiB, 81920 MiB
2026/04/14 14:03:22.730, 0 %, 0 MiB, 81920 MiB
2026/04/14 14:03:27.731, 5 %, 527 MiB, 81920 MiB
2026/04/14 14:03:27.731, 0 %, 0 MiB, 81920 MiB
2026/04/14 14:03:32.732, 0 %, 527 MiB, 81920 MiB
2026/04/14 14:03:32.732, 0 %, 0 MiB, 81920 MiB
2026/04/14 14:03:37.733, 1 %, 527 MiB, 81920 MiB
2026/04/14 14:03:37.733, 0 %, 0 MiB, 81920 MiB
2026/04/14 14:03:42.733, 0 %, 527 MiB, 81920 MiB
2026/04/14 14:03:42.733, 0 %, 0 MiB, 81920 MiB
2026/04/14 14:03:47.734, 0 %, 527 MiB, 81920 MiB
2026/04/14 14:03:47.734, 0 %, 0 MiB, 81920 MiB
2026/04/14 14:03:52.735, 0 %, 527 MiB, 81920 MiB
2026/04/14 14:03:52.735, 0 %, 0 MiB, 81920 MiB
2026/04/14 14:03:57.736, 8 %, 527 MiB, 81920 MiB
2026/04/14 14:03:57.736, 0 %, 0 MiB, 81920 MiB
2026/04/14 14:04:02.736, 0 %, 527 MiB, 81920 MiB
2026/04/14 14:04:02.737, 0 %, 0 MiB, 81920 MiB
2026/04/14 14:04:07.737, 1 %, 527 MiB, 81920 MiB
2026/04/14 14:04:07.737, 0 %, 0 MiB, 81920 MiB
2026/04/14 14:04:12.738, 0 %, 527 MiB, 81920 MiB
2026/04/14 14:04:12.738, 0 %, 0 MiB, 81920 MiB
2026/04/14 14:04:17.739, 0 %, 527 MiB, 81920 MiB
2026/04/14 14:04:17.739, 0 %, 0 MiB, 81920 MiB
2026/04/14 14:04:22.740, 6 %, 527 MiB, 81920 MiB
2026/04/14 14:04:22.740, 0 %, 0 MiB, 81920 MiB
2026/04/14 14:04:27.741, 0 %, 527 MiB, 81920 MiB
2026/04/14 14:04:27.741, 0 %, 0 MiB, 81920 MiB
2026/04/14 14:04:32.741, 0 %, 527 MiB, 81920 MiB
2026/04/14 14:04:32.742, 0 %, 0 MiB, 81920 MiB
2026/04/14 14:04:37.742, 3 %, 527 MiB, 81920 MiB
2026/04/14 14:04:37.742, 0 %, 0 MiB, 81920 MiB
2026/04/14 14:04:42.743, 0 %, 527 MiB, 81920 MiB
2026/04/14 14:04:42.743, 0 %, 0 MiB, 81920 MiB
2026/04/14 14:04:47.744, 0 %, 527 MiB, 81920 MiB
2026/04/14 14:04:47.744, 0 %, 0 MiB, 81920 MiB
2026/04/14 14:04:52.745, 0 %, 527 MiB, 81920 MiB
2026/04/14 14:04:52.745, 0 %, 0 MiB, 81920 MiB
2026/04/14 14:04:57.745, 0 %, 527 MiB, 81920 MiB
2026/04/14 14:04:57.746, 0 %, 0 MiB, 81920 MiB
2026/04/14 14:05:02.746, 0 %, 527 MiB, 81920 MiB
2026/04/14 14:05:02.746, 0 %, 0 MiB, 81920 MiB
2026/04/14 14:05:07.747, 7 %, 527 MiB, 81920 MiB
2026/04/14 14:05:07.747, 0 %, 0 MiB, 81920 MiB
2026/04/14 14:05:12.748, 0 %, 527 MiB, 81920 MiB
2026/04/14 14:05:12.748, 0 %, 0 MiB, 81920 MiB
2026/04/14 14:05:17.749, 1 %, 527 MiB, 81920 MiB
2026/04/14 14:05:17.749, 0 %, 0 MiB, 81920 MiB
2026/04/14 14:05:22.750, 0 %, 527 MiB, 81920 MiB
2026/04/14 14:05:22.750, 0 %, 0 MiB, 81920 MiB
2026/04/14 14:05:27.751, 0 %, 527 MiB, 81920 MiB
2026/04/14 14:05:27.751, 0 %, 0 MiB, 81920 MiB
2026/04/14 14:05:32.751, 0 %, 527 MiB, 81920 MiB
2026/04/14 14:05:32.752, 0 %, 0 MiB, 81920 MiB
2026/04/14 14:05:37.752, 0 %, 527 MiB, 81920 MiB
2026/04/14 14:05:37.752, 0 %, 0 MiB, 81920 MiB
2026/04/14 14:05:42.753, 0 %, 527 MiB, 81920 MiB
2026/04/14 14:05:42.753, 0 %, 0 MiB, 81920 MiB
2026/04/14 14:05:47.754, 2 %, 527 MiB, 81920 MiB
2026/04/14 14:05:47.754, 0 %, 0 MiB, 81920 MiB
2026/04/14 14:05:52.755, 0 %, 527 MiB, 81920 MiB
2026/04/14 14:05:52.755, 0 %, 0 MiB, 81920 MiB
2026/04/14 14:05:57.756, 0 %, 527 MiB, 81920 MiB
2026/04/14 14:05:57.756, 0 %, 0 MiB, 81920 MiB
2026/04/14 14:06:02.756, 0 %, 527 MiB, 81920 MiB
2026/04/14 14:06:02.756, 0 %, 0 MiB, 81920 MiB
2026/04/14 14:06:07.757, 0 %, 527 MiB, 81920 MiB
2026/04/14 14:06:07.757, 0 %, 0 MiB, 81920 MiB
2026/04/14 14:06:12.758, 0 %, 527 MiB, 81920 MiB
2026/04/14 14:06:12.758, 0 %, 0 MiB, 81920 MiB
2026/04/14 14:06:17.759, 0 %, 527 MiB, 81920 MiB
2026/04/14 14:06:17.759, 0 %, 0 MiB, 81920 MiB
2026/04/14 14:06:22.760, 0 %, 527 MiB, 81920 MiB
2026/04/14 14:06:22.760, 0 %, 0 MiB, 81920 MiB
2026/04/14 14:06:27.760, 1 %, 527 MiB, 81920 MiB
2026/04/14 14:06:27.761, 0 %, 0 MiB, 81920 MiB
2026/04/14 14:06:32.761, 0 %, 527 MiB, 81920 MiB
2026/04/14 14:06:32.761, 0 %, 0 MiB, 81920 MiB
2026/04/14 14:06:37.762, 0 %, 527 MiB, 81920 MiB
2026/04/14 14:06:37.762, 0 %, 0 MiB, 81920 MiB
2026/04/14 14:06:42.763, 0 %, 527 MiB, 81920 MiB
2026/04/14 14:06:42.763, 0 %, 0 MiB, 81920 MiB
2026/04/14 14:06:47.764, 0 %, 527 MiB, 81920 MiB
2026/04/14 14:06:47.764, 0 %, 0 MiB, 81920 MiB
2026/04/14 14:06:52.765, 0 %, 527 MiB, 81920 MiB
2026/04/14 14:06:52.765, 0 %, 0 MiB, 81920 MiB
2026/04/14 14:06:57.765, 0 %, 527 MiB, 81920 MiB
2026/04/14 14:06:57.766, 0 %, 0 MiB, 81920 MiB
2026/04/14 14:07:02.766, 0 %, 527 MiB, 81920 MiB
2026/04/14 14:07:02.766, 0 %, 0 MiB, 81920 MiB
2026/04/14 14:07:07.767, 0 %, 527 MiB, 81920 MiB
2026/04/14 14:07:07.767, 0 %, 0 MiB, 81920 MiB
2026/04/14 14:07:12.768, 0 %, 527 MiB, 81920 MiB
2026/04/14 14:07:12.768, 0 %, 0 MiB, 81920 MiB
2026/04/14 14:07:17.769, 0 %, 527 MiB, 81920 MiB
2026/04/14 14:07:17.769, 0 %, 0 MiB, 81920 MiB
2026/04/14 14:07:22.770, 0 %, 527 MiB, 81920 MiB
2026/04/14 14:07:22.770, 0 %, 0 MiB, 81920 MiB
2026/04/14 14:07:27.770, 0 %, 527 MiB, 81920 MiB
2026/04/14 14:07:27.771, 0 %, 0 MiB, 81920 MiB
2026/04/14 14:07:32.771, 0 %, 527 MiB, 81920 MiB
2026/04/14 14:07:32.771, 0 %, 0 MiB, 81920 MiB
2026/04/14 14:07:37.772, 0 %, 527 MiB, 81920 MiB
2026/04/14 14:07:37.772, 0 %, 0 MiB, 81920 MiB
2026/04/14 14:07:42.773, 0 %, 527 MiB, 81920 MiB
2026/04/14 14:07:42.773, 0 %, 0 MiB, 81920 MiB
2026/04/14 14:07:47.774, 0 %, 527 MiB, 81920 MiB
2026/04/14 14:07:47.774, 0 %, 0 MiB, 81920 MiB
2026/04/14 14:07:52.774, 0 %, 527 MiB, 81920 MiB
2026/04/14 14:07:52.775, 0 %, 0 MiB, 81920 MiB
2026/04/14 14:07:57.775, 0 %, 527 MiB, 81920 MiB
2026/04/14 14:07:57.775, 0 %, 0 MiB, 81920 MiB
2026/04/14 14:08:02.776, 0 %, 527 MiB, 81920 MiB
2026/04/14 14:08:02.776, 0 %, 0 MiB, 81920 MiB
2026/04/14 14:08:07.777, 0 %, 527 MiB, 81920 MiB
2026/04/14 14:08:07.777, 0 %, 0 MiB, 81920 MiB
2026/04/14 14:08:12.777, 0 %, 527 MiB, 81920 MiB
2026/04/14 14:08:12.777, 0 %, 0 MiB, 81920 MiB
2026/04/14 14:08:17.778, 0 %, 527 MiB, 81920 MiB
2026/04/14 14:08:17.778, 0 %, 0 MiB, 81920 MiB
2026/04/14 14:08:22.779, 0 %, 527 MiB, 81920 MiB
2026/04/14 14:08:22.779, 0 %, 0 MiB, 81920 MiB
2026/04/14 14:08:27.780, 0 %, 527 MiB, 81920 MiB
2026/04/14 14:08:27.780, 0 %, 0 MiB, 81920 MiB
2026/04/14 14:08:32.780, 0 %, 527 MiB, 81920 MiB
2026/04/14 14:08:32.780, 0 %, 0 MiB, 81920 MiB
2026/04/14 14:08:37.781, 0 %, 527 MiB, 81920 MiB
2026/04/14 14:08:37.781, 0 %, 0 MiB, 81920 MiB
2026/04/14 14:08:42.782, 0 %, 527 MiB, 81920 MiB
2026/04/14 14:08:42.782, 0 %, 0 MiB, 81920 MiB
2026/04/14 14:08:47.783, 0 %, 527 MiB, 81920 MiB
2026/04/14 14:08:47.783, 0 %, 0 MiB, 81920 MiB
2026/04/14 14:08:52.783, 0 %, 527 MiB, 81920 MiB
2026/04/14 14:08:52.783, 0 %, 0 MiB, 81920 MiB
2026/04/14 14:08:57.784, 0 %, 527 MiB, 81920 MiB
2026/04/14 14:08:57.784, 0 %, 0 MiB, 81920 MiB
2026/04/14 14:09:02.785, 0 %, 527 MiB, 81920 MiB
2026/04/14 14:09:02.785, 0 %, 0 MiB, 81920 MiB
2026/04/14 14:09:07.785, 0 %, 527 MiB, 81920 MiB
2026/04/14 14:09:07.786, 0 %, 0 MiB, 81920 MiB
2026/04/14 14:09:12.786, 0 %, 527 MiB, 81920 MiB
2026/04/14 14:09:12.786, 0 %, 0 MiB, 81920 MiB
2026/04/14 14:09:17.787, 0 %, 527 MiB, 81920 MiB
2026/04/14 14:09:17.787, 0 %, 0 MiB, 81920 MiB
2026/04/14 14:09:22.787, 0 %, 527 MiB, 81920 MiB
2026/04/14 14:09:22.788, 0 %, 0 MiB, 81920 MiB
2026/04/14 14:09:27.788, 0 %, 527 MiB, 81920 MiB
2026/04/14 14:09:27.788, 0 %, 0 MiB, 81920 MiB
2026/04/14 14:09:32.789, 0 %, 527 MiB, 81920 MiB
2026/04/14 14:09:32.789, 0 %, 0 MiB, 81920 MiB
2026/04/14 14:09:37.790, 0 %, 493 MiB, 81920 MiB
2026/04/14 14:09:37.790, 0 %, 0 MiB, 81920 MiB
2026/04/14 14:09:42.790, 0 %, 493 MiB, 81920 MiB
2026/04/14 14:09:42.790, 0 %, 0 MiB, 81920 MiB
2026/04/14 14:09:47.792, 0 %, 493 MiB, 81920 MiB
2026/04/14 14:09:47.792, 0 %, 0 MiB, 81920 MiB
2026/04/14 14:09:52.792, 0 %, 493 MiB, 81920 MiB
2026/04/14 14:09:52.793, 0 %, 0 MiB, 81920 MiB
2026/04/14 14:09:57.793, 0 %, 493 MiB, 81920 MiB
2026/04/14 14:09:57.793, 0 %, 0 MiB, 81920 MiB
2026/04/14 14:10:02.794, 0 %, 493 MiB, 81920 MiB
2026/04/14 14:10:02.794, 0 %, 0 MiB, 81920 MiB
2026/04/14 14:10:07.795, 0 %, 493 MiB, 81920 MiB
2026/04/14 14:10:07.795, 0 %, 0 MiB, 81920 MiB
2026/04/14 14:10:12.796, 0 %, 493 MiB, 81920 MiB
2026/04/14 14:10:12.796, 0 %, 0 MiB, 81920 MiB
2026/04/14 14:10:17.797, 0 %, 493 MiB, 81920 MiB
2026/04/14 14:10:17.797, 0 %, 0 MiB, 81920 MiB
2026/04/14 14:10:22.798, 0 %, 493 MiB, 81920 MiB
2026/04/14 14:10:22.798, 0 %, 0 MiB, 81920 MiB
2026/04/14 14:10:27.799, 0 %, 493 MiB, 81920 MiB
2026/04/14 14:10:27.799, 0 %, 0 MiB, 81920 MiB
2026/04/14 14:10:32.861, 0 %, 493 MiB, 81920 MiB
2026/04/14 14:10:32.862, 0 %, 0 MiB, 81920 MiB
2026/04/14 14:10:37.862, 0 %, 493 MiB, 81920 MiB
2026/04/14 14:10:37.863, 0 %, 0 MiB, 81920 MiB
2026/04/14 14:10:42.864, 0 %, 493 MiB, 81920 MiB
2026/04/14 14:10:42.864, 0 %, 0 MiB, 81920 MiB
2026/04/14 14:10:47.864, 0 %, 493 MiB, 81920 MiB
2026/04/14 14:10:47.865, 0 %, 0 MiB, 81920 MiB
2026/04/14 14:10:52.865, 0 %, 493 MiB, 81920 MiB
2026/04/14 14:10:52.865, 0 %, 0 MiB, 81920 MiB
2026/04/14 14:10:57.866, 0 %, 493 MiB, 81920 MiB
2026/04/14 14:10:57.866, 0 %, 0 MiB, 81920 MiB
2026/04/14 14:11:02.867, 0 %, 493 MiB, 81920 MiB
2026/04/14 14:11:02.867, 0 %, 0 MiB, 81920 MiB
2026/04/14 14:11:07.868, 0 %, 493 MiB, 81920 MiB
2026/04/14 14:11:07.868, 0 %, 0 MiB, 81920 MiB
2026/04/14 14:11:12.869, 0 %, 493 MiB, 81920 MiB
2026/04/14 14:11:12.869, 0 %, 0 MiB, 81920 MiB
2026/04/14 14:11:17.870, 0 %, 493 MiB, 81920 MiB
2026/04/14 14:11:17.870, 0 %, 0 MiB, 81920 MiB
2026/04/14 14:11:22.871, 0 %, 493 MiB, 81920 MiB
2026/04/14 14:11:22.871, 0 %, 0 MiB, 81920 MiB
2026/04/14 14:11:27.871, 0 %, 493 MiB, 81920 MiB
2026/04/14 14:11:27.872, 0 %, 0 MiB, 81920 MiB
2026/04/14 14:11:32.872, 0 %, 493 MiB, 81920 MiB
2026/04/14 14:11:32.873, 0 %, 0 MiB, 81920 MiB
2026/04/14 14:11:37.873, 0 %, 493 MiB, 81920 MiB
2026/04/14 14:11:37.873, 0 %, 0 MiB, 81920 MiB
2026/04/14 14:11:42.874, 0 %, 527 MiB, 81920 MiB
2026/04/14 14:11:42.874, 0 %, 0 MiB, 81920 MiB
2026/04/14 14:11:47.875, 0 %, 527 MiB, 81920 MiB
2026/04/14 14:11:47.875, 0 %, 0 MiB, 81920 MiB
2026/04/14 14:11:52.876, 0 %, 527 MiB, 81920 MiB
2026/04/14 14:11:52.876, 0 %, 0 MiB, 81920 MiB
2026/04/14 14:11:57.877, 0 %, 527 MiB, 81920 MiB
2026/04/14 14:11:57.877, 0 %, 0 MiB, 81920 MiB
2026/04/14 14:12:02.878, 0 %, 527 MiB, 81920 MiB
2026/04/14 14:12:02.878, 0 %, 0 MiB, 81920 MiB
2026/04/14 14:12:07.879, 0 %, 527 MiB, 81920 MiB
2026/04/14 14:12:07.879, 0 %, 0 MiB, 81920 MiB
2026/04/14 14:12:12.879, 0 %, 527 MiB, 81920 MiB
2026/04/14 14:12:12.880, 0 %, 0 MiB, 81920 MiB
2026/04/14 14:12:17.880, 0 %, 527 MiB, 81920 MiB
2026/04/14 14:12:17.880, 0 %, 0 MiB, 81920 MiB
2026/04/14 14:12:22.881, 0 %, 527 MiB, 81920 MiB
2026/04/14 14:12:22.881, 0 %, 0 MiB, 81920 MiB
2026/04/14 14:12:27.882, 0 %, 527 MiB, 81920 MiB
2026/04/14 14:12:27.882, 0 %, 0 MiB, 81920 MiB
2026/04/14 14:12:32.883, 6 %, 527 MiB, 81920 MiB
2026/04/14 14:12:32.883, 0 %, 0 MiB, 81920 MiB
2026/04/14 14:12:37.884, 0 %, 527 MiB, 81920 MiB
2026/04/14 14:12:37.884, 0 %, 0 MiB, 81920 MiB
2026/04/14 14:12:42.885, 0 %, 527 MiB, 81920 MiB
2026/04/14 14:12:42.885, 0 %, 0 MiB, 81920 MiB
2026/04/14 14:12:47.886, 0 %, 527 MiB, 81920 MiB
2026/04/14 14:12:47.886, 0 %, 0 MiB, 81920 MiB
2026/04/14 14:12:52.887, 4 %, 527 MiB, 81920 MiB
2026/04/14 14:12:52.887, 0 %, 0 MiB, 81920 MiB
2026/04/14 14:12:57.888, 0 %, 527 MiB, 81920 MiB
2026/04/14 14:12:57.888, 0 %, 0 MiB, 81920 MiB
2026/04/14 14:13:02.888, 0 %, 527 MiB, 81920 MiB
2026/04/14 14:13:02.889, 0 %, 0 MiB, 81920 MiB
2026/04/14 14:13:07.889, 0 %, 527 MiB, 81920 MiB
2026/04/14 14:13:07.889, 0 %, 0 MiB, 81920 MiB
2026/04/14 14:13:12.890, 2 %, 527 MiB, 81920 MiB
2026/04/14 14:13:12.890, 0 %, 0 MiB, 81920 MiB
2026/04/14 14:13:17.891, 0 %, 527 MiB, 81920 MiB
2026/04/14 14:13:17.891, 0 %, 0 MiB, 81920 MiB
2026/04/14 14:13:22.892, 10 %, 527 MiB, 81920 MiB
2026/04/14 14:13:22.892, 0 %, 0 MiB, 81920 MiB
2026/04/14 14:13:27.893, 8 %, 527 MiB, 81920 MiB
2026/04/14 14:13:27.893, 0 %, 0 MiB, 81920 MiB
2026/04/14 14:13:32.894, 18 %, 527 MiB, 81920 MiB
2026/04/14 14:13:32.894, 0 %, 0 MiB, 81920 MiB
2026/04/14 14:13:37.895, 17 %, 527 MiB, 81920 MiB
2026/04/14 14:13:37.895, 0 %, 0 MiB, 81920 MiB
2026/04/14 14:13:42.896, 11 %, 527 MiB, 81920 MiB
2026/04/14 14:13:42.896, 0 %, 0 MiB, 81920 MiB
2026/04/14 14:13:47.896, 4 %, 527 MiB, 81920 MiB
2026/04/14 14:13:47.897, 0 %, 0 MiB, 81920 MiB
2026/04/14 14:13:52.897, 17 %, 527 MiB, 81920 MiB
2026/04/14 14:13:52.898, 0 %, 0 MiB, 81920 MiB
2026/04/14 14:13:57.898, 13 %, 527 MiB, 81920 MiB
2026/04/14 14:13:57.898, 0 %, 0 MiB, 81920 MiB
2026/04/14 14:14:02.899, 15 %, 527 MiB, 81920 MiB
2026/04/14 14:14:02.899, 0 %, 0 MiB, 81920 MiB
2026/04/14 14:14:07.900, 19 %, 527 MiB, 81920 MiB
2026/04/14 14:14:07.900, 0 %, 0 MiB, 81920 MiB
2026/04/14 14:14:12.901, 7 %, 527 MiB, 81920 MiB
2026/04/14 14:14:12.901, 0 %, 0 MiB, 81920 MiB
2026/04/14 14:14:17.902, 11 %, 527 MiB, 81920 MiB
2026/04/14 14:14:17.902, 0 %, 0 MiB, 81920 MiB
2026/04/14 14:14:22.903, 0 %, 527 MiB, 81920 MiB
2026/04/14 14:14:22.903, 0 %, 0 MiB, 81920 MiB
2026/04/14 14:14:27.904, 2 %, 527 MiB, 81920 MiB
2026/04/14 14:14:27.904, 0 %, 0 MiB, 81920 MiB
2026/04/14 14:14:32.905, 11 %, 527 MiB, 81920 MiB
2026/04/14 14:14:32.905, 0 %, 0 MiB, 81920 MiB
2026/04/14 14:14:37.905, 15 %, 527 MiB, 81920 MiB
2026/04/14 14:14:37.906, 0 %, 0 MiB, 81920 MiB
2026/04/14 14:14:42.906, 3 %, 527 MiB, 81920 MiB
2026/04/14 14:14:42.907, 0 %, 0 MiB, 81920 MiB
2026/04/14 14:14:47.907, 8 %, 527 MiB, 81920 MiB
2026/04/14 14:14:47.908, 0 %, 0 MiB, 81920 MiB
2026/04/14 14:14:52.908, 0 %, 527 MiB, 81920 MiB
2026/04/14 14:14:52.908, 0 %, 0 MiB, 81920 MiB
2026/04/14 14:14:57.909, 1 %, 527 MiB, 81920 MiB
2026/04/14 14:14:57.909, 0 %, 0 MiB, 81920 MiB
2026/04/14 14:15:02.910, 0 %, 527 MiB, 81920 MiB
2026/04/14 14:15:02.910, 0 %, 0 MiB, 81920 MiB
2026/04/14 14:15:07.911, 0 %, 527 MiB, 81920 MiB
2026/04/14 14:15:07.911, 0 %, 0 MiB, 81920 MiB
2026/04/14 14:15:12.912, 1 %, 527 MiB, 81920 MiB
2026/04/14 14:15:12.912, 0 %, 0 MiB, 81920 MiB
2026/04/14 14:15:17.913, 4 %, 527 MiB, 81920 MiB
2026/04/14 14:15:17.913, 0 %, 0 MiB, 81920 MiB
2026/04/14 14:15:22.914, 0 %, 527 MiB, 81920 MiB
2026/04/14 14:15:22.914, 0 %, 0 MiB, 81920 MiB
2026/04/14 14:15:27.915, 0 %, 527 MiB, 81920 MiB
2026/04/14 14:15:27.915, 0 %, 0 MiB, 81920 MiB
2026/04/14 14:15:32.916, 0 %, 527 MiB, 81920 MiB
2026/04/14 14:15:32.916, 0 %, 0 MiB, 81920 MiB
2026/04/14 14:15:37.917, 0 %, 527 MiB, 81920 MiB
2026/04/14 14:15:37.917, 0 %, 0 MiB, 81920 MiB
2026/04/14 14:15:42.917, 0 %, 527 MiB, 81920 MiB
2026/04/14 14:15:42.918, 0 %, 0 MiB, 81920 MiB
2026/04/14 14:15:47.918, 0 %, 527 MiB, 81920 MiB
2026/04/14 14:15:47.919, 0 %, 0 MiB, 81920 MiB
2026/04/14 14:15:52.919, 0 %, 527 MiB, 81920 MiB
2026/04/14 14:15:52.920, 0 %, 0 MiB, 81920 MiB
2026/04/14 14:15:57.920, 0 %, 527 MiB, 81920 MiB
2026/04/14 14:15:57.921, 0 %, 0 MiB, 81920 MiB
2026/04/14 14:16:02.921, 0 %, 527 MiB, 81920 MiB
2026/04/14 14:16:02.921, 0 %, 0 MiB, 81920 MiB
2026/04/14 14:16:07.922, 0 %, 527 MiB, 81920 MiB
2026/04/14 14:16:07.922, 0 %, 0 MiB, 81920 MiB
2026/04/14 14:16:12.923, 0 %, 527 MiB, 81920 MiB
2026/04/14 14:16:12.923, 0 %, 0 MiB, 81920 MiB
2026/04/14 14:16:17.924, 0 %, 527 MiB, 81920 MiB
2026/04/14 14:16:17.924, 0 %, 0 MiB, 81920 MiB
2026/04/14 14:16:22.925, 0 %, 527 MiB, 81920 MiB
2026/04/14 14:16:22.925, 0 %, 0 MiB, 81920 MiB
2026/04/14 14:16:27.926, 0 %, 527 MiB, 81920 MiB
2026/04/14 14:16:27.926, 0 %, 0 MiB, 81920 MiB
2026/04/14 14:16:32.927, 0 %, 527 MiB, 81920 MiB
2026/04/14 14:16:32.927, 0 %, 0 MiB, 81920 MiB
2026/04/14 14:16:37.928, 0 %, 527 MiB, 81920 MiB
2026/04/14 14:16:37.928, 0 %, 0 MiB, 81920 MiB
2026/04/14 14:16:42.929, 0 %, 527 MiB, 81920 MiB
2026/04/14 14:16:42.929, 0 %, 0 MiB, 81920 MiB
2026/04/14 14:16:47.930, 0 %, 527 MiB, 81920 MiB
2026/04/14 14:16:47.930, 0 %, 0 MiB, 81920 MiB
2026/04/14 14:16:52.931, 0 %, 527 MiB, 81920 MiB
2026/04/14 14:16:52.931, 0 %, 0 MiB, 81920 MiB
2026/04/14 14:16:57.932, 0 %, 527 MiB, 81920 MiB
2026/04/14 14:16:57.932, 0 %, 0 MiB, 81920 MiB
2026/04/14 14:17:02.933, 0 %, 527 MiB, 81920 MiB
2026/04/14 14:17:02.933, 0 %, 0 MiB, 81920 MiB
2026/04/14 14:17:07.934, 0 %, 527 MiB, 81920 MiB
2026/04/14 14:17:07.934, 0 %, 0 MiB, 81920 MiB
2026/04/14 14:17:12.935, 0 %, 527 MiB, 81920 MiB
2026/04/14 14:17:12.935, 0 %, 0 MiB, 81920 MiB
2026/04/14 14:17:17.936, 0 %, 527 MiB, 81920 MiB
2026/04/14 14:17:17.936, 0 %, 0 MiB, 81920 MiB
2026/04/14 14:17:22.937, 0 %, 527 MiB, 81920 MiB
2026/04/14 14:17:22.937, 0 %, 0 MiB, 81920 MiB
2026/04/14 14:17:27.938, 0 %, 527 MiB, 81920 MiB
2026/04/14 14:17:27.938, 0 %, 0 MiB, 81920 MiB
2026/04/14 14:17:32.938, 0 %, 527 MiB, 81920 MiB
2026/04/14 14:17:32.939, 0 %, 0 MiB, 81920 MiB
2026/04/14 14:17:37.939, 0 %, 527 MiB, 81920 MiB
2026/04/14 14:17:37.940, 0 %, 0 MiB, 81920 MiB
2026/04/14 14:17:42.940, 0 %, 527 MiB, 81920 MiB
2026/04/14 14:17:42.941, 0 %, 0 MiB, 81920 MiB
2026/04/14 14:17:47.941, 0 %, 527 MiB, 81920 MiB
2026/04/14 14:17:47.941, 0 %, 0 MiB, 81920 MiB
2026/04/14 14:17:52.942, 0 %, 527 MiB, 81920 MiB
2026/04/14 14:17:52.942, 0 %, 0 MiB, 81920 MiB
2026/04/14 14:17:57.943, 0 %, 527 MiB, 81920 MiB
2026/04/14 14:17:57.943, 0 %, 0 MiB, 81920 MiB
2026/04/14 14:18:02.944, 0 %, 527 MiB, 81920 MiB
2026/04/14 14:18:02.944, 0 %, 0 MiB, 81920 MiB
2026/04/14 14:18:07.945, 0 %, 527 MiB, 81920 MiB
2026/04/14 14:18:07.945, 0 %, 0 MiB, 81920 MiB
2026/04/14 14:18:12.946, 0 %, 527 MiB, 81920 MiB
2026/04/14 14:18:12.946, 0 %, 0 MiB, 81920 MiB
2026/04/14 14:18:17.947, 0 %, 527 MiB, 81920 MiB
2026/04/14 14:18:17.947, 0 %, 0 MiB, 81920 MiB
2026/04/14 14:18:22.948, 0 %, 527 MiB, 81920 MiB
2026/04/14 14:18:22.948, 0 %, 0 MiB, 81920 MiB
2026/04/14 14:18:27.949, 0 %, 527 MiB, 81920 MiB
2026/04/14 14:18:27.949, 0 %, 0 MiB, 81920 MiB
2026/04/14 14:18:32.950, 0 %, 527 MiB, 81920 MiB
2026/04/14 14:18:32.950, 0 %, 0 MiB, 81920 MiB
2026/04/14 14:18:37.950, 0 %, 527 MiB, 81920 MiB
2026/04/14 14:18:37.951, 0 %, 0 MiB, 81920 MiB
2026/04/14 14:18:42.951, 0 %, 527 MiB, 81920 MiB
2026/04/14 14:18:42.951, 0 %, 0 MiB, 81920 MiB
2026/04/14 14:18:47.952, 0 %, 527 MiB, 81920 MiB
2026/04/14 14:18:47.952, 0 %, 0 MiB, 81920 MiB
2026/04/14 14:18:52.953, 0 %, 527 MiB, 81920 MiB
2026/04/14 14:18:52.953, 0 %, 0 MiB, 81920 MiB
2026/04/14 14:18:57.954, 0 %, 527 MiB, 81920 MiB
2026/04/14 14:18:57.954, 0 %, 0 MiB, 81920 MiB
2026/04/14 14:19:02.955, 0 %, 527 MiB, 81920 MiB
2026/04/14 14:19:02.955, 0 %, 0 MiB, 81920 MiB
2026/04/14 14:19:07.956, 0 %, 527 MiB, 81920 MiB
2026/04/14 14:19:07.956, 0 %, 0 MiB, 81920 MiB
2026/04/14 14:19:12.957, 0 %, 527 MiB, 81920 MiB
2026/04/14 14:19:12.957, 0 %, 0 MiB, 81920 MiB
2026/04/14 14:19:17.957, 0 %, 527 MiB, 81920 MiB
2026/04/14 14:19:17.958, 0 %, 0 MiB, 81920 MiB
2026/04/14 14:19:22.958, 0 %, 527 MiB, 81920 MiB
2026/04/14 14:19:22.959, 0 %, 0 MiB, 81920 MiB
2026/04/14 14:19:27.959, 0 %, 527 MiB, 81920 MiB
2026/04/14 14:19:27.959, 0 %, 0 MiB, 81920 MiB
2026/04/14 14:19:32.960, 0 %, 527 MiB, 81920 MiB
2026/04/14 14:19:32.960, 0 %, 0 MiB, 81920 MiB
2026/04/14 14:19:37.961, 0 %, 527 MiB, 81920 MiB
2026/04/14 14:19:37.961, 0 %, 0 MiB, 81920 MiB
2026/04/14 14:19:42.962, 0 %, 527 MiB, 81920 MiB
2026/04/14 14:19:42.962, 0 %, 0 MiB, 81920 MiB
2026/04/14 14:19:47.963, 0 %, 527 MiB, 81920 MiB
2026/04/14 14:19:47.963, 0 %, 0 MiB, 81920 MiB
2026/04/14 14:19:52.964, 0 %, 527 MiB, 81920 MiB
2026/04/14 14:19:52.964, 0 %, 0 MiB, 81920 MiB
2026/04/14 14:19:57.965, 0 %, 527 MiB, 81920 MiB
2026/04/14 14:19:57.965, 0 %, 0 MiB, 81920 MiB
2026/04/14 14:20:02.966, 0 %, 527 MiB, 81920 MiB
2026/04/14 14:20:02.966, 0 %, 0 MiB, 81920 MiB
2026/04/14 14:20:07.966, 0 %, 527 MiB, 81920 MiB
2026/04/14 14:20:07.967, 0 %, 0 MiB, 81920 MiB
2026/04/14 14:20:12.967, 0 %, 527 MiB, 81920 MiB
2026/04/14 14:20:12.967, 0 %, 0 MiB, 81920 MiB
2026/04/14 14:20:17.968, 0 %, 527 MiB, 81920 MiB
2026/04/14 14:20:17.968, 0 %, 0 MiB, 81920 MiB
2026/04/14 14:20:22.969, 0 %, 527 MiB, 81920 MiB
2026/04/14 14:20:22.969, 0 %, 0 MiB, 81920 MiB
2026/04/14 14:20:27.970, 0 %, 527 MiB, 81920 MiB
2026/04/14 14:20:27.970, 0 %, 0 MiB, 81920 MiB
2026/04/14 14:20:32.971, 0 %, 527 MiB, 81920 MiB
2026/04/14 14:20:32.971, 0 %, 0 MiB, 81920 MiB
2026/04/14 14:20:37.972, 0 %, 527 MiB, 81920 MiB
2026/04/14 14:20:37.972, 0 %, 0 MiB, 81920 MiB
2026/04/14 14:20:42.972, 0 %, 527 MiB, 81920 MiB
2026/04/14 14:20:42.973, 0 %, 0 MiB, 81920 MiB
2026/04/14 14:20:47.973, 0 %, 527 MiB, 81920 MiB
2026/04/14 14:20:47.973, 0 %, 0 MiB, 81920 MiB
2026/04/14 14:20:52.974, 0 %, 527 MiB, 81920 MiB
2026/04/14 14:20:52.974, 0 %, 0 MiB, 81920 MiB
2026/04/14 14:20:57.975, 0 %, 527 MiB, 81920 MiB
2026/04/14 14:20:57.975, 0 %, 0 MiB, 81920 MiB
2026/04/14 14:21:02.976, 0 %, 527 MiB, 81920 MiB
2026/04/14 14:21:02.976, 0 %, 0 MiB, 81920 MiB
2026/04/14 14:21:07.977, 0 %, 527 MiB, 81920 MiB
2026/04/14 14:21:07.977, 0 %, 0 MiB, 81920 MiB
2026/04/14 14:21:12.978, 0 %, 527 MiB, 81920 MiB
2026/04/14 14:21:12.978, 0 %, 0 MiB, 81920 MiB
2026/04/14 14:21:17.979, 0 %, 527 MiB, 81920 MiB
2026/04/14 14:21:17.979, 0 %, 0 MiB, 81920 MiB
2026/04/14 14:21:22.980, 0 %, 527 MiB, 81920 MiB
2026/04/14 14:21:22.980, 0 %, 0 MiB, 81920 MiB
2026/04/14 14:21:27.981, 0 %, 527 MiB, 81920 MiB
2026/04/14 14:21:27.981, 0 %, 0 MiB, 81920 MiB
2026/04/14 14:21:32.981, 0 %, 527 MiB, 81920 MiB
2026/04/14 14:21:32.982, 0 %, 0 MiB, 81920 MiB
2026/04/14 14:21:37.982, 0 %, 527 MiB, 81920 MiB
2026/04/14 14:21:37.982, 0 %, 0 MiB, 81920 MiB
2026/04/14 14:21:42.983, 0 %, 527 MiB, 81920 MiB
2026/04/14 14:21:42.983, 0 %, 0 MiB, 81920 MiB
2026/04/14 14:21:47.984, 0 %, 527 MiB, 81920 MiB
2026/04/14 14:21:47.984, 0 %, 0 MiB, 81920 MiB
2026/04/14 14:21:52.985, 0 %, 527 MiB, 81920 MiB
2026/04/14 14:21:52.985, 0 %, 0 MiB, 81920 MiB
2026/04/14 14:21:57.986, 0 %, 527 MiB, 81920 MiB
2026/04/14 14:21:57.986, 0 %, 0 MiB, 81920 MiB
2026/04/14 14:22:02.987, 0 %, 527 MiB, 81920 MiB
2026/04/14 14:22:02.987, 0 %, 0 MiB, 81920 MiB
2026/04/14 14:22:07.988, 0 %, 527 MiB, 81920 MiB
2026/04/14 14:22:07.988, 0 %, 0 MiB, 81920 MiB
2026/04/14 14:22:12.989, 0 %, 527 MiB, 81920 MiB
2026/04/14 14:22:12.989, 0 %, 0 MiB, 81920 MiB
2026/04/14 14:22:17.989, 0 %, 527 MiB, 81920 MiB
2026/04/14 14:22:17.990, 0 %, 0 MiB, 81920 MiB
2026/04/14 14:22:22.990, 0 %, 527 MiB, 81920 MiB
2026/04/14 14:22:22.991, 0 %, 0 MiB, 81920 MiB
2026/04/14 14:22:27.991, 0 %, 527 MiB, 81920 MiB
2026/04/14 14:22:27.991, 0 %, 0 MiB, 81920 MiB
2026/04/14 14:22:32.992, 0 %, 527 MiB, 81920 MiB
2026/04/14 14:22:32.992, 0 %, 0 MiB, 81920 MiB
2026/04/14 14:22:37.993, 0 %, 527 MiB, 81920 MiB
2026/04/14 14:22:37.993, 0 %, 0 MiB, 81920 MiB
2026/04/14 14:22:42.994, 0 %, 527 MiB, 81920 MiB
2026/04/14 14:22:42.994, 0 %, 0 MiB, 81920 MiB
2026/04/14 14:22:47.995, 0 %, 527 MiB, 81920 MiB
2026/04/14 14:22:47.995, 0 %, 0 MiB, 81920 MiB
2026/04/14 14:22:52.996, 0 %, 527 MiB, 81920 MiB
2026/04/14 14:22:52.996, 0 %, 0 MiB, 81920 MiB
2026/04/14 14:22:57.997, 0 %, 527 MiB, 81920 MiB
2026/04/14 14:22:57.997, 0 %, 0 MiB, 81920 MiB
2026/04/14 14:23:02.997, 0 %, 527 MiB, 81920 MiB
2026/04/14 14:23:02.998, 0 %, 0 MiB, 81920 MiB
2026/04/14 14:23:07.998, 0 %, 527 MiB, 81920 MiB
2026/04/14 14:23:07.998, 0 %, 0 MiB, 81920 MiB
2026/04/14 14:23:12.999, 0 %, 527 MiB, 81920 MiB
2026/04/14 14:23:12.999, 0 %, 0 MiB, 81920 MiB
2026/04/14 14:23:18.000, 0 %, 527 MiB, 81920 MiB
2026/04/14 14:23:18.000, 0 %, 0 MiB, 81920 MiB
2026/04/14 14:23:23.001, 0 %, 527 MiB, 81920 MiB
2026/04/14 14:23:23.001, 0 %, 0 MiB, 81920 MiB
2026/04/14 14:23:28.002, 0 %, 527 MiB, 81920 MiB
2026/04/14 14:23:28.002, 0 %, 0 MiB, 81920 MiB
2026/04/14 14:23:33.003, 0 %, 527 MiB, 81920 MiB
2026/04/14 14:23:33.003, 0 %, 0 MiB, 81920 MiB
2026/04/14 14:23:38.003, 0 %, 527 MiB, 81920 MiB
2026/04/14 14:23:38.004, 0 %, 0 MiB, 81920 MiB
2026/04/14 14:23:43.004, 0 %, 527 MiB, 81920 MiB
2026/04/14 14:23:43.005, 0 %, 0 MiB, 81920 MiB
2026/04/14 14:23:48.005, 0 %, 527 MiB, 81920 MiB
2026/04/14 14:23:48.005, 0 %, 0 MiB, 81920 MiB
2026/04/14 14:23:53.006, 0 %, 527 MiB, 81920 MiB
2026/04/14 14:23:53.006, 0 %, 0 MiB, 81920 MiB
2026/04/14 14:23:58.007, 0 %, 527 MiB, 81920 MiB
2026/04/14 14:23:58.007, 0 %, 0 MiB, 81920 MiB
2026/04/14 14:24:03.008, 0 %, 527 MiB, 81920 MiB
2026/04/14 14:24:03.008, 0 %, 0 MiB, 81920 MiB
2026/04/14 14:24:08.009, 0 %, 527 MiB, 81920 MiB
2026/04/14 14:24:08.009, 0 %, 0 MiB, 81920 MiB
2026/04/14 14:24:13.010, 0 %, 527 MiB, 81920 MiB
2026/04/14 14:24:13.010, 0 %, 0 MiB, 81920 MiB
2026/04/14 14:24:18.010, 0 %, 527 MiB, 81920 MiB
2026/04/14 14:24:18.011, 0 %, 0 MiB, 81920 MiB
2026/04/14 14:24:23.011, 0 %, 527 MiB, 81920 MiB
2026/04/14 14:24:23.011, 0 %, 0 MiB, 81920 MiB
2026/04/14 14:24:28.012, 0 %, 527 MiB, 81920 MiB
2026/04/14 14:24:28.012, 0 %, 0 MiB, 81920 MiB
2026/04/14 14:24:33.013, 0 %, 527 MiB, 81920 MiB
2026/04/14 14:24:33.013, 0 %, 0 MiB, 81920 MiB
2026/04/14 14:24:38.014, 0 %, 527 MiB, 81920 MiB
2026/04/14 14:24:38.014, 0 %, 0 MiB, 81920 MiB
2026/04/14 14:24:43.015, 0 %, 527 MiB, 81920 MiB
2026/04/14 14:24:43.015, 0 %, 0 MiB, 81920 MiB
2026/04/14 14:24:48.016, 0 %, 493 MiB, 81920 MiB
2026/04/14 14:24:48.016, 0 %, 0 MiB, 81920 MiB
2026/04/14 14:24:53.020, 0 %, 493 MiB, 81920 MiB
2026/04/14 14:24:53.020, 0 %, 0 MiB, 81920 MiB
2026/04/14 14:24:58.021, 0 %, 493 MiB, 81920 MiB
2026/04/14 14:24:58.021, 0 %, 0 MiB, 81920 MiB
2026/04/14 14:25:03.022, 0 %, 493 MiB, 81920 MiB
2026/04/14 14:25:03.022, 0 %, 0 MiB, 81920 MiB
2026/04/14 14:25:08.023, 0 %, 493 MiB, 81920 MiB
2026/04/14 14:25:08.023, 0 %, 0 MiB, 81920 MiB
2026/04/14 14:25:13.023, 0 %, 493 MiB, 81920 MiB
2026/04/14 14:25:13.023, 0 %, 0 MiB, 81920 MiB
2026/04/14 14:25:18.024, 0 %, 493 MiB, 81920 MiB
2026/04/14 14:25:18.024, 0 %, 0 MiB, 81920 MiB
2026/04/14 14:25:23.025, 0 %, 493 MiB, 81920 MiB
2026/04/14 14:25:23.025, 0 %, 0 MiB, 81920 MiB
2026/04/14 14:25:28.025, 0 %, 493 MiB, 81920 MiB
2026/04/14 14:25:28.026, 0 %, 0 MiB, 81920 MiB
2026/04/14 14:25:33.026, 0 %, 493 MiB, 81920 MiB
2026/04/14 14:25:33.026, 0 %, 0 MiB, 81920 MiB
2026/04/14 14:25:38.027, 0 %, 493 MiB, 81920 MiB
2026/04/14 14:25:38.027, 0 %, 0 MiB, 81920 MiB
2026/04/14 14:25:43.028, 0 %, 493 MiB, 81920 MiB
2026/04/14 14:25:43.028, 0 %, 0 MiB, 81920 MiB
2026/04/14 14:25:48.029, 0 %, 493 MiB, 81920 MiB
2026/04/14 14:25:48.029, 0 %, 0 MiB, 81920 MiB
2026/04/14 14:25:53.030, 0 %, 493 MiB, 81920 MiB
2026/04/14 14:25:53.030, 0 %, 0 MiB, 81920 MiB
2026/04/14 14:25:58.030, 0 %, 493 MiB, 81920 MiB
2026/04/14 14:25:58.031, 0 %, 0 MiB, 81920 MiB
2026/04/14 14:26:03.031, 0 %, 493 MiB, 81920 MiB
2026/04/14 14:26:03.031, 0 %, 0 MiB, 81920 MiB
2026/04/14 14:26:08.032, 0 %, 493 MiB, 81920 MiB
2026/04/14 14:26:08.032, 0 %, 0 MiB, 81920 MiB
2026/04/14 14:26:13.033, 0 %, 493 MiB, 81920 MiB
2026/04/14 14:26:13.033, 0 %, 0 MiB, 81920 MiB
2026/04/14 14:26:18.034, 0 %, 493 MiB, 81920 MiB
2026/04/14 14:26:18.034, 0 %, 0 MiB, 81920 MiB
2026/04/14 14:26:23.035, 0 %, 493 MiB, 81920 MiB
2026/04/14 14:26:23.035, 0 %, 0 MiB, 81920 MiB
2026/04/14 14:26:28.036, 0 %, 493 MiB, 81920 MiB
2026/04/14 14:26:28.036, 0 %, 0 MiB, 81920 MiB
2026/04/14 14:26:33.037, 0 %, 493 MiB, 81920 MiB
2026/04/14 14:26:33.037, 0 %, 0 MiB, 81920 MiB
2026/04/14 14:26:38.038, 0 %, 493 MiB, 81920 MiB
2026/04/14 14:26:38.038, 0 %, 0 MiB, 81920 MiB
2026/04/14 14:26:43.039, 0 %, 493 MiB, 81920 MiB
2026/04/14 14:26:43.039, 0 %, 0 MiB, 81920 MiB
2026/04/14 14:26:48.039, 0 %, 493 MiB, 81920 MiB
2026/04/14 14:26:48.039, 0 %, 0 MiB, 81920 MiB
2026/04/14 14:26:53.040, 0 %, 527 MiB, 81920 MiB
2026/04/14 14:26:53.040, 0 %, 0 MiB, 81920 MiB
2026/04/14 14:26:58.041, 0 %, 527 MiB, 81920 MiB
2026/04/14 14:26:58.041, 0 %, 0 MiB, 81920 MiB
2026/04/14 14:27:03.042, 0 %, 527 MiB, 81920 MiB
2026/04/14 14:27:03.042, 0 %, 0 MiB, 81920 MiB
2026/04/14 14:27:08.043, 0 %, 527 MiB, 81920 MiB
2026/04/14 14:27:08.043, 0 %, 0 MiB, 81920 MiB
2026/04/14 14:27:13.043, 0 %, 527 MiB, 81920 MiB
2026/04/14 14:27:13.044, 0 %, 0 MiB, 81920 MiB
2026/04/14 14:27:18.044, 0 %, 527 MiB, 81920 MiB
2026/04/14 14:27:18.044, 0 %, 0 MiB, 81920 MiB
2026/04/14 14:27:23.045, 0 %, 527 MiB, 81920 MiB
2026/04/14 14:27:23.045, 0 %, 0 MiB, 81920 MiB
2026/04/14 14:27:28.046, 0 %, 527 MiB, 81920 MiB
2026/04/14 14:27:28.046, 0 %, 0 MiB, 81920 MiB
2026/04/14 14:27:33.047, 0 %, 527 MiB, 81920 MiB
2026/04/14 14:27:33.047, 0 %, 0 MiB, 81920 MiB
2026/04/14 14:27:38.047, 0 %, 527 MiB, 81920 MiB
2026/04/14 14:27:38.048, 0 %, 0 MiB, 81920 MiB
2026/04/14 14:27:43.048, 0 %, 527 MiB, 81920 MiB
2026/04/14 14:27:43.048, 0 %, 0 MiB, 81920 MiB
2026/04/14 14:27:48.049, 0 %, 527 MiB, 81920 MiB
2026/04/14 14:27:48.049, 0 %, 0 MiB, 81920 MiB
2026/04/14 14:27:53.050, 0 %, 527 MiB, 81920 MiB
2026/04/14 14:27:53.050, 0 %, 0 MiB, 81920 MiB
2026/04/14 14:27:58.051, 0 %, 527 MiB, 81920 MiB
2026/04/14 14:27:58.051, 0 %, 0 MiB, 81920 MiB
2026/04/14 14:28:03.051, 0 %, 527 MiB, 81920 MiB
2026/04/14 14:28:03.052, 0 %, 0 MiB, 81920 MiB
2026/04/14 14:28:08.052, 0 %, 527 MiB, 81920 MiB
2026/04/14 14:28:08.052, 0 %, 0 MiB, 81920 MiB
2026/04/14 14:28:13.053, 0 %, 527 MiB, 81920 MiB
2026/04/14 14:28:13.053, 0 %, 0 MiB, 81920 MiB
2026/04/14 14:28:18.054, 0 %, 527 MiB, 81920 MiB
2026/04/14 14:28:18.054, 0 %, 0 MiB, 81920 MiB
2026/04/14 14:28:23.055, 0 %, 527 MiB, 81920 MiB
2026/04/14 14:28:23.055, 0 %, 0 MiB, 81920 MiB
2026/04/14 14:28:28.056, 0 %, 527 MiB, 81920 MiB
2026/04/14 14:28:28.056, 0 %, 0 MiB, 81920 MiB
2026/04/14 14:28:33.056, 0 %, 527 MiB, 81920 MiB
2026/04/14 14:28:33.057, 0 %, 0 MiB, 81920 MiB
2026/04/14 14:28:38.057, 0 %, 527 MiB, 81920 MiB
2026/04/14 14:28:38.057, 0 %, 0 MiB, 81920 MiB
2026/04/14 14:28:43.058, 0 %, 527 MiB, 81920 MiB
2026/04/14 14:28:43.058, 0 %, 0 MiB, 81920 MiB
2026/04/14 14:28:48.059, 0 %, 527 MiB, 81920 MiB
2026/04/14 14:28:48.059, 0 %, 0 MiB, 81920 MiB
2026/04/14 14:28:53.060, 0 %, 527 MiB, 81920 MiB
2026/04/14 14:28:53.060, 0 %, 0 MiB, 81920 MiB
2026/04/14 14:28:58.061, 0 %, 527 MiB, 81920 MiB
2026/04/14 14:28:58.061, 0 %, 0 MiB, 81920 MiB
2026/04/14 14:29:03.061, 0 %, 527 MiB, 81920 MiB
2026/04/14 14:29:03.062, 0 %, 0 MiB, 81920 MiB
2026/04/14 14:29:08.062, 0 %, 527 MiB, 81920 MiB
2026/04/14 14:29:08.062, 0 %, 0 MiB, 81920 MiB
2026/04/14 14:29:13.063, 0 %, 527 MiB, 81920 MiB
2026/04/14 14:29:13.063, 0 %, 0 MiB, 81920 MiB
2026/04/14 14:29:18.064, 0 %, 527 MiB, 81920 MiB
2026/04/14 14:29:18.064, 0 %, 0 MiB, 81920 MiB
2026/04/14 14:29:23.065, 0 %, 527 MiB, 81920 MiB
2026/04/14 14:29:23.065, 0 %, 0 MiB, 81920 MiB
2026/04/14 14:29:28.065, 0 %, 527 MiB, 81920 MiB
2026/04/14 14:29:28.066, 0 %, 0 MiB, 81920 MiB
2026/04/14 14:29:33.066, 0 %, 527 MiB, 81920 MiB
2026/04/14 14:29:33.066, 0 %, 0 MiB, 81920 MiB
2026/04/14 14:29:38.067, 0 %, 527 MiB, 81920 MiB
2026/04/14 14:29:38.067, 0 %, 0 MiB, 81920 MiB
2026/04/14 14:29:43.068, 0 %, 527 MiB, 81920 MiB
2026/04/14 14:29:43.068, 0 %, 0 MiB, 81920 MiB
2026/04/14 14:29:48.069, 0 %, 527 MiB, 81920 MiB
2026/04/14 14:29:48.069, 0 %, 0 MiB, 81920 MiB
2026/04/14 14:29:53.070, 0 %, 527 MiB, 81920 MiB
2026/04/14 14:29:53.070, 0 %, 0 MiB, 81920 MiB
2026/04/14 14:29:58.070, 0 %, 527 MiB, 81920 MiB
2026/04/14 14:29:58.070, 0 %, 0 MiB, 81920 MiB
2026/04/14 14:30:03.071, 0 %, 527 MiB, 81920 MiB
2026/04/14 14:30:03.071, 0 %, 0 MiB, 81920 MiB
2026/04/14 14:30:08.072, 0 %, 527 MiB, 81920 MiB
2026/04/14 14:30:08.072, 0 %, 0 MiB, 81920 MiB
2026/04/14 14:30:13.073, 0 %, 527 MiB, 81920 MiB
2026/04/14 14:30:13.073, 0 %, 0 MiB, 81920 MiB
2026/04/14 14:30:18.074, 2 %, 527 MiB, 81920 MiB
2026/04/14 14:30:18.074, 0 %, 0 MiB, 81920 MiB
2026/04/14 14:30:23.074, 0 %, 527 MiB, 81920 MiB
2026/04/14 14:30:23.075, 0 %, 0 MiB, 81920 MiB
2026/04/14 14:30:28.075, 10 %, 527 MiB, 81920 MiB
2026/04/14 14:30:28.075, 0 %, 0 MiB, 81920 MiB
2026/04/14 14:30:33.076, 6 %, 527 MiB, 81920 MiB
2026/04/14 14:30:33.076, 0 %, 0 MiB, 81920 MiB
2026/04/14 14:30:38.077, 0 %, 527 MiB, 81920 MiB
2026/04/14 14:30:38.077, 0 %, 0 MiB, 81920 MiB
2026/04/14 14:30:43.078, 0 %, 527 MiB, 81920 MiB
2026/04/14 14:30:43.078, 0 %, 0 MiB, 81920 MiB
2026/04/14 14:30:48.078, 0 %, 527 MiB, 81920 MiB
2026/04/14 14:30:48.079, 0 %, 0 MiB, 81920 MiB
2026/04/14 14:30:53.079, 0 %, 527 MiB, 81920 MiB
2026/04/14 14:30:53.079, 0 %, 0 MiB, 81920 MiB
2026/04/14 14:30:58.080, 6 %, 527 MiB, 81920 MiB
2026/04/14 14:30:58.080, 0 %, 0 MiB, 81920 MiB
2026/04/14 14:31:03.081, 1 %, 527 MiB, 81920 MiB
2026/04/14 14:31:03.081, 0 %, 0 MiB, 81920 MiB
2026/04/14 14:31:08.082, 0 %, 527 MiB, 81920 MiB
2026/04/14 14:31:08.082, 0 %, 0 MiB, 81920 MiB
2026/04/14 14:31:13.083, 10 %, 527 MiB, 81920 MiB
2026/04/14 14:31:13.083, 0 %, 0 MiB, 81920 MiB
2026/04/14 14:31:18.083, 18 %, 527 MiB, 81920 MiB
2026/04/14 14:31:18.083, 0 %, 0 MiB, 81920 MiB
2026/04/14 14:31:23.084, 0 %, 527 MiB, 81920 MiB
2026/04/14 14:31:23.084, 0 %, 0 MiB, 81920 MiB
2026/04/14 14:31:28.085, 9 %, 527 MiB, 81920 MiB
2026/04/14 14:31:28.085, 0 %, 0 MiB, 81920 MiB
2026/04/14 14:31:33.086, 5 %, 527 MiB, 81920 MiB
2026/04/14 14:31:33.086, 0 %, 0 MiB, 81920 MiB
2026/04/14 14:31:38.086, 17 %, 527 MiB, 81920 MiB
2026/04/14 14:31:38.086, 0 %, 0 MiB, 81920 MiB
2026/04/14 14:31:43.087, 14 %, 527 MiB, 81920 MiB
2026/04/14 14:31:43.087, 0 %, 0 MiB, 81920 MiB
2026/04/14 14:31:48.088, 3 %, 527 MiB, 81920 MiB
2026/04/14 14:31:48.088, 0 %, 0 MiB, 81920 MiB
2026/04/14 14:31:53.089, 0 %, 527 MiB, 81920 MiB
2026/04/14 14:31:53.089, 0 %, 0 MiB, 81920 MiB
2026/04/14 14:31:58.089, 8 %, 527 MiB, 81920 MiB
2026/04/14 14:31:58.090, 0 %, 0 MiB, 81920 MiB
2026/04/14 14:32:03.090, 7 %, 527 MiB, 81920 MiB
2026/04/14 14:32:03.090, 0 %, 0 MiB, 81920 MiB
2026/04/14 14:32:08.091, 18 %, 527 MiB, 81920 MiB
2026/04/14 14:32:08.108, 0 %, 0 MiB, 81920 MiB
2026/04/14 14:32:13.109, 14 %, 527 MiB, 81920 MiB
2026/04/14 14:32:13.109, 0 %, 0 MiB, 81920 MiB
2026/04/14 14:32:18.110, 13 %, 527 MiB, 81920 MiB
2026/04/14 14:32:18.110, 0 %, 0 MiB, 81920 MiB
2026/04/14 14:32:23.110, 17 %, 527 MiB, 81920 MiB
2026/04/14 14:32:23.111, 0 %, 0 MiB, 81920 MiB
2026/04/14 14:32:28.111, 3 %, 527 MiB, 81920 MiB
2026/04/14 14:32:28.111, 0 %, 0 MiB, 81920 MiB
2026/04/14 14:32:33.112, 11 %, 527 MiB, 81920 MiB
2026/04/14 14:32:33.112, 0 %, 0 MiB, 81920 MiB
2026/04/14 14:32:38.113, 0 %, 527 MiB, 81920 MiB
2026/04/14 14:32:38.113, 0 %, 0 MiB, 81920 MiB
2026/04/14 14:32:43.113, 18 %, 527 MiB, 81920 MiB
2026/04/14 14:32:43.114, 0 %, 0 MiB, 81920 MiB
2026/04/14 14:32:48.114, 10 %, 527 MiB, 81920 MiB
2026/04/14 14:32:48.114, 0 %, 0 MiB, 81920 MiB
2026/04/14 14:32:53.115, 16 %, 527 MiB, 81920 MiB
2026/04/14 14:32:53.115, 0 %, 0 MiB, 81920 MiB
2026/04/14 14:32:58.116, 5 %, 527 MiB, 81920 MiB
2026/04/14 14:32:58.116, 0 %, 0 MiB, 81920 MiB
2026/04/14 14:33:03.116, 10 %, 527 MiB, 81920 MiB
2026/04/14 14:33:03.117, 0 %, 0 MiB, 81920 MiB
2026/04/14 14:33:08.117, 0 %, 527 MiB, 81920 MiB
2026/04/14 14:33:08.117, 0 %, 0 MiB, 81920 MiB
2026/04/14 14:33:13.118, 17 %, 527 MiB, 81920 MiB
2026/04/14 14:33:13.118, 0 %, 0 MiB, 81920 MiB
2026/04/14 14:33:18.119, 0 %, 527 MiB, 81920 MiB
2026/04/14 14:33:18.119, 0 %, 0 MiB, 81920 MiB
2026/04/14 14:33:23.119, 0 %, 527 MiB, 81920 MiB
2026/04/14 14:33:23.120, 0 %, 0 MiB, 81920 MiB
2026/04/14 14:33:28.120, 5 %, 527 MiB, 81920 MiB
2026/04/14 14:33:28.120, 0 %, 0 MiB, 81920 MiB
2026/04/14 14:33:33.121, 8 %, 527 MiB, 81920 MiB
2026/04/14 14:33:33.121, 0 %, 0 MiB, 81920 MiB
2026/04/14 14:33:38.122, 0 %, 527 MiB, 81920 MiB
2026/04/14 14:33:38.122, 0 %, 0 MiB, 81920 MiB
2026/04/14 14:33:43.123, 1 %, 527 MiB, 81920 MiB
2026/04/14 14:33:43.123, 0 %, 0 MiB, 81920 MiB
2026/04/14 14:33:48.123, 0 %, 527 MiB, 81920 MiB
2026/04/14 14:33:48.123, 0 %, 0 MiB, 81920 MiB
2026/04/14 14:33:53.124, 0 %, 527 MiB, 81920 MiB
2026/04/14 14:33:53.124, 0 %, 0 MiB, 81920 MiB
2026/04/14 14:33:58.125, 0 %, 527 MiB, 81920 MiB
2026/04/14 14:33:58.125, 0 %, 0 MiB, 81920 MiB
2026/04/14 14:34:03.126, 0 %, 527 MiB, 81920 MiB
2026/04/14 14:34:03.126, 0 %, 0 MiB, 81920 MiB
2026/04/14 14:34:08.126, 0 %, 527 MiB, 81920 MiB
2026/04/14 14:34:08.126, 0 %, 0 MiB, 81920 MiB
2026/04/14 14:34:13.127, 1 %, 527 MiB, 81920 MiB
2026/04/14 14:34:13.127, 0 %, 0 MiB, 81920 MiB
2026/04/14 14:34:18.128, 0 %, 527 MiB, 81920 MiB
2026/04/14 14:34:18.128, 0 %, 0 MiB, 81920 MiB
2026/04/14 14:34:23.129, 0 %, 527 MiB, 81920 MiB
2026/04/14 14:34:23.129, 0 %, 0 MiB, 81920 MiB
2026/04/14 14:34:28.129, 0 %, 527 MiB, 81920 MiB
2026/04/14 14:34:28.130, 0 %, 0 MiB, 81920 MiB
2026/04/14 14:34:33.130, 0 %, 527 MiB, 81920 MiB
2026/04/14 14:34:33.130, 0 %, 0 MiB, 81920 MiB
2026/04/14 14:34:38.131, 0 %, 527 MiB, 81920 MiB
2026/04/14 14:34:38.131, 0 %, 0 MiB, 81920 MiB
2026/04/14 14:34:43.132, 1 %, 527 MiB, 81920 MiB
2026/04/14 14:34:43.132, 0 %, 0 MiB, 81920 MiB
2026/04/14 14:34:48.133, 0 %, 527 MiB, 81920 MiB
2026/04/14 14:34:48.133, 0 %, 0 MiB, 81920 MiB
2026/04/14 14:34:53.133, 0 %, 527 MiB, 81920 MiB
2026/04/14 14:34:53.133, 0 %, 0 MiB, 81920 MiB
2026/04/14 14:34:58.134, 0 %, 527 MiB, 81920 MiB
2026/04/14 14:34:58.134, 0 %, 0 MiB, 81920 MiB
2026/04/14 14:35:03.135, 0 %, 527 MiB, 81920 MiB
2026/04/14 14:35:03.135, 0 %, 0 MiB, 81920 MiB
2026/04/14 14:35:08.136, 0 %, 527 MiB, 81920 MiB
2026/04/14 14:35:08.136, 0 %, 0 MiB, 81920 MiB
2026/04/14 14:35:13.136, 0 %, 527 MiB, 81920 MiB
2026/04/14 14:35:13.137, 0 %, 0 MiB, 81920 MiB
2026/04/14 14:35:18.137, 0 %, 527 MiB, 81920 MiB
2026/04/14 14:35:18.137, 0 %, 0 MiB, 81920 MiB
2026/04/14 14:35:23.138, 0 %, 527 MiB, 81920 MiB
2026/04/14 14:35:23.138, 0 %, 0 MiB, 81920 MiB
2026/04/14 14:35:28.139, 0 %, 527 MiB, 81920 MiB
2026/04/14 14:35:28.139, 0 %, 0 MiB, 81920 MiB
2026/04/14 14:35:33.140, 0 %, 527 MiB, 81920 MiB
2026/04/14 14:35:33.140, 0 %, 0 MiB, 81920 MiB
2026/04/14 14:35:38.140, 0 %, 527 MiB, 81920 MiB
2026/04/14 14:35:38.140, 0 %, 0 MiB, 81920 MiB
2026/04/14 14:35:43.141, 0 %, 527 MiB, 81920 MiB
2026/04/14 14:35:43.141, 0 %, 0 MiB, 81920 MiB
2026/04/14 14:35:48.142, 0 %, 527 MiB, 81920 MiB
2026/04/14 14:35:48.142, 0 %, 0 MiB, 81920 MiB
2026/04/14 14:35:53.143, 0 %, 527 MiB, 81920 MiB
2026/04/14 14:35:53.143, 0 %, 0 MiB, 81920 MiB
2026/04/14 14:35:58.143, 0 %, 527 MiB, 81920 MiB
2026/04/14 14:35:58.143, 0 %, 0 MiB, 81920 MiB
2026/04/14 14:36:03.144, 0 %, 527 MiB, 81920 MiB
2026/04/14 14:36:03.144, 0 %, 0 MiB, 81920 MiB
2026/04/14 14:36:08.145, 0 %, 527 MiB, 81920 MiB
2026/04/14 14:36:08.145, 0 %, 0 MiB, 81920 MiB
2026/04/14 14:36:13.146, 0 %, 527 MiB, 81920 MiB
2026/04/14 14:36:13.146, 0 %, 0 MiB, 81920 MiB
2026/04/14 14:36:18.146, 0 %, 527 MiB, 81920 MiB
2026/04/14 14:36:18.147, 0 %, 0 MiB, 81920 MiB
2026/04/14 14:36:23.147, 0 %, 527 MiB, 81920 MiB
2026/04/14 14:36:23.147, 0 %, 0 MiB, 81920 MiB
2026/04/14 14:36:28.148, 0 %, 527 MiB, 81920 MiB
2026/04/14 14:36:28.148, 0 %, 0 MiB, 81920 MiB
2026/04/14 14:36:33.149, 0 %, 527 MiB, 81920 MiB
2026/04/14 14:36:33.149, 0 %, 0 MiB, 81920 MiB
2026/04/14 14:36:38.149, 0 %, 527 MiB, 81920 MiB
2026/04/14 14:36:38.150, 0 %, 0 MiB, 81920 MiB
2026/04/14 14:36:43.150, 0 %, 527 MiB, 81920 MiB
2026/04/14 14:36:43.150, 0 %, 0 MiB, 81920 MiB
2026/04/14 14:36:48.151, 0 %, 527 MiB, 81920 MiB
2026/04/14 14:36:48.151, 0 %, 0 MiB, 81920 MiB
2026/04/14 14:36:53.152, 0 %, 527 MiB, 81920 MiB
2026/04/14 14:36:53.152, 0 %, 0 MiB, 81920 MiB
2026/04/14 14:36:58.153, 0 %, 527 MiB, 81920 MiB
2026/04/14 14:36:58.153, 0 %, 0 MiB, 81920 MiB
2026/04/14 14:37:03.154, 0 %, 527 MiB, 81920 MiB
2026/04/14 14:37:03.154, 0 %, 0 MiB, 81920 MiB
2026/04/14 14:37:08.154, 0 %, 527 MiB, 81920 MiB
2026/04/14 14:37:08.155, 0 %, 0 MiB, 81920 MiB
2026/04/14 14:37:13.155, 0 %, 527 MiB, 81920 MiB
2026/04/14 14:37:13.155, 0 %, 0 MiB, 81920 MiB
2026/04/14 14:37:18.156, 0 %, 527 MiB, 81920 MiB
2026/04/14 14:37:18.156, 0 %, 0 MiB, 81920 MiB
2026/04/14 14:37:23.157, 0 %, 527 MiB, 81920 MiB
2026/04/14 14:37:23.157, 0 %, 0 MiB, 81920 MiB
2026/04/14 14:37:28.158, 0 %, 527 MiB, 81920 MiB
2026/04/14 14:37:28.158, 0 %, 0 MiB, 81920 MiB
2026/04/14 14:37:33.159, 0 %, 527 MiB, 81920 MiB
2026/04/14 14:37:33.159, 0 %, 0 MiB, 81920 MiB
2026/04/14 14:37:38.159, 0 %, 527 MiB, 81920 MiB
2026/04/14 14:37:38.160, 0 %, 0 MiB, 81920 MiB
2026/04/14 14:37:43.160, 0 %, 527 MiB, 81920 MiB
2026/04/14 14:37:43.160, 0 %, 0 MiB, 81920 MiB
2026/04/14 14:37:48.161, 1 %, 527 MiB, 81920 MiB
2026/04/14 14:37:48.161, 0 %, 0 MiB, 81920 MiB
2026/04/14 14:37:53.162, 2 %, 527 MiB, 81920 MiB
2026/04/14 14:37:53.162, 0 %, 0 MiB, 81920 MiB
2026/04/14 14:37:58.163, 18 %, 527 MiB, 81920 MiB
2026/04/14 14:37:58.163, 0 %, 0 MiB, 81920 MiB
2026/04/14 14:38:03.164, 18 %, 527 MiB, 81920 MiB
2026/04/14 14:38:03.164, 0 %, 0 MiB, 81920 MiB
2026/04/14 14:38:08.164, 0 %, 527 MiB, 81920 MiB
2026/04/14 14:38:08.164, 0 %, 0 MiB, 81920 MiB
2026/04/14 14:38:13.165, 0 %, 527 MiB, 81920 MiB
2026/04/14 14:38:13.165, 0 %, 0 MiB, 81920 MiB
2026/04/14 14:38:18.166, 0 %, 527 MiB, 81920 MiB
2026/04/14 14:38:18.166, 0 %, 0 MiB, 81920 MiB
2026/04/14 14:38:23.167, 0 %, 527 MiB, 81920 MiB
2026/04/14 14:38:23.167, 0 %, 0 MiB, 81920 MiB
2026/04/14 14:38:28.167, 0 %, 527 MiB, 81920 MiB
2026/04/14 14:38:28.167, 0 %, 0 MiB, 81920 MiB
2026/04/14 14:38:33.168, 0 %, 527 MiB, 81920 MiB
2026/04/14 14:38:33.168, 0 %, 0 MiB, 81920 MiB
2026/04/14 14:38:38.169, 0 %, 527 MiB, 81920 MiB
2026/04/14 14:38:38.169, 0 %, 0 MiB, 81920 MiB
2026/04/14 14:38:43.170, 0 %, 527 MiB, 81920 MiB
2026/04/14 14:38:43.170, 0 %, 0 MiB, 81920 MiB
2026/04/14 14:38:48.170, 0 %, 527 MiB, 81920 MiB
2026/04/14 14:38:48.170, 0 %, 0 MiB, 81920 MiB
2026/04/14 14:38:53.171, 0 %, 527 MiB, 81920 MiB
2026/04/14 14:38:53.171, 0 %, 0 MiB, 81920 MiB
2026/04/14 14:38:58.172, 0 %, 527 MiB, 81920 MiB
2026/04/14 14:38:58.172, 0 %, 0 MiB, 81920 MiB
2026/04/14 14:39:03.173, 0 %, 527 MiB, 81920 MiB
2026/04/14 14:39:03.173, 0 %, 0 MiB, 81920 MiB
2026/04/14 14:39:08.173, 0 %, 527 MiB, 81920 MiB
2026/04/14 14:39:08.174, 0 %, 0 MiB, 81920 MiB
2026/04/14 14:39:13.174, 0 %, 527 MiB, 81920 MiB
2026/04/14 14:39:13.174, 0 %, 0 MiB, 81920 MiB
2026/04/14 14:39:18.175, 0 %, 527 MiB, 81920 MiB
2026/04/14 14:39:18.175, 0 %, 0 MiB, 81920 MiB
2026/04/14 14:39:23.176, 0 %, 527 MiB, 81920 MiB
2026/04/14 14:39:23.176, 0 %, 0 MiB, 81920 MiB
2026/04/14 14:39:28.176, 0 %, 527 MiB, 81920 MiB
2026/04/14 14:39:28.177, 0 %, 0 MiB, 81920 MiB
2026/04/14 14:39:33.177, 0 %, 527 MiB, 81920 MiB
2026/04/14 14:39:33.177, 0 %, 0 MiB, 81920 MiB
2026/04/14 14:39:38.178, 0 %, 527 MiB, 81920 MiB
2026/04/14 14:39:38.178, 0 %, 0 MiB, 81920 MiB
2026/04/14 14:39:43.179, 0 %, 527 MiB, 81920 MiB
2026/04/14 14:39:43.179, 0 %, 0 MiB, 81920 MiB
2026/04/14 14:39:48.180, 0 %, 527 MiB, 81920 MiB
2026/04/14 14:39:48.180, 0 %, 0 MiB, 81920 MiB
2026/04/14 14:39:53.180, 0 %, 527 MiB, 81920 MiB
2026/04/14 14:39:53.180, 0 %, 0 MiB, 81920 MiB
2026/04/14 14:39:58.181, 0 %, 493 MiB, 81920 MiB
2026/04/14 14:39:58.181, 0 %, 0 MiB, 81920 MiB
2026/04/14 14:40:03.182, 0 %, 493 MiB, 81920 MiB
2026/04/14 14:40:03.182, 0 %, 0 MiB, 81920 MiB
2026/04/14 14:40:08.182, 0 %, 493 MiB, 81920 MiB
2026/04/14 14:40:08.182, 0 %, 0 MiB, 81920 MiB
2026/04/14 14:40:13.183, 0 %, 493 MiB, 81920 MiB
2026/04/14 14:40:13.183, 0 %, 0 MiB, 81920 MiB
2026/04/14 14:40:18.184, 0 %, 493 MiB, 81920 MiB
2026/04/14 14:40:18.184, 0 %, 0 MiB, 81920 MiB
2026/04/14 14:40:23.185, 0 %, 493 MiB, 81920 MiB
2026/04/14 14:40:23.185, 0 %, 0 MiB, 81920 MiB
2026/04/14 14:40:28.185, 0 %, 493 MiB, 81920 MiB
2026/04/14 14:40:28.186, 0 %, 0 MiB, 81920 MiB
2026/04/14 14:40:33.186, 0 %, 493 MiB, 81920 MiB
2026/04/14 14:40:33.186, 0 %, 0 MiB, 81920 MiB
2026/04/14 14:40:38.187, 0 %, 493 MiB, 81920 MiB
2026/04/14 14:40:38.187, 0 %, 0 MiB, 81920 MiB
2026/04/14 14:40:43.188, 0 %, 493 MiB, 81920 MiB
2026/04/14 14:40:43.188, 0 %, 0 MiB, 81920 MiB
2026/04/14 14:40:48.189, 0 %, 493 MiB, 81920 MiB
2026/04/14 14:40:48.189, 0 %, 0 MiB, 81920 MiB
2026/04/14 14:40:53.190, 0 %, 493 MiB, 81920 MiB
2026/04/14 14:40:53.190, 0 %, 0 MiB, 81920 MiB
2026/04/14 14:40:58.191, 0 %, 493 MiB, 81920 MiB
2026/04/14 14:40:58.191, 0 %, 0 MiB, 81920 MiB
2026/04/14 14:41:03.192, 0 %, 493 MiB, 81920 MiB
2026/04/14 14:41:03.192, 0 %, 0 MiB, 81920 MiB
2026/04/14 14:41:08.193, 0 %, 493 MiB, 81920 MiB
2026/04/14 14:41:08.193, 0 %, 0 MiB, 81920 MiB
2026/04/14 14:41:13.194, 0 %, 493 MiB, 81920 MiB
2026/04/14 14:41:13.194, 0 %, 0 MiB, 81920 MiB
2026/04/14 14:41:18.194, 0 %, 493 MiB, 81920 MiB
2026/04/14 14:41:18.195, 0 %, 0 MiB, 81920 MiB
2026/04/14 14:41:23.195, 0 %, 493 MiB, 81920 MiB
2026/04/14 14:41:23.196, 0 %, 0 MiB, 81920 MiB
2026/04/14 14:41:28.196, 0 %, 493 MiB, 81920 MiB
2026/04/14 14:41:28.196, 0 %, 0 MiB, 81920 MiB
2026/04/14 14:41:33.197, 0 %, 493 MiB, 81920 MiB
2026/04/14 14:41:33.197, 0 %, 0 MiB, 81920 MiB
2026/04/14 14:41:38.198, 0 %, 493 MiB, 81920 MiB
2026/04/14 14:41:38.198, 0 %, 0 MiB, 81920 MiB
2026/04/14 14:41:43.199, 0 %, 493 MiB, 81920 MiB
2026/04/14 14:41:43.199, 0 %, 0 MiB, 81920 MiB
2026/04/14 14:41:48.200, 0 %, 493 MiB, 81920 MiB
2026/04/14 14:41:48.200, 0 %, 0 MiB, 81920 MiB
2026/04/14 14:41:53.201, 0 %, 493 MiB, 81920 MiB
2026/04/14 14:41:53.201, 0 %, 0 MiB, 81920 MiB
2026/04/14 14:41:58.202, 0 %, 493 MiB, 81920 MiB
2026/04/14 14:41:58.202, 0 %, 0 MiB, 81920 MiB
2026/04/14 14:42:03.203, 0 %, 493 MiB, 81920 MiB
2026/04/14 14:42:03.203, 0 %, 0 MiB, 81920 MiB
2026/04/14 14:42:08.203, 1 %, 527 MiB, 81920 MiB
2026/04/14 14:42:08.203, 0 %, 0 MiB, 81920 MiB
2026/04/14 14:42:13.204, 11 %, 527 MiB, 81920 MiB
2026/04/14 14:42:13.204, 0 %, 0 MiB, 81920 MiB
2026/04/14 14:42:18.205, 7 %, 527 MiB, 81920 MiB
2026/04/14 14:42:18.205, 0 %, 0 MiB, 81920 MiB
2026/04/14 14:42:23.206, 19 %, 527 MiB, 81920 MiB
2026/04/14 14:42:23.206, 0 %, 0 MiB, 81920 MiB
2026/04/14 14:42:28.207, 14 %, 527 MiB, 81920 MiB
2026/04/14 14:42:28.207, 0 %, 0 MiB, 81920 MiB
2026/04/14 14:42:33.208, 16 %, 527 MiB, 81920 MiB
2026/04/14 14:42:33.208, 0 %, 0 MiB, 81920 MiB
2026/04/14 14:42:38.208, 16 %, 527 MiB, 81920 MiB
2026/04/14 14:42:38.208, 0 %, 0 MiB, 81920 MiB
2026/04/14 14:42:43.209, 11 %, 527 MiB, 81920 MiB
2026/04/14 14:42:43.209, 0 %, 0 MiB, 81920 MiB
2026/04/14 14:42:48.210, 0 %, 527 MiB, 81920 MiB
2026/04/14 14:42:48.210, 0 %, 0 MiB, 81920 MiB
2026/04/14 14:42:53.211, 0 %, 527 MiB, 81920 MiB
2026/04/14 14:42:53.211, 0 %, 0 MiB, 81920 MiB
2026/04/14 14:42:58.212, 0 %, 527 MiB, 81920 MiB
2026/04/14 14:42:58.212, 0 %, 0 MiB, 81920 MiB
2026/04/14 14:43:03.213, 0 %, 527 MiB, 81920 MiB
2026/04/14 14:43:03.213, 0 %, 0 MiB, 81920 MiB
2026/04/14 14:43:08.213, 0 %, 527 MiB, 81920 MiB
2026/04/14 14:43:08.213, 0 %, 0 MiB, 81920 MiB
2026/04/14 14:43:13.214, 0 %, 527 MiB, 81920 MiB
2026/04/14 14:43:13.214, 0 %, 0 MiB, 81920 MiB
2026/04/14 14:43:18.215, 0 %, 527 MiB, 81920 MiB
2026/04/14 14:43:18.215, 0 %, 0 MiB, 81920 MiB
2026/04/14 14:43:23.216, 0 %, 527 MiB, 81920 MiB
2026/04/14 14:43:23.216, 0 %, 0 MiB, 81920 MiB
2026/04/14 14:43:28.217, 0 %, 527 MiB, 81920 MiB
2026/04/14 14:43:28.217, 0 %, 0 MiB, 81920 MiB
2026/04/14 14:43:33.217, 0 %, 527 MiB, 81920 MiB
2026/04/14 14:43:33.218, 0 %, 0 MiB, 81920 MiB
2026/04/14 14:43:38.218, 0 %, 527 MiB, 81920 MiB
2026/04/14 14:43:38.218, 0 %, 0 MiB, 81920 MiB
2026/04/14 14:43:43.219, 0 %, 527 MiB, 81920 MiB
2026/04/14 14:43:43.219, 0 %, 0 MiB, 81920 MiB
2026/04/14 14:43:48.220, 0 %, 527 MiB, 81920 MiB
2026/04/14 14:43:48.220, 0 %, 0 MiB, 81920 MiB
2026/04/14 14:43:53.221, 0 %, 527 MiB, 81920 MiB
2026/04/14 14:43:53.221, 0 %, 0 MiB, 81920 MiB
2026/04/14 14:43:58.222, 0 %, 527 MiB, 81920 MiB
2026/04/14 14:43:58.222, 0 %, 0 MiB, 81920 MiB
2026/04/14 14:44:03.222, 0 %, 527 MiB, 81920 MiB
2026/04/14 14:44:03.222, 0 %, 0 MiB, 81920 MiB
2026/04/14 14:44:08.223, 0 %, 527 MiB, 81920 MiB
2026/04/14 14:44:08.223, 0 %, 0 MiB, 81920 MiB
2026/04/14 14:44:13.224, 0 %, 527 MiB, 81920 MiB
2026/04/14 14:44:13.224, 0 %, 0 MiB, 81920 MiB
2026/04/14 14:44:18.225, 5 %, 527 MiB, 81920 MiB
2026/04/14 14:44:18.225, 0 %, 0 MiB, 81920 MiB
2026/04/14 14:44:23.226, 0 %, 527 MiB, 81920 MiB
2026/04/14 14:44:23.226, 0 %, 0 MiB, 81920 MiB
2026/04/14 14:44:28.226, 15 %, 527 MiB, 81920 MiB
2026/04/14 14:44:28.227, 0 %, 0 MiB, 81920 MiB
2026/04/14 14:44:33.227, 0 %, 527 MiB, 81920 MiB
2026/04/14 14:44:33.227, 0 %, 0 MiB, 81920 MiB
2026/04/14 14:44:38.228, 8 %, 527 MiB, 81920 MiB
2026/04/14 14:44:38.228, 0 %, 0 MiB, 81920 MiB
2026/04/14 14:44:43.229, 7 %, 527 MiB, 81920 MiB
2026/04/14 14:44:43.229, 0 %, 0 MiB, 81920 MiB
2026/04/14 14:44:48.230, 17 %, 527 MiB, 81920 MiB
2026/04/14 14:44:48.230, 0 %, 0 MiB, 81920 MiB
2026/04/14 14:44:53.231, 17 %, 527 MiB, 81920 MiB
2026/04/14 14:44:53.231, 0 %, 0 MiB, 81920 MiB
2026/04/14 14:44:58.231, 2 %, 527 MiB, 81920 MiB
2026/04/14 14:44:58.232, 0 %, 0 MiB, 81920 MiB
2026/04/14 14:45:03.232, 3 %, 527 MiB, 81920 MiB
2026/04/14 14:45:03.232, 0 %, 0 MiB, 81920 MiB
2026/04/14 14:45:08.233, 0 %, 527 MiB, 81920 MiB
2026/04/14 14:45:08.233, 0 %, 0 MiB, 81920 MiB
2026/04/14 14:45:13.234, 11 %, 527 MiB, 81920 MiB
2026/04/14 14:45:13.234, 0 %, 0 MiB, 81920 MiB
2026/04/14 14:45:18.235, 0 %, 527 MiB, 81920 MiB
2026/04/14 14:45:18.235, 0 %, 0 MiB, 81920 MiB
2026/04/14 14:45:23.235, 0 %, 527 MiB, 81920 MiB
2026/04/14 14:45:23.236, 0 %, 0 MiB, 81920 MiB
2026/04/14 14:45:28.236, 0 %, 527 MiB, 81920 MiB
2026/04/14 14:45:28.236, 0 %, 0 MiB, 81920 MiB
2026/04/14 14:45:33.237, 0 %, 527 MiB, 81920 MiB
2026/04/14 14:45:33.237, 0 %, 0 MiB, 81920 MiB
2026/04/14 14:45:38.238, 0 %, 527 MiB, 81920 MiB
2026/04/14 14:45:38.238, 0 %, 0 MiB, 81920 MiB
2026/04/14 14:45:43.239, 0 %, 527 MiB, 81920 MiB
2026/04/14 14:45:43.239, 0 %, 0 MiB, 81920 MiB
2026/04/14 14:45:48.240, 0 %, 527 MiB, 81920 MiB
2026/04/14 14:45:48.240, 0 %, 0 MiB, 81920 MiB
2026/04/14 14:45:53.240, 0 %, 527 MiB, 81920 MiB
2026/04/14 14:45:53.241, 0 %, 0 MiB, 81920 MiB
2026/04/14 14:45:58.241, 0 %, 527 MiB, 81920 MiB
2026/04/14 14:45:58.241, 0 %, 0 MiB, 81920 MiB
2026/04/14 14:46:03.242, 0 %, 527 MiB, 81920 MiB
2026/04/14 14:46:03.242, 0 %, 0 MiB, 81920 MiB
2026/04/14 14:46:08.243, 0 %, 527 MiB, 81920 MiB
2026/04/14 14:46:08.243, 0 %, 0 MiB, 81920 MiB
2026/04/14 14:46:13.244, 0 %, 527 MiB, 81920 MiB
2026/04/14 14:46:13.244, 0 %, 0 MiB, 81920 MiB
2026/04/14 14:46:18.245, 0 %, 527 MiB, 81920 MiB
2026/04/14 14:46:18.245, 0 %, 0 MiB, 81920 MiB
2026/04/14 14:46:23.245, 0 %, 527 MiB, 81920 MiB
2026/04/14 14:46:23.246, 0 %, 0 MiB, 81920 MiB
2026/04/14 14:46:28.246, 0 %, 527 MiB, 81920 MiB
2026/04/14 14:46:28.246, 0 %, 0 MiB, 81920 MiB
2026/04/14 14:46:33.247, 0 %, 527 MiB, 81920 MiB
2026/04/14 14:46:33.247, 0 %, 0 MiB, 81920 MiB
2026/04/14 14:46:38.248, 0 %, 527 MiB, 81920 MiB
2026/04/14 14:46:38.248, 0 %, 0 MiB, 81920 MiB
2026/04/14 14:46:43.249, 0 %, 527 MiB, 81920 MiB
2026/04/14 14:46:43.249, 0 %, 0 MiB, 81920 MiB
2026/04/14 14:46:48.249, 0 %, 527 MiB, 81920 MiB
2026/04/14 14:46:48.250, 0 %, 0 MiB, 81920 MiB
2026/04/14 14:46:53.250, 0 %, 527 MiB, 81920 MiB
2026/04/14 14:46:53.250, 0 %, 0 MiB, 81920 MiB
2026/04/14 14:46:58.251, 0 %, 527 MiB, 81920 MiB
2026/04/14 14:46:58.251, 0 %, 0 MiB, 81920 MiB
2026/04/14 14:47:03.252, 0 %, 527 MiB, 81920 MiB
2026/04/14 14:47:03.252, 0 %, 0 MiB, 81920 MiB
2026/04/14 14:47:08.253, 0 %, 527 MiB, 81920 MiB
2026/04/14 14:47:08.253, 0 %, 0 MiB, 81920 MiB
2026/04/14 14:47:13.254, 14 %, 527 MiB, 81920 MiB
2026/04/14 14:47:13.254, 0 %, 0 MiB, 81920 MiB
2026/04/14 14:47:18.254, 12 %, 527 MiB, 81920 MiB
2026/04/14 14:47:18.255, 0 %, 0 MiB, 81920 MiB
2026/04/14 14:47:23.255, 4 %, 527 MiB, 81920 MiB
2026/04/14 14:47:23.255, 0 %, 0 MiB, 81920 MiB
2026/04/14 14:47:28.256, 3 %, 527 MiB, 81920 MiB
2026/04/14 14:47:28.256, 0 %, 0 MiB, 81920 MiB
2026/04/14 14:47:33.257, 17 %, 527 MiB, 81920 MiB
2026/04/14 14:47:33.257, 0 %, 0 MiB, 81920 MiB
2026/04/14 14:47:38.258, 15 %, 527 MiB, 81920 MiB
2026/04/14 14:47:38.258, 0 %, 0 MiB, 81920 MiB
2026/04/14 14:47:43.259, 12 %, 527 MiB, 81920 MiB
2026/04/14 14:47:43.259, 0 %, 0 MiB, 81920 MiB
2026/04/14 14:47:48.259, 14 %, 527 MiB, 81920 MiB
2026/04/14 14:47:48.260, 0 %, 0 MiB, 81920 MiB
2026/04/14 14:47:53.260, 1 %, 527 MiB, 81920 MiB
2026/04/14 14:47:53.260, 0 %, 0 MiB, 81920 MiB
2026/04/14 14:47:58.261, 1 %, 527 MiB, 81920 MiB
2026/04/14 14:47:58.261, 0 %, 0 MiB, 81920 MiB
2026/04/14 14:48:03.262, 10 %, 527 MiB, 81920 MiB
2026/04/14 14:48:03.262, 0 %, 0 MiB, 81920 MiB
2026/04/14 14:48:08.263, 11 %, 527 MiB, 81920 MiB
2026/04/14 14:48:08.263, 0 %, 0 MiB, 81920 MiB
2026/04/14 14:48:13.264, 0 %, 527 MiB, 81920 MiB
2026/04/14 14:48:13.264, 0 %, 0 MiB, 81920 MiB
2026/04/14 14:48:18.265, 0 %, 527 MiB, 81920 MiB
2026/04/14 14:48:18.265, 0 %, 0 MiB, 81920 MiB
2026/04/14 14:48:23.265, 0 %, 527 MiB, 81920 MiB
2026/04/14 14:48:23.265, 0 %, 0 MiB, 81920 MiB
2026/04/14 14:48:28.266, 0 %, 527 MiB, 81920 MiB
2026/04/14 14:48:28.266, 0 %, 0 MiB, 81920 MiB
2026/04/14 14:48:33.267, 0 %, 527 MiB, 81920 MiB
2026/04/14 14:48:33.267, 0 %, 0 MiB, 81920 MiB
2026/04/14 14:48:38.268, 0 %, 527 MiB, 81920 MiB
2026/04/14 14:48:38.268, 0 %, 0 MiB, 81920 MiB
2026/04/14 14:48:43.269, 0 %, 527 MiB, 81920 MiB
2026/04/14 14:48:43.269, 0 %, 0 MiB, 81920 MiB
2026/04/14 14:48:48.270, 0 %, 527 MiB, 81920 MiB
2026/04/14 14:48:48.270, 0 %, 0 MiB, 81920 MiB
2026/04/14 14:48:53.270, 0 %, 527 MiB, 81920 MiB
2026/04/14 14:48:53.270, 0 %, 0 MiB, 81920 MiB
2026/04/14 14:48:58.271, 0 %, 527 MiB, 81920 MiB
2026/04/14 14:48:58.271, 0 %, 0 MiB, 81920 MiB
2026/04/14 14:49:03.272, 0 %, 527 MiB, 81920 MiB
2026/04/14 14:49:03.272, 0 %, 0 MiB, 81920 MiB
2026/04/14 14:49:08.273, 0 %, 527 MiB, 81920 MiB
2026/04/14 14:49:08.273, 0 %, 0 MiB, 81920 MiB
2026/04/14 14:49:13.274, 0 %, 527 MiB, 81920 MiB
2026/04/14 14:49:13.274, 0 %, 0 MiB, 81920 MiB
2026/04/14 14:49:18.275, 0 %, 527 MiB, 81920 MiB
2026/04/14 14:49:18.275, 0 %, 0 MiB, 81920 MiB
2026/04/14 14:49:23.275, 0 %, 527 MiB, 81920 MiB
2026/04/14 14:49:23.275, 0 %, 0 MiB, 81920 MiB
2026/04/14 14:49:28.276, 0 %, 527 MiB, 81920 MiB
2026/04/14 14:49:28.276, 0 %, 0 MiB, 81920 MiB
2026/04/14 14:49:33.277, 0 %, 527 MiB, 81920 MiB
2026/04/14 14:49:33.277, 0 %, 0 MiB, 81920 MiB
2026/04/14 14:49:38.278, 0 %, 527 MiB, 81920 MiB
2026/04/14 14:49:38.278, 0 %, 0 MiB, 81920 MiB
2026/04/14 14:49:43.279, 0 %, 527 MiB, 81920 MiB
2026/04/14 14:49:43.279, 0 %, 0 MiB, 81920 MiB
2026/04/14 14:49:48.279, 0 %, 527 MiB, 81920 MiB
2026/04/14 14:49:48.280, 0 %, 0 MiB, 81920 MiB
2026/04/14 14:49:53.280, 0 %, 527 MiB, 81920 MiB
2026/04/14 14:49:53.280, 0 %, 0 MiB, 81920 MiB
2026/04/14 14:49:58.281, 0 %, 527 MiB, 81920 MiB
2026/04/14 14:49:58.281, 0 %, 0 MiB, 81920 MiB
2026/04/14 14:50:03.282, 0 %, 527 MiB, 81920 MiB
2026/04/14 14:50:03.282, 0 %, 0 MiB, 81920 MiB
2026/04/14 14:50:08.283, 10 %, 527 MiB, 81920 MiB
2026/04/14 14:50:08.283, 0 %, 0 MiB, 81920 MiB
2026/04/14 14:50:13.284, 0 %, 527 MiB, 81920 MiB
2026/04/14 14:50:13.284, 0 %, 0 MiB, 81920 MiB
2026/04/14 14:50:18.284, 1 %, 527 MiB, 81920 MiB
2026/04/14 14:50:18.285, 0 %, 0 MiB, 81920 MiB
2026/04/14 14:50:23.285, 0 %, 527 MiB, 81920 MiB
2026/04/14 14:50:23.285, 0 %, 0 MiB, 81920 MiB
2026/04/14 14:50:28.286, 0 %, 527 MiB, 81920 MiB
2026/04/14 14:50:28.286, 0 %, 0 MiB, 81920 MiB
2026/04/14 14:50:33.287, 16 %, 527 MiB, 81920 MiB
2026/04/14 14:50:33.287, 0 %, 0 MiB, 81920 MiB
2026/04/14 14:50:38.288, 15 %, 527 MiB, 81920 MiB
2026/04/14 14:50:38.288, 0 %, 0 MiB, 81920 MiB
2026/04/14 14:50:43.289, 7 %, 527 MiB, 81920 MiB
2026/04/14 14:50:43.289, 0 %, 0 MiB, 81920 MiB
2026/04/14 14:50:48.289, 6 %, 527 MiB, 81920 MiB
2026/04/14 14:50:48.290, 0 %, 0 MiB, 81920 MiB
2026/04/14 14:50:53.290, 18 %, 527 MiB, 81920 MiB
2026/04/14 14:50:53.290, 0 %, 0 MiB, 81920 MiB
2026/04/14 14:50:58.291, 18 %, 527 MiB, 81920 MiB
2026/04/14 14:50:58.291, 0 %, 0 MiB, 81920 MiB
2026/04/14 14:51:03.292, 12 %, 527 MiB, 81920 MiB
2026/04/14 14:51:03.292, 0 %, 0 MiB, 81920 MiB
2026/04/14 14:51:08.293, 15 %, 527 MiB, 81920 MiB
2026/04/14 14:51:08.293, 0 %, 0 MiB, 81920 MiB
2026/04/14 14:51:13.293, 2 %, 527 MiB, 81920 MiB
2026/04/14 14:51:13.294, 0 %, 0 MiB, 81920 MiB
2026/04/14 14:51:18.294, 1 %, 527 MiB, 81920 MiB
2026/04/14 14:51:18.294, 0 %, 0 MiB, 81920 MiB
2026/04/14 14:51:23.295, 9 %, 527 MiB, 81920 MiB
2026/04/14 14:51:23.295, 0 %, 0 MiB, 81920 MiB
2026/04/14 14:51:28.296, 9 %, 527 MiB, 81920 MiB
2026/04/14 14:51:28.296, 0 %, 0 MiB, 81920 MiB
2026/04/14 14:51:33.297, 0 %, 527 MiB, 81920 MiB
2026/04/14 14:51:33.297, 0 %, 0 MiB, 81920 MiB
2026/04/14 14:51:38.298, 0 %, 527 MiB, 81920 MiB
2026/04/14 14:51:38.298, 0 %, 0 MiB, 81920 MiB
2026/04/14 14:51:43.298, 0 %, 527 MiB, 81920 MiB
2026/04/14 14:51:43.299, 0 %, 0 MiB, 81920 MiB
2026/04/14 14:51:48.299, 0 %, 527 MiB, 81920 MiB
2026/04/14 14:51:48.299, 0 %, 0 MiB, 81920 MiB
2026/04/14 14:51:53.300, 0 %, 527 MiB, 81920 MiB
2026/04/14 14:51:53.300, 0 %, 0 MiB, 81920 MiB
2026/04/14 14:51:58.301, 0 %, 527 MiB, 81920 MiB
2026/04/14 14:51:58.301, 0 %, 0 MiB, 81920 MiB
2026/04/14 14:52:03.302, 0 %, 527 MiB, 81920 MiB
2026/04/14 14:52:03.302, 0 %, 0 MiB, 81920 MiB
2026/04/14 14:52:08.303, 0 %, 527 MiB, 81920 MiB
2026/04/14 14:52:08.303, 0 %, 0 MiB, 81920 MiB
2026/04/14 14:52:13.303, 0 %, 527 MiB, 81920 MiB
2026/04/14 14:52:13.304, 0 %, 0 MiB, 81920 MiB
2026/04/14 14:52:18.304, 0 %, 527 MiB, 81920 MiB
2026/04/14 14:52:18.304, 0 %, 0 MiB, 81920 MiB
2026/04/14 14:52:23.305, 0 %, 527 MiB, 81920 MiB
2026/04/14 14:52:23.305, 0 %, 0 MiB, 81920 MiB
2026/04/14 14:52:28.306, 0 %, 527 MiB, 81920 MiB
2026/04/14 14:52:28.306, 0 %, 0 MiB, 81920 MiB
2026/04/14 14:52:33.307, 0 %, 527 MiB, 81920 MiB
2026/04/14 14:52:33.307, 0 %, 0 MiB, 81920 MiB
2026/04/14 14:52:38.308, 0 %, 527 MiB, 81920 MiB
2026/04/14 14:52:38.308, 0 %, 0 MiB, 81920 MiB
2026/04/14 14:52:43.308, 0 %, 527 MiB, 81920 MiB
2026/04/14 14:52:43.309, 0 %, 0 MiB, 81920 MiB
2026/04/14 14:52:48.309, 0 %, 527 MiB, 81920 MiB
2026/04/14 14:52:48.309, 0 %, 0 MiB, 81920 MiB
2026/04/14 14:52:53.310, 0 %, 527 MiB, 81920 MiB
2026/04/14 14:52:53.310, 0 %, 0 MiB, 81920 MiB
2026/04/14 14:52:58.311, 0 %, 527 MiB, 81920 MiB
2026/04/14 14:52:58.311, 0 %, 0 MiB, 81920 MiB
2026/04/14 14:53:03.312, 0 %, 527 MiB, 81920 MiB
2026/04/14 14:53:03.312, 0 %, 0 MiB, 81920 MiB
2026/04/14 14:53:08.313, 0 %, 527 MiB, 81920 MiB
2026/04/14 14:53:08.313, 0 %, 0 MiB, 81920 MiB
2026/04/14 14:53:13.313, 0 %, 527 MiB, 81920 MiB
2026/04/14 14:53:13.314, 0 %, 0 MiB, 81920 MiB
2026/04/14 14:53:18.314, 0 %, 527 MiB, 81920 MiB
2026/04/14 14:53:18.314, 0 %, 0 MiB, 81920 MiB
2026/04/14 14:53:23.315, 0 %, 527 MiB, 81920 MiB
2026/04/14 14:53:23.315, 0 %, 0 MiB, 81920 MiB
2026/04/14 14:53:28.316, 0 %, 527 MiB, 81920 MiB
2026/04/14 14:53:28.316, 0 %, 0 MiB, 81920 MiB
2026/04/14 14:53:33.316, 0 %, 527 MiB, 81920 MiB
2026/04/14 14:53:33.317, 0 %, 0 MiB, 81920 MiB
2026/04/14 14:53:38.317, 0 %, 527 MiB, 81920 MiB
2026/04/14 14:53:38.317, 0 %, 0 MiB, 81920 MiB
2026/04/14 14:53:43.318, 0 %, 527 MiB, 81920 MiB
2026/04/14 14:53:43.318, 0 %, 0 MiB, 81920 MiB
2026/04/14 14:53:48.318, 0 %, 527 MiB, 81920 MiB
2026/04/14 14:53:48.319, 0 %, 0 MiB, 81920 MiB
2026/04/14 14:53:53.319, 0 %, 527 MiB, 81920 MiB
2026/04/14 14:53:53.319, 0 %, 0 MiB, 81920 MiB
2026/04/14 14:53:58.320, 0 %, 527 MiB, 81920 MiB
2026/04/14 14:53:58.320, 0 %, 0 MiB, 81920 MiB
2026/04/14 14:54:03.321, 0 %, 527 MiB, 81920 MiB
2026/04/14 14:54:03.321, 0 %, 0 MiB, 81920 MiB
2026/04/14 14:54:08.321, 0 %, 527 MiB, 81920 MiB
2026/04/14 14:54:08.321, 0 %, 0 MiB, 81920 MiB
2026/04/14 14:54:13.322, 0 %, 527 MiB, 81920 MiB
2026/04/14 14:54:13.322, 0 %, 0 MiB, 81920 MiB
2026/04/14 14:54:18.323, 0 %, 527 MiB, 81920 MiB
2026/04/14 14:54:18.323, 0 %, 0 MiB, 81920 MiB
2026/04/14 14:54:23.324, 0 %, 527 MiB, 81920 MiB
2026/04/14 14:54:23.324, 0 %, 0 MiB, 81920 MiB
2026/04/14 14:54:28.324, 0 %, 527 MiB, 81920 MiB
2026/04/14 14:54:28.324, 0 %, 0 MiB, 81920 MiB
2026/04/14 14:54:33.325, 0 %, 527 MiB, 81920 MiB
2026/04/14 14:54:33.325, 0 %, 0 MiB, 81920 MiB
2026/04/14 14:54:38.326, 0 %, 527 MiB, 81920 MiB
2026/04/14 14:54:38.326, 0 %, 0 MiB, 81920 MiB
2026/04/14 14:54:43.327, 0 %, 527 MiB, 81920 MiB
2026/04/14 14:54:43.327, 0 %, 0 MiB, 81920 MiB
2026/04/14 14:54:48.327, 0 %, 527 MiB, 81920 MiB
2026/04/14 14:54:48.328, 0 %, 0 MiB, 81920 MiB
2026/04/14 14:54:53.328, 0 %, 527 MiB, 81920 MiB
2026/04/14 14:54:53.328, 0 %, 0 MiB, 81920 MiB
2026/04/14 14:54:58.329, 0 %, 527 MiB, 81920 MiB
2026/04/14 14:54:58.329, 0 %, 0 MiB, 81920 MiB
2026/04/14 14:55:03.330, 0 %, 527 MiB, 81920 MiB
2026/04/14 14:55:03.330, 0 %, 0 MiB, 81920 MiB
2026/04/14 14:55:08.330, 0 %, 527 MiB, 81920 MiB
2026/04/14 14:55:08.331, 0 %, 0 MiB, 81920 MiB
2026/04/14 14:55:13.331, 0 %, 493 MiB, 81920 MiB
2026/04/14 14:55:13.332, 0 %, 0 MiB, 81920 MiB
2026/04/14 14:55:18.332, 0 %, 493 MiB, 81920 MiB
2026/04/14 14:55:18.332, 0 %, 0 MiB, 81920 MiB
2026/04/14 14:55:23.333, 0 %, 493 MiB, 81920 MiB
2026/04/14 14:55:23.333, 0 %, 0 MiB, 81920 MiB
2026/04/14 14:55:28.334, 0 %, 493 MiB, 81920 MiB
2026/04/14 14:55:28.334, 0 %, 0 MiB, 81920 MiB
2026/04/14 14:55:33.335, 0 %, 493 MiB, 81920 MiB
2026/04/14 14:55:33.335, 0 %, 0 MiB, 81920 MiB
2026/04/14 14:55:38.336, 0 %, 493 MiB, 81920 MiB
2026/04/14 14:55:38.336, 0 %, 0 MiB, 81920 MiB
2026/04/14 14:55:43.336, 0 %, 493 MiB, 81920 MiB
2026/04/14 14:55:43.337, 0 %, 0 MiB, 81920 MiB
2026/04/14 14:55:48.337, 0 %, 493 MiB, 81920 MiB
2026/04/14 14:55:48.338, 0 %, 0 MiB, 81920 MiB
2026/04/14 14:55:53.338, 0 %, 493 MiB, 81920 MiB
2026/04/14 14:55:53.338, 0 %, 0 MiB, 81920 MiB
2026/04/14 14:55:58.339, 0 %, 493 MiB, 81920 MiB
2026/04/14 14:55:58.339, 0 %, 0 MiB, 81920 MiB
2026/04/14 14:56:03.340, 0 %, 493 MiB, 81920 MiB
2026/04/14 14:56:03.340, 0 %, 0 MiB, 81920 MiB
2026/04/14 14:56:08.341, 0 %, 493 MiB, 81920 MiB
2026/04/14 14:56:08.341, 0 %, 0 MiB, 81920 MiB
2026/04/14 14:56:13.342, 0 %, 493 MiB, 81920 MiB
2026/04/14 14:56:13.342, 0 %, 0 MiB, 81920 MiB
2026/04/14 14:56:18.343, 0 %, 493 MiB, 81920 MiB
2026/04/14 14:56:18.343, 0 %, 0 MiB, 81920 MiB
2026/04/14 14:56:23.344, 0 %, 493 MiB, 81920 MiB
2026/04/14 14:56:23.344, 0 %, 0 MiB, 81920 MiB
2026/04/14 14:56:28.345, 0 %, 493 MiB, 81920 MiB
2026/04/14 14:56:28.345, 0 %, 0 MiB, 81920 MiB
2026/04/14 14:56:33.345, 0 %, 493 MiB, 81920 MiB
2026/04/14 14:56:33.346, 0 %, 0 MiB, 81920 MiB
2026/04/14 14:56:38.346, 0 %, 493 MiB, 81920 MiB
2026/04/14 14:56:38.346, 0 %, 0 MiB, 81920 MiB
2026/04/14 14:56:43.347, 0 %, 493 MiB, 81920 MiB
2026/04/14 14:56:43.347, 0 %, 0 MiB, 81920 MiB
2026/04/14 14:56:48.348, 0 %, 493 MiB, 81920 MiB
2026/04/14 14:56:48.348, 0 %, 0 MiB, 81920 MiB
2026/04/14 14:56:53.349, 0 %, 493 MiB, 81920 MiB
2026/04/14 14:56:53.349, 0 %, 0 MiB, 81920 MiB
2026/04/14 14:56:58.350, 0 %, 493 MiB, 81920 MiB
2026/04/14 14:56:58.350, 0 %, 0 MiB, 81920 MiB
2026/04/14 14:57:03.351, 0 %, 493 MiB, 81920 MiB
2026/04/14 14:57:03.351, 0 %, 0 MiB, 81920 MiB
2026/04/14 14:57:08.352, 0 %, 493 MiB, 81920 MiB
2026/04/14 14:57:08.352, 0 %, 0 MiB, 81920 MiB
2026/04/14 14:57:13.352, 0 %, 527 MiB, 81920 MiB
2026/04/14 14:57:13.352, 0 %, 0 MiB, 81920 MiB
2026/04/14 14:57:18.353, 15 %, 527 MiB, 81920 MiB
2026/04/14 14:57:18.353, 0 %, 0 MiB, 81920 MiB
2026/04/14 14:57:23.354, 13 %, 527 MiB, 81920 MiB
2026/04/14 14:57:23.354, 0 %, 0 MiB, 81920 MiB
2026/04/14 14:57:28.355, 14 %, 527 MiB, 81920 MiB
2026/04/14 14:57:28.355, 0 %, 0 MiB, 81920 MiB
2026/04/14 14:57:33.356, 17 %, 527 MiB, 81920 MiB
2026/04/14 14:57:33.356, 0 %, 0 MiB, 81920 MiB
2026/04/14 14:57:38.357, 3 %, 527 MiB, 81920 MiB
2026/04/14 14:57:38.357, 0 %, 0 MiB, 81920 MiB
2026/04/14 14:57:43.357, 14 %, 527 MiB, 81920 MiB
2026/04/14 14:57:43.358, 0 %, 0 MiB, 81920 MiB
2026/04/14 14:57:48.358, 12 %, 527 MiB, 81920 MiB
2026/04/14 14:57:48.358, 0 %, 0 MiB, 81920 MiB
2026/04/14 14:57:53.359, 0 %, 527 MiB, 81920 MiB
2026/04/14 14:57:53.359, 0 %, 0 MiB, 81920 MiB
2026/04/14 14:57:58.360, 1 %, 527 MiB, 81920 MiB
2026/04/14 14:57:58.360, 0 %, 0 MiB, 81920 MiB
2026/04/14 14:58:03.361, 2 %, 527 MiB, 81920 MiB
2026/04/14 14:58:03.361, 0 %, 0 MiB, 81920 MiB
2026/04/14 14:58:08.362, 0 %, 527 MiB, 81920 MiB
2026/04/14 14:58:08.362, 0 %, 0 MiB, 81920 MiB
2026/04/14 14:58:13.362, 0 %, 527 MiB, 81920 MiB
2026/04/14 14:58:13.363, 0 %, 0 MiB, 81920 MiB
2026/04/14 14:58:18.363, 0 %, 527 MiB, 81920 MiB
2026/04/14 14:58:18.363, 0 %, 0 MiB, 81920 MiB
2026/04/14 14:58:23.364, 0 %, 527 MiB, 81920 MiB
2026/04/14 14:58:23.364, 0 %, 0 MiB, 81920 MiB
2026/04/14 14:58:28.365, 0 %, 527 MiB, 81920 MiB
2026/04/14 14:58:28.365, 0 %, 0 MiB, 81920 MiB
2026/04/14 14:58:33.366, 0 %, 527 MiB, 81920 MiB
2026/04/14 14:58:33.366, 0 %, 0 MiB, 81920 MiB
2026/04/14 14:58:38.367, 0 %, 527 MiB, 81920 MiB
2026/04/14 14:58:38.367, 0 %, 0 MiB, 81920 MiB
2026/04/14 14:58:43.368, 0 %, 527 MiB, 81920 MiB
2026/04/14 14:58:43.368, 0 %, 0 MiB, 81920 MiB
2026/04/14 14:58:48.368, 0 %, 527 MiB, 81920 MiB
2026/04/14 14:58:48.369, 0 %, 0 MiB, 81920 MiB
2026/04/14 14:58:53.369, 0 %, 527 MiB, 81920 MiB
2026/04/14 14:58:53.369, 0 %, 0 MiB, 81920 MiB
2026/04/14 14:58:58.370, 0 %, 527 MiB, 81920 MiB
2026/04/14 14:58:58.370, 0 %, 0 MiB, 81920 MiB
2026/04/14 14:59:03.371, 0 %, 527 MiB, 81920 MiB
2026/04/14 14:59:03.371, 0 %, 0 MiB, 81920 MiB
2026/04/14 14:59:08.372, 0 %, 527 MiB, 81920 MiB
2026/04/14 14:59:08.372, 0 %, 0 MiB, 81920 MiB
2026/04/14 14:59:13.373, 0 %, 527 MiB, 81920 MiB
2026/04/14 14:59:13.373, 0 %, 0 MiB, 81920 MiB
2026/04/14 14:59:18.373, 0 %, 527 MiB, 81920 MiB
2026/04/14 14:59:18.374, 0 %, 0 MiB, 81920 MiB
2026/04/14 14:59:23.374, 0 %, 527 MiB, 81920 MiB
2026/04/14 14:59:23.375, 0 %, 0 MiB, 81920 MiB
2026/04/14 14:59:28.375, 0 %, 527 MiB, 81920 MiB
2026/04/14 14:59:28.375, 0 %, 0 MiB, 81920 MiB
2026/04/14 14:59:33.376, 0 %, 527 MiB, 81920 MiB
2026/04/14 14:59:33.376, 0 %, 0 MiB, 81920 MiB
2026/04/14 14:59:38.377, 0 %, 527 MiB, 81920 MiB
2026/04/14 14:59:38.377, 0 %, 0 MiB, 81920 MiB
2026/04/14 14:59:43.378, 0 %, 527 MiB, 81920 MiB
2026/04/14 14:59:43.378, 0 %, 0 MiB, 81920 MiB
2026/04/14 14:59:48.379, 0 %, 527 MiB, 81920 MiB
2026/04/14 14:59:48.379, 0 %, 0 MiB, 81920 MiB
2026/04/14 14:59:53.379, 0 %, 527 MiB, 81920 MiB
2026/04/14 14:59:53.380, 0 %, 0 MiB, 81920 MiB
2026/04/14 14:59:58.380, 0 %, 527 MiB, 81920 MiB
2026/04/14 14:59:58.380, 0 %, 0 MiB, 81920 MiB
2026/04/14 15:00:03.381, 0 %, 527 MiB, 81920 MiB
2026/04/14 15:00:03.381, 0 %, 0 MiB, 81920 MiB
2026/04/14 15:00:08.382, 0 %, 527 MiB, 81920 MiB
2026/04/14 15:00:08.382, 0 %, 0 MiB, 81920 MiB
2026/04/14 15:00:13.383, 0 %, 527 MiB, 81920 MiB
2026/04/14 15:00:13.383, 0 %, 0 MiB, 81920 MiB
2026/04/14 15:00:18.384, 7 %, 527 MiB, 81920 MiB
2026/04/14 15:00:18.384, 0 %, 0 MiB, 81920 MiB
2026/04/14 15:00:23.385, 4 %, 527 MiB, 81920 MiB
2026/04/14 15:00:23.385, 0 %, 0 MiB, 81920 MiB
2026/04/14 15:00:28.385, 18 %, 527 MiB, 81920 MiB
2026/04/14 15:00:28.386, 0 %, 0 MiB, 81920 MiB
2026/04/14 15:00:33.386, 0 %, 527 MiB, 81920 MiB
2026/04/14 15:00:33.386, 0 %, 0 MiB, 81920 MiB
2026/04/14 15:00:38.387, 7 %, 527 MiB, 81920 MiB
2026/04/14 15:00:38.387, 0 %, 0 MiB, 81920 MiB
2026/04/14 15:00:43.388, 4 %, 527 MiB, 81920 MiB
2026/04/14 15:00:43.388, 0 %, 0 MiB, 81920 MiB
2026/04/14 15:00:48.389, 17 %, 527 MiB, 81920 MiB
2026/04/14 15:00:48.389, 0 %, 0 MiB, 81920 MiB
2026/04/14 15:00:53.390, 15 %, 527 MiB, 81920 MiB
2026/04/14 15:00:53.390, 0 %, 0 MiB, 81920 MiB
2026/04/14 15:00:58.390, 14 %, 527 MiB, 81920 MiB
2026/04/14 15:00:58.391, 0 %, 0 MiB, 81920 MiB
2026/04/14 15:01:03.391, 17 %, 527 MiB, 81920 MiB
2026/04/14 15:01:03.391, 0 %, 0 MiB, 81920 MiB
2026/04/14 15:01:08.392, 3 %, 527 MiB, 81920 MiB
2026/04/14 15:01:08.392, 0 %, 0 MiB, 81920 MiB
2026/04/14 15:01:13.393, 5 %, 527 MiB, 81920 MiB
2026/04/14 15:01:13.393, 0 %, 0 MiB, 81920 MiB
2026/04/14 15:01:18.394, 15 %, 527 MiB, 81920 MiB
2026/04/14 15:01:18.394, 0 %, 0 MiB, 81920 MiB
2026/04/14 15:01:23.395, 18 %, 527 MiB, 81920 MiB
2026/04/14 15:01:23.395, 0 %, 0 MiB, 81920 MiB
2026/04/14 15:01:28.395, 5 %, 527 MiB, 81920 MiB
2026/04/14 15:01:28.396, 0 %, 0 MiB, 81920 MiB
2026/04/14 15:01:33.396, 7 %, 527 MiB, 81920 MiB
2026/04/14 15:01:33.396, 0 %, 0 MiB, 81920 MiB
2026/04/14 15:01:38.397, 0 %, 527 MiB, 81920 MiB
2026/04/14 15:01:38.397, 0 %, 0 MiB, 81920 MiB
2026/04/14 15:01:43.398, 1 %, 527 MiB, 81920 MiB
2026/04/14 15:01:43.398, 0 %, 0 MiB, 81920 MiB
2026/04/14 15:01:48.399, 0 %, 527 MiB, 81920 MiB
2026/04/14 15:01:48.399, 0 %, 0 MiB, 81920 MiB
2026/04/14 15:01:53.400, 12 %, 527 MiB, 81920 MiB
2026/04/14 15:01:53.400, 0 %, 0 MiB, 81920 MiB
2026/04/14 15:01:58.401, 0 %, 527 MiB, 81920 MiB
2026/04/14 15:01:58.401, 0 %, 0 MiB, 81920 MiB
2026/04/14 15:02:03.401, 1 %, 527 MiB, 81920 MiB
2026/04/14 15:02:03.401, 0 %, 0 MiB, 81920 MiB
2026/04/14 15:02:08.402, 0 %, 527 MiB, 81920 MiB
2026/04/14 15:02:08.402, 0 %, 0 MiB, 81920 MiB
2026/04/14 15:02:13.403, 0 %, 527 MiB, 81920 MiB
2026/04/14 15:02:13.403, 0 %, 0 MiB, 81920 MiB
2026/04/14 15:02:18.404, 0 %, 527 MiB, 81920 MiB
2026/04/14 15:02:18.404, 0 %, 0 MiB, 81920 MiB
2026/04/14 15:02:23.405, 0 %, 527 MiB, 81920 MiB
2026/04/14 15:02:23.405, 0 %, 0 MiB, 81920 MiB
2026/04/14 15:02:28.406, 0 %, 527 MiB, 81920 MiB
2026/04/14 15:02:28.406, 0 %, 0 MiB, 81920 MiB
2026/04/14 15:02:33.406, 0 %, 527 MiB, 81920 MiB
2026/04/14 15:02:33.406, 0 %, 0 MiB, 81920 MiB
2026/04/14 15:02:38.407, 0 %, 527 MiB, 81920 MiB
2026/04/14 15:02:38.407, 0 %, 0 MiB, 81920 MiB
2026/04/14 15:02:43.408, 0 %, 527 MiB, 81920 MiB
2026/04/14 15:02:43.408, 0 %, 0 MiB, 81920 MiB
2026/04/14 15:02:48.409, 0 %, 527 MiB, 81920 MiB
2026/04/14 15:02:48.409, 0 %, 0 MiB, 81920 MiB
2026/04/14 15:02:53.410, 0 %, 527 MiB, 81920 MiB
2026/04/14 15:02:53.410, 0 %, 0 MiB, 81920 MiB
2026/04/14 15:02:58.411, 0 %, 527 MiB, 81920 MiB
2026/04/14 15:02:58.411, 0 %, 0 MiB, 81920 MiB
2026/04/14 15:03:03.411, 0 %, 527 MiB, 81920 MiB
2026/04/14 15:03:03.412, 0 %, 0 MiB, 81920 MiB
2026/04/14 15:03:08.412, 0 %, 527 MiB, 81920 MiB
2026/04/14 15:03:08.412, 0 %, 0 MiB, 81920 MiB
2026/04/14 15:03:13.413, 0 %, 527 MiB, 81920 MiB
2026/04/14 15:03:13.413, 0 %, 0 MiB, 81920 MiB
2026/04/14 15:03:18.414, 0 %, 527 MiB, 81920 MiB
2026/04/14 15:03:18.414, 0 %, 0 MiB, 81920 MiB
2026/04/14 15:03:23.415, 0 %, 527 MiB, 81920 MiB
2026/04/14 15:03:23.415, 0 %, 0 MiB, 81920 MiB
2026/04/14 15:03:28.416, 0 %, 527 MiB, 81920 MiB
2026/04/14 15:03:28.416, 0 %, 0 MiB, 81920 MiB
2026/04/14 15:03:33.416, 0 %, 527 MiB, 81920 MiB
2026/04/14 15:03:33.417, 0 %, 0 MiB, 81920 MiB
2026/04/14 15:03:38.417, 0 %, 527 MiB, 81920 MiB
2026/04/14 15:03:38.417, 0 %, 0 MiB, 81920 MiB
2026/04/14 15:03:43.418, 0 %, 527 MiB, 81920 MiB
2026/04/14 15:03:43.418, 0 %, 0 MiB, 81920 MiB
2026/04/14 15:03:48.419, 0 %, 527 MiB, 81920 MiB
2026/04/14 15:03:48.419, 0 %, 0 MiB, 81920 MiB
2026/04/14 15:03:53.420, 0 %, 527 MiB, 81920 MiB
2026/04/14 15:03:53.420, 0 %, 0 MiB, 81920 MiB
2026/04/14 15:03:58.421, 0 %, 527 MiB, 81920 MiB
2026/04/14 15:03:58.421, 0 %, 0 MiB, 81920 MiB
2026/04/14 15:04:03.422, 0 %, 527 MiB, 81920 MiB
2026/04/14 15:04:03.422, 0 %, 0 MiB, 81920 MiB
2026/04/14 15:04:08.422, 0 %, 527 MiB, 81920 MiB
2026/04/14 15:04:08.423, 0 %, 0 MiB, 81920 MiB
2026/04/14 15:04:13.423, 0 %, 527 MiB, 81920 MiB
2026/04/14 15:04:13.423, 0 %, 0 MiB, 81920 MiB
2026/04/14 15:04:18.424, 0 %, 527 MiB, 81920 MiB
2026/04/14 15:04:18.424, 0 %, 0 MiB, 81920 MiB
2026/04/14 15:04:23.425, 0 %, 527 MiB, 81920 MiB
2026/04/14 15:04:23.425, 0 %, 0 MiB, 81920 MiB
2026/04/14 15:04:28.426, 0 %, 527 MiB, 81920 MiB
2026/04/14 15:04:28.426, 0 %, 0 MiB, 81920 MiB
2026/04/14 15:04:33.427, 0 %, 527 MiB, 81920 MiB
2026/04/14 15:04:33.427, 0 %, 0 MiB, 81920 MiB
2026/04/14 15:04:38.427, 0 %, 527 MiB, 81920 MiB
2026/04/14 15:04:38.428, 0 %, 0 MiB, 81920 MiB
2026/04/14 15:04:43.428, 0 %, 527 MiB, 81920 MiB
2026/04/14 15:04:43.428, 0 %, 0 MiB, 81920 MiB
2026/04/14 15:04:48.429, 0 %, 527 MiB, 81920 MiB
2026/04/14 15:04:48.429, 0 %, 0 MiB, 81920 MiB
2026/04/14 15:04:53.430, 0 %, 527 MiB, 81920 MiB
2026/04/14 15:04:53.430, 0 %, 0 MiB, 81920 MiB
2026/04/14 15:04:58.431, 0 %, 527 MiB, 81920 MiB
2026/04/14 15:04:58.431, 0 %, 0 MiB, 81920 MiB
2026/04/14 15:05:03.432, 4 %, 527 MiB, 81920 MiB
2026/04/14 15:05:03.432, 0 %, 0 MiB, 81920 MiB
2026/04/14 15:05:08.432, 1 %, 527 MiB, 81920 MiB
2026/04/14 15:05:08.433, 0 %, 0 MiB, 81920 MiB
2026/04/14 15:05:13.433, 14 %, 527 MiB, 81920 MiB
2026/04/14 15:05:13.433, 0 %, 0 MiB, 81920 MiB
2026/04/14 15:05:18.434, 0 %, 527 MiB, 81920 MiB
2026/04/14 15:05:18.434, 0 %, 0 MiB, 81920 MiB
2026/04/14 15:05:23.435, 2 %, 527 MiB, 81920 MiB
2026/04/14 15:05:23.435, 0 %, 0 MiB, 81920 MiB
2026/04/14 15:05:28.436, 19 %, 527 MiB, 81920 MiB
2026/04/14 15:05:28.436, 0 %, 0 MiB, 81920 MiB
2026/04/14 15:05:33.437, 13 %, 527 MiB, 81920 MiB
2026/04/14 15:05:33.437, 0 %, 0 MiB, 81920 MiB
2026/04/14 15:05:38.437, 10 %, 527 MiB, 81920 MiB
2026/04/14 15:05:38.438, 0 %, 0 MiB, 81920 MiB
2026/04/14 15:05:43.438, 18 %, 527 MiB, 81920 MiB
2026/04/14 15:05:43.438, 0 %, 0 MiB, 81920 MiB
2026/04/14 15:05:48.439, 18 %, 527 MiB, 81920 MiB
2026/04/14 15:05:48.439, 0 %, 0 MiB, 81920 MiB
2026/04/14 15:05:53.440, 9 %, 527 MiB, 81920 MiB
2026/04/14 15:05:53.440, 0 %, 0 MiB, 81920 MiB
2026/04/14 15:05:58.441, 8 %, 527 MiB, 81920 MiB
2026/04/14 15:05:58.441, 0 %, 0 MiB, 81920 MiB
2026/04/14 15:06:03.442, 18 %, 527 MiB, 81920 MiB
2026/04/14 15:06:03.442, 0 %, 0 MiB, 81920 MiB
2026/04/14 15:06:08.442, 17 %, 527 MiB, 81920 MiB
2026/04/14 15:06:08.442, 0 %, 0 MiB, 81920 MiB
2026/04/14 15:06:13.443, 12 %, 527 MiB, 81920 MiB
2026/04/14 15:06:13.443, 0 %, 0 MiB, 81920 MiB
2026/04/14 15:06:18.444, 14 %, 527 MiB, 81920 MiB
2026/04/14 15:06:18.444, 0 %, 0 MiB, 81920 MiB
2026/04/14 15:06:23.445, 3 %, 527 MiB, 81920 MiB
2026/04/14 15:06:23.445, 0 %, 0 MiB, 81920 MiB
2026/04/14 15:06:28.446, 5 %, 527 MiB, 81920 MiB
2026/04/14 15:06:28.446, 0 %, 0 MiB, 81920 MiB
2026/04/14 15:06:33.446, 0 %, 527 MiB, 81920 MiB
2026/04/14 15:06:33.447, 0 %, 0 MiB, 81920 MiB
2026/04/14 15:06:38.447, 0 %, 527 MiB, 81920 MiB
2026/04/14 15:06:38.447, 0 %, 0 MiB, 81920 MiB
2026/04/14 15:06:43.448, 6 %, 527 MiB, 81920 MiB
2026/04/14 15:06:43.448, 0 %, 0 MiB, 81920 MiB
2026/04/14 15:06:48.449, 0 %, 527 MiB, 81920 MiB
2026/04/14 15:06:48.449, 0 %, 0 MiB, 81920 MiB
2026/04/14 15:06:53.450, 0 %, 527 MiB, 81920 MiB
2026/04/14 15:06:53.450, 0 %, 0 MiB, 81920 MiB
2026/04/14 15:06:58.451, 1 %, 527 MiB, 81920 MiB
2026/04/14 15:06:58.451, 0 %, 0 MiB, 81920 MiB
2026/04/14 15:07:03.451, 0 %, 527 MiB, 81920 MiB
2026/04/14 15:07:03.452, 0 %, 0 MiB, 81920 MiB
2026/04/14 15:07:08.452, 0 %, 527 MiB, 81920 MiB
2026/04/14 15:07:08.452, 0 %, 0 MiB, 81920 MiB
2026/04/14 15:07:13.453, 0 %, 527 MiB, 81920 MiB
2026/04/14 15:07:13.453, 0 %, 0 MiB, 81920 MiB
2026/04/14 15:07:18.454, 0 %, 527 MiB, 81920 MiB
2026/04/14 15:07:18.454, 0 %, 0 MiB, 81920 MiB
2026/04/14 15:07:23.455, 0 %, 527 MiB, 81920 MiB
2026/04/14 15:07:23.455, 0 %, 0 MiB, 81920 MiB
2026/04/14 15:07:28.456, 0 %, 527 MiB, 81920 MiB
2026/04/14 15:07:28.456, 0 %, 0 MiB, 81920 MiB
2026/04/14 15:07:33.456, 0 %, 527 MiB, 81920 MiB
2026/04/14 15:07:33.457, 0 %, 0 MiB, 81920 MiB
2026/04/14 15:07:38.457, 0 %, 527 MiB, 81920 MiB
2026/04/14 15:07:38.457, 0 %, 0 MiB, 81920 MiB
2026/04/14 15:07:43.458, 0 %, 527 MiB, 81920 MiB
2026/04/14 15:07:43.458, 0 %, 0 MiB, 81920 MiB
2026/04/14 15:07:48.459, 0 %, 527 MiB, 81920 MiB
2026/04/14 15:07:48.459, 0 %, 0 MiB, 81920 MiB
2026/04/14 15:07:53.460, 0 %, 527 MiB, 81920 MiB
2026/04/14 15:07:53.460, 0 %, 0 MiB, 81920 MiB
2026/04/14 15:07:58.461, 0 %, 527 MiB, 81920 MiB
2026/04/14 15:07:58.461, 0 %, 0 MiB, 81920 MiB
2026/04/14 15:08:03.461, 0 %, 527 MiB, 81920 MiB
2026/04/14 15:08:03.462, 0 %, 0 MiB, 81920 MiB
2026/04/14 15:08:08.462, 0 %, 527 MiB, 81920 MiB
2026/04/14 15:08:08.462, 0 %, 0 MiB, 81920 MiB
2026/04/14 15:08:13.463, 0 %, 527 MiB, 81920 MiB
2026/04/14 15:08:13.463, 0 %, 0 MiB, 81920 MiB
2026/04/14 15:08:18.464, 0 %, 527 MiB, 81920 MiB
2026/04/14 15:08:18.464, 0 %, 0 MiB, 81920 MiB
2026/04/14 15:08:23.465, 0 %, 527 MiB, 81920 MiB
2026/04/14 15:08:23.465, 0 %, 0 MiB, 81920 MiB
2026/04/14 15:08:28.465, 0 %, 527 MiB, 81920 MiB
2026/04/14 15:08:28.466, 0 %, 0 MiB, 81920 MiB
2026/04/14 15:08:33.466, 0 %, 527 MiB, 81920 MiB
2026/04/14 15:08:33.466, 0 %, 0 MiB, 81920 MiB
2026/04/14 15:08:38.467, 0 %, 527 MiB, 81920 MiB
2026/04/14 15:08:38.467, 0 %, 0 MiB, 81920 MiB
2026/04/14 15:08:43.468, 0 %, 527 MiB, 81920 MiB
2026/04/14 15:08:43.468, 0 %, 0 MiB, 81920 MiB
2026/04/14 15:08:48.468, 0 %, 527 MiB, 81920 MiB
2026/04/14 15:08:48.469, 0 %, 0 MiB, 81920 MiB
2026/04/14 15:08:53.469, 0 %, 527 MiB, 81920 MiB
2026/04/14 15:08:53.469, 0 %, 0 MiB, 81920 MiB
2026/04/14 15:08:58.470, 0 %, 527 MiB, 81920 MiB
2026/04/14 15:08:58.470, 0 %, 0 MiB, 81920 MiB
2026/04/14 15:09:03.471, 0 %, 527 MiB, 81920 MiB
2026/04/14 15:09:03.471, 0 %, 0 MiB, 81920 MiB
2026/04/14 15:09:08.472, 0 %, 527 MiB, 81920 MiB
2026/04/14 15:09:08.472, 0 %, 0 MiB, 81920 MiB
2026/04/14 15:09:13.472, 0 %, 527 MiB, 81920 MiB
2026/04/14 15:09:13.472, 0 %, 0 MiB, 81920 MiB
2026/04/14 15:09:18.473, 0 %, 527 MiB, 81920 MiB
2026/04/14 15:09:18.473, 0 %, 0 MiB, 81920 MiB
2026/04/14 15:09:23.474, 0 %, 527 MiB, 81920 MiB
2026/04/14 15:09:23.474, 0 %, 0 MiB, 81920 MiB
2026/04/14 15:09:28.475, 0 %, 527 MiB, 81920 MiB
2026/04/14 15:09:28.475, 0 %, 0 MiB, 81920 MiB
2026/04/14 15:09:33.475, 0 %, 527 MiB, 81920 MiB
2026/04/14 15:09:33.475, 0 %, 0 MiB, 81920 MiB
2026/04/14 15:09:38.476, 0 %, 527 MiB, 81920 MiB
2026/04/14 15:09:38.476, 0 %, 0 MiB, 81920 MiB
2026/04/14 15:09:43.477, 0 %, 527 MiB, 81920 MiB
2026/04/14 15:09:43.477, 0 %, 0 MiB, 81920 MiB
2026/04/14 15:09:48.478, 0 %, 527 MiB, 81920 MiB
2026/04/14 15:09:48.478, 0 %, 0 MiB, 81920 MiB
2026/04/14 15:09:53.478, 0 %, 527 MiB, 81920 MiB
2026/04/14 15:09:53.478, 0 %, 0 MiB, 81920 MiB
2026/04/14 15:09:58.479, 0 %, 527 MiB, 81920 MiB
2026/04/14 15:09:58.479, 0 %, 0 MiB, 81920 MiB
2026/04/14 15:10:03.480, 0 %, 527 MiB, 81920 MiB
2026/04/14 15:10:03.480, 0 %, 0 MiB, 81920 MiB
2026/04/14 15:10:08.481, 0 %, 527 MiB, 81920 MiB
2026/04/14 15:10:08.481, 0 %, 0 MiB, 81920 MiB
2026/04/14 15:10:13.481, 0 %, 527 MiB, 81920 MiB
2026/04/14 15:10:13.482, 0 %, 0 MiB, 81920 MiB
2026/04/14 15:10:18.483, 0 %, 493 MiB, 81920 MiB
2026/04/14 15:10:18.483, 0 %, 0 MiB, 81920 MiB
2026/04/14 15:10:23.484, 0 %, 493 MiB, 81920 MiB
2026/04/14 15:10:23.484, 0 %, 0 MiB, 81920 MiB
2026/04/14 15:10:28.487, 0 %, 493 MiB, 81920 MiB
2026/04/14 15:10:28.487, 0 %, 0 MiB, 81920 MiB
2026/04/14 15:10:33.488, 0 %, 493 MiB, 81920 MiB
2026/04/14 15:10:33.488, 0 %, 0 MiB, 81920 MiB
2026/04/14 15:10:38.489, 0 %, 493 MiB, 81920 MiB
2026/04/14 15:10:38.489, 0 %, 0 MiB, 81920 MiB
2026/04/14 15:10:43.491, 0 %, 493 MiB, 81920 MiB
2026/04/14 15:10:43.491, 0 %, 0 MiB, 81920 MiB
2026/04/14 15:10:48.492, 0 %, 493 MiB, 81920 MiB
2026/04/14 15:10:48.492, 0 %, 0 MiB, 81920 MiB
2026/04/14 15:10:53.493, 0 %, 493 MiB, 81920 MiB
2026/04/14 15:10:53.493, 0 %, 0 MiB, 81920 MiB
2026/04/14 15:10:58.494, 0 %, 493 MiB, 81920 MiB
2026/04/14 15:10:58.494, 0 %, 0 MiB, 81920 MiB
2026/04/14 15:11:03.494, 0 %, 493 MiB, 81920 MiB
2026/04/14 15:11:03.495, 0 %, 0 MiB, 81920 MiB
2026/04/14 15:11:08.496, 0 %, 493 MiB, 81920 MiB
2026/04/14 15:11:08.496, 0 %, 0 MiB, 81920 MiB
2026/04/14 15:11:13.497, 0 %, 493 MiB, 81920 MiB
2026/04/14 15:11:13.497, 0 %, 0 MiB, 81920 MiB
2026/04/14 15:11:18.498, 0 %, 493 MiB, 81920 MiB
2026/04/14 15:11:18.498, 0 %, 0 MiB, 81920 MiB
2026/04/14 15:11:23.499, 0 %, 493 MiB, 81920 MiB
2026/04/14 15:11:23.499, 0 %, 0 MiB, 81920 MiB
2026/04/14 15:11:28.499, 0 %, 493 MiB, 81920 MiB
2026/04/14 15:11:28.500, 0 %, 0 MiB, 81920 MiB
2026/04/14 15:11:33.500, 0 %, 493 MiB, 81920 MiB
2026/04/14 15:11:33.501, 0 %, 0 MiB, 81920 MiB
2026/04/14 15:11:38.501, 0 %, 493 MiB, 81920 MiB
2026/04/14 15:11:38.501, 0 %, 0 MiB, 81920 MiB
2026/04/14 15:11:43.502, 0 %, 493 MiB, 81920 MiB
2026/04/14 15:11:43.502, 0 %, 0 MiB, 81920 MiB
2026/04/14 15:11:48.503, 0 %, 493 MiB, 81920 MiB
2026/04/14 15:11:48.503, 0 %, 0 MiB, 81920 MiB
2026/04/14 15:11:53.504, 0 %, 493 MiB, 81920 MiB
2026/04/14 15:11:53.504, 0 %, 0 MiB, 81920 MiB
2026/04/14 15:11:58.505, 0 %, 493 MiB, 81920 MiB
2026/04/14 15:11:58.505, 0 %, 0 MiB, 81920 MiB
2026/04/14 15:12:03.506, 0 %, 493 MiB, 81920 MiB
2026/04/14 15:12:03.506, 0 %, 0 MiB, 81920 MiB
2026/04/14 15:12:08.507, 0 %, 493 MiB, 81920 MiB
2026/04/14 15:12:08.507, 0 %, 0 MiB, 81920 MiB
2026/04/14 15:12:13.508, 0 %, 493 MiB, 81920 MiB
2026/04/14 15:12:13.508, 0 %, 0 MiB, 81920 MiB
2026/04/14 15:12:18.508, 0 %, 493 MiB, 81920 MiB
2026/04/14 15:12:18.509, 0 %, 0 MiB, 81920 MiB
2026/04/14 15:12:23.509, 0 %, 493 MiB, 81920 MiB
2026/04/14 15:12:23.510, 0 %, 0 MiB, 81920 MiB
2026/04/14 15:12:28.510, 0 %, 527 MiB, 81920 MiB
2026/04/14 15:12:28.511, 0 %, 0 MiB, 81920 MiB
2026/04/14 15:12:33.511, 0 %, 527 MiB, 81920 MiB
2026/04/14 15:12:33.511, 0 %, 0 MiB, 81920 MiB
2026/04/14 15:12:38.512, 16 %, 527 MiB, 81920 MiB
2026/04/14 15:12:38.512, 0 %, 0 MiB, 81920 MiB
2026/04/14 15:12:43.513, 5 %, 527 MiB, 81920 MiB
2026/04/14 15:12:43.513, 0 %, 0 MiB, 81920 MiB
2026/04/14 15:12:48.514, 0 %, 527 MiB, 81920 MiB
2026/04/14 15:12:48.514, 0 %, 0 MiB, 81920 MiB
2026/04/14 15:12:53.515, 0 %, 527 MiB, 81920 MiB
2026/04/14 15:12:53.515, 0 %, 0 MiB, 81920 MiB
2026/04/14 15:12:58.516, 0 %, 527 MiB, 81920 MiB
2026/04/14 15:12:58.516, 0 %, 0 MiB, 81920 MiB
2026/04/14 15:13:03.517, 0 %, 527 MiB, 81920 MiB
2026/04/14 15:13:03.517, 0 %, 0 MiB, 81920 MiB
2026/04/14 15:13:08.517, 9 %, 527 MiB, 81920 MiB
2026/04/14 15:13:08.518, 0 %, 0 MiB, 81920 MiB
2026/04/14 15:13:13.518, 1 %, 527 MiB, 81920 MiB
2026/04/14 15:13:13.518, 0 %, 0 MiB, 81920 MiB
2026/04/14 15:13:18.519, 0 %, 527 MiB, 81920 MiB
2026/04/14 15:13:18.519, 0 %, 0 MiB, 81920 MiB
2026/04/14 15:13:23.520, 0 %, 527 MiB, 81920 MiB
2026/04/14 15:13:23.520, 0 %, 0 MiB, 81920 MiB
2026/04/14 15:13:28.521, 0 %, 527 MiB, 81920 MiB
2026/04/14 15:13:28.521, 0 %, 0 MiB, 81920 MiB
2026/04/14 15:13:33.522, 0 %, 527 MiB, 81920 MiB
2026/04/14 15:13:33.522, 0 %, 0 MiB, 81920 MiB
2026/04/14 15:13:38.523, 1 %, 527 MiB, 81920 MiB
2026/04/14 15:13:38.523, 0 %, 0 MiB, 81920 MiB
2026/04/14 15:13:43.524, 14 %, 527 MiB, 81920 MiB
2026/04/14 15:13:43.524, 0 %, 0 MiB, 81920 MiB
2026/04/14 15:13:48.525, 6 %, 527 MiB, 81920 MiB
2026/04/14 15:13:48.525, 0 %, 0 MiB, 81920 MiB
2026/04/14 15:13:53.526, 0 %, 527 MiB, 81920 MiB
2026/04/14 15:13:53.526, 0 %, 0 MiB, 81920 MiB
2026/04/14 15:13:58.526, 0 %, 527 MiB, 81920 MiB
2026/04/14 15:13:58.527, 0 %, 0 MiB, 81920 MiB
2026/04/14 15:14:03.527, 0 %, 527 MiB, 81920 MiB
2026/04/14 15:14:03.528, 0 %, 0 MiB, 81920 MiB
2026/04/14 15:14:08.528, 4 %, 527 MiB, 81920 MiB
2026/04/14 15:14:08.529, 0 %, 0 MiB, 81920 MiB
2026/04/14 15:14:13.529, 14 %, 527 MiB, 81920 MiB
2026/04/14 15:14:13.529, 0 %, 0 MiB, 81920 MiB
2026/04/14 15:14:18.530, 1 %, 527 MiB, 81920 MiB
2026/04/14 15:14:18.530, 0 %, 0 MiB, 81920 MiB
2026/04/14 15:14:23.531, 0 %, 527 MiB, 81920 MiB
2026/04/14 15:14:23.531, 0 %, 0 MiB, 81920 MiB
2026/04/14 15:14:28.532, 0 %, 527 MiB, 81920 MiB
2026/04/14 15:14:28.532, 0 %, 0 MiB, 81920 MiB
2026/04/14 15:14:33.533, 0 %, 527 MiB, 81920 MiB
2026/04/14 15:14:33.533, 0 %, 0 MiB, 81920 MiB
2026/04/14 15:14:38.534, 0 %, 527 MiB, 81920 MiB
2026/04/14 15:14:38.534, 0 %, 0 MiB, 81920 MiB
2026/04/14 15:14:43.535, 17 %, 527 MiB, 81920 MiB
2026/04/14 15:14:43.535, 0 %, 0 MiB, 81920 MiB
2026/04/14 15:14:48.536, 0 %, 527 MiB, 81920 MiB
2026/04/14 15:14:48.536, 0 %, 0 MiB, 81920 MiB
2026/04/14 15:14:53.537, 0 %, 527 MiB, 81920 MiB
2026/04/14 15:14:53.537, 0 %, 0 MiB, 81920 MiB
2026/04/14 15:14:58.538, 0 %, 527 MiB, 81920 MiB
2026/04/14 15:14:58.538, 0 %, 0 MiB, 81920 MiB
2026/04/14 15:15:03.539, 13 %, 527 MiB, 81920 MiB
2026/04/14 15:15:03.539, 0 %, 0 MiB, 81920 MiB
2026/04/14 15:15:08.539, 13 %, 527 MiB, 81920 MiB
2026/04/14 15:15:08.540, 0 %, 0 MiB, 81920 MiB
2026/04/14 15:15:13.540, 0 %, 527 MiB, 81920 MiB
2026/04/14 15:15:13.541, 0 %, 0 MiB, 81920 MiB
2026/04/14 15:15:18.541, 0 %, 527 MiB, 81920 MiB
2026/04/14 15:15:18.541, 0 %, 0 MiB, 81920 MiB
2026/04/14 15:15:23.542, 0 %, 527 MiB, 81920 MiB
2026/04/14 15:15:23.542, 0 %, 0 MiB, 81920 MiB
2026/04/14 15:15:28.543, 0 %, 527 MiB, 81920 MiB
2026/04/14 15:15:28.543, 0 %, 0 MiB, 81920 MiB
2026/04/14 15:15:33.544, 6 %, 527 MiB, 81920 MiB
2026/04/14 15:15:33.544, 0 %, 0 MiB, 81920 MiB
2026/04/14 15:15:38.545, 7 %, 527 MiB, 81920 MiB
2026/04/14 15:15:38.545, 0 %, 0 MiB, 81920 MiB
2026/04/14 15:15:43.546, 0 %, 527 MiB, 81920 MiB
2026/04/14 15:15:43.546, 0 %, 0 MiB, 81920 MiB
2026/04/14 15:15:48.547, 0 %, 527 MiB, 81920 MiB
2026/04/14 15:15:48.547, 0 %, 0 MiB, 81920 MiB
2026/04/14 15:15:53.548, 0 %, 527 MiB, 81920 MiB
2026/04/14 15:15:53.548, 0 %, 0 MiB, 81920 MiB
2026/04/14 15:15:58.549, 0 %, 527 MiB, 81920 MiB
2026/04/14 15:15:58.549, 0 %, 0 MiB, 81920 MiB
2026/04/14 15:16:03.550, 13 %, 527 MiB, 81920 MiB
2026/04/14 15:16:03.550, 0 %, 0 MiB, 81920 MiB
2026/04/14 15:16:08.551, 13 %, 527 MiB, 81920 MiB
2026/04/14 15:16:08.551, 0 %, 0 MiB, 81920 MiB
2026/04/14 15:16:13.552, 0 %, 527 MiB, 81920 MiB
2026/04/14 15:16:13.552, 0 %, 0 MiB, 81920 MiB
2026/04/14 15:16:18.553, 0 %, 527 MiB, 81920 MiB
2026/04/14 15:16:18.553, 0 %, 0 MiB, 81920 MiB
2026/04/14 15:16:23.553, 0 %, 527 MiB, 81920 MiB
2026/04/14 15:16:23.554, 0 %, 0 MiB, 81920 MiB
2026/04/14 15:16:28.554, 0 %, 527 MiB, 81920 MiB
2026/04/14 15:16:28.555, 0 %, 0 MiB, 81920 MiB
2026/04/14 15:16:33.555, 0 %, 527 MiB, 81920 MiB
2026/04/14 15:16:33.555, 0 %, 0 MiB, 81920 MiB
2026/04/14 15:16:38.556, 6 %, 527 MiB, 81920 MiB
2026/04/14 15:16:38.556, 0 %, 0 MiB, 81920 MiB
2026/04/14 15:16:43.557, 14 %, 527 MiB, 81920 MiB
2026/04/14 15:16:43.557, 0 %, 0 MiB, 81920 MiB
2026/04/14 15:16:48.558, 0 %, 527 MiB, 81920 MiB
2026/04/14 15:16:48.558, 0 %, 0 MiB, 81920 MiB
2026/04/14 15:16:53.559, 0 %, 527 MiB, 81920 MiB
2026/04/14 15:16:53.559, 0 %, 0 MiB, 81920 MiB
2026/04/14 15:16:58.560, 0 %, 527 MiB, 81920 MiB
2026/04/14 15:16:58.560, 0 %, 0 MiB, 81920 MiB
2026/04/14 15:17:03.561, 0 %, 527 MiB, 81920 MiB
2026/04/14 15:17:03.561, 0 %, 0 MiB, 81920 MiB
2026/04/14 15:17:08.562, 15 %, 527 MiB, 81920 MiB
2026/04/14 15:17:08.562, 0 %, 0 MiB, 81920 MiB
2026/04/14 15:17:13.563, 0 %, 527 MiB, 81920 MiB
2026/04/14 15:17:13.563, 0 %, 0 MiB, 81920 MiB
2026/04/14 15:17:18.564, 0 %, 527 MiB, 81920 MiB
2026/04/14 15:17:18.564, 0 %, 0 MiB, 81920 MiB
2026/04/14 15:17:23.565, 0 %, 527 MiB, 81920 MiB
2026/04/14 15:17:23.565, 0 %, 0 MiB, 81920 MiB
2026/04/14 15:17:28.566, 0 %, 527 MiB, 81920 MiB
2026/04/14 15:17:28.566, 0 %, 0 MiB, 81920 MiB
2026/04/14 15:17:33.566, 5 %, 527 MiB, 81920 MiB
2026/04/14 15:17:33.567, 0 %, 0 MiB, 81920 MiB
2026/04/14 15:17:38.567, 14 %, 527 MiB, 81920 MiB
2026/04/14 15:17:38.568, 0 %, 0 MiB, 81920 MiB
2026/04/14 15:17:43.568, 0 %, 527 MiB, 81920 MiB
2026/04/14 15:17:43.569, 0 %, 0 MiB, 81920 MiB
2026/04/14 15:17:48.569, 0 %, 527 MiB, 81920 MiB
2026/04/14 15:17:48.569, 0 %, 0 MiB, 81920 MiB
2026/04/14 15:17:53.570, 0 %, 527 MiB, 81920 MiB
2026/04/14 15:17:53.570, 0 %, 0 MiB, 81920 MiB
2026/04/14 15:17:58.571, 0 %, 527 MiB, 81920 MiB
2026/04/14 15:17:58.571, 0 %, 0 MiB, 81920 MiB
2026/04/14 15:18:03.572, 1 %, 527 MiB, 81920 MiB
2026/04/14 15:18:03.572, 0 %, 0 MiB, 81920 MiB
2026/04/14 15:18:08.573, 6 %, 527 MiB, 81920 MiB
2026/04/14 15:18:08.573, 0 %, 0 MiB, 81920 MiB
2026/04/14 15:18:13.574, 3 %, 527 MiB, 81920 MiB
2026/04/14 15:18:13.574, 0 %, 0 MiB, 81920 MiB
2026/04/14 15:18:18.575, 0 %, 527 MiB, 81920 MiB
2026/04/14 15:18:18.575, 0 %, 0 MiB, 81920 MiB
2026/04/14 15:18:23.576, 0 %, 527 MiB, 81920 MiB
2026/04/14 15:18:23.576, 0 %, 0 MiB, 81920 MiB
2026/04/14 15:18:28.577, 0 %, 527 MiB, 81920 MiB
2026/04/14 15:18:28.577, 0 %, 0 MiB, 81920 MiB
2026/04/14 15:18:33.578, 0 %, 527 MiB, 81920 MiB
2026/04/14 15:18:33.578, 0 %, 0 MiB, 81920 MiB
2026/04/14 15:18:38.578, 2 %, 527 MiB, 81920 MiB
2026/04/14 15:18:38.579, 0 %, 0 MiB, 81920 MiB
2026/04/14 15:18:43.579, 0 %, 527 MiB, 81920 MiB
2026/04/14 15:18:43.580, 0 %, 0 MiB, 81920 MiB
2026/04/14 15:18:48.580, 0 %, 527 MiB, 81920 MiB
2026/04/14 15:18:48.580, 0 %, 0 MiB, 81920 MiB
2026/04/14 15:18:53.581, 0 %, 527 MiB, 81920 MiB
2026/04/14 15:18:53.581, 0 %, 0 MiB, 81920 MiB
2026/04/14 15:18:58.582, 0 %, 527 MiB, 81920 MiB
2026/04/14 15:18:58.582, 0 %, 0 MiB, 81920 MiB
2026/04/14 15:19:03.583, 1 %, 527 MiB, 81920 MiB
2026/04/14 15:19:03.583, 0 %, 0 MiB, 81920 MiB
2026/04/14 15:19:08.584, 10 %, 527 MiB, 81920 MiB
2026/04/14 15:19:08.584, 0 %, 0 MiB, 81920 MiB
2026/04/14 15:19:13.585, 3 %, 527 MiB, 81920 MiB
2026/04/14 15:19:13.585, 0 %, 0 MiB, 81920 MiB
2026/04/14 15:19:18.586, 0 %, 527 MiB, 81920 MiB
2026/04/14 15:19:18.586, 0 %, 0 MiB, 81920 MiB
2026/04/14 15:19:23.587, 0 %, 527 MiB, 81920 MiB
2026/04/14 15:19:23.587, 0 %, 0 MiB, 81920 MiB
2026/04/14 15:19:28.587, 0 %, 527 MiB, 81920 MiB
2026/04/14 15:19:28.588, 0 %, 0 MiB, 81920 MiB
2026/04/14 15:19:33.588, 0 %, 527 MiB, 81920 MiB
2026/04/14 15:19:33.589, 0 %, 0 MiB, 81920 MiB
2026/04/14 15:19:38.589, 17 %, 527 MiB, 81920 MiB
2026/04/14 15:19:38.589, 0 %, 0 MiB, 81920 MiB
2026/04/14 15:19:43.590, 8 %, 527 MiB, 81920 MiB
2026/04/14 15:19:43.590, 0 %, 0 MiB, 81920 MiB
2026/04/14 15:19:48.591, 0 %, 527 MiB, 81920 MiB
2026/04/14 15:19:48.591, 0 %, 0 MiB, 81920 MiB
2026/04/14 15:19:53.592, 0 %, 527 MiB, 81920 MiB
2026/04/14 15:19:53.592, 0 %, 0 MiB, 81920 MiB
2026/04/14 15:19:58.593, 0 %, 527 MiB, 81920 MiB
2026/04/14 15:19:58.593, 0 %, 0 MiB, 81920 MiB
2026/04/14 15:20:03.594, 0 %, 527 MiB, 81920 MiB
2026/04/14 15:20:03.594, 0 %, 0 MiB, 81920 MiB
2026/04/14 15:20:08.595, 0 %, 527 MiB, 81920 MiB
2026/04/14 15:20:08.595, 0 %, 0 MiB, 81920 MiB
2026/04/14 15:20:13.596, 1 %, 527 MiB, 81920 MiB
2026/04/14 15:20:13.596, 0 %, 0 MiB, 81920 MiB
2026/04/14 15:20:18.597, 0 %, 527 MiB, 81920 MiB
2026/04/14 15:20:18.597, 0 %, 0 MiB, 81920 MiB
2026/04/14 15:20:23.598, 0 %, 527 MiB, 81920 MiB
2026/04/14 15:20:23.598, 0 %, 0 MiB, 81920 MiB
2026/04/14 15:20:28.599, 0 %, 527 MiB, 81920 MiB
2026/04/14 15:20:28.599, 0 %, 0 MiB, 81920 MiB
2026/04/14 15:20:33.599, 0 %, 527 MiB, 81920 MiB
2026/04/14 15:20:33.599, 0 %, 0 MiB, 81920 MiB
2026/04/14 15:20:38.600, 5 %, 527 MiB, 81920 MiB
2026/04/14 15:20:38.600, 0 %, 0 MiB, 81920 MiB
2026/04/14 15:20:43.601, 15 %, 527 MiB, 81920 MiB
2026/04/14 15:20:43.601, 0 %, 0 MiB, 81920 MiB
2026/04/14 15:20:48.602, 0 %, 527 MiB, 81920 MiB
2026/04/14 15:20:48.602, 0 %, 0 MiB, 81920 MiB
2026/04/14 15:20:53.603, 0 %, 527 MiB, 81920 MiB
2026/04/14 15:20:53.603, 0 %, 0 MiB, 81920 MiB
2026/04/14 15:20:58.604, 0 %, 527 MiB, 81920 MiB
2026/04/14 15:20:58.604, 0 %, 0 MiB, 81920 MiB
2026/04/14 15:21:03.605, 0 %, 527 MiB, 81920 MiB
2026/04/14 15:21:03.605, 0 %, 0 MiB, 81920 MiB
2026/04/14 15:21:08.606, 13 %, 527 MiB, 81920 MiB
2026/04/14 15:21:08.606, 0 %, 0 MiB, 81920 MiB
2026/04/14 15:21:13.607, 13 %, 527 MiB, 81920 MiB
2026/04/14 15:21:13.607, 0 %, 0 MiB, 81920 MiB
2026/04/14 15:21:18.608, 0 %, 527 MiB, 81920 MiB
2026/04/14 15:21:18.608, 0 %, 0 MiB, 81920 MiB
2026/04/14 15:21:23.609, 0 %, 527 MiB, 81920 MiB
2026/04/14 15:21:23.609, 0 %, 0 MiB, 81920 MiB
2026/04/14 15:21:28.610, 0 %, 527 MiB, 81920 MiB
2026/04/14 15:21:28.610, 0 %, 0 MiB, 81920 MiB
2026/04/14 15:21:33.611, 0 %, 527 MiB, 81920 MiB
2026/04/14 15:21:33.611, 0 %, 0 MiB, 81920 MiB
2026/04/14 15:21:38.612, 9 %, 527 MiB, 81920 MiB
2026/04/14 15:21:38.612, 0 %, 0 MiB, 81920 MiB
2026/04/14 15:21:43.613, 4 %, 527 MiB, 81920 MiB
2026/04/14 15:21:43.613, 0 %, 0 MiB, 81920 MiB
2026/04/14 15:21:48.613, 0 %, 527 MiB, 81920 MiB
2026/04/14 15:21:48.614, 0 %, 0 MiB, 81920 MiB
2026/04/14 15:21:53.614, 0 %, 527 MiB, 81920 MiB
2026/04/14 15:21:53.615, 0 %, 0 MiB, 81920 MiB
2026/04/14 15:21:58.615, 0 %, 527 MiB, 81920 MiB
2026/04/14 15:21:58.615, 0 %, 0 MiB, 81920 MiB
2026/04/14 15:22:03.616, 0 %, 527 MiB, 81920 MiB
2026/04/14 15:22:03.616, 0 %, 0 MiB, 81920 MiB
2026/04/14 15:22:08.617, 1 %, 527 MiB, 81920 MiB
2026/04/14 15:22:08.617, 0 %, 0 MiB, 81920 MiB
2026/04/14 15:22:13.618, 11 %, 527 MiB, 81920 MiB
2026/04/14 15:22:13.618, 0 %, 0 MiB, 81920 MiB
2026/04/14 15:22:18.619, 0 %, 527 MiB, 81920 MiB
2026/04/14 15:22:18.619, 0 %, 0 MiB, 81920 MiB
2026/04/14 15:22:23.620, 0 %, 527 MiB, 81920 MiB
2026/04/14 15:22:23.620, 0 %, 0 MiB, 81920 MiB
2026/04/14 15:22:28.621, 0 %, 527 MiB, 81920 MiB
2026/04/14 15:22:28.621, 0 %, 0 MiB, 81920 MiB
2026/04/14 15:22:33.622, 0 %, 527 MiB, 81920 MiB
2026/04/14 15:22:33.622, 0 %, 0 MiB, 81920 MiB
2026/04/14 15:22:38.622, 0 %, 527 MiB, 81920 MiB
2026/04/14 15:22:38.623, 0 %, 0 MiB, 81920 MiB
2026/04/14 15:22:43.623, 18 %, 527 MiB, 81920 MiB
2026/04/14 15:22:43.623, 0 %, 0 MiB, 81920 MiB
2026/04/14 15:22:48.624, 8 %, 527 MiB, 81920 MiB
2026/04/14 15:22:48.624, 0 %, 0 MiB, 81920 MiB
2026/04/14 15:22:53.625, 0 %, 527 MiB, 81920 MiB
2026/04/14 15:22:53.625, 0 %, 0 MiB, 81920 MiB
2026/04/14 15:22:58.626, 0 %, 527 MiB, 81920 MiB
2026/04/14 15:22:58.626, 0 %, 0 MiB, 81920 MiB
2026/04/14 15:23:03.627, 0 %, 527 MiB, 81920 MiB
2026/04/14 15:23:03.627, 0 %, 0 MiB, 81920 MiB
2026/04/14 15:23:08.628, 5 %, 527 MiB, 81920 MiB
2026/04/14 15:23:08.628, 0 %, 0 MiB, 81920 MiB
2026/04/14 15:23:13.629, 7 %, 527 MiB, 81920 MiB
2026/04/14 15:23:13.629, 0 %, 0 MiB, 81920 MiB
2026/04/14 15:23:18.630, 0 %, 527 MiB, 81920 MiB
2026/04/14 15:23:18.630, 0 %, 0 MiB, 81920 MiB
2026/04/14 15:23:23.631, 0 %, 527 MiB, 81920 MiB
2026/04/14 15:23:23.631, 0 %, 0 MiB, 81920 MiB
2026/04/14 15:23:28.632, 0 %, 527 MiB, 81920 MiB
2026/04/14 15:23:28.632, 0 %, 0 MiB, 81920 MiB
2026/04/14 15:23:33.632, 0 %, 527 MiB, 81920 MiB
2026/04/14 15:23:33.633, 0 %, 0 MiB, 81920 MiB
2026/04/14 15:23:38.633, 17 %, 527 MiB, 81920 MiB
2026/04/14 15:23:38.634, 0 %, 0 MiB, 81920 MiB
2026/04/14 15:23:43.634, 9 %, 527 MiB, 81920 MiB
2026/04/14 15:23:43.634, 0 %, 0 MiB, 81920 MiB
2026/04/14 15:23:48.635, 0 %, 527 MiB, 81920 MiB
2026/04/14 15:23:48.635, 0 %, 0 MiB, 81920 MiB
2026/04/14 15:23:53.636, 0 %, 527 MiB, 81920 MiB
2026/04/14 15:23:53.636, 0 %, 0 MiB, 81920 MiB
2026/04/14 15:23:58.637, 0 %, 527 MiB, 81920 MiB
2026/04/14 15:23:58.637, 0 %, 0 MiB, 81920 MiB
2026/04/14 15:24:03.638, 0 %, 527 MiB, 81920 MiB
2026/04/14 15:24:03.638, 0 %, 0 MiB, 81920 MiB
2026/04/14 15:24:08.639, 0 %, 527 MiB, 81920 MiB
2026/04/14 15:24:08.639, 0 %, 0 MiB, 81920 MiB
2026/04/14 15:24:13.640, 0 %, 527 MiB, 81920 MiB
2026/04/14 15:24:13.640, 0 %, 0 MiB, 81920 MiB
2026/04/14 15:24:18.641, 0 %, 527 MiB, 81920 MiB
2026/04/14 15:24:18.641, 0 %, 0 MiB, 81920 MiB
2026/04/14 15:24:23.642, 0 %, 527 MiB, 81920 MiB
2026/04/14 15:24:23.642, 0 %, 0 MiB, 81920 MiB
2026/04/14 15:24:28.643, 0 %, 527 MiB, 81920 MiB
2026/04/14 15:24:28.643, 0 %, 0 MiB, 81920 MiB
2026/04/14 15:24:33.644, 0 %, 527 MiB, 81920 MiB
2026/04/14 15:24:33.644, 0 %, 0 MiB, 81920 MiB
2026/04/14 15:24:38.644, 0 %, 527 MiB, 81920 MiB
2026/04/14 15:24:38.645, 0 %, 0 MiB, 81920 MiB
2026/04/14 15:24:43.645, 0 %, 527 MiB, 81920 MiB
2026/04/14 15:24:43.646, 0 %, 0 MiB, 81920 MiB
2026/04/14 15:24:48.646, 0 %, 527 MiB, 81920 MiB
2026/04/14 15:24:48.647, 0 %, 0 MiB, 81920 MiB
2026/04/14 15:24:53.647, 0 %, 527 MiB, 81920 MiB
2026/04/14 15:24:53.648, 0 %, 0 MiB, 81920 MiB
2026/04/14 15:24:58.648, 0 %, 527 MiB, 81920 MiB
2026/04/14 15:24:58.649, 0 %, 0 MiB, 81920 MiB
2026/04/14 15:25:03.649, 0 %, 527 MiB, 81920 MiB
2026/04/14 15:25:03.649, 0 %, 0 MiB, 81920 MiB
2026/04/14 15:25:08.650, 0 %, 527 MiB, 81920 MiB
2026/04/14 15:25:08.650, 0 %, 0 MiB, 81920 MiB
2026/04/14 15:25:13.651, 0 %, 527 MiB, 81920 MiB
2026/04/14 15:25:13.651, 0 %, 0 MiB, 81920 MiB
2026/04/14 15:25:18.652, 0 %, 527 MiB, 81920 MiB
2026/04/14 15:25:18.652, 0 %, 0 MiB, 81920 MiB
2026/04/14 15:25:23.653, 0 %, 527 MiB, 81920 MiB
2026/04/14 15:25:23.653, 0 %, 0 MiB, 81920 MiB
2026/04/14 15:25:28.654, 0 %, 527 MiB, 81920 MiB
2026/04/14 15:25:28.654, 0 %, 0 MiB, 81920 MiB
2026/04/14 15:25:33.655, 0 %, 527 MiB, 81920 MiB
2026/04/14 15:25:33.655, 0 %, 0 MiB, 81920 MiB
2026/04/14 15:25:38.656, 0 %, 527 MiB, 81920 MiB
2026/04/14 15:25:38.656, 0 %, 0 MiB, 81920 MiB
2026/04/14 15:25:43.657, 0 %, 527 MiB, 81920 MiB
2026/04/14 15:25:43.657, 0 %, 0 MiB, 81920 MiB
2026/04/14 15:25:48.658, 0 %, 527 MiB, 81920 MiB
2026/04/14 15:25:48.658, 0 %, 0 MiB, 81920 MiB
2026/04/14 15:25:53.659, 0 %, 527 MiB, 81920 MiB
2026/04/14 15:25:53.659, 0 %, 0 MiB, 81920 MiB
2026/04/14 15:25:58.660, 0 %, 527 MiB, 81920 MiB
2026/04/14 15:25:58.660, 0 %, 0 MiB, 81920 MiB
2026/04/14 15:26:03.660, 0 %, 493 MiB, 81920 MiB
2026/04/14 15:26:03.660, 0 %, 0 MiB, 81920 MiB
2026/04/14 15:26:08.661, 0 %, 493 MiB, 81920 MiB
2026/04/14 15:26:08.661, 0 %, 0 MiB, 81920 MiB
2026/04/14 15:26:13.662, 0 %, 493 MiB, 81920 MiB
2026/04/14 15:26:13.662, 0 %, 0 MiB, 81920 MiB
2026/04/14 15:26:18.663, 0 %, 493 MiB, 81920 MiB
2026/04/14 15:26:18.663, 0 %, 0 MiB, 81920 MiB
2026/04/14 15:26:23.664, 0 %, 493 MiB, 81920 MiB
2026/04/14 15:26:23.664, 0 %, 0 MiB, 81920 MiB
2026/04/14 15:26:28.665, 0 %, 493 MiB, 81920 MiB
2026/04/14 15:26:28.665, 0 %, 0 MiB, 81920 MiB
2026/04/14 15:26:33.665, 0 %, 493 MiB, 81920 MiB
2026/04/14 15:26:33.666, 0 %, 0 MiB, 81920 MiB
2026/04/14 15:26:38.666, 0 %, 493 MiB, 81920 MiB
2026/04/14 15:26:38.667, 0 %, 0 MiB, 81920 MiB
2026/04/14 15:26:43.667, 0 %, 493 MiB, 81920 MiB
2026/04/14 15:26:43.668, 0 %, 0 MiB, 81920 MiB
2026/04/14 15:26:48.668, 0 %, 493 MiB, 81920 MiB
2026/04/14 15:26:48.668, 0 %, 0 MiB, 81920 MiB
2026/04/14 15:26:53.669, 0 %, 493 MiB, 81920 MiB
2026/04/14 15:26:53.669, 0 %, 0 MiB, 81920 MiB
2026/04/14 15:26:58.670, 0 %, 493 MiB, 81920 MiB
2026/04/14 15:26:58.670, 0 %, 0 MiB, 81920 MiB
2026/04/14 15:27:03.671, 0 %, 493 MiB, 81920 MiB
2026/04/14 15:27:03.671, 0 %, 0 MiB, 81920 MiB
2026/04/14 15:27:08.672, 0 %, 493 MiB, 81920 MiB
2026/04/14 15:27:08.672, 0 %, 0 MiB, 81920 MiB
2026/04/14 15:27:13.673, 0 %, 493 MiB, 81920 MiB
2026/04/14 15:27:13.673, 0 %, 0 MiB, 81920 MiB
2026/04/14 15:27:18.673, 0 %, 493 MiB, 81920 MiB
2026/04/14 15:27:18.674, 0 %, 0 MiB, 81920 MiB
2026/04/14 15:27:23.674, 0 %, 493 MiB, 81920 MiB
2026/04/14 15:27:23.675, 0 %, 0 MiB, 81920 MiB
2026/04/14 15:27:28.675, 0 %, 493 MiB, 81920 MiB
2026/04/14 15:27:28.676, 0 %, 0 MiB, 81920 MiB
2026/04/14 15:27:33.676, 0 %, 493 MiB, 81920 MiB
2026/04/14 15:27:33.676, 0 %, 0 MiB, 81920 MiB
2026/04/14 15:27:38.677, 0 %, 493 MiB, 81920 MiB
2026/04/14 15:27:38.677, 0 %, 0 MiB, 81920 MiB
2026/04/14 15:27:43.678, 0 %, 493 MiB, 81920 MiB
2026/04/14 15:27:43.678, 0 %, 0 MiB, 81920 MiB
2026/04/14 15:27:48.679, 0 %, 493 MiB, 81920 MiB
2026/04/14 15:27:48.679, 0 %, 0 MiB, 81920 MiB
2026/04/14 15:27:53.680, 0 %, 493 MiB, 81920 MiB
2026/04/14 15:27:53.680, 0 %, 0 MiB, 81920 MiB
2026/04/14 15:27:58.681, 0 %, 493 MiB, 81920 MiB
2026/04/14 15:27:58.681, 0 %, 0 MiB, 81920 MiB
2026/04/14 15:28:03.681, 0 %, 493 MiB, 81920 MiB
2026/04/14 15:28:03.681, 0 %, 0 MiB, 81920 MiB
2026/04/14 15:28:08.682, 0 %, 527 MiB, 81920 MiB
2026/04/14 15:28:08.682, 0 %, 0 MiB, 81920 MiB
2026/04/14 15:28:13.683, 0 %, 527 MiB, 81920 MiB
2026/04/14 15:28:13.683, 0 %, 0 MiB, 81920 MiB
2026/04/14 15:28:18.684, 0 %, 527 MiB, 81920 MiB
2026/04/14 15:28:18.684, 0 %, 0 MiB, 81920 MiB
2026/04/14 15:28:23.685, 1 %, 527 MiB, 81920 MiB
2026/04/14 15:28:23.685, 0 %, 0 MiB, 81920 MiB
2026/04/14 15:28:28.686, 0 %, 527 MiB, 81920 MiB
2026/04/14 15:28:28.686, 0 %, 0 MiB, 81920 MiB
2026/04/14 15:28:33.687, 0 %, 527 MiB, 81920 MiB
2026/04/14 15:28:33.687, 0 %, 0 MiB, 81920 MiB
2026/04/14 15:28:38.687, 8 %, 527 MiB, 81920 MiB
2026/04/14 15:28:38.688, 0 %, 0 MiB, 81920 MiB
2026/04/14 15:28:43.688, 0 %, 527 MiB, 81920 MiB
2026/04/14 15:28:43.688, 0 %, 0 MiB, 81920 MiB
2026/04/14 15:28:48.689, 0 %, 527 MiB, 81920 MiB
2026/04/14 15:28:48.689, 0 %, 0 MiB, 81920 MiB
2026/04/14 15:28:53.690, 7 %, 527 MiB, 81920 MiB
2026/04/14 15:28:53.690, 0 %, 0 MiB, 81920 MiB
2026/04/14 15:28:58.691, 6 %, 527 MiB, 81920 MiB
2026/04/14 15:28:58.691, 0 %, 0 MiB, 81920 MiB
2026/04/14 15:29:03.692, 17 %, 527 MiB, 81920 MiB
2026/04/14 15:29:03.692, 0 %, 0 MiB, 81920 MiB
2026/04/14 15:29:08.692, 15 %, 527 MiB, 81920 MiB
2026/04/14 15:29:08.693, 0 %, 0 MiB, 81920 MiB
2026/04/14 15:29:13.693, 12 %, 527 MiB, 81920 MiB
2026/04/14 15:29:13.693, 0 %, 0 MiB, 81920 MiB
2026/04/14 15:29:18.694, 5 %, 527 MiB, 81920 MiB
2026/04/14 15:29:18.694, 0 %, 0 MiB, 81920 MiB
2026/04/14 15:29:23.695, 2 %, 527 MiB, 81920 MiB
2026/04/14 15:29:23.695, 0 %, 0 MiB, 81920 MiB
2026/04/14 15:29:28.696, 15 %, 527 MiB, 81920 MiB
2026/04/14 15:29:28.696, 0 %, 0 MiB, 81920 MiB
2026/04/14 15:29:33.697, 13 %, 527 MiB, 81920 MiB
2026/04/14 15:29:33.697, 0 %, 0 MiB, 81920 MiB
2026/04/14 15:29:38.698, 15 %, 527 MiB, 81920 MiB
2026/04/14 15:29:38.698, 0 %, 0 MiB, 81920 MiB
2026/04/14 15:29:43.698, 3 %, 527 MiB, 81920 MiB
2026/04/14 15:29:43.699, 0 %, 0 MiB, 81920 MiB
2026/04/14 15:29:48.699, 5 %, 527 MiB, 81920 MiB
2026/04/14 15:29:48.699, 0 %, 0 MiB, 81920 MiB
2026/04/14 15:29:53.700, 0 %, 527 MiB, 81920 MiB
2026/04/14 15:29:53.700, 0 %, 0 MiB, 81920 MiB
2026/04/14 15:29:58.701, 0 %, 527 MiB, 81920 MiB
2026/04/14 15:29:58.701, 0 %, 0 MiB, 81920 MiB
2026/04/14 15:30:03.702, 0 %, 527 MiB, 81920 MiB
2026/04/14 15:30:03.702, 0 %, 0 MiB, 81920 MiB
2026/04/14 15:30:08.703, 5 %, 527 MiB, 81920 MiB
2026/04/14 15:30:08.703, 0 %, 0 MiB, 81920 MiB
2026/04/14 15:30:13.704, 0 %, 527 MiB, 81920 MiB
2026/04/14 15:30:13.704, 0 %, 0 MiB, 81920 MiB
2026/04/14 15:30:18.705, 0 %, 527 MiB, 81920 MiB
2026/04/14 15:30:18.705, 0 %, 0 MiB, 81920 MiB
2026/04/14 15:30:23.705, 0 %, 527 MiB, 81920 MiB
2026/04/14 15:30:23.706, 0 %, 0 MiB, 81920 MiB
2026/04/14 15:30:28.706, 0 %, 527 MiB, 81920 MiB
2026/04/14 15:30:28.707, 0 %, 0 MiB, 81920 MiB
2026/04/14 15:30:33.707, 0 %, 527 MiB, 81920 MiB
2026/04/14 15:30:33.707, 0 %, 0 MiB, 81920 MiB
2026/04/14 15:30:38.708, 0 %, 527 MiB, 81920 MiB
2026/04/14 15:30:38.708, 0 %, 0 MiB, 81920 MiB
2026/04/14 15:30:43.709, 0 %, 527 MiB, 81920 MiB
2026/04/14 15:30:43.709, 0 %, 0 MiB, 81920 MiB
2026/04/14 15:30:48.710, 0 %, 527 MiB, 81920 MiB
2026/04/14 15:30:48.710, 0 %, 0 MiB, 81920 MiB
2026/04/14 15:30:53.711, 0 %, 527 MiB, 81920 MiB
2026/04/14 15:30:53.711, 0 %, 0 MiB, 81920 MiB
2026/04/14 15:30:58.712, 0 %, 527 MiB, 81920 MiB
2026/04/14 15:30:58.712, 0 %, 0 MiB, 81920 MiB
2026/04/14 15:31:03.713, 0 %, 527 MiB, 81920 MiB
2026/04/14 15:31:03.713, 0 %, 0 MiB, 81920 MiB
2026/04/14 15:31:08.714, 0 %, 527 MiB, 81920 MiB
2026/04/14 15:31:08.714, 0 %, 0 MiB, 81920 MiB
2026/04/14 15:31:13.714, 0 %, 527 MiB, 81920 MiB
2026/04/14 15:31:13.714, 0 %, 0 MiB, 81920 MiB
2026/04/14 15:31:18.715, 0 %, 527 MiB, 81920 MiB
2026/04/14 15:31:18.715, 0 %, 0 MiB, 81920 MiB
2026/04/14 15:31:23.716, 0 %, 527 MiB, 81920 MiB
2026/04/14 15:31:23.716, 0 %, 0 MiB, 81920 MiB
2026/04/14 15:31:28.717, 0 %, 527 MiB, 81920 MiB
2026/04/14 15:31:28.717, 0 %, 0 MiB, 81920 MiB
2026/04/14 15:31:33.718, 0 %, 527 MiB, 81920 MiB
2026/04/14 15:31:33.718, 0 %, 0 MiB, 81920 MiB
2026/04/14 15:31:38.719, 0 %, 527 MiB, 81920 MiB
2026/04/14 15:31:38.719, 0 %, 0 MiB, 81920 MiB
2026/04/14 15:31:43.720, 0 %, 527 MiB, 81920 MiB
2026/04/14 15:31:43.720, 0 %, 0 MiB, 81920 MiB
2026/04/14 15:31:48.720, 0 %, 527 MiB, 81920 MiB
2026/04/14 15:31:48.721, 0 %, 0 MiB, 81920 MiB
2026/04/14 15:31:53.721, 12 %, 527 MiB, 81920 MiB
2026/04/14 15:31:53.721, 0 %, 0 MiB, 81920 MiB
2026/04/14 15:31:58.722, 9 %, 527 MiB, 81920 MiB
2026/04/14 15:31:58.722, 0 %, 0 MiB, 81920 MiB
2026/04/14 15:32:03.723, 0 %, 527 MiB, 81920 MiB
2026/04/14 15:32:03.723, 0 %, 0 MiB, 81920 MiB
2026/04/14 15:32:08.724, 18 %, 527 MiB, 81920 MiB
2026/04/14 15:32:08.724, 0 %, 0 MiB, 81920 MiB
2026/04/14 15:32:13.725, 9 %, 527 MiB, 81920 MiB
2026/04/14 15:32:13.725, 0 %, 0 MiB, 81920 MiB
2026/04/14 15:32:18.726, 4 %, 527 MiB, 81920 MiB
2026/04/14 15:32:18.726, 0 %, 0 MiB, 81920 MiB
2026/04/14 15:32:23.726, 15 %, 527 MiB, 81920 MiB
2026/04/14 15:32:23.727, 0 %, 0 MiB, 81920 MiB
2026/04/14 15:32:28.727, 14 %, 527 MiB, 81920 MiB
2026/04/14 15:32:28.727, 0 %, 0 MiB, 81920 MiB
2026/04/14 15:32:33.728, 13 %, 527 MiB, 81920 MiB
2026/04/14 15:32:33.728, 0 %, 0 MiB, 81920 MiB
2026/04/14 15:32:38.729, 16 %, 527 MiB, 81920 MiB
2026/04/14 15:32:38.729, 0 %, 0 MiB, 81920 MiB
2026/04/14 15:32:43.730, 7 %, 527 MiB, 81920 MiB
2026/04/14 15:32:43.730, 0 %, 0 MiB, 81920 MiB
2026/04/14 15:32:48.731, 5 %, 527 MiB, 81920 MiB
2026/04/14 15:32:48.731, 0 %, 0 MiB, 81920 MiB
2026/04/14 15:32:53.732, 8 %, 527 MiB, 81920 MiB
2026/04/14 15:32:53.732, 0 %, 0 MiB, 81920 MiB
2026/04/14 15:32:58.733, 0 %, 527 MiB, 81920 MiB
2026/04/14 15:32:58.733, 0 %, 0 MiB, 81920 MiB
2026/04/14 15:33:03.734, 0 %, 527 MiB, 81920 MiB
2026/04/14 15:33:03.734, 0 %, 0 MiB, 81920 MiB
2026/04/14 15:33:08.735, 0 %, 527 MiB, 81920 MiB
2026/04/14 15:33:08.735, 0 %, 0 MiB, 81920 MiB
2026/04/14 15:33:13.736, 0 %, 527 MiB, 81920 MiB
2026/04/14 15:33:13.736, 0 %, 0 MiB, 81920 MiB
2026/04/14 15:33:18.736, 0 %, 527 MiB, 81920 MiB
2026/04/14 15:33:18.737, 0 %, 0 MiB, 81920 MiB
2026/04/14 15:33:23.737, 0 %, 527 MiB, 81920 MiB
2026/04/14 15:33:23.738, 0 %, 0 MiB, 81920 MiB
2026/04/14 15:33:28.738, 0 %, 527 MiB, 81920 MiB
2026/04/14 15:33:28.739, 0 %, 0 MiB, 81920 MiB
2026/04/14 15:33:33.739, 0 %, 527 MiB, 81920 MiB
2026/04/14 15:33:33.740, 0 %, 0 MiB, 81920 MiB
2026/04/14 15:33:38.740, 0 %, 527 MiB, 81920 MiB
2026/04/14 15:33:38.741, 0 %, 0 MiB, 81920 MiB
2026/04/14 15:33:43.741, 0 %, 527 MiB, 81920 MiB
2026/04/14 15:33:43.741, 0 %, 0 MiB, 81920 MiB
2026/04/14 15:33:48.742, 5 %, 527 MiB, 81920 MiB
2026/04/14 15:33:48.742, 0 %, 0 MiB, 81920 MiB
2026/04/14 15:33:53.743, 9 %, 527 MiB, 81920 MiB
2026/04/14 15:33:53.743, 0 %, 0 MiB, 81920 MiB
2026/04/14 15:33:58.744, 0 %, 527 MiB, 81920 MiB
2026/04/14 15:33:58.744, 0 %, 0 MiB, 81920 MiB
2026/04/14 15:34:03.745, 0 %, 527 MiB, 81920 MiB
2026/04/14 15:34:03.745, 0 %, 0 MiB, 81920 MiB
2026/04/14 15:34:08.746, 0 %, 527 MiB, 81920 MiB
2026/04/14 15:34:08.746, 0 %, 0 MiB, 81920 MiB
2026/04/14 15:34:13.747, 0 %, 527 MiB, 81920 MiB
2026/04/14 15:34:13.747, 0 %, 0 MiB, 81920 MiB
2026/04/14 15:34:18.748, 15 %, 527 MiB, 81920 MiB
2026/04/14 15:34:18.748, 0 %, 0 MiB, 81920 MiB
2026/04/14 15:34:23.749, 0 %, 527 MiB, 81920 MiB
2026/04/14 15:34:23.749, 0 %, 0 MiB, 81920 MiB
2026/04/14 15:34:28.750, 0 %, 527 MiB, 81920 MiB
2026/04/14 15:34:28.750, 0 %, 0 MiB, 81920 MiB
2026/04/14 15:34:33.751, 0 %, 527 MiB, 81920 MiB
2026/04/14 15:34:33.751, 0 %, 0 MiB, 81920 MiB
2026/04/14 15:34:38.752, 6 %, 527 MiB, 81920 MiB
2026/04/14 15:34:38.752, 0 %, 0 MiB, 81920 MiB
2026/04/14 15:34:43.753, 0 %, 527 MiB, 81920 MiB
2026/04/14 15:34:43.753, 0 %, 0 MiB, 81920 MiB
2026/04/14 15:34:48.754, 0 %, 527 MiB, 81920 MiB
2026/04/14 15:34:48.754, 0 %, 0 MiB, 81920 MiB
2026/04/14 15:34:53.754, 0 %, 527 MiB, 81920 MiB
2026/04/14 15:34:53.755, 0 %, 0 MiB, 81920 MiB
2026/04/14 15:34:58.755, 0 %, 527 MiB, 81920 MiB
2026/04/14 15:34:58.755, 0 %, 0 MiB, 81920 MiB
2026/04/14 15:35:03.756, 0 %, 527 MiB, 81920 MiB
2026/04/14 15:35:03.756, 0 %, 0 MiB, 81920 MiB
2026/04/14 15:35:08.757, 14 %, 527 MiB, 81920 MiB
2026/04/14 15:35:08.758, 0 %, 0 MiB, 81920 MiB
2026/04/14 15:35:13.758, 13 %, 527 MiB, 81920 MiB
2026/04/14 15:35:13.759, 0 %, 0 MiB, 81920 MiB
2026/04/14 15:35:18.759, 0 %, 527 MiB, 81920 MiB
2026/04/14 15:35:18.760, 0 %, 0 MiB, 81920 MiB
2026/04/14 15:35:23.760, 0 %, 527 MiB, 81920 MiB
2026/04/14 15:35:23.760, 0 %, 0 MiB, 81920 MiB
2026/04/14 15:35:28.761, 0 %, 527 MiB, 81920 MiB
2026/04/14 15:35:28.761, 0 %, 0 MiB, 81920 MiB
2026/04/14 15:35:33.762, 1 %, 527 MiB, 81920 MiB
2026/04/14 15:35:33.762, 0 %, 0 MiB, 81920 MiB
2026/04/14 15:35:38.763, 14 %, 527 MiB, 81920 MiB
2026/04/14 15:35:38.763, 0 %, 0 MiB, 81920 MiB
2026/04/14 15:35:43.764, 4 %, 527 MiB, 81920 MiB
2026/04/14 15:35:43.764, 0 %, 0 MiB, 81920 MiB
2026/04/14 15:35:48.765, 0 %, 527 MiB, 81920 MiB
2026/04/14 15:35:48.765, 0 %, 0 MiB, 81920 MiB
2026/04/14 15:35:53.766, 0 %, 527 MiB, 81920 MiB
2026/04/14 15:35:53.766, 0 %, 0 MiB, 81920 MiB
2026/04/14 15:35:58.767, 0 %, 527 MiB, 81920 MiB
2026/04/14 15:35:58.767, 0 %, 0 MiB, 81920 MiB
2026/04/14 15:36:03.768, 0 %, 527 MiB, 81920 MiB
2026/04/14 15:36:03.768, 0 %, 0 MiB, 81920 MiB
2026/04/14 15:36:08.769, 1 %, 527 MiB, 81920 MiB
2026/04/14 15:36:08.769, 0 %, 0 MiB, 81920 MiB
2026/04/14 15:36:13.770, 0 %, 527 MiB, 81920 MiB
2026/04/14 15:36:13.770, 0 %, 0 MiB, 81920 MiB
2026/04/14 15:36:18.771, 3 %, 527 MiB, 81920 MiB
2026/04/14 15:36:18.771, 0 %, 0 MiB, 81920 MiB
2026/04/14 15:36:23.772, 0 %, 527 MiB, 81920 MiB
2026/04/14 15:36:23.772, 0 %, 0 MiB, 81920 MiB
2026/04/14 15:36:28.772, 0 %, 527 MiB, 81920 MiB
2026/04/14 15:36:28.773, 0 %, 0 MiB, 81920 MiB
2026/04/14 15:36:33.773, 0 %, 527 MiB, 81920 MiB
2026/04/14 15:36:33.774, 0 %, 0 MiB, 81920 MiB
2026/04/14 15:36:38.774, 9 %, 527 MiB, 81920 MiB
2026/04/14 15:36:38.775, 0 %, 0 MiB, 81920 MiB
2026/04/14 15:36:43.775, 17 %, 527 MiB, 81920 MiB
2026/04/14 15:36:43.776, 0 %, 0 MiB, 81920 MiB
2026/04/14 15:36:48.776, 0 %, 527 MiB, 81920 MiB
2026/04/14 15:36:48.776, 0 %, 0 MiB, 81920 MiB
2026/04/14 15:36:53.777, 0 %, 527 MiB, 81920 MiB
2026/04/14 15:36:53.777, 0 %, 0 MiB, 81920 MiB
2026/04/14 15:36:58.778, 0 %, 527 MiB, 81920 MiB
2026/04/14 15:36:58.778, 0 %, 0 MiB, 81920 MiB
2026/04/14 15:37:03.779, 0 %, 527 MiB, 81920 MiB
2026/04/14 15:37:03.779, 0 %, 0 MiB, 81920 MiB
2026/04/14 15:37:08.780, 3 %, 527 MiB, 81920 MiB
2026/04/14 15:37:08.780, 0 %, 0 MiB, 81920 MiB
2026/04/14 15:37:13.781, 9 %, 527 MiB, 81920 MiB
2026/04/14 15:37:13.781, 0 %, 0 MiB, 81920 MiB
2026/04/14 15:37:18.782, 0 %, 527 MiB, 81920 MiB
2026/04/14 15:37:18.782, 0 %, 0 MiB, 81920 MiB
2026/04/14 15:37:23.783, 0 %, 527 MiB, 81920 MiB
2026/04/14 15:37:23.783, 0 %, 0 MiB, 81920 MiB
2026/04/14 15:37:28.784, 0 %, 527 MiB, 81920 MiB
2026/04/14 15:37:28.784, 0 %, 0 MiB, 81920 MiB
2026/04/14 15:37:33.785, 4 %, 527 MiB, 81920 MiB
2026/04/14 15:37:33.785, 0 %, 0 MiB, 81920 MiB
2026/04/14 15:37:38.785, 13 %, 527 MiB, 81920 MiB
2026/04/14 15:37:38.786, 0 %, 0 MiB, 81920 MiB
2026/04/14 15:37:43.786, 18 %, 527 MiB, 81920 MiB
2026/04/14 15:37:43.787, 0 %, 0 MiB, 81920 MiB
2026/04/14 15:37:48.787, 0 %, 527 MiB, 81920 MiB
2026/04/14 15:37:48.787, 0 %, 0 MiB, 81920 MiB
2026/04/14 15:37:53.788, 0 %, 527 MiB, 81920 MiB
2026/04/14 15:37:53.788, 0 %, 0 MiB, 81920 MiB
2026/04/14 15:37:58.789, 0 %, 527 MiB, 81920 MiB
2026/04/14 15:37:58.789, 0 %, 0 MiB, 81920 MiB
2026/04/14 15:38:03.790, 0 %, 527 MiB, 81920 MiB
2026/04/14 15:38:03.790, 0 %, 0 MiB, 81920 MiB
2026/04/14 15:38:08.791, 5 %, 527 MiB, 81920 MiB
2026/04/14 15:38:08.791, 0 %, 0 MiB, 81920 MiB
2026/04/14 15:38:13.792, 15 %, 527 MiB, 81920 MiB
2026/04/14 15:38:13.792, 0 %, 0 MiB, 81920 MiB
2026/04/14 15:38:18.793, 0 %, 527 MiB, 81920 MiB
2026/04/14 15:38:18.793, 0 %, 0 MiB, 81920 MiB
2026/04/14 15:38:23.794, 0 %, 527 MiB, 81920 MiB
2026/04/14 15:38:23.794, 0 %, 0 MiB, 81920 MiB
2026/04/14 15:38:28.795, 0 %, 527 MiB, 81920 MiB
2026/04/14 15:38:28.795, 0 %, 0 MiB, 81920 MiB
2026/04/14 15:38:33.796, 0 %, 527 MiB, 81920 MiB
2026/04/14 15:38:33.796, 0 %, 0 MiB, 81920 MiB
2026/04/14 15:38:38.797, 2 %, 527 MiB, 81920 MiB
2026/04/14 15:38:38.797, 0 %, 0 MiB, 81920 MiB
2026/04/14 15:38:43.798, 12 %, 527 MiB, 81920 MiB
2026/04/14 15:38:43.798, 0 %, 0 MiB, 81920 MiB
2026/04/14 15:38:48.799, 1 %, 527 MiB, 81920 MiB
2026/04/14 15:38:48.799, 0 %, 0 MiB, 81920 MiB
2026/04/14 15:38:53.800, 0 %, 527 MiB, 81920 MiB
2026/04/14 15:38:53.800, 0 %, 0 MiB, 81920 MiB
2026/04/14 15:38:58.800, 0 %, 527 MiB, 81920 MiB
2026/04/14 15:38:58.800, 0 %, 0 MiB, 81920 MiB
2026/04/14 15:39:03.801, 0 %, 527 MiB, 81920 MiB
2026/04/14 15:39:03.801, 0 %, 0 MiB, 81920 MiB
2026/04/14 15:39:08.802, 12 %, 527 MiB, 81920 MiB
2026/04/14 15:39:08.802, 0 %, 0 MiB, 81920 MiB
2026/04/14 15:39:13.803, 14 %, 527 MiB, 81920 MiB
2026/04/14 15:39:13.803, 0 %, 0 MiB, 81920 MiB
2026/04/14 15:39:18.804, 0 %, 527 MiB, 81920 MiB
2026/04/14 15:39:18.804, 0 %, 0 MiB, 81920 MiB
2026/04/14 15:39:23.805, 0 %, 527 MiB, 81920 MiB
2026/04/14 15:39:23.805, 0 %, 0 MiB, 81920 MiB
2026/04/14 15:39:28.806, 0 %, 527 MiB, 81920 MiB
2026/04/14 15:39:28.806, 0 %, 0 MiB, 81920 MiB
2026/04/14 15:39:33.807, 0 %, 527 MiB, 81920 MiB
2026/04/14 15:39:33.807, 0 %, 0 MiB, 81920 MiB
2026/04/14 15:39:38.808, 0 %, 527 MiB, 81920 MiB
2026/04/14 15:39:38.808, 0 %, 0 MiB, 81920 MiB
2026/04/14 15:39:43.808, 0 %, 527 MiB, 81920 MiB
2026/04/14 15:39:43.809, 0 %, 0 MiB, 81920 MiB
2026/04/14 15:39:48.809, 0 %, 527 MiB, 81920 MiB
2026/04/14 15:39:48.809, 0 %, 0 MiB, 81920 MiB
2026/04/14 15:39:53.810, 0 %, 527 MiB, 81920 MiB
2026/04/14 15:39:53.810, 0 %, 0 MiB, 81920 MiB
2026/04/14 15:39:58.811, 0 %, 527 MiB, 81920 MiB
2026/04/14 15:39:58.811, 0 %, 0 MiB, 81920 MiB
2026/04/14 15:40:03.812, 0 %, 527 MiB, 81920 MiB
2026/04/14 15:40:03.812, 0 %, 0 MiB, 81920 MiB
2026/04/14 15:40:08.813, 0 %, 527 MiB, 81920 MiB
2026/04/14 15:40:08.813, 0 %, 0 MiB, 81920 MiB
2026/04/14 15:40:13.814, 0 %, 527 MiB, 81920 MiB
2026/04/14 15:40:13.814, 0 %, 0 MiB, 81920 MiB
2026/04/14 15:40:18.815, 0 %, 527 MiB, 81920 MiB
2026/04/14 15:40:18.815, 0 %, 0 MiB, 81920 MiB
2026/04/14 15:40:23.816, 0 %, 527 MiB, 81920 MiB
2026/04/14 15:40:23.816, 0 %, 0 MiB, 81920 MiB
2026/04/14 15:40:28.816, 0 %, 527 MiB, 81920 MiB
2026/04/14 15:40:28.817, 0 %, 0 MiB, 81920 MiB
2026/04/14 15:40:33.817, 0 %, 527 MiB, 81920 MiB
2026/04/14 15:40:33.817, 0 %, 0 MiB, 81920 MiB
2026/04/14 15:40:38.818, 0 %, 527 MiB, 81920 MiB
2026/04/14 15:40:38.818, 0 %, 0 MiB, 81920 MiB
2026/04/14 15:40:43.819, 0 %, 527 MiB, 81920 MiB
2026/04/14 15:40:43.819, 0 %, 0 MiB, 81920 MiB
2026/04/14 15:40:48.820, 0 %, 527 MiB, 81920 MiB
2026/04/14 15:40:48.820, 0 %, 0 MiB, 81920 MiB
2026/04/14 15:40:53.821, 0 %, 527 MiB, 81920 MiB
2026/04/14 15:40:53.821, 0 %, 0 MiB, 81920 MiB
2026/04/14 15:40:58.822, 0 %, 527 MiB, 81920 MiB
2026/04/14 15:40:58.822, 0 %, 0 MiB, 81920 MiB
2026/04/14 15:41:03.823, 0 %, 527 MiB, 81920 MiB
2026/04/14 15:41:03.823, 0 %, 0 MiB, 81920 MiB
2026/04/14 15:41:08.824, 0 %, 527 MiB, 81920 MiB
2026/04/14 15:41:08.824, 0 %, 0 MiB, 81920 MiB
2026/04/14 15:41:13.825, 0 %, 527 MiB, 81920 MiB
2026/04/14 15:41:13.825, 0 %, 0 MiB, 81920 MiB
2026/04/14 15:41:18.826, 0 %, 527 MiB, 81920 MiB
2026/04/14 15:41:18.826, 0 %, 0 MiB, 81920 MiB
2026/04/14 15:41:23.827, 0 %, 527 MiB, 81920 MiB
2026/04/14 15:41:23.827, 0 %, 0 MiB, 81920 MiB
2026/04/14 15:41:28.828, 0 %, 527 MiB, 81920 MiB
2026/04/14 15:41:28.828, 0 %, 0 MiB, 81920 MiB
2026/04/14 15:41:33.829, 0 %, 493 MiB, 81920 MiB
2026/04/14 15:41:33.829, 0 %, 0 MiB, 81920 MiB
2026/04/14 15:41:38.830, 0 %, 493 MiB, 81920 MiB
2026/04/14 15:41:38.830, 0 %, 0 MiB, 81920 MiB
2026/04/14 15:41:43.830, 0 %, 493 MiB, 81920 MiB
2026/04/14 15:41:43.831, 0 %, 0 MiB, 81920 MiB
2026/04/14 15:41:48.831, 0 %, 493 MiB, 81920 MiB
2026/04/14 15:41:48.831, 0 %, 0 MiB, 81920 MiB
2026/04/14 15:41:53.832, 0 %, 493 MiB, 81920 MiB
2026/04/14 15:41:53.832, 0 %, 0 MiB, 81920 MiB
2026/04/14 15:41:58.833, 0 %, 493 MiB, 81920 MiB
2026/04/14 15:41:58.833, 0 %, 0 MiB, 81920 MiB
2026/04/14 15:42:03.834, 0 %, 493 MiB, 81920 MiB
2026/04/14 15:42:03.834, 0 %, 0 MiB, 81920 MiB
2026/04/14 15:42:08.835, 0 %, 493 MiB, 81920 MiB
2026/04/14 15:42:08.835, 0 %, 0 MiB, 81920 MiB
2026/04/14 15:42:13.836, 0 %, 493 MiB, 81920 MiB
2026/04/14 15:42:13.836, 0 %, 0 MiB, 81920 MiB
2026/04/14 15:42:18.837, 0 %, 493 MiB, 81920 MiB
2026/04/14 15:42:18.837, 0 %, 0 MiB, 81920 MiB
2026/04/14 15:42:23.838, 0 %, 493 MiB, 81920 MiB
2026/04/14 15:42:23.838, 0 %, 0 MiB, 81920 MiB
2026/04/14 15:42:28.839, 0 %, 493 MiB, 81920 MiB
2026/04/14 15:42:28.839, 0 %, 0 MiB, 81920 MiB
2026/04/14 15:42:33.840, 0 %, 493 MiB, 81920 MiB
2026/04/14 15:42:33.840, 0 %, 0 MiB, 81920 MiB
2026/04/14 15:42:38.841, 0 %, 493 MiB, 81920 MiB
2026/04/14 15:42:38.841, 0 %, 0 MiB, 81920 MiB
2026/04/14 15:42:43.842, 0 %, 493 MiB, 81920 MiB
2026/04/14 15:42:43.842, 0 %, 0 MiB, 81920 MiB
2026/04/14 15:42:48.843, 0 %, 493 MiB, 81920 MiB
2026/04/14 15:42:48.843, 0 %, 0 MiB, 81920 MiB
2026/04/14 15:42:53.844, 0 %, 493 MiB, 81920 MiB
2026/04/14 15:42:53.844, 0 %, 0 MiB, 81920 MiB
2026/04/14 15:42:58.844, 0 %, 493 MiB, 81920 MiB
2026/04/14 15:42:58.845, 0 %, 0 MiB, 81920 MiB
2026/04/14 15:43:03.845, 0 %, 493 MiB, 81920 MiB
2026/04/14 15:43:03.846, 0 %, 0 MiB, 81920 MiB
2026/04/14 15:43:08.846, 0 %, 493 MiB, 81920 MiB
2026/04/14 15:43:08.846, 0 %, 0 MiB, 81920 MiB
2026/04/14 15:43:13.847, 0 %, 493 MiB, 81920 MiB
2026/04/14 15:43:13.847, 0 %, 0 MiB, 81920 MiB
2026/04/14 15:43:18.848, 0 %, 493 MiB, 81920 MiB
2026/04/14 15:43:18.848, 0 %, 0 MiB, 81920 MiB
2026/04/14 15:43:23.849, 0 %, 493 MiB, 81920 MiB
2026/04/14 15:43:23.849, 0 %, 0 MiB, 81920 MiB
2026/04/14 15:43:28.850, 0 %, 493 MiB, 81920 MiB
2026/04/14 15:43:28.850, 0 %, 0 MiB, 81920 MiB
2026/04/14 15:43:33.851, 0 %, 519 MiB, 81920 MiB
2026/04/14 15:43:33.851, 0 %, 0 MiB, 81920 MiB
2026/04/14 15:43:38.852, 0 %, 527 MiB, 81920 MiB
2026/04/14 15:43:38.852, 0 %, 0 MiB, 81920 MiB
2026/04/14 15:43:43.853, 0 %, 527 MiB, 81920 MiB
2026/04/14 15:43:43.853, 0 %, 0 MiB, 81920 MiB
2026/04/14 15:43:48.854, 0 %, 527 MiB, 81920 MiB
2026/04/14 15:43:48.854, 0 %, 0 MiB, 81920 MiB
2026/04/14 15:43:53.855, 0 %, 527 MiB, 81920 MiB
2026/04/14 15:43:53.855, 0 %, 0 MiB, 81920 MiB
2026/04/14 15:43:58.856, 0 %, 527 MiB, 81920 MiB
2026/04/14 15:43:58.856, 0 %, 0 MiB, 81920 MiB
2026/04/14 15:44:03.857, 0 %, 527 MiB, 81920 MiB
2026/04/14 15:44:03.857, 0 %, 0 MiB, 81920 MiB
2026/04/14 15:44:08.858, 0 %, 527 MiB, 81920 MiB
2026/04/14 15:44:08.858, 0 %, 0 MiB, 81920 MiB
2026/04/14 15:44:13.859, 0 %, 527 MiB, 81920 MiB
2026/04/14 15:44:13.859, 0 %, 0 MiB, 81920 MiB
2026/04/14 15:44:18.859, 0 %, 527 MiB, 81920 MiB
2026/04/14 15:44:18.860, 0 %, 0 MiB, 81920 MiB
2026/04/14 15:44:23.860, 0 %, 527 MiB, 81920 MiB
2026/04/14 15:44:23.861, 0 %, 0 MiB, 81920 MiB
2026/04/14 15:44:28.861, 0 %, 527 MiB, 81920 MiB
2026/04/14 15:44:28.862, 0 %, 0 MiB, 81920 MiB
2026/04/14 15:44:33.862, 0 %, 527 MiB, 81920 MiB
2026/04/14 15:44:33.863, 0 %, 0 MiB, 81920 MiB
2026/04/14 15:44:38.863, 0 %, 527 MiB, 81920 MiB
2026/04/14 15:44:38.863, 0 %, 0 MiB, 81920 MiB
2026/04/14 15:44:43.864, 0 %, 527 MiB, 81920 MiB
2026/04/14 15:44:43.864, 0 %, 0 MiB, 81920 MiB
2026/04/14 15:44:48.865, 0 %, 527 MiB, 81920 MiB
2026/04/14 15:44:48.865, 0 %, 0 MiB, 81920 MiB
2026/04/14 15:44:53.866, 0 %, 527 MiB, 81920 MiB
2026/04/14 15:44:53.866, 0 %, 0 MiB, 81920 MiB
2026/04/14 15:44:58.867, 0 %, 527 MiB, 81920 MiB
2026/04/14 15:44:58.867, 0 %, 0 MiB, 81920 MiB
2026/04/14 15:45:03.868, 0 %, 527 MiB, 81920 MiB
2026/04/14 15:45:03.868, 0 %, 0 MiB, 81920 MiB
2026/04/14 15:45:08.869, 0 %, 527 MiB, 81920 MiB
2026/04/14 15:45:08.869, 0 %, 0 MiB, 81920 MiB
2026/04/14 15:45:13.870, 0 %, 527 MiB, 81920 MiB
2026/04/14 15:45:13.870, 0 %, 0 MiB, 81920 MiB
2026/04/14 15:45:18.871, 0 %, 527 MiB, 81920 MiB
2026/04/14 15:45:18.871, 0 %, 0 MiB, 81920 MiB
2026/04/14 15:45:23.872, 0 %, 527 MiB, 81920 MiB
2026/04/14 15:45:23.872, 0 %, 0 MiB, 81920 MiB
2026/04/14 15:45:28.873, 0 %, 527 MiB, 81920 MiB
2026/04/14 15:45:28.873, 0 %, 0 MiB, 81920 MiB
2026/04/14 15:45:33.874, 0 %, 527 MiB, 81920 MiB
2026/04/14 15:45:33.874, 0 %, 0 MiB, 81920 MiB
2026/04/14 15:45:38.875, 0 %, 527 MiB, 81920 MiB
2026/04/14 15:45:38.875, 0 %, 0 MiB, 81920 MiB
2026/04/14 15:45:43.875, 0 %, 527 MiB, 81920 MiB
2026/04/14 15:45:43.876, 0 %, 0 MiB, 81920 MiB
2026/04/14 15:45:48.876, 0 %, 527 MiB, 81920 MiB
2026/04/14 15:45:48.877, 0 %, 0 MiB, 81920 MiB
2026/04/14 15:45:53.877, 0 %, 527 MiB, 81920 MiB
2026/04/14 15:45:53.878, 0 %, 0 MiB, 81920 MiB
2026/04/14 15:45:58.878, 0 %, 527 MiB, 81920 MiB
2026/04/14 15:45:58.878, 0 %, 0 MiB, 81920 MiB
2026/04/14 15:46:03.879, 0 %, 527 MiB, 81920 MiB
2026/04/14 15:46:03.879, 0 %, 0 MiB, 81920 MiB
2026/04/14 15:46:08.880, 0 %, 527 MiB, 81920 MiB
2026/04/14 15:46:08.880, 0 %, 0 MiB, 81920 MiB
2026/04/14 15:46:13.881, 0 %, 527 MiB, 81920 MiB
2026/04/14 15:46:13.881, 0 %, 0 MiB, 81920 MiB
2026/04/14 15:46:18.882, 0 %, 527 MiB, 81920 MiB
2026/04/14 15:46:18.882, 0 %, 0 MiB, 81920 MiB
2026/04/14 15:46:23.883, 0 %, 527 MiB, 81920 MiB
2026/04/14 15:46:23.883, 0 %, 0 MiB, 81920 MiB
2026/04/14 15:46:28.884, 0 %, 527 MiB, 81920 MiB
2026/04/14 15:46:28.884, 0 %, 0 MiB, 81920 MiB
2026/04/14 15:46:33.885, 0 %, 527 MiB, 81920 MiB
2026/04/14 15:46:33.885, 0 %, 0 MiB, 81920 MiB
2026/04/14 15:46:38.886, 0 %, 527 MiB, 81920 MiB
2026/04/14 15:46:38.886, 0 %, 0 MiB, 81920 MiB
2026/04/14 15:46:43.887, 0 %, 527 MiB, 81920 MiB
2026/04/14 15:46:43.887, 0 %, 0 MiB, 81920 MiB
2026/04/14 15:46:48.888, 0 %, 527 MiB, 81920 MiB
2026/04/14 15:46:48.888, 0 %, 0 MiB, 81920 MiB
2026/04/14 15:46:53.889, 0 %, 527 MiB, 81920 MiB
2026/04/14 15:46:53.889, 0 %, 0 MiB, 81920 MiB
2026/04/14 15:46:58.890, 0 %, 527 MiB, 81920 MiB
2026/04/14 15:46:58.890, 0 %, 0 MiB, 81920 MiB
2026/04/14 15:47:03.890, 0 %, 527 MiB, 81920 MiB
2026/04/14 15:47:03.891, 0 %, 0 MiB, 81920 MiB
2026/04/14 15:47:08.891, 0 %, 527 MiB, 81920 MiB
2026/04/14 15:47:08.891, 0 %, 0 MiB, 81920 MiB
2026/04/14 15:47:13.892, 0 %, 527 MiB, 81920 MiB
2026/04/14 15:47:13.892, 0 %, 0 MiB, 81920 MiB
2026/04/14 15:47:18.893, 4 %, 527 MiB, 81920 MiB
2026/04/14 15:47:18.893, 0 %, 0 MiB, 81920 MiB
2026/04/14 15:47:23.894, 2 %, 527 MiB, 81920 MiB
2026/04/14 15:47:23.894, 0 %, 0 MiB, 81920 MiB
2026/04/14 15:47:28.895, 15 %, 527 MiB, 81920 MiB
2026/04/14 15:47:28.895, 0 %, 0 MiB, 81920 MiB
2026/04/14 15:47:33.896, 0 %, 527 MiB, 81920 MiB
2026/04/14 15:47:33.896, 0 %, 0 MiB, 81920 MiB
2026/04/14 15:47:38.897, 4 %, 527 MiB, 81920 MiB
2026/04/14 15:47:38.897, 0 %, 0 MiB, 81920 MiB
2026/04/14 15:47:43.898, 0 %, 527 MiB, 81920 MiB
2026/04/14 15:47:43.898, 0 %, 0 MiB, 81920 MiB
2026/04/14 15:47:48.899, 13 %, 527 MiB, 81920 MiB
2026/04/14 15:47:48.899, 0 %, 0 MiB, 81920 MiB
2026/04/14 15:47:53.900, 10 %, 527 MiB, 81920 MiB
2026/04/14 15:47:53.900, 0 %, 0 MiB, 81920 MiB
2026/04/14 15:47:58.900, 17 %, 527 MiB, 81920 MiB
2026/04/14 15:47:58.901, 0 %, 0 MiB, 81920 MiB
2026/04/14 15:48:03.901, 18 %, 527 MiB, 81920 MiB
2026/04/14 15:48:03.901, 0 %, 0 MiB, 81920 MiB
2026/04/14 15:48:08.902, 6 %, 527 MiB, 81920 MiB
2026/04/14 15:48:08.902, 0 %, 0 MiB, 81920 MiB
2026/04/14 15:48:13.903, 11 %, 527 MiB, 81920 MiB
2026/04/14 15:48:13.903, 0 %, 0 MiB, 81920 MiB
2026/04/14 15:48:18.904, 16 %, 527 MiB, 81920 MiB
2026/04/14 15:48:18.904, 0 %, 0 MiB, 81920 MiB
2026/04/14 15:48:23.905, 18 %, 527 MiB, 81920 MiB
2026/04/14 15:48:23.905, 0 %, 0 MiB, 81920 MiB
2026/04/14 15:48:28.906, 7 %, 527 MiB, 81920 MiB
2026/04/14 15:48:28.906, 0 %, 0 MiB, 81920 MiB
2026/04/14 15:48:33.907, 9 %, 527 MiB, 81920 MiB
2026/04/14 15:48:33.907, 0 %, 0 MiB, 81920 MiB
2026/04/14 15:48:38.908, 0 %, 527 MiB, 81920 MiB
2026/04/14 15:48:38.908, 0 %, 0 MiB, 81920 MiB
2026/04/14 15:48:43.908, 0 %, 527 MiB, 81920 MiB
2026/04/14 15:48:43.909, 0 %, 0 MiB, 81920 MiB
2026/04/14 15:48:48.909, 0 %, 527 MiB, 81920 MiB
2026/04/14 15:48:48.910, 0 %, 0 MiB, 81920 MiB
2026/04/14 15:48:53.910, 8 %, 527 MiB, 81920 MiB
2026/04/14 15:48:53.910, 0 %, 0 MiB, 81920 MiB
2026/04/14 15:48:58.911, 0 %, 527 MiB, 81920 MiB
2026/04/14 15:48:58.911, 0 %, 0 MiB, 81920 MiB
2026/04/14 15:49:03.912, 0 %, 527 MiB, 81920 MiB
2026/04/14 15:49:03.912, 0 %, 0 MiB, 81920 MiB
2026/04/14 15:49:08.913, 0 %, 527 MiB, 81920 MiB
2026/04/14 15:49:08.913, 0 %, 0 MiB, 81920 MiB
2026/04/14 15:49:13.914, 0 %, 527 MiB, 81920 MiB
2026/04/14 15:49:13.914, 0 %, 0 MiB, 81920 MiB
2026/04/14 15:49:18.915, 0 %, 527 MiB, 81920 MiB
2026/04/14 15:49:18.915, 0 %, 0 MiB, 81920 MiB
2026/04/14 15:49:23.916, 0 %, 527 MiB, 81920 MiB
2026/04/14 15:49:23.916, 0 %, 0 MiB, 81920 MiB
2026/04/14 15:49:28.916, 0 %, 527 MiB, 81920 MiB
2026/04/14 15:49:28.917, 0 %, 0 MiB, 81920 MiB
2026/04/14 15:49:33.917, 0 %, 527 MiB, 81920 MiB
2026/04/14 15:49:33.918, 0 %, 0 MiB, 81920 MiB
2026/04/14 15:49:38.918, 0 %, 527 MiB, 81920 MiB
2026/04/14 15:49:38.919, 0 %, 0 MiB, 81920 MiB
2026/04/14 15:49:43.919, 0 %, 527 MiB, 81920 MiB
2026/04/14 15:49:43.919, 0 %, 0 MiB, 81920 MiB
2026/04/14 15:49:48.920, 0 %, 527 MiB, 81920 MiB
2026/04/14 15:49:48.920, 0 %, 0 MiB, 81920 MiB
2026/04/14 15:49:53.921, 0 %, 527 MiB, 81920 MiB
2026/04/14 15:49:53.921, 0 %, 0 MiB, 81920 MiB
2026/04/14 15:49:58.922, 0 %, 527 MiB, 81920 MiB
2026/04/14 15:49:58.922, 0 %, 0 MiB, 81920 MiB
2026/04/14 15:50:03.923, 0 %, 527 MiB, 81920 MiB
2026/04/14 15:50:03.923, 0 %, 0 MiB, 81920 MiB
2026/04/14 15:50:08.924, 0 %, 527 MiB, 81920 MiB
2026/04/14 15:50:08.924, 0 %, 0 MiB, 81920 MiB
2026/04/14 15:50:13.925, 0 %, 527 MiB, 81920 MiB
2026/04/14 15:50:13.925, 0 %, 0 MiB, 81920 MiB
2026/04/14 15:50:18.925, 0 %, 527 MiB, 81920 MiB
2026/04/14 15:50:18.926, 0 %, 0 MiB, 81920 MiB
2026/04/14 15:50:23.926, 0 %, 527 MiB, 81920 MiB
2026/04/14 15:50:23.926, 0 %, 0 MiB, 81920 MiB
2026/04/14 15:50:28.927, 0 %, 527 MiB, 81920 MiB
2026/04/14 15:50:28.927, 0 %, 0 MiB, 81920 MiB
2026/04/14 15:50:33.928, 0 %, 527 MiB, 81920 MiB
2026/04/14 15:50:33.928, 0 %, 0 MiB, 81920 MiB
2026/04/14 15:50:38.929, 0 %, 527 MiB, 81920 MiB
2026/04/14 15:50:38.929, 0 %, 0 MiB, 81920 MiB
2026/04/14 15:50:43.930, 0 %, 527 MiB, 81920 MiB
2026/04/14 15:50:43.930, 0 %, 0 MiB, 81920 MiB
2026/04/14 15:50:48.931, 0 %, 527 MiB, 81920 MiB
2026/04/14 15:50:48.931, 0 %, 0 MiB, 81920 MiB
2026/04/14 15:50:53.932, 0 %, 527 MiB, 81920 MiB
2026/04/14 15:50:53.932, 0 %, 0 MiB, 81920 MiB
2026/04/14 15:50:58.932, 0 %, 527 MiB, 81920 MiB
2026/04/14 15:50:58.932, 0 %, 0 MiB, 81920 MiB
2026/04/14 15:51:03.933, 0 %, 527 MiB, 81920 MiB
2026/04/14 15:51:03.933, 0 %, 0 MiB, 81920 MiB
2026/04/14 15:51:08.934, 0 %, 527 MiB, 81920 MiB
2026/04/14 15:51:08.934, 0 %, 0 MiB, 81920 MiB
2026/04/14 15:51:13.935, 0 %, 527 MiB, 81920 MiB
2026/04/14 15:51:13.935, 0 %, 0 MiB, 81920 MiB
2026/04/14 15:51:18.936, 0 %, 527 MiB, 81920 MiB
2026/04/14 15:51:18.936, 0 %, 0 MiB, 81920 MiB
2026/04/14 15:51:23.937, 0 %, 527 MiB, 81920 MiB
2026/04/14 15:51:23.937, 0 %, 0 MiB, 81920 MiB
2026/04/14 15:51:28.938, 9 %, 527 MiB, 81920 MiB
2026/04/14 15:51:28.938, 0 %, 0 MiB, 81920 MiB
2026/04/14 15:51:33.939, 7 %, 527 MiB, 81920 MiB
2026/04/14 15:51:33.939, 0 %, 0 MiB, 81920 MiB
2026/04/14 15:51:38.939, 0 %, 527 MiB, 81920 MiB
2026/04/14 15:51:38.940, 0 %, 0 MiB, 81920 MiB
2026/04/14 15:51:43.940, 0 %, 527 MiB, 81920 MiB
2026/04/14 15:51:43.940, 0 %, 0 MiB, 81920 MiB
2026/04/14 15:51:48.941, 9 %, 527 MiB, 81920 MiB
2026/04/14 15:51:48.941, 0 %, 0 MiB, 81920 MiB
2026/04/14 15:51:53.942, 6 %, 527 MiB, 81920 MiB
2026/04/14 15:51:53.942, 0 %, 0 MiB, 81920 MiB
2026/04/14 15:51:58.943, 18 %, 527 MiB, 81920 MiB
2026/04/14 15:51:58.943, 0 %, 0 MiB, 81920 MiB
2026/04/14 15:52:03.944, 15 %, 527 MiB, 81920 MiB
2026/04/14 15:52:03.944, 0 %, 0 MiB, 81920 MiB
2026/04/14 15:52:08.945, 12 %, 527 MiB, 81920 MiB
2026/04/14 15:52:08.945, 0 %, 0 MiB, 81920 MiB
2026/04/14 15:52:13.946, 14 %, 527 MiB, 81920 MiB
2026/04/14 15:52:13.946, 0 %, 0 MiB, 81920 MiB
2026/04/14 15:52:18.947, 16 %, 527 MiB, 81920 MiB
2026/04/14 15:52:18.947, 0 %, 0 MiB, 81920 MiB
2026/04/14 15:52:23.948, 14 %, 527 MiB, 81920 MiB
2026/04/14 15:52:23.948, 0 %, 0 MiB, 81920 MiB
2026/04/14 15:52:28.948, 13 %, 527 MiB, 81920 MiB
2026/04/14 15:52:28.949, 0 %, 0 MiB, 81920 MiB
2026/04/14 15:52:33.949, 16 %, 527 MiB, 81920 MiB
2026/04/14 15:52:33.950, 0 %, 0 MiB, 81920 MiB
2026/04/14 15:52:38.950, 4 %, 527 MiB, 81920 MiB
2026/04/14 15:52:38.951, 0 %, 0 MiB, 81920 MiB
2026/04/14 15:52:43.951, 6 %, 527 MiB, 81920 MiB
2026/04/14 15:52:43.951, 0 %, 0 MiB, 81920 MiB
2026/04/14 15:52:48.952, 0 %, 527 MiB, 81920 MiB
2026/04/14 15:52:48.952, 0 %, 0 MiB, 81920 MiB
2026/04/14 15:52:53.953, 0 %, 527 MiB, 81920 MiB
2026/04/14 15:52:53.953, 0 %, 0 MiB, 81920 MiB
2026/04/14 15:52:58.954, 0 %, 527 MiB, 81920 MiB
2026/04/14 15:52:58.954, 0 %, 0 MiB, 81920 MiB
2026/04/14 15:53:03.955, 6 %, 527 MiB, 81920 MiB
2026/04/14 15:53:03.955, 0 %, 0 MiB, 81920 MiB
2026/04/14 15:53:08.956, 0 %, 527 MiB, 81920 MiB
2026/04/14 15:53:08.956, 0 %, 0 MiB, 81920 MiB
2026/04/14 15:53:13.957, 0 %, 527 MiB, 81920 MiB
2026/04/14 15:53:13.957, 0 %, 0 MiB, 81920 MiB
2026/04/14 15:53:18.958, 0 %, 527 MiB, 81920 MiB
2026/04/14 15:53:18.958, 0 %, 0 MiB, 81920 MiB
2026/04/14 15:53:23.958, 0 %, 527 MiB, 81920 MiB
2026/04/14 15:53:23.959, 0 %, 0 MiB, 81920 MiB
2026/04/14 15:53:28.959, 0 %, 527 MiB, 81920 MiB
2026/04/14 15:53:28.960, 0 %, 0 MiB, 81920 MiB
2026/04/14 15:53:33.960, 1 %, 527 MiB, 81920 MiB
2026/04/14 15:53:33.960, 0 %, 0 MiB, 81920 MiB
2026/04/14 15:53:38.961, 0 %, 527 MiB, 81920 MiB
2026/04/14 15:53:38.961, 0 %, 0 MiB, 81920 MiB
2026/04/14 15:53:43.962, 0 %, 527 MiB, 81920 MiB
2026/04/14 15:53:43.962, 0 %, 0 MiB, 81920 MiB
2026/04/14 15:53:48.963, 0 %, 527 MiB, 81920 MiB
2026/04/14 15:53:48.963, 0 %, 0 MiB, 81920 MiB
2026/04/14 15:53:53.964, 0 %, 527 MiB, 81920 MiB
2026/04/14 15:53:53.964, 0 %, 0 MiB, 81920 MiB
2026/04/14 15:53:58.965, 0 %, 527 MiB, 81920 MiB
2026/04/14 15:53:58.965, 0 %, 0 MiB, 81920 MiB
2026/04/14 15:54:03.966, 0 %, 527 MiB, 81920 MiB
2026/04/14 15:54:03.966, 0 %, 0 MiB, 81920 MiB
2026/04/14 15:54:08.967, 0 %, 527 MiB, 81920 MiB
2026/04/14 15:54:08.967, 0 %, 0 MiB, 81920 MiB
2026/04/14 15:54:13.967, 0 %, 527 MiB, 81920 MiB
2026/04/14 15:54:13.968, 0 %, 0 MiB, 81920 MiB
2026/04/14 15:54:18.968, 0 %, 527 MiB, 81920 MiB
2026/04/14 15:54:18.968, 0 %, 0 MiB, 81920 MiB
2026/04/14 15:54:23.969, 0 %, 527 MiB, 81920 MiB
2026/04/14 15:54:23.969, 0 %, 0 MiB, 81920 MiB
2026/04/14 15:54:28.970, 0 %, 527 MiB, 81920 MiB
2026/04/14 15:54:28.970, 0 %, 0 MiB, 81920 MiB
2026/04/14 15:54:33.971, 0 %, 527 MiB, 81920 MiB
2026/04/14 15:54:33.971, 0 %, 0 MiB, 81920 MiB
2026/04/14 15:54:38.972, 0 %, 527 MiB, 81920 MiB
2026/04/14 15:54:38.972, 0 %, 0 MiB, 81920 MiB
2026/04/14 15:54:43.973, 0 %, 527 MiB, 81920 MiB
2026/04/14 15:54:43.973, 0 %, 0 MiB, 81920 MiB
2026/04/14 15:54:48.973, 0 %, 527 MiB, 81920 MiB
2026/04/14 15:54:48.974, 0 %, 0 MiB, 81920 MiB
2026/04/14 15:54:53.974, 0 %, 527 MiB, 81920 MiB
2026/04/14 15:54:53.974, 0 %, 0 MiB, 81920 MiB
2026/04/14 15:54:58.975, 0 %, 527 MiB, 81920 MiB
2026/04/14 15:54:58.975, 0 %, 0 MiB, 81920 MiB
2026/04/14 15:55:03.976, 0 %, 527 MiB, 81920 MiB
2026/04/14 15:55:03.976, 0 %, 0 MiB, 81920 MiB
2026/04/14 15:55:08.977, 0 %, 527 MiB, 81920 MiB
2026/04/14 15:55:08.977, 0 %, 0 MiB, 81920 MiB
2026/04/14 15:55:13.978, 0 %, 527 MiB, 81920 MiB
2026/04/14 15:55:13.978, 0 %, 0 MiB, 81920 MiB
2026/04/14 15:55:18.979, 0 %, 527 MiB, 81920 MiB
2026/04/14 15:55:18.979, 0 %, 0 MiB, 81920 MiB
2026/04/14 15:55:23.980, 0 %, 527 MiB, 81920 MiB
2026/04/14 15:55:23.980, 0 %, 0 MiB, 81920 MiB
2026/04/14 15:55:28.981, 0 %, 527 MiB, 81920 MiB
2026/04/14 15:55:28.981, 0 %, 0 MiB, 81920 MiB
2026/04/14 15:55:33.982, 0 %, 527 MiB, 81920 MiB
2026/04/14 15:55:33.982, 0 %, 0 MiB, 81920 MiB
2026/04/14 15:55:38.983, 0 %, 527 MiB, 81920 MiB
2026/04/14 15:55:38.983, 0 %, 0 MiB, 81920 MiB
2026/04/14 15:55:43.984, 0 %, 527 MiB, 81920 MiB
2026/04/14 15:55:43.984, 0 %, 0 MiB, 81920 MiB
2026/04/14 15:55:48.984, 0 %, 527 MiB, 81920 MiB
2026/04/14 15:55:48.985, 0 %, 0 MiB, 81920 MiB
2026/04/14 15:55:53.985, 0 %, 527 MiB, 81920 MiB
2026/04/14 15:55:53.985, 0 %, 0 MiB, 81920 MiB
2026/04/14 15:55:58.986, 0 %, 527 MiB, 81920 MiB
2026/04/14 15:55:58.986, 0 %, 0 MiB, 81920 MiB
2026/04/14 15:56:03.987, 0 %, 527 MiB, 81920 MiB
2026/04/14 15:56:03.987, 0 %, 0 MiB, 81920 MiB
2026/04/14 15:56:08.988, 0 %, 527 MiB, 81920 MiB
2026/04/14 15:56:08.988, 0 %, 0 MiB, 81920 MiB
2026/04/14 15:56:13.989, 0 %, 527 MiB, 81920 MiB
2026/04/14 15:56:13.989, 0 %, 0 MiB, 81920 MiB
2026/04/14 15:56:18.990, 0 %, 527 MiB, 81920 MiB
2026/04/14 15:56:18.990, 0 %, 0 MiB, 81920 MiB
2026/04/14 15:56:23.991, 0 %, 527 MiB, 81920 MiB
2026/04/14 15:56:23.991, 0 %, 0 MiB, 81920 MiB
2026/04/14 15:56:28.992, 0 %, 527 MiB, 81920 MiB
2026/04/14 15:56:28.992, 0 %, 0 MiB, 81920 MiB
2026/04/14 15:56:33.993, 0 %, 527 MiB, 81920 MiB
2026/04/14 15:56:33.993, 0 %, 0 MiB, 81920 MiB
2026/04/14 15:56:38.994, 0 %, 527 MiB, 81920 MiB
2026/04/14 15:56:38.994, 0 %, 0 MiB, 81920 MiB
2026/04/14 15:56:43.995, 0 %, 493 MiB, 81920 MiB
2026/04/14 15:56:43.995, 0 %, 0 MiB, 81920 MiB
2026/04/14 15:56:48.995, 0 %, 493 MiB, 81920 MiB
2026/04/14 15:56:48.995, 0 %, 0 MiB, 81920 MiB
2026/04/14 15:56:53.996, 0 %, 493 MiB, 81920 MiB
2026/04/14 15:56:53.996, 0 %, 0 MiB, 81920 MiB
2026/04/14 15:56:58.997, 0 %, 493 MiB, 81920 MiB
2026/04/14 15:56:58.997, 0 %, 0 MiB, 81920 MiB
2026/04/14 15:57:03.998, 0 %, 493 MiB, 81920 MiB
2026/04/14 15:57:03.998, 0 %, 0 MiB, 81920 MiB
2026/04/14 15:57:08.999, 0 %, 493 MiB, 81920 MiB
2026/04/14 15:57:08.999, 0 %, 0 MiB, 81920 MiB
2026/04/14 15:57:14.001, 0 %, 493 MiB, 81920 MiB
2026/04/14 15:57:14.001, 0 %, 0 MiB, 81920 MiB
2026/04/14 15:57:19.001, 0 %, 493 MiB, 81920 MiB
2026/04/14 15:57:19.002, 0 %, 0 MiB, 81920 MiB
2026/04/14 15:57:24.002, 0 %, 493 MiB, 81920 MiB
2026/04/14 15:57:24.003, 0 %, 0 MiB, 81920 MiB
2026/04/14 15:57:29.003, 0 %, 493 MiB, 81920 MiB
2026/04/14 15:57:29.003, 0 %, 0 MiB, 81920 MiB
2026/04/14 15:57:34.004, 0 %, 493 MiB, 81920 MiB
2026/04/14 15:57:34.004, 0 %, 0 MiB, 81920 MiB
2026/04/14 15:57:39.005, 0 %, 493 MiB, 81920 MiB
2026/04/14 15:57:39.005, 0 %, 0 MiB, 81920 MiB
2026/04/14 15:57:44.006, 0 %, 493 MiB, 81920 MiB
2026/04/14 15:57:44.006, 0 %, 0 MiB, 81920 MiB
2026/04/14 15:57:49.007, 0 %, 493 MiB, 81920 MiB
2026/04/14 15:57:49.007, 0 %, 0 MiB, 81920 MiB
2026/04/14 15:57:54.008, 0 %, 493 MiB, 81920 MiB
2026/04/14 15:57:54.008, 0 %, 0 MiB, 81920 MiB
2026/04/14 15:57:59.009, 0 %, 493 MiB, 81920 MiB
2026/04/14 15:57:59.009, 0 %, 0 MiB, 81920 MiB
2026/04/14 15:58:04.010, 0 %, 493 MiB, 81920 MiB
2026/04/14 15:58:04.010, 0 %, 0 MiB, 81920 MiB
2026/04/14 15:58:09.011, 0 %, 493 MiB, 81920 MiB
2026/04/14 15:58:09.011, 0 %, 0 MiB, 81920 MiB
2026/04/14 15:58:14.012, 0 %, 493 MiB, 81920 MiB
2026/04/14 15:58:14.012, 0 %, 0 MiB, 81920 MiB
2026/04/14 15:58:19.013, 0 %, 493 MiB, 81920 MiB
2026/04/14 15:58:19.013, 0 %, 0 MiB, 81920 MiB
2026/04/14 15:58:24.014, 0 %, 493 MiB, 81920 MiB
2026/04/14 15:58:24.014, 0 %, 0 MiB, 81920 MiB
2026/04/14 15:58:29.015, 0 %, 493 MiB, 81920 MiB
2026/04/14 15:58:29.015, 0 %, 0 MiB, 81920 MiB
2026/04/14 15:58:34.016, 0 %, 493 MiB, 81920 MiB
2026/04/14 15:58:34.016, 0 %, 0 MiB, 81920 MiB
2026/04/14 15:58:39.016, 0 %, 493 MiB, 81920 MiB
2026/04/14 15:58:39.017, 0 %, 0 MiB, 81920 MiB
2026/04/14 15:58:44.018, 0 %, 527 MiB, 81920 MiB
2026/04/14 15:58:44.018, 0 %, 0 MiB, 81920 MiB
2026/04/14 15:58:49.018, 0 %, 527 MiB, 81920 MiB
2026/04/14 15:58:49.018, 0 %, 0 MiB, 81920 MiB
2026/04/14 15:58:54.019, 0 %, 527 MiB, 81920 MiB
2026/04/14 15:58:54.019, 0 %, 0 MiB, 81920 MiB
2026/04/14 15:58:59.020, 0 %, 527 MiB, 81920 MiB
2026/04/14 15:58:59.020, 0 %, 0 MiB, 81920 MiB
2026/04/14 15:59:04.021, 0 %, 527 MiB, 81920 MiB
2026/04/14 15:59:04.021, 0 %, 0 MiB, 81920 MiB
2026/04/14 15:59:09.022, 0 %, 527 MiB, 81920 MiB
2026/04/14 15:59:09.022, 0 %, 0 MiB, 81920 MiB
2026/04/14 15:59:14.023, 0 %, 527 MiB, 81920 MiB
2026/04/14 15:59:14.023, 0 %, 0 MiB, 81920 MiB
2026/04/14 15:59:19.024, 0 %, 527 MiB, 81920 MiB
2026/04/14 15:59:19.024, 0 %, 0 MiB, 81920 MiB
2026/04/14 15:59:24.025, 0 %, 527 MiB, 81920 MiB
2026/04/14 15:59:24.025, 0 %, 0 MiB, 81920 MiB
2026/04/14 15:59:29.025, 0 %, 527 MiB, 81920 MiB
2026/04/14 15:59:29.026, 0 %, 0 MiB, 81920 MiB
2026/04/14 15:59:34.026, 0 %, 527 MiB, 81920 MiB
2026/04/14 15:59:34.026, 0 %, 0 MiB, 81920 MiB
2026/04/14 15:59:39.027, 0 %, 527 MiB, 81920 MiB
2026/04/14 15:59:39.027, 0 %, 0 MiB, 81920 MiB
2026/04/14 15:59:44.028, 0 %, 527 MiB, 81920 MiB
2026/04/14 15:59:44.028, 0 %, 0 MiB, 81920 MiB
2026/04/14 15:59:49.029, 0 %, 527 MiB, 81920 MiB
2026/04/14 15:59:49.029, 0 %, 0 MiB, 81920 MiB
2026/04/14 15:59:54.030, 9 %, 527 MiB, 81920 MiB
2026/04/14 15:59:54.030, 0 %, 0 MiB, 81920 MiB
2026/04/14 15:59:59.031, 7 %, 527 MiB, 81920 MiB
2026/04/14 15:59:59.031, 0 %, 0 MiB, 81920 MiB
2026/04/14 16:00:04.032, 18 %, 527 MiB, 81920 MiB
2026/04/14 16:00:04.032, 0 %, 0 MiB, 81920 MiB
2026/04/14 16:00:09.032, 0 %, 527 MiB, 81920 MiB
2026/04/14 16:00:09.032, 0 %, 0 MiB, 81920 MiB
2026/04/14 16:00:14.033, 8 %, 527 MiB, 81920 MiB
2026/04/14 16:00:14.033, 0 %, 0 MiB, 81920 MiB
2026/04/14 16:00:19.034, 6 %, 527 MiB, 81920 MiB
2026/04/14 16:00:19.034, 0 %, 0 MiB, 81920 MiB
2026/04/14 16:00:24.035, 18 %, 527 MiB, 81920 MiB
2026/04/14 16:00:24.035, 0 %, 0 MiB, 81920 MiB
2026/04/14 16:00:29.036, 17 %, 527 MiB, 81920 MiB
2026/04/14 16:00:29.036, 0 %, 0 MiB, 81920 MiB
2026/04/14 16:00:34.037, 10 %, 527 MiB, 81920 MiB
2026/04/14 16:00:34.037, 0 %, 0 MiB, 81920 MiB
2026/04/14 16:00:39.038, 13 %, 527 MiB, 81920 MiB
2026/04/14 16:00:39.038, 0 %, 0 MiB, 81920 MiB
2026/04/14 16:00:44.039, 1 %, 527 MiB, 81920 MiB
2026/04/14 16:00:44.039, 0 %, 0 MiB, 81920 MiB
2026/04/14 16:00:49.040, 16 %, 527 MiB, 81920 MiB
2026/04/14 16:00:49.040, 0 %, 0 MiB, 81920 MiB
2026/04/14 16:00:54.041, 0 %, 527 MiB, 81920 MiB
2026/04/14 16:00:54.041, 0 %, 0 MiB, 81920 MiB
2026/04/14 16:00:59.042, 14 %, 527 MiB, 81920 MiB
2026/04/14 16:00:59.042, 0 %, 0 MiB, 81920 MiB
2026/04/14 16:01:04.042, 2 %, 527 MiB, 81920 MiB
2026/04/14 16:01:04.043, 0 %, 0 MiB, 81920 MiB
2026/04/14 16:01:09.043, 5 %, 527 MiB, 81920 MiB
2026/04/14 16:01:09.043, 0 %, 0 MiB, 81920 MiB
2026/04/14 16:01:14.044, 0 %, 527 MiB, 81920 MiB
2026/04/14 16:01:14.044, 0 %, 0 MiB, 81920 MiB
2026/04/14 16:01:19.045, 0 %, 527 MiB, 81920 MiB
2026/04/14 16:01:19.045, 0 %, 0 MiB, 81920 MiB
2026/04/14 16:01:24.046, 0 %, 527 MiB, 81920 MiB
2026/04/14 16:01:24.046, 0 %, 0 MiB, 81920 MiB
2026/04/14 16:01:29.047, 0 %, 527 MiB, 81920 MiB
2026/04/14 16:01:29.047, 0 %, 0 MiB, 81920 MiB
2026/04/14 16:01:34.048, 0 %, 527 MiB, 81920 MiB
2026/04/14 16:01:34.048, 0 %, 0 MiB, 81920 MiB
2026/04/14 16:01:39.049, 0 %, 527 MiB, 81920 MiB
2026/04/14 16:01:39.049, 0 %, 0 MiB, 81920 MiB
2026/04/14 16:01:44.050, 0 %, 527 MiB, 81920 MiB
2026/04/14 16:01:44.050, 0 %, 0 MiB, 81920 MiB
2026/04/14 16:01:49.051, 0 %, 527 MiB, 81920 MiB
2026/04/14 16:01:49.051, 0 %, 0 MiB, 81920 MiB
2026/04/14 16:01:54.052, 0 %, 527 MiB, 81920 MiB
2026/04/14 16:01:54.052, 0 %, 0 MiB, 81920 MiB
2026/04/14 16:01:59.052, 0 %, 527 MiB, 81920 MiB
2026/04/14 16:01:59.053, 0 %, 0 MiB, 81920 MiB
2026/04/14 16:02:04.053, 0 %, 527 MiB, 81920 MiB
2026/04/14 16:02:04.054, 0 %, 0 MiB, 81920 MiB
2026/04/14 16:02:09.054, 0 %, 527 MiB, 81920 MiB
2026/04/14 16:02:09.054, 0 %, 0 MiB, 81920 MiB
2026/04/14 16:02:14.055, 0 %, 527 MiB, 81920 MiB
2026/04/14 16:02:14.055, 0 %, 0 MiB, 81920 MiB
2026/04/14 16:02:19.056, 0 %, 527 MiB, 81920 MiB
2026/04/14 16:02:19.056, 0 %, 0 MiB, 81920 MiB
2026/04/14 16:02:24.057, 0 %, 527 MiB, 81920 MiB
2026/04/14 16:02:24.057, 0 %, 0 MiB, 81920 MiB
2026/04/14 16:02:29.058, 0 %, 527 MiB, 81920 MiB
2026/04/14 16:02:29.058, 0 %, 0 MiB, 81920 MiB
2026/04/14 16:02:34.059, 0 %, 527 MiB, 81920 MiB
2026/04/14 16:02:34.059, 0 %, 0 MiB, 81920 MiB
2026/04/14 16:02:39.060, 0 %, 527 MiB, 81920 MiB
2026/04/14 16:02:39.060, 0 %, 0 MiB, 81920 MiB
2026/04/14 16:02:44.061, 0 %, 527 MiB, 81920 MiB
2026/04/14 16:02:44.061, 0 %, 0 MiB, 81920 MiB
2026/04/14 16:02:49.062, 0 %, 527 MiB, 81920 MiB
2026/04/14 16:02:49.062, 0 %, 0 MiB, 81920 MiB
2026/04/14 16:02:54.063, 0 %, 527 MiB, 81920 MiB
2026/04/14 16:02:54.063, 0 %, 0 MiB, 81920 MiB
2026/04/14 16:02:59.064, 0 %, 527 MiB, 81920 MiB
2026/04/14 16:02:59.064, 0 %, 0 MiB, 81920 MiB
2026/04/14 16:03:04.064, 0 %, 527 MiB, 81920 MiB
2026/04/14 16:03:04.065, 0 %, 0 MiB, 81920 MiB
2026/04/14 16:03:09.065, 0 %, 527 MiB, 81920 MiB
2026/04/14 16:03:09.066, 0 %, 0 MiB, 81920 MiB
2026/04/14 16:03:14.066, 0 %, 527 MiB, 81920 MiB
2026/04/14 16:03:14.067, 0 %, 0 MiB, 81920 MiB
2026/04/14 16:03:19.067, 0 %, 527 MiB, 81920 MiB
2026/04/14 16:03:19.067, 0 %, 0 MiB, 81920 MiB
2026/04/14 16:03:24.068, 0 %, 527 MiB, 81920 MiB
2026/04/14 16:03:24.068, 0 %, 0 MiB, 81920 MiB
2026/04/14 16:03:29.069, 0 %, 527 MiB, 81920 MiB
2026/04/14 16:03:29.069, 0 %, 0 MiB, 81920 MiB
2026/04/14 16:03:34.070, 0 %, 527 MiB, 81920 MiB
2026/04/14 16:03:34.070, 0 %, 0 MiB, 81920 MiB
2026/04/14 16:03:39.071, 0 %, 527 MiB, 81920 MiB
2026/04/14 16:03:39.071, 0 %, 0 MiB, 81920 MiB
2026/04/14 16:03:44.072, 0 %, 527 MiB, 81920 MiB
2026/04/14 16:03:44.072, 0 %, 0 MiB, 81920 MiB
2026/04/14 16:03:49.073, 0 %, 527 MiB, 81920 MiB
2026/04/14 16:03:49.073, 0 %, 0 MiB, 81920 MiB
2026/04/14 16:03:54.074, 0 %, 527 MiB, 81920 MiB
2026/04/14 16:03:54.074, 0 %, 0 MiB, 81920 MiB
2026/04/14 16:03:59.075, 0 %, 527 MiB, 81920 MiB
2026/04/14 16:03:59.075, 0 %, 0 MiB, 81920 MiB
2026/04/14 16:04:04.075, 0 %, 527 MiB, 81920 MiB
2026/04/14 16:04:04.076, 0 %, 0 MiB, 81920 MiB
2026/04/14 16:04:09.076, 0 %, 527 MiB, 81920 MiB
2026/04/14 16:04:09.077, 0 %, 0 MiB, 81920 MiB
2026/04/14 16:04:14.077, 4 %, 527 MiB, 81920 MiB
2026/04/14 16:04:14.078, 0 %, 0 MiB, 81920 MiB
2026/04/14 16:04:19.078, 1 %, 527 MiB, 81920 MiB
2026/04/14 16:04:19.079, 0 %, 0 MiB, 81920 MiB
2026/04/14 16:04:24.079, 0 %, 527 MiB, 81920 MiB
2026/04/14 16:04:24.079, 0 %, 0 MiB, 81920 MiB
2026/04/14 16:04:29.080, 0 %, 527 MiB, 81920 MiB
2026/04/14 16:04:29.080, 0 %, 0 MiB, 81920 MiB
2026/04/14 16:04:34.081, 3 %, 527 MiB, 81920 MiB
2026/04/14 16:04:34.081, 0 %, 0 MiB, 81920 MiB
2026/04/14 16:04:39.082, 0 %, 527 MiB, 81920 MiB
2026/04/14 16:04:39.082, 0 %, 0 MiB, 81920 MiB
2026/04/14 16:04:44.083, 13 %, 527 MiB, 81920 MiB
2026/04/14 16:04:44.083, 0 %, 0 MiB, 81920 MiB
2026/04/14 16:04:49.084, 10 %, 527 MiB, 81920 MiB
2026/04/14 16:04:49.084, 0 %, 0 MiB, 81920 MiB
2026/04/14 16:04:54.084, 18 %, 527 MiB, 81920 MiB
2026/04/14 16:04:54.085, 0 %, 0 MiB, 81920 MiB
2026/04/14 16:04:59.085, 18 %, 527 MiB, 81920 MiB
2026/04/14 16:04:59.085, 0 %, 0 MiB, 81920 MiB
2026/04/14 16:05:04.086, 10 %, 527 MiB, 81920 MiB
2026/04/14 16:05:04.086, 0 %, 0 MiB, 81920 MiB
2026/04/14 16:05:09.087, 8 %, 527 MiB, 81920 MiB
2026/04/14 16:05:09.087, 0 %, 0 MiB, 81920 MiB
2026/04/14 16:05:14.088, 19 %, 527 MiB, 81920 MiB
2026/04/14 16:05:14.088, 0 %, 0 MiB, 81920 MiB
2026/04/14 16:05:19.089, 18 %, 527 MiB, 81920 MiB
2026/04/14 16:05:19.089, 0 %, 0 MiB, 81920 MiB
2026/04/14 16:05:24.090, 10 %, 527 MiB, 81920 MiB
2026/04/14 16:05:24.090, 0 %, 0 MiB, 81920 MiB
2026/04/14 16:05:29.091, 12 %, 527 MiB, 81920 MiB
2026/04/14 16:05:29.091, 0 %, 0 MiB, 81920 MiB
2026/04/14 16:05:34.092, 1 %, 527 MiB, 81920 MiB
2026/04/14 16:05:34.092, 0 %, 0 MiB, 81920 MiB
2026/04/14 16:05:39.092, 5 %, 527 MiB, 81920 MiB
2026/04/14 16:05:39.092, 0 %, 0 MiB, 81920 MiB
2026/04/14 16:05:44.093, 0 %, 527 MiB, 81920 MiB
2026/04/14 16:05:44.093, 0 %, 0 MiB, 81920 MiB
2026/04/14 16:05:49.094, 16 %, 527 MiB, 81920 MiB
2026/04/14 16:05:49.094, 0 %, 0 MiB, 81920 MiB
2026/04/14 16:05:54.095, 4 %, 527 MiB, 81920 MiB
2026/04/14 16:05:54.095, 0 %, 0 MiB, 81920 MiB
2026/04/14 16:05:59.096, 8 %, 527 MiB, 81920 MiB
2026/04/14 16:05:59.096, 0 %, 0 MiB, 81920 MiB
2026/04/14 16:06:04.097, 0 %, 527 MiB, 81920 MiB
2026/04/14 16:06:04.097, 0 %, 0 MiB, 81920 MiB
2026/04/14 16:06:09.098, 1 %, 527 MiB, 81920 MiB
2026/04/14 16:06:09.098, 0 %, 0 MiB, 81920 MiB
2026/04/14 16:06:14.099, 0 %, 527 MiB, 81920 MiB
2026/04/14 16:06:14.099, 0 %, 0 MiB, 81920 MiB
2026/04/14 16:06:19.100, 10 %, 527 MiB, 81920 MiB
2026/04/14 16:06:19.100, 0 %, 0 MiB, 81920 MiB
2026/04/14 16:06:24.101, 0 %, 527 MiB, 81920 MiB
2026/04/14 16:06:24.101, 0 %, 0 MiB, 81920 MiB
2026/04/14 16:06:29.102, 2 %, 527 MiB, 81920 MiB
2026/04/14 16:06:29.102, 0 %, 0 MiB, 81920 MiB
2026/04/14 16:06:34.103, 0 %, 527 MiB, 81920 MiB
2026/04/14 16:06:34.103, 0 %, 0 MiB, 81920 MiB
2026/04/14 16:06:39.103, 0 %, 527 MiB, 81920 MiB
2026/04/14 16:06:39.104, 0 %, 0 MiB, 81920 MiB
2026/04/14 16:06:44.104, 0 %, 527 MiB, 81920 MiB
2026/04/14 16:06:44.105, 0 %, 0 MiB, 81920 MiB
2026/04/14 16:06:49.105, 0 %, 527 MiB, 81920 MiB
2026/04/14 16:06:49.106, 0 %, 0 MiB, 81920 MiB
2026/04/14 16:06:54.106, 0 %, 527 MiB, 81920 MiB
2026/04/14 16:06:54.106, 0 %, 0 MiB, 81920 MiB
2026/04/14 16:06:59.107, 0 %, 527 MiB, 81920 MiB
2026/04/14 16:06:59.107, 0 %, 0 MiB, 81920 MiB
2026/04/14 16:07:04.108, 0 %, 527 MiB, 81920 MiB
2026/04/14 16:07:04.108, 0 %, 0 MiB, 81920 MiB
2026/04/14 16:07:09.109, 0 %, 527 MiB, 81920 MiB
2026/04/14 16:07:09.109, 0 %, 0 MiB, 81920 MiB
2026/04/14 16:07:14.110, 0 %, 527 MiB, 81920 MiB
2026/04/14 16:07:14.110, 0 %, 0 MiB, 81920 MiB
2026/04/14 16:07:19.111, 0 %, 527 MiB, 81920 MiB
2026/04/14 16:07:19.111, 0 %, 0 MiB, 81920 MiB
2026/04/14 16:07:24.112, 0 %, 527 MiB, 81920 MiB
2026/04/14 16:07:24.112, 0 %, 0 MiB, 81920 MiB
2026/04/14 16:07:29.113, 0 %, 527 MiB, 81920 MiB
2026/04/14 16:07:29.113, 0 %, 0 MiB, 81920 MiB
2026/04/14 16:07:34.114, 0 %, 527 MiB, 81920 MiB
2026/04/14 16:07:34.114, 0 %, 0 MiB, 81920 MiB
2026/04/14 16:07:39.114, 0 %, 527 MiB, 81920 MiB
2026/04/14 16:07:39.115, 0 %, 0 MiB, 81920 MiB
2026/04/14 16:07:44.115, 0 %, 527 MiB, 81920 MiB
2026/04/14 16:07:44.116, 0 %, 0 MiB, 81920 MiB
2026/04/14 16:07:49.116, 0 %, 527 MiB, 81920 MiB
2026/04/14 16:07:49.117, 0 %, 0 MiB, 81920 MiB
2026/04/14 16:07:54.117, 0 %, 527 MiB, 81920 MiB
2026/04/14 16:07:54.118, 0 %, 0 MiB, 81920 MiB
2026/04/14 16:07:59.118, 0 %, 527 MiB, 81920 MiB
2026/04/14 16:07:59.118, 0 %, 0 MiB, 81920 MiB
2026/04/14 16:08:04.119, 0 %, 527 MiB, 81920 MiB
2026/04/14 16:08:04.119, 0 %, 0 MiB, 81920 MiB
2026/04/14 16:08:09.120, 0 %, 527 MiB, 81920 MiB
2026/04/14 16:08:09.120, 0 %, 0 MiB, 81920 MiB
2026/04/14 16:08:14.121, 0 %, 527 MiB, 81920 MiB
2026/04/14 16:08:14.121, 0 %, 0 MiB, 81920 MiB
2026/04/14 16:08:19.122, 0 %, 527 MiB, 81920 MiB
2026/04/14 16:08:19.122, 0 %, 0 MiB, 81920 MiB
2026/04/14 16:08:24.123, 0 %, 527 MiB, 81920 MiB
2026/04/14 16:08:24.123, 0 %, 0 MiB, 81920 MiB
2026/04/14 16:08:29.124, 0 %, 527 MiB, 81920 MiB
2026/04/14 16:08:29.124, 0 %, 0 MiB, 81920 MiB
2026/04/14 16:08:34.125, 0 %, 527 MiB, 81920 MiB
2026/04/14 16:08:34.125, 0 %, 0 MiB, 81920 MiB
2026/04/14 16:08:39.126, 0 %, 527 MiB, 81920 MiB
2026/04/14 16:08:39.126, 0 %, 0 MiB, 81920 MiB
2026/04/14 16:08:44.127, 0 %, 527 MiB, 81920 MiB
2026/04/14 16:08:44.127, 0 %, 0 MiB, 81920 MiB
2026/04/14 16:08:49.127, 0 %, 527 MiB, 81920 MiB
2026/04/14 16:08:49.128, 0 %, 0 MiB, 81920 MiB
2026/04/14 16:08:54.128, 0 %, 527 MiB, 81920 MiB
2026/04/14 16:08:54.128, 0 %, 0 MiB, 81920 MiB
2026/04/14 16:08:59.129, 0 %, 527 MiB, 81920 MiB
2026/04/14 16:08:59.129, 0 %, 0 MiB, 81920 MiB
2026/04/14 16:09:04.130, 0 %, 527 MiB, 81920 MiB
2026/04/14 16:09:04.130, 0 %, 0 MiB, 81920 MiB
2026/04/14 16:09:09.131, 0 %, 527 MiB, 81920 MiB
2026/04/14 16:09:09.131, 0 %, 0 MiB, 81920 MiB
2026/04/14 16:09:14.132, 0 %, 527 MiB, 81920 MiB
2026/04/14 16:09:14.132, 0 %, 0 MiB, 81920 MiB
2026/04/14 16:09:19.133, 0 %, 527 MiB, 81920 MiB
2026/04/14 16:09:19.133, 0 %, 0 MiB, 81920 MiB
2026/04/14 16:09:24.134, 0 %, 527 MiB, 81920 MiB
2026/04/14 16:09:24.134, 0 %, 0 MiB, 81920 MiB
2026/04/14 16:09:29.135, 0 %, 527 MiB, 81920 MiB
2026/04/14 16:09:29.135, 0 %, 0 MiB, 81920 MiB
2026/04/14 16:09:34.135, 0 %, 527 MiB, 81920 MiB
2026/04/14 16:09:34.136, 0 %, 0 MiB, 81920 MiB
2026/04/14 16:09:39.136, 0 %, 527 MiB, 81920 MiB
2026/04/14 16:09:39.136, 0 %, 0 MiB, 81920 MiB
2026/04/14 16:09:44.137, 0 %, 527 MiB, 81920 MiB
2026/04/14 16:09:44.137, 0 %, 0 MiB, 81920 MiB
2026/04/14 16:09:49.138, 11 %, 527 MiB, 81920 MiB
2026/04/14 16:09:49.138, 0 %, 0 MiB, 81920 MiB
2026/04/14 16:09:54.139, 0 %, 527 MiB, 81920 MiB
2026/04/14 16:09:54.139, 0 %, 0 MiB, 81920 MiB
2026/04/14 16:09:59.140, 0 %, 527 MiB, 81920 MiB
2026/04/14 16:09:59.140, 0 %, 0 MiB, 81920 MiB
2026/04/14 16:10:04.141, 0 %, 527 MiB, 81920 MiB
2026/04/14 16:10:04.141, 0 %, 0 MiB, 81920 MiB
2026/04/14 16:10:09.142, 0 %, 527 MiB, 81920 MiB
2026/04/14 16:10:09.142, 0 %, 0 MiB, 81920 MiB
2026/04/14 16:10:14.143, 0 %, 527 MiB, 81920 MiB
2026/04/14 16:10:14.143, 0 %, 0 MiB, 81920 MiB
2026/04/14 16:10:19.143, 0 %, 527 MiB, 81920 MiB
2026/04/14 16:10:19.144, 0 %, 0 MiB, 81920 MiB
2026/04/14 16:10:24.144, 0 %, 527 MiB, 81920 MiB
2026/04/14 16:10:24.145, 0 %, 0 MiB, 81920 MiB
2026/04/14 16:10:29.145, 0 %, 527 MiB, 81920 MiB
2026/04/14 16:10:29.146, 0 %, 0 MiB, 81920 MiB
2026/04/14 16:10:34.146, 0 %, 527 MiB, 81920 MiB
2026/04/14 16:10:34.146, 0 %, 0 MiB, 81920 MiB
2026/04/14 16:10:39.147, 0 %, 527 MiB, 81920 MiB
2026/04/14 16:10:39.147, 0 %, 0 MiB, 81920 MiB
2026/04/14 16:10:44.148, 0 %, 527 MiB, 81920 MiB
2026/04/14 16:10:44.148, 0 %, 0 MiB, 81920 MiB
2026/04/14 16:10:49.149, 0 %, 527 MiB, 81920 MiB
2026/04/14 16:10:49.149, 0 %, 0 MiB, 81920 MiB
2026/04/14 16:10:54.150, 0 %, 527 MiB, 81920 MiB
2026/04/14 16:10:54.150, 0 %, 0 MiB, 81920 MiB
2026/04/14 16:10:59.151, 0 %, 527 MiB, 81920 MiB
2026/04/14 16:10:59.151, 0 %, 0 MiB, 81920 MiB
2026/04/14 16:11:04.152, 0 %, 527 MiB, 81920 MiB
2026/04/14 16:11:04.152, 0 %, 0 MiB, 81920 MiB
2026/04/14 16:11:09.152, 0 %, 527 MiB, 81920 MiB
2026/04/14 16:11:09.153, 0 %, 0 MiB, 81920 MiB
2026/04/14 16:11:14.153, 0 %, 527 MiB, 81920 MiB
2026/04/14 16:11:14.154, 0 %, 0 MiB, 81920 MiB
2026/04/14 16:11:19.154, 0 %, 527 MiB, 81920 MiB
2026/04/14 16:11:19.155, 0 %, 0 MiB, 81920 MiB
2026/04/14 16:11:24.155, 0 %, 527 MiB, 81920 MiB
2026/04/14 16:11:24.155, 0 %, 0 MiB, 81920 MiB
2026/04/14 16:11:29.156, 0 %, 527 MiB, 81920 MiB
2026/04/14 16:11:29.156, 0 %, 0 MiB, 81920 MiB
2026/04/14 16:11:34.157, 0 %, 527 MiB, 81920 MiB
2026/04/14 16:11:34.157, 0 %, 0 MiB, 81920 MiB
2026/04/14 16:11:39.158, 0 %, 527 MiB, 81920 MiB
2026/04/14 16:11:39.158, 0 %, 0 MiB, 81920 MiB
2026/04/14 16:11:44.159, 0 %, 527 MiB, 81920 MiB
2026/04/14 16:11:44.159, 0 %, 0 MiB, 81920 MiB
2026/04/14 16:11:49.160, 0 %, 493 MiB, 81920 MiB
2026/04/14 16:11:49.160, 0 %, 0 MiB, 81920 MiB
2026/04/14 16:11:54.161, 0 %, 493 MiB, 81920 MiB
2026/04/14 16:11:54.161, 0 %, 0 MiB, 81920 MiB
2026/04/14 16:11:59.161, 0 %, 493 MiB, 81920 MiB
2026/04/14 16:11:59.162, 0 %, 0 MiB, 81920 MiB
2026/04/14 16:12:04.162, 0 %, 493 MiB, 81920 MiB
2026/04/14 16:12:04.162, 0 %, 0 MiB, 81920 MiB
2026/04/14 16:12:09.163, 0 %, 493 MiB, 81920 MiB
2026/04/14 16:12:09.163, 0 %, 0 MiB, 81920 MiB
2026/04/14 16:12:14.164, 0 %, 493 MiB, 81920 MiB
2026/04/14 16:12:14.164, 0 %, 0 MiB, 81920 MiB
2026/04/14 16:12:19.165, 0 %, 493 MiB, 81920 MiB
2026/04/14 16:12:19.165, 0 %, 0 MiB, 81920 MiB
2026/04/14 16:12:24.166, 0 %, 493 MiB, 81920 MiB
2026/04/14 16:12:24.166, 0 %, 0 MiB, 81920 MiB
2026/04/14 16:12:29.167, 0 %, 493 MiB, 81920 MiB
2026/04/14 16:12:29.167, 0 %, 0 MiB, 81920 MiB
2026/04/14 16:12:34.168, 0 %, 493 MiB, 81920 MiB
2026/04/14 16:12:34.168, 0 %, 0 MiB, 81920 MiB
2026/04/14 16:12:39.169, 0 %, 493 MiB, 81920 MiB
2026/04/14 16:12:39.169, 0 %, 0 MiB, 81920 MiB
2026/04/14 16:12:44.170, 0 %, 493 MiB, 81920 MiB
2026/04/14 16:12:44.170, 0 %, 0 MiB, 81920 MiB
2026/04/14 16:12:49.171, 0 %, 493 MiB, 81920 MiB
2026/04/14 16:12:49.171, 0 %, 0 MiB, 81920 MiB
2026/04/14 16:12:54.171, 0 %, 493 MiB, 81920 MiB
2026/04/14 16:12:54.172, 0 %, 0 MiB, 81920 MiB
2026/04/14 16:12:59.172, 0 %, 493 MiB, 81920 MiB
2026/04/14 16:12:59.172, 0 %, 0 MiB, 81920 MiB
2026/04/14 16:13:04.173, 0 %, 493 MiB, 81920 MiB
2026/04/14 16:13:04.173, 0 %, 0 MiB, 81920 MiB
2026/04/14 16:13:09.174, 0 %, 493 MiB, 81920 MiB
2026/04/14 16:13:09.174, 0 %, 0 MiB, 81920 MiB
2026/04/14 16:13:14.175, 0 %, 493 MiB, 81920 MiB
2026/04/14 16:13:14.175, 0 %, 0 MiB, 81920 MiB
2026/04/14 16:13:19.176, 0 %, 493 MiB, 81920 MiB
2026/04/14 16:13:19.176, 0 %, 0 MiB, 81920 MiB
2026/04/14 16:13:24.177, 0 %, 493 MiB, 81920 MiB
2026/04/14 16:13:24.177, 0 %, 0 MiB, 81920 MiB
2026/04/14 16:13:29.236, 0 %, 493 MiB, 81920 MiB
2026/04/14 16:13:29.236, 0 %, 0 MiB, 81920 MiB
2026/04/14 16:13:34.236, 0 %, 493 MiB, 81920 MiB
2026/04/14 16:13:34.237, 0 %, 0 MiB, 81920 MiB
2026/04/14 16:13:39.237, 0 %, 493 MiB, 81920 MiB
2026/04/14 16:13:39.238, 0 %, 0 MiB, 81920 MiB
2026/04/14 16:13:44.238, 0 %, 493 MiB, 81920 MiB
2026/04/14 16:13:44.238, 0 %, 0 MiB, 81920 MiB
2026/04/14 16:13:49.239, 0 %, 527 MiB, 81920 MiB
2026/04/14 16:13:49.239, 0 %, 0 MiB, 81920 MiB
2026/04/14 16:13:54.240, 0 %, 527 MiB, 81920 MiB
2026/04/14 16:13:54.240, 0 %, 0 MiB, 81920 MiB
2026/04/14 16:13:59.241, 9 %, 527 MiB, 81920 MiB
2026/04/14 16:13:59.241, 0 %, 0 MiB, 81920 MiB
2026/04/14 16:14:04.242, 9 %, 527 MiB, 81920 MiB
2026/04/14 16:14:04.242, 0 %, 0 MiB, 81920 MiB
2026/04/14 16:14:09.242, 14 %, 527 MiB, 81920 MiB
2026/04/14 16:14:09.243, 0 %, 0 MiB, 81920 MiB
2026/04/14 16:14:14.243, 6 %, 527 MiB, 81920 MiB
2026/04/14 16:14:14.244, 0 %, 0 MiB, 81920 MiB
2026/04/14 16:14:19.244, 0 %, 527 MiB, 81920 MiB
2026/04/14 16:14:19.244, 0 %, 0 MiB, 81920 MiB
2026/04/14 16:14:24.245, 0 %, 527 MiB, 81920 MiB
2026/04/14 16:14:24.245, 0 %, 0 MiB, 81920 MiB
2026/04/14 16:14:29.246, 1 %, 527 MiB, 81920 MiB
2026/04/14 16:14:29.246, 0 %, 0 MiB, 81920 MiB
2026/04/14 16:14:34.247, 1 %, 527 MiB, 81920 MiB
2026/04/14 16:14:34.247, 0 %, 0 MiB, 81920 MiB
2026/04/14 16:14:39.248, 0 %, 527 MiB, 81920 MiB
2026/04/14 16:14:39.248, 0 %, 0 MiB, 81920 MiB
2026/04/14 16:14:44.249, 0 %, 527 MiB, 81920 MiB
2026/04/14 16:14:44.249, 0 %, 0 MiB, 81920 MiB
2026/04/14 16:14:49.250, 0 %, 527 MiB, 81920 MiB
2026/04/14 16:14:49.250, 0 %, 0 MiB, 81920 MiB
2026/04/14 16:14:54.251, 0 %, 527 MiB, 81920 MiB
2026/04/14 16:14:54.251, 0 %, 0 MiB, 81920 MiB
2026/04/14 16:14:59.252, 0 %, 527 MiB, 81920 MiB
2026/04/14 16:14:59.252, 0 %, 0 MiB, 81920 MiB
2026/04/14 16:15:04.252, 0 %, 527 MiB, 81920 MiB
2026/04/14 16:15:04.253, 0 %, 0 MiB, 81920 MiB
2026/04/14 16:15:09.253, 0 %, 527 MiB, 81920 MiB
2026/04/14 16:15:09.254, 0 %, 0 MiB, 81920 MiB
2026/04/14 16:15:14.254, 0 %, 527 MiB, 81920 MiB
2026/04/14 16:15:14.255, 0 %, 0 MiB, 81920 MiB
2026/04/14 16:15:19.255, 0 %, 527 MiB, 81920 MiB
2026/04/14 16:15:19.255, 0 %, 0 MiB, 81920 MiB
2026/04/14 16:15:24.256, 0 %, 527 MiB, 81920 MiB
2026/04/14 16:15:24.256, 0 %, 0 MiB, 81920 MiB
2026/04/14 16:15:29.257, 0 %, 527 MiB, 81920 MiB
2026/04/14 16:15:29.257, 0 %, 0 MiB, 81920 MiB
2026/04/14 16:15:34.258, 2 %, 527 MiB, 81920 MiB
2026/04/14 16:15:34.258, 0 %, 0 MiB, 81920 MiB
2026/04/14 16:15:39.259, 0 %, 527 MiB, 81920 MiB
2026/04/14 16:15:39.259, 0 %, 0 MiB, 81920 MiB
2026/04/14 16:15:44.260, 18 %, 527 MiB, 81920 MiB
2026/04/14 16:15:44.260, 0 %, 0 MiB, 81920 MiB
2026/04/14 16:15:49.261, 18 %, 527 MiB, 81920 MiB
2026/04/14 16:15:49.261, 0 %, 0 MiB, 81920 MiB
2026/04/14 16:15:54.262, 15 %, 527 MiB, 81920 MiB
2026/04/14 16:15:54.262, 0 %, 0 MiB, 81920 MiB
2026/04/14 16:15:59.263, 15 %, 527 MiB, 81920 MiB
2026/04/14 16:15:59.263, 0 %, 0 MiB, 81920 MiB
2026/04/14 16:16:04.264, 10 %, 527 MiB, 81920 MiB
2026/04/14 16:16:04.264, 0 %, 0 MiB, 81920 MiB
2026/04/14 16:16:09.265, 9 %, 527 MiB, 81920 MiB
2026/04/14 16:16:09.265, 0 %, 0 MiB, 81920 MiB
2026/04/14 16:16:14.266, 0 %, 527 MiB, 81920 MiB
2026/04/14 16:16:14.266, 0 %, 0 MiB, 81920 MiB
2026/04/14 16:16:19.266, 12 %, 527 MiB, 81920 MiB
2026/04/14 16:16:19.267, 0 %, 0 MiB, 81920 MiB
2026/04/14 16:16:24.267, 0 %, 527 MiB, 81920 MiB
2026/04/14 16:16:24.268, 0 %, 0 MiB, 81920 MiB
2026/04/14 16:16:29.268, 0 %, 527 MiB, 81920 MiB
2026/04/14 16:16:29.268, 0 %, 0 MiB, 81920 MiB
2026/04/14 16:16:34.269, 0 %, 527 MiB, 81920 MiB
2026/04/14 16:16:34.269, 0 %, 0 MiB, 81920 MiB
2026/04/14 16:16:39.270, 0 %, 527 MiB, 81920 MiB
2026/04/14 16:16:39.270, 0 %, 0 MiB, 81920 MiB
2026/04/14 16:16:44.271, 0 %, 527 MiB, 81920 MiB
2026/04/14 16:16:44.271, 0 %, 0 MiB, 81920 MiB
2026/04/14 16:16:49.272, 0 %, 527 MiB, 81920 MiB
2026/04/14 16:16:49.272, 0 %, 0 MiB, 81920 MiB
2026/04/14 16:16:54.273, 0 %, 527 MiB, 81920 MiB
2026/04/14 16:16:54.273, 0 %, 0 MiB, 81920 MiB
2026/04/14 16:16:59.274, 0 %, 527 MiB, 81920 MiB
2026/04/14 16:16:59.274, 0 %, 0 MiB, 81920 MiB
2026/04/14 16:17:04.275, 0 %, 527 MiB, 81920 MiB
2026/04/14 16:17:04.275, 0 %, 0 MiB, 81920 MiB
2026/04/14 16:17:09.276, 0 %, 527 MiB, 81920 MiB
2026/04/14 16:17:09.276, 0 %, 0 MiB, 81920 MiB
2026/04/14 16:17:14.277, 0 %, 527 MiB, 81920 MiB
2026/04/14 16:17:14.277, 0 %, 0 MiB, 81920 MiB
2026/04/14 16:17:19.278, 0 %, 527 MiB, 81920 MiB
2026/04/14 16:17:19.278, 0 %, 0 MiB, 81920 MiB
2026/04/14 16:17:24.279, 0 %, 527 MiB, 81920 MiB
2026/04/14 16:17:24.279, 0 %, 0 MiB, 81920 MiB
2026/04/14 16:17:29.280, 0 %, 527 MiB, 81920 MiB
2026/04/14 16:17:29.280, 0 %, 0 MiB, 81920 MiB
2026/04/14 16:17:34.280, 14 %, 527 MiB, 81920 MiB
2026/04/14 16:17:34.280, 0 %, 0 MiB, 81920 MiB
2026/04/14 16:17:39.281, 15 %, 527 MiB, 81920 MiB
2026/04/14 16:17:39.281, 0 %, 0 MiB, 81920 MiB
2026/04/14 16:17:44.282, 10 %, 527 MiB, 81920 MiB
2026/04/14 16:17:44.282, 0 %, 0 MiB, 81920 MiB
2026/04/14 16:17:49.283, 8 %, 527 MiB, 81920 MiB
2026/04/14 16:17:49.283, 0 %, 0 MiB, 81920 MiB
2026/04/14 16:17:54.284, 0 %, 527 MiB, 81920 MiB
2026/04/14 16:17:54.284, 0 %, 0 MiB, 81920 MiB
2026/04/14 16:17:59.285, 12 %, 527 MiB, 81920 MiB
2026/04/14 16:17:59.285, 0 %, 0 MiB, 81920 MiB
2026/04/14 16:18:04.286, 0 %, 527 MiB, 81920 MiB
2026/04/14 16:18:04.286, 0 %, 0 MiB, 81920 MiB
2026/04/14 16:18:09.286, 0 %, 527 MiB, 81920 MiB
2026/04/14 16:18:09.287, 0 %, 0 MiB, 81920 MiB
2026/04/14 16:18:14.287, 0 %, 527 MiB, 81920 MiB
2026/04/14 16:18:14.287, 0 %, 0 MiB, 81920 MiB
2026/04/14 16:18:19.288, 0 %, 527 MiB, 81920 MiB
2026/04/14 16:18:19.288, 0 %, 0 MiB, 81920 MiB
2026/04/14 16:18:24.289, 0 %, 527 MiB, 81920 MiB
2026/04/14 16:18:24.289, 0 %, 0 MiB, 81920 MiB
2026/04/14 16:18:29.290, 0 %, 527 MiB, 81920 MiB
2026/04/14 16:18:29.290, 0 %, 0 MiB, 81920 MiB
2026/04/14 16:18:34.291, 0 %, 527 MiB, 81920 MiB
2026/04/14 16:18:34.291, 0 %, 0 MiB, 81920 MiB
2026/04/14 16:18:39.292, 0 %, 527 MiB, 81920 MiB
2026/04/14 16:18:39.292, 0 %, 0 MiB, 81920 MiB
2026/04/14 16:18:44.293, 0 %, 527 MiB, 81920 MiB
2026/04/14 16:18:44.293, 0 %, 0 MiB, 81920 MiB
2026/04/14 16:18:49.294, 0 %, 527 MiB, 81920 MiB
2026/04/14 16:18:49.294, 0 %, 0 MiB, 81920 MiB
2026/04/14 16:18:54.295, 0 %, 527 MiB, 81920 MiB
2026/04/14 16:18:54.295, 0 %, 0 MiB, 81920 MiB
2026/04/14 16:18:59.295, 0 %, 527 MiB, 81920 MiB
2026/04/14 16:18:59.295, 0 %, 0 MiB, 81920 MiB
2026/04/14 16:19:04.296, 0 %, 527 MiB, 81920 MiB
2026/04/14 16:19:04.296, 0 %, 0 MiB, 81920 MiB
2026/04/14 16:19:09.297, 0 %, 527 MiB, 81920 MiB
2026/04/14 16:19:09.297, 0 %, 0 MiB, 81920 MiB
2026/04/14 16:19:14.298, 0 %, 527 MiB, 81920 MiB
2026/04/14 16:19:14.298, 0 %, 0 MiB, 81920 MiB
2026/04/14 16:19:19.299, 11 %, 527 MiB, 81920 MiB
2026/04/14 16:19:19.299, 0 %, 0 MiB, 81920 MiB
2026/04/14 16:19:24.300, 0 %, 527 MiB, 81920 MiB
2026/04/14 16:19:24.300, 0 %, 0 MiB, 81920 MiB
2026/04/14 16:19:29.301, 6 %, 527 MiB, 81920 MiB
2026/04/14 16:19:29.301, 0 %, 0 MiB, 81920 MiB
2026/04/14 16:19:34.302, 7 %, 527 MiB, 81920 MiB
2026/04/14 16:19:34.302, 0 %, 0 MiB, 81920 MiB
2026/04/14 16:19:39.302, 18 %, 527 MiB, 81920 MiB
2026/04/14 16:19:39.303, 0 %, 0 MiB, 81920 MiB
2026/04/14 16:19:44.303, 17 %, 527 MiB, 81920 MiB
2026/04/14 16:19:44.304, 0 %, 0 MiB, 81920 MiB
2026/04/14 16:19:49.304, 16 %, 527 MiB, 81920 MiB
2026/04/14 16:19:49.304, 0 %, 0 MiB, 81920 MiB
2026/04/14 16:19:54.305, 0 %, 527 MiB, 81920 MiB
2026/04/14 16:19:54.305, 0 %, 0 MiB, 81920 MiB
2026/04/14 16:19:59.306, 0 %, 527 MiB, 81920 MiB
2026/04/14 16:19:59.306, 0 %, 0 MiB, 81920 MiB
2026/04/14 16:20:04.307, 12 %, 527 MiB, 81920 MiB
2026/04/14 16:20:04.307, 0 %, 0 MiB, 81920 MiB
2026/04/14 16:20:09.308, 14 %, 527 MiB, 81920 MiB
2026/04/14 16:20:09.308, 0 %, 0 MiB, 81920 MiB
2026/04/14 16:20:14.309, 9 %, 527 MiB, 81920 MiB
2026/04/14 16:20:14.309, 0 %, 0 MiB, 81920 MiB
2026/04/14 16:20:19.310, 8 %, 527 MiB, 81920 MiB
2026/04/14 16:20:19.310, 0 %, 0 MiB, 81920 MiB
2026/04/14 16:20:24.310, 0 %, 527 MiB, 81920 MiB
2026/04/14 16:20:24.311, 0 %, 0 MiB, 81920 MiB
2026/04/14 16:20:29.311, 18 %, 527 MiB, 81920 MiB
2026/04/14 16:20:29.312, 0 %, 0 MiB, 81920 MiB
2026/04/14 16:20:34.312, 0 %, 527 MiB, 81920 MiB
2026/04/14 16:20:34.312, 0 %, 0 MiB, 81920 MiB
2026/04/14 16:20:39.313, 0 %, 527 MiB, 81920 MiB
2026/04/14 16:20:39.313, 0 %, 0 MiB, 81920 MiB
2026/04/14 16:20:44.314, 0 %, 527 MiB, 81920 MiB
2026/04/14 16:20:44.314, 0 %, 0 MiB, 81920 MiB
2026/04/14 16:20:49.315, 0 %, 527 MiB, 81920 MiB
2026/04/14 16:20:49.315, 0 %, 0 MiB, 81920 MiB
2026/04/14 16:20:54.316, 0 %, 527 MiB, 81920 MiB
2026/04/14 16:20:54.316, 0 %, 0 MiB, 81920 MiB
2026/04/14 16:20:59.317, 0 %, 527 MiB, 81920 MiB
2026/04/14 16:20:59.317, 0 %, 0 MiB, 81920 MiB
2026/04/14 16:21:04.318, 0 %, 527 MiB, 81920 MiB
2026/04/14 16:21:04.318, 0 %, 0 MiB, 81920 MiB
2026/04/14 16:21:09.318, 0 %, 527 MiB, 81920 MiB
2026/04/14 16:21:09.318, 0 %, 0 MiB, 81920 MiB
2026/04/14 16:21:14.319, 0 %, 527 MiB, 81920 MiB
2026/04/14 16:21:14.319, 0 %, 0 MiB, 81920 MiB
2026/04/14 16:21:19.320, 0 %, 527 MiB, 81920 MiB
2026/04/14 16:21:19.320, 0 %, 0 MiB, 81920 MiB
2026/04/14 16:21:24.321, 0 %, 527 MiB, 81920 MiB
2026/04/14 16:21:24.321, 0 %, 0 MiB, 81920 MiB
2026/04/14 16:21:29.322, 0 %, 527 MiB, 81920 MiB
2026/04/14 16:21:29.322, 0 %, 0 MiB, 81920 MiB
2026/04/14 16:21:34.323, 0 %, 527 MiB, 81920 MiB
2026/04/14 16:21:34.323, 0 %, 0 MiB, 81920 MiB
2026/04/14 16:21:39.324, 5 %, 527 MiB, 81920 MiB
2026/04/14 16:21:39.324, 0 %, 0 MiB, 81920 MiB
2026/04/14 16:21:44.324, 7 %, 527 MiB, 81920 MiB
2026/04/14 16:21:44.325, 0 %, 0 MiB, 81920 MiB
2026/04/14 16:21:49.325, 2 %, 527 MiB, 81920 MiB
2026/04/14 16:21:49.325, 0 %, 0 MiB, 81920 MiB
2026/04/14 16:21:54.326, 15 %, 527 MiB, 81920 MiB
2026/04/14 16:21:54.326, 0 %, 0 MiB, 81920 MiB
2026/04/14 16:21:59.327, 1 %, 527 MiB, 81920 MiB
2026/04/14 16:21:59.327, 0 %, 0 MiB, 81920 MiB
2026/04/14 16:22:04.328, 19 %, 527 MiB, 81920 MiB
2026/04/14 16:22:04.328, 0 %, 0 MiB, 81920 MiB
2026/04/14 16:22:09.329, 5 %, 527 MiB, 81920 MiB
2026/04/14 16:22:09.329, 0 %, 0 MiB, 81920 MiB
2026/04/14 16:22:14.330, 2 %, 527 MiB, 81920 MiB
2026/04/14 16:22:14.330, 0 %, 0 MiB, 81920 MiB
2026/04/14 16:22:19.331, 0 %, 527 MiB, 81920 MiB
2026/04/14 16:22:19.331, 0 %, 0 MiB, 81920 MiB
2026/04/14 16:22:24.332, 0 %, 527 MiB, 81920 MiB
2026/04/14 16:22:24.332, 0 %, 0 MiB, 81920 MiB
2026/04/14 16:22:29.332, 0 %, 527 MiB, 81920 MiB
2026/04/14 16:22:29.333, 0 %, 0 MiB, 81920 MiB
2026/04/14 16:22:34.333, 0 %, 527 MiB, 81920 MiB
2026/04/14 16:22:34.333, 0 %, 0 MiB, 81920 MiB
2026/04/14 16:22:39.334, 0 %, 527 MiB, 81920 MiB
2026/04/14 16:22:39.334, 0 %, 0 MiB, 81920 MiB
2026/04/14 16:22:44.335, 0 %, 527 MiB, 81920 MiB
2026/04/14 16:22:44.335, 0 %, 0 MiB, 81920 MiB
2026/04/14 16:22:49.336, 0 %, 527 MiB, 81920 MiB
2026/04/14 16:22:49.336, 0 %, 0 MiB, 81920 MiB
2026/04/14 16:22:54.337, 0 %, 527 MiB, 81920 MiB
2026/04/14 16:22:54.337, 0 %, 0 MiB, 81920 MiB
2026/04/14 16:22:59.338, 0 %, 527 MiB, 81920 MiB
2026/04/14 16:22:59.338, 0 %, 0 MiB, 81920 MiB
2026/04/14 16:23:04.339, 0 %, 527 MiB, 81920 MiB
2026/04/14 16:23:04.339, 0 %, 0 MiB, 81920 MiB
2026/04/14 16:23:09.340, 0 %, 527 MiB, 81920 MiB
2026/04/14 16:23:09.340, 0 %, 0 MiB, 81920 MiB
2026/04/14 16:23:14.341, 0 %, 527 MiB, 81920 MiB
2026/04/14 16:23:14.341, 0 %, 0 MiB, 81920 MiB
2026/04/14 16:23:19.342, 0 %, 527 MiB, 81920 MiB
2026/04/14 16:23:19.342, 0 %, 0 MiB, 81920 MiB
2026/04/14 16:23:24.343, 0 %, 527 MiB, 81920 MiB
2026/04/14 16:23:24.343, 0 %, 0 MiB, 81920 MiB
2026/04/14 16:23:29.344, 0 %, 527 MiB, 81920 MiB
2026/04/14 16:23:29.344, 0 %, 0 MiB, 81920 MiB
2026/04/14 16:23:34.345, 10 %, 527 MiB, 81920 MiB
2026/04/14 16:23:34.345, 0 %, 0 MiB, 81920 MiB
2026/04/14 16:23:39.346, 11 %, 527 MiB, 81920 MiB
2026/04/14 16:23:39.346, 0 %, 0 MiB, 81920 MiB
2026/04/14 16:23:44.346, 12 %, 527 MiB, 81920 MiB
2026/04/14 16:23:44.347, 0 %, 0 MiB, 81920 MiB
2026/04/14 16:23:49.347, 10 %, 527 MiB, 81920 MiB
2026/04/14 16:23:49.348, 0 %, 0 MiB, 81920 MiB
2026/04/14 16:23:54.348, 0 %, 527 MiB, 81920 MiB
2026/04/14 16:23:54.349, 0 %, 0 MiB, 81920 MiB
2026/04/14 16:23:59.349, 0 %, 527 MiB, 81920 MiB
2026/04/14 16:23:59.350, 0 %, 0 MiB, 81920 MiB
2026/04/14 16:24:04.350, 0 %, 527 MiB, 81920 MiB
2026/04/14 16:24:04.350, 0 %, 0 MiB, 81920 MiB
2026/04/14 16:24:09.351, 0 %, 527 MiB, 81920 MiB
2026/04/14 16:24:09.351, 0 %, 0 MiB, 81920 MiB
2026/04/14 16:24:14.352, 0 %, 527 MiB, 81920 MiB
2026/04/14 16:24:14.352, 0 %, 0 MiB, 81920 MiB
2026/04/14 16:24:19.353, 0 %, 527 MiB, 81920 MiB
2026/04/14 16:24:19.353, 0 %, 0 MiB, 81920 MiB
2026/04/14 16:24:24.354, 0 %, 527 MiB, 81920 MiB
2026/04/14 16:24:24.354, 0 %, 0 MiB, 81920 MiB
2026/04/14 16:24:29.355, 0 %, 527 MiB, 81920 MiB
2026/04/14 16:24:29.355, 0 %, 0 MiB, 81920 MiB
2026/04/14 16:24:34.356, 0 %, 527 MiB, 81920 MiB
2026/04/14 16:24:34.356, 0 %, 0 MiB, 81920 MiB
2026/04/14 16:24:39.357, 0 %, 527 MiB, 81920 MiB
2026/04/14 16:24:39.357, 0 %, 0 MiB, 81920 MiB
2026/04/14 16:24:44.358, 0 %, 527 MiB, 81920 MiB
2026/04/14 16:24:44.358, 0 %, 0 MiB, 81920 MiB
2026/04/14 16:24:49.359, 0 %, 527 MiB, 81920 MiB
2026/04/14 16:24:49.359, 0 %, 0 MiB, 81920 MiB
2026/04/14 16:24:54.360, 0 %, 527 MiB, 81920 MiB
2026/04/14 16:24:54.360, 0 %, 0 MiB, 81920 MiB
2026/04/14 16:24:59.361, 0 %, 527 MiB, 81920 MiB
2026/04/14 16:24:59.361, 0 %, 0 MiB, 81920 MiB
2026/04/14 16:25:04.361, 0 %, 527 MiB, 81920 MiB
2026/04/14 16:25:04.362, 0 %, 0 MiB, 81920 MiB
2026/04/14 16:25:09.362, 0 %, 527 MiB, 81920 MiB
2026/04/14 16:25:09.363, 0 %, 0 MiB, 81920 MiB
2026/04/14 16:25:14.363, 0 %, 527 MiB, 81920 MiB
2026/04/14 16:25:14.363, 0 %, 0 MiB, 81920 MiB
2026/04/14 16:25:19.364, 0 %, 527 MiB, 81920 MiB
2026/04/14 16:25:19.364, 0 %, 0 MiB, 81920 MiB
2026/04/14 16:25:24.365, 0 %, 527 MiB, 81920 MiB
2026/04/14 16:25:24.365, 0 %, 0 MiB, 81920 MiB
2026/04/14 16:25:29.366, 0 %, 527 MiB, 81920 MiB
2026/04/14 16:25:29.366, 0 %, 0 MiB, 81920 MiB
2026/04/14 16:25:34.367, 0 %, 527 MiB, 81920 MiB
2026/04/14 16:25:34.367, 0 %, 0 MiB, 81920 MiB
2026/04/14 16:25:39.368, 0 %, 527 MiB, 81920 MiB
2026/04/14 16:25:39.368, 0 %, 0 MiB, 81920 MiB
2026/04/14 16:25:44.369, 0 %, 527 MiB, 81920 MiB
2026/04/14 16:25:44.369, 0 %, 0 MiB, 81920 MiB
2026/04/14 16:25:49.370, 0 %, 527 MiB, 81920 MiB
2026/04/14 16:25:49.370, 0 %, 0 MiB, 81920 MiB
2026/04/14 16:25:54.371, 0 %, 527 MiB, 81920 MiB
2026/04/14 16:25:54.371, 0 %, 0 MiB, 81920 MiB
2026/04/14 16:25:59.372, 0 %, 527 MiB, 81920 MiB
2026/04/14 16:25:59.372, 0 %, 0 MiB, 81920 MiB
2026/04/14 16:26:04.373, 0 %, 527 MiB, 81920 MiB
2026/04/14 16:26:04.373, 0 %, 0 MiB, 81920 MiB
2026/04/14 16:26:09.374, 0 %, 527 MiB, 81920 MiB
2026/04/14 16:26:09.374, 0 %, 0 MiB, 81920 MiB
2026/04/14 16:26:14.375, 0 %, 527 MiB, 81920 MiB
2026/04/14 16:26:14.375, 0 %, 0 MiB, 81920 MiB
2026/04/14 16:26:19.376, 0 %, 527 MiB, 81920 MiB
2026/04/14 16:26:19.376, 0 %, 0 MiB, 81920 MiB
2026/04/14 16:26:24.377, 0 %, 527 MiB, 81920 MiB
2026/04/14 16:26:24.377, 0 %, 0 MiB, 81920 MiB
2026/04/14 16:26:29.377, 0 %, 527 MiB, 81920 MiB
2026/04/14 16:26:29.378, 0 %, 0 MiB, 81920 MiB
2026/04/14 16:26:34.378, 0 %, 527 MiB, 81920 MiB
2026/04/14 16:26:34.379, 0 %, 0 MiB, 81920 MiB
2026/04/14 16:26:39.379, 0 %, 527 MiB, 81920 MiB
2026/04/14 16:26:39.379, 0 %, 0 MiB, 81920 MiB
2026/04/14 16:26:44.380, 0 %, 527 MiB, 81920 MiB
2026/04/14 16:26:44.380, 0 %, 0 MiB, 81920 MiB
2026/04/14 16:26:49.390, 0 %, 493 MiB, 81920 MiB
2026/04/14 16:26:49.390, 0 %, 0 MiB, 81920 MiB
2026/04/14 16:26:54.390, 0 %, 493 MiB, 81920 MiB
2026/04/14 16:26:54.390, 0 %, 0 MiB, 81920 MiB
2026/04/14 16:26:59.391, 0 %, 493 MiB, 81920 MiB
2026/04/14 16:26:59.391, 0 %, 0 MiB, 81920 MiB
2026/04/14 16:27:04.392, 0 %, 493 MiB, 81920 MiB
2026/04/14 16:27:04.392, 0 %, 0 MiB, 81920 MiB
2026/04/14 16:27:09.414, 0 %, 493 MiB, 81920 MiB
2026/04/14 16:27:09.414, 0 %, 0 MiB, 81920 MiB
2026/04/14 16:27:14.415, 0 %, 493 MiB, 81920 MiB
2026/04/14 16:27:14.415, 0 %, 0 MiB, 81920 MiB
2026/04/14 16:27:19.416, 0 %, 493 MiB, 81920 MiB
2026/04/14 16:27:19.416, 0 %, 0 MiB, 81920 MiB
2026/04/14 16:27:24.417, 0 %, 493 MiB, 81920 MiB
2026/04/14 16:27:24.417, 0 %, 0 MiB, 81920 MiB
2026/04/14 16:27:29.418, 0 %, 493 MiB, 81920 MiB
2026/04/14 16:27:29.418, 0 %, 0 MiB, 81920 MiB
2026/04/14 16:27:34.418, 0 %, 493 MiB, 81920 MiB
2026/04/14 16:27:34.418, 0 %, 0 MiB, 81920 MiB
2026/04/14 16:27:39.419, 0 %, 493 MiB, 81920 MiB
2026/04/14 16:27:39.419, 0 %, 0 MiB, 81920 MiB
2026/04/14 16:27:44.420, 0 %, 493 MiB, 81920 MiB
2026/04/14 16:27:44.420, 0 %, 0 MiB, 81920 MiB
2026/04/14 16:27:49.421, 0 %, 493 MiB, 81920 MiB
2026/04/14 16:27:49.421, 0 %, 0 MiB, 81920 MiB
2026/04/14 16:27:54.422, 0 %, 493 MiB, 81920 MiB
2026/04/14 16:27:54.422, 0 %, 0 MiB, 81920 MiB
2026/04/14 16:27:59.423, 0 %, 493 MiB, 81920 MiB
2026/04/14 16:27:59.423, 0 %, 0 MiB, 81920 MiB
2026/04/14 16:28:04.424, 0 %, 493 MiB, 81920 MiB
2026/04/14 16:28:04.424, 0 %, 0 MiB, 81920 MiB
2026/04/14 16:28:09.424, 0 %, 493 MiB, 81920 MiB
2026/04/14 16:28:09.424, 0 %, 0 MiB, 81920 MiB
2026/04/14 16:28:14.425, 0 %, 493 MiB, 81920 MiB
2026/04/14 16:28:14.425, 0 %, 0 MiB, 81920 MiB
2026/04/14 16:28:19.494, 0 %, 493 MiB, 81920 MiB
2026/04/14 16:28:19.494, 0 %, 0 MiB, 81920 MiB
2026/04/14 16:28:24.494, 0 %, 493 MiB, 81920 MiB
2026/04/14 16:28:24.495, 0 %, 0 MiB, 81920 MiB
2026/04/14 16:28:29.495, 0 %, 493 MiB, 81920 MiB
2026/04/14 16:28:29.496, 0 %, 0 MiB, 81920 MiB
2026/04/14 16:28:34.496, 0 %, 493 MiB, 81920 MiB
2026/04/14 16:28:34.497, 0 %, 0 MiB, 81920 MiB
2026/04/14 16:28:39.497, 0 %, 493 MiB, 81920 MiB
2026/04/14 16:28:39.497, 0 %, 0 MiB, 81920 MiB
2026/04/14 16:28:44.498, 0 %, 493 MiB, 81920 MiB
2026/04/14 16:28:44.498, 0 %, 0 MiB, 81920 MiB
2026/04/14 16:28:49.499, 0 %, 527 MiB, 81920 MiB
2026/04/14 16:28:49.499, 0 %, 0 MiB, 81920 MiB
2026/04/14 16:28:54.500, 0 %, 527 MiB, 81920 MiB
2026/04/14 16:28:54.500, 0 %, 0 MiB, 81920 MiB
2026/04/14 16:28:59.501, 0 %, 527 MiB, 81920 MiB
2026/04/14 16:28:59.501, 0 %, 0 MiB, 81920 MiB
2026/04/14 16:29:04.502, 0 %, 527 MiB, 81920 MiB
2026/04/14 16:29:04.502, 0 %, 0 MiB, 81920 MiB
2026/04/14 16:29:09.503, 0 %, 527 MiB, 81920 MiB
2026/04/14 16:29:09.503, 0 %, 0 MiB, 81920 MiB
2026/04/14 16:29:14.504, 0 %, 527 MiB, 81920 MiB
2026/04/14 16:29:14.504, 0 %, 0 MiB, 81920 MiB
2026/04/14 16:29:19.504, 0 %, 527 MiB, 81920 MiB
2026/04/14 16:29:19.505, 0 %, 0 MiB, 81920 MiB
2026/04/14 16:29:24.505, 7 %, 527 MiB, 81920 MiB
2026/04/14 16:29:24.505, 0 %, 0 MiB, 81920 MiB
2026/04/14 16:29:29.506, 0 %, 527 MiB, 81920 MiB
2026/04/14 16:29:29.506, 0 %, 0 MiB, 81920 MiB
2026/04/14 16:29:34.507, 5 %, 527 MiB, 81920 MiB
2026/04/14 16:29:34.507, 0 %, 0 MiB, 81920 MiB
2026/04/14 16:29:39.508, 8 %, 527 MiB, 81920 MiB
2026/04/14 16:29:39.508, 0 %, 0 MiB, 81920 MiB
2026/04/14 16:29:44.509, 14 %, 527 MiB, 81920 MiB
2026/04/14 16:29:44.509, 0 %, 0 MiB, 81920 MiB
2026/04/14 16:29:49.509, 12 %, 527 MiB, 81920 MiB
2026/04/14 16:29:49.509, 0 %, 0 MiB, 81920 MiB
2026/04/14 16:29:54.510, 0 %, 527 MiB, 81920 MiB
2026/04/14 16:29:54.510, 0 %, 0 MiB, 81920 MiB
2026/04/14 16:29:59.511, 13 %, 527 MiB, 81920 MiB
2026/04/14 16:29:59.511, 0 %, 0 MiB, 81920 MiB
2026/04/14 16:30:04.512, 0 %, 527 MiB, 81920 MiB
2026/04/14 16:30:04.512, 0 %, 0 MiB, 81920 MiB
2026/04/14 16:30:09.513, 0 %, 527 MiB, 81920 MiB
2026/04/14 16:30:09.513, 0 %, 0 MiB, 81920 MiB
2026/04/14 16:30:14.514, 0 %, 527 MiB, 81920 MiB
2026/04/14 16:30:14.514, 0 %, 0 MiB, 81920 MiB
2026/04/14 16:30:19.514, 0 %, 527 MiB, 81920 MiB
2026/04/14 16:30:19.514, 0 %, 0 MiB, 81920 MiB
2026/04/14 16:30:24.515, 0 %, 527 MiB, 81920 MiB
2026/04/14 16:30:24.515, 0 %, 0 MiB, 81920 MiB
2026/04/14 16:30:29.516, 0 %, 527 MiB, 81920 MiB
2026/04/14 16:30:29.516, 0 %, 0 MiB, 81920 MiB
2026/04/14 16:30:34.517, 0 %, 527 MiB, 81920 MiB
2026/04/14 16:30:34.517, 0 %, 0 MiB, 81920 MiB
2026/04/14 16:30:39.517, 0 %, 527 MiB, 81920 MiB
2026/04/14 16:30:39.518, 0 %, 0 MiB, 81920 MiB
2026/04/14 16:30:44.518, 0 %, 527 MiB, 81920 MiB
2026/04/14 16:30:44.518, 0 %, 0 MiB, 81920 MiB
2026/04/14 16:30:49.519, 0 %, 527 MiB, 81920 MiB
2026/04/14 16:30:49.519, 0 %, 0 MiB, 81920 MiB
2026/04/14 16:30:54.520, 0 %, 527 MiB, 81920 MiB
2026/04/14 16:30:54.520, 0 %, 0 MiB, 81920 MiB
2026/04/14 16:30:59.521, 0 %, 527 MiB, 81920 MiB
2026/04/14 16:30:59.521, 0 %, 0 MiB, 81920 MiB
2026/04/14 16:31:04.522, 14 %, 527 MiB, 81920 MiB
2026/04/14 16:31:04.522, 0 %, 0 MiB, 81920 MiB
2026/04/14 16:31:09.522, 16 %, 527 MiB, 81920 MiB
2026/04/14 16:31:09.523, 0 %, 0 MiB, 81920 MiB
2026/04/14 16:31:14.523, 11 %, 527 MiB, 81920 MiB
2026/04/14 16:31:14.523, 0 %, 0 MiB, 81920 MiB
2026/04/14 16:31:19.524, 7 %, 527 MiB, 81920 MiB
2026/04/14 16:31:19.524, 0 %, 0 MiB, 81920 MiB
2026/04/14 16:31:24.525, 0 %, 527 MiB, 81920 MiB
2026/04/14 16:31:24.525, 0 %, 0 MiB, 81920 MiB
2026/04/14 16:31:29.526, 9 %, 527 MiB, 81920 MiB
2026/04/14 16:31:29.526, 0 %, 0 MiB, 81920 MiB
2026/04/14 16:31:34.527, 0 %, 527 MiB, 81920 MiB
2026/04/14 16:31:34.527, 0 %, 0 MiB, 81920 MiB
2026/04/14 16:31:39.528, 0 %, 527 MiB, 81920 MiB
2026/04/14 16:31:39.528, 0 %, 0 MiB, 81920 MiB
2026/04/14 16:31:44.529, 0 %, 527 MiB, 81920 MiB
2026/04/14 16:31:44.529, 0 %, 0 MiB, 81920 MiB
2026/04/14 16:31:49.529, 0 %, 527 MiB, 81920 MiB
2026/04/14 16:31:49.529, 0 %, 0 MiB, 81920 MiB
2026/04/14 16:31:54.530, 0 %, 527 MiB, 81920 MiB
2026/04/14 16:31:54.530, 0 %, 0 MiB, 81920 MiB
2026/04/14 16:31:59.531, 0 %, 527 MiB, 81920 MiB
2026/04/14 16:31:59.531, 0 %, 0 MiB, 81920 MiB
2026/04/14 16:32:04.532, 0 %, 527 MiB, 81920 MiB
2026/04/14 16:32:04.532, 0 %, 0 MiB, 81920 MiB
2026/04/14 16:32:09.533, 0 %, 527 MiB, 81920 MiB
2026/04/14 16:32:09.533, 0 %, 0 MiB, 81920 MiB
2026/04/14 16:32:14.534, 0 %, 527 MiB, 81920 MiB
2026/04/14 16:32:14.534, 0 %, 0 MiB, 81920 MiB
2026/04/14 16:32:19.535, 0 %, 527 MiB, 81920 MiB
2026/04/14 16:32:19.535, 0 %, 0 MiB, 81920 MiB
2026/04/14 16:32:24.535, 0 %, 527 MiB, 81920 MiB
2026/04/14 16:32:24.536, 0 %, 0 MiB, 81920 MiB
2026/04/14 16:32:29.536, 0 %, 527 MiB, 81920 MiB
2026/04/14 16:32:29.536, 0 %, 0 MiB, 81920 MiB
2026/04/14 16:32:34.537, 1 %, 527 MiB, 81920 MiB
2026/04/14 16:32:34.537, 0 %, 0 MiB, 81920 MiB
2026/04/14 16:32:39.538, 18 %, 527 MiB, 81920 MiB
2026/04/14 16:32:39.538, 0 %, 0 MiB, 81920 MiB
2026/04/14 16:32:44.539, 18 %, 527 MiB, 81920 MiB
2026/04/14 16:32:44.539, 0 %, 0 MiB, 81920 MiB
2026/04/14 16:32:49.540, 14 %, 527 MiB, 81920 MiB
2026/04/14 16:32:49.540, 0 %, 0 MiB, 81920 MiB
2026/04/14 16:32:54.541, 17 %, 527 MiB, 81920 MiB
2026/04/14 16:32:54.541, 0 %, 0 MiB, 81920 MiB
2026/04/14 16:32:59.542, 7 %, 527 MiB, 81920 MiB
2026/04/14 16:32:59.542, 0 %, 0 MiB, 81920 MiB
2026/04/14 16:33:04.542, 5 %, 527 MiB, 81920 MiB
2026/04/14 16:33:04.543, 0 %, 0 MiB, 81920 MiB
2026/04/14 16:33:09.543, 0 %, 527 MiB, 81920 MiB
2026/04/14 16:33:09.543, 0 %, 0 MiB, 81920 MiB
2026/04/14 16:33:14.544, 0 %, 527 MiB, 81920 MiB
2026/04/14 16:33:14.544, 0 %, 0 MiB, 81920 MiB
2026/04/14 16:33:19.545, 0 %, 527 MiB, 81920 MiB
2026/04/14 16:33:19.545, 0 %, 0 MiB, 81920 MiB
2026/04/14 16:33:24.546, 0 %, 527 MiB, 81920 MiB
2026/04/14 16:33:24.546, 0 %, 0 MiB, 81920 MiB
2026/04/14 16:33:29.547, 0 %, 527 MiB, 81920 MiB
2026/04/14 16:33:29.547, 0 %, 0 MiB, 81920 MiB
2026/04/14 16:33:34.548, 0 %, 527 MiB, 81920 MiB
2026/04/14 16:33:34.548, 0 %, 0 MiB, 81920 MiB
2026/04/14 16:33:39.549, 0 %, 527 MiB, 81920 MiB
2026/04/14 16:33:39.549, 0 %, 0 MiB, 81920 MiB
2026/04/14 16:33:44.550, 0 %, 527 MiB, 81920 MiB
2026/04/14 16:33:44.550, 0 %, 0 MiB, 81920 MiB
2026/04/14 16:33:49.551, 0 %, 527 MiB, 81920 MiB
2026/04/14 16:33:49.551, 0 %, 0 MiB, 81920 MiB
2026/04/14 16:33:54.551, 0 %, 527 MiB, 81920 MiB
2026/04/14 16:33:54.552, 0 %, 0 MiB, 81920 MiB
2026/04/14 16:33:59.552, 0 %, 527 MiB, 81920 MiB
2026/04/14 16:33:59.552, 0 %, 0 MiB, 81920 MiB
2026/04/14 16:34:04.553, 0 %, 527 MiB, 81920 MiB
2026/04/14 16:34:04.553, 0 %, 0 MiB, 81920 MiB
2026/04/14 16:34:09.554, 0 %, 527 MiB, 81920 MiB
2026/04/14 16:34:09.554, 0 %, 0 MiB, 81920 MiB
2026/04/14 16:34:14.555, 0 %, 527 MiB, 81920 MiB
2026/04/14 16:34:14.555, 0 %, 0 MiB, 81920 MiB
2026/04/14 16:34:19.556, 0 %, 527 MiB, 81920 MiB
2026/04/14 16:34:19.556, 0 %, 0 MiB, 81920 MiB
2026/04/14 16:34:24.557, 11 %, 527 MiB, 81920 MiB
2026/04/14 16:34:24.557, 0 %, 0 MiB, 81920 MiB
2026/04/14 16:34:29.558, 13 %, 527 MiB, 81920 MiB
2026/04/14 16:34:29.558, 0 %, 0 MiB, 81920 MiB
2026/04/14 16:34:34.559, 11 %, 527 MiB, 81920 MiB
2026/04/14 16:34:34.559, 0 %, 0 MiB, 81920 MiB
2026/04/14 16:34:39.560, 10 %, 527 MiB, 81920 MiB
2026/04/14 16:34:39.560, 0 %, 0 MiB, 81920 MiB
2026/04/14 16:34:44.561, 0 %, 527 MiB, 81920 MiB
2026/04/14 16:34:44.561, 0 %, 0 MiB, 81920 MiB
2026/04/14 16:34:49.561, 0 %, 527 MiB, 81920 MiB
2026/04/14 16:34:49.562, 0 %, 0 MiB, 81920 MiB
2026/04/14 16:34:54.562, 0 %, 527 MiB, 81920 MiB
2026/04/14 16:34:54.562, 0 %, 0 MiB, 81920 MiB
2026/04/14 16:34:59.563, 0 %, 527 MiB, 81920 MiB
2026/04/14 16:34:59.563, 0 %, 0 MiB, 81920 MiB
2026/04/14 16:35:04.564, 0 %, 527 MiB, 81920 MiB
2026/04/14 16:35:04.564, 0 %, 0 MiB, 81920 MiB
2026/04/14 16:35:09.565, 0 %, 527 MiB, 81920 MiB
2026/04/14 16:35:09.565, 0 %, 0 MiB, 81920 MiB
2026/04/14 16:35:14.566, 0 %, 527 MiB, 81920 MiB
2026/04/14 16:35:14.566, 0 %, 0 MiB, 81920 MiB
2026/04/14 16:35:19.567, 0 %, 527 MiB, 81920 MiB
2026/04/14 16:35:19.567, 0 %, 0 MiB, 81920 MiB
2026/04/14 16:35:24.567, 0 %, 527 MiB, 81920 MiB
2026/04/14 16:35:24.568, 0 %, 0 MiB, 81920 MiB
2026/04/14 16:35:29.568, 0 %, 527 MiB, 81920 MiB
2026/04/14 16:35:29.568, 0 %, 0 MiB, 81920 MiB
2026/04/14 16:35:34.569, 0 %, 527 MiB, 81920 MiB
2026/04/14 16:35:34.569, 0 %, 0 MiB, 81920 MiB
2026/04/14 16:35:39.570, 0 %, 527 MiB, 81920 MiB
2026/04/14 16:35:39.570, 0 %, 0 MiB, 81920 MiB
2026/04/14 16:35:44.571, 0 %, 527 MiB, 81920 MiB
2026/04/14 16:35:44.571, 0 %, 0 MiB, 81920 MiB
2026/04/14 16:35:49.572, 0 %, 527 MiB, 81920 MiB
2026/04/14 16:35:49.572, 0 %, 0 MiB, 81920 MiB
2026/04/14 16:35:54.573, 0 %, 527 MiB, 81920 MiB
2026/04/14 16:35:54.573, 0 %, 0 MiB, 81920 MiB
2026/04/14 16:35:59.574, 8 %, 527 MiB, 81920 MiB
2026/04/14 16:35:59.574, 0 %, 0 MiB, 81920 MiB
2026/04/14 16:36:04.575, 9 %, 527 MiB, 81920 MiB
2026/04/14 16:36:04.575, 0 %, 0 MiB, 81920 MiB
2026/04/14 16:36:09.576, 14 %, 527 MiB, 81920 MiB
2026/04/14 16:36:09.576, 0 %, 0 MiB, 81920 MiB
2026/04/14 16:36:14.577, 6 %, 527 MiB, 81920 MiB
2026/04/14 16:36:14.577, 0 %, 0 MiB, 81920 MiB
2026/04/14 16:36:19.578, 17 %, 527 MiB, 81920 MiB
2026/04/14 16:36:19.578, 0 %, 0 MiB, 81920 MiB
2026/04/14 16:36:24.578, 15 %, 527 MiB, 81920 MiB
2026/04/14 16:36:24.579, 0 %, 0 MiB, 81920 MiB
2026/04/14 16:36:29.579, 0 %, 527 MiB, 81920 MiB
2026/04/14 16:36:29.579, 0 %, 0 MiB, 81920 MiB
2026/04/14 16:36:34.580, 0 %, 527 MiB, 81920 MiB
2026/04/14 16:36:34.580, 0 %, 0 MiB, 81920 MiB
2026/04/14 16:36:39.581, 0 %, 527 MiB, 81920 MiB
2026/04/14 16:36:39.581, 0 %, 0 MiB, 81920 MiB
2026/04/14 16:36:44.582, 0 %, 527 MiB, 81920 MiB
2026/04/14 16:36:44.582, 0 %, 0 MiB, 81920 MiB
2026/04/14 16:36:49.583, 0 %, 527 MiB, 81920 MiB
2026/04/14 16:36:49.583, 0 %, 0 MiB, 81920 MiB
2026/04/14 16:36:54.583, 0 %, 527 MiB, 81920 MiB
2026/04/14 16:36:54.583, 0 %, 0 MiB, 81920 MiB
2026/04/14 16:36:59.584, 8 %, 527 MiB, 81920 MiB
2026/04/14 16:36:59.584, 0 %, 0 MiB, 81920 MiB
2026/04/14 16:37:04.585, 13 %, 527 MiB, 81920 MiB
2026/04/14 16:37:04.585, 0 %, 0 MiB, 81920 MiB
2026/04/14 16:37:09.586, 19 %, 527 MiB, 81920 MiB
2026/04/14 16:37:09.586, 0 %, 0 MiB, 81920 MiB
2026/04/14 16:37:14.587, 0 %, 527 MiB, 81920 MiB
2026/04/14 16:37:14.587, 0 %, 0 MiB, 81920 MiB
2026/04/14 16:37:19.588, 16 %, 527 MiB, 81920 MiB
2026/04/14 16:37:19.588, 0 %, 0 MiB, 81920 MiB
2026/04/14 16:37:24.589, 17 %, 527 MiB, 81920 MiB
2026/04/14 16:37:24.589, 0 %, 0 MiB, 81920 MiB
2026/04/14 16:37:29.589, 13 %, 527 MiB, 81920 MiB
2026/04/14 16:37:29.590, 0 %, 0 MiB, 81920 MiB
2026/04/14 16:37:34.590, 5 %, 527 MiB, 81920 MiB
2026/04/14 16:37:34.590, 0 %, 0 MiB, 81920 MiB
2026/04/14 16:37:39.591, 0 %, 527 MiB, 81920 MiB
2026/04/14 16:37:39.591, 0 %, 0 MiB, 81920 MiB
2026/04/14 16:37:44.592, 18 %, 527 MiB, 81920 MiB
2026/04/14 16:37:44.592, 0 %, 0 MiB, 81920 MiB
2026/04/14 16:37:49.592, 8 %, 527 MiB, 81920 MiB
2026/04/14 16:37:49.593, 0 %, 0 MiB, 81920 MiB
2026/04/14 16:37:54.593, 7 %, 527 MiB, 81920 MiB
2026/04/14 16:37:54.593, 0 %, 0 MiB, 81920 MiB
2026/04/14 16:37:59.594, 0 %, 527 MiB, 81920 MiB
2026/04/14 16:37:59.594, 0 %, 0 MiB, 81920 MiB
2026/04/14 16:38:04.595, 0 %, 527 MiB, 81920 MiB
2026/04/14 16:38:04.595, 0 %, 0 MiB, 81920 MiB
2026/04/14 16:38:09.596, 0 %, 527 MiB, 81920 MiB
2026/04/14 16:38:09.596, 0 %, 0 MiB, 81920 MiB
2026/04/14 16:38:14.597, 0 %, 527 MiB, 81920 MiB
2026/04/14 16:38:14.597, 0 %, 0 MiB, 81920 MiB
2026/04/14 16:38:19.598, 0 %, 527 MiB, 81920 MiB
2026/04/14 16:38:19.598, 0 %, 0 MiB, 81920 MiB
2026/04/14 16:38:24.598, 0 %, 527 MiB, 81920 MiB
2026/04/14 16:38:24.598, 0 %, 0 MiB, 81920 MiB
2026/04/14 16:38:29.599, 0 %, 527 MiB, 81920 MiB
2026/04/14 16:38:29.599, 0 %, 0 MiB, 81920 MiB
2026/04/14 16:38:34.600, 0 %, 527 MiB, 81920 MiB
2026/04/14 16:38:34.600, 0 %, 0 MiB, 81920 MiB
2026/04/14 16:38:39.601, 0 %, 527 MiB, 81920 MiB
2026/04/14 16:38:39.601, 0 %, 0 MiB, 81920 MiB
2026/04/14 16:38:44.602, 0 %, 527 MiB, 81920 MiB
2026/04/14 16:38:44.602, 0 %, 0 MiB, 81920 MiB
2026/04/14 16:38:49.602, 0 %, 527 MiB, 81920 MiB
2026/04/14 16:38:49.602, 0 %, 0 MiB, 81920 MiB
2026/04/14 16:38:54.603, 0 %, 527 MiB, 81920 MiB
2026/04/14 16:38:54.603, 0 %, 0 MiB, 81920 MiB
2026/04/14 16:38:59.604, 7 %, 527 MiB, 81920 MiB
2026/04/14 16:38:59.604, 0 %, 0 MiB, 81920 MiB
2026/04/14 16:39:04.605, 0 %, 527 MiB, 81920 MiB
2026/04/14 16:39:04.605, 0 %, 0 MiB, 81920 MiB
2026/04/14 16:39:09.606, 4 %, 527 MiB, 81920 MiB
2026/04/14 16:39:09.606, 0 %, 0 MiB, 81920 MiB
2026/04/14 16:39:14.606, 5 %, 527 MiB, 81920 MiB
2026/04/14 16:39:14.606, 0 %, 0 MiB, 81920 MiB
2026/04/14 16:39:19.607, 18 %, 527 MiB, 81920 MiB
2026/04/14 16:39:19.607, 0 %, 0 MiB, 81920 MiB
2026/04/14 16:39:24.608, 18 %, 527 MiB, 81920 MiB
2026/04/14 16:39:24.608, 0 %, 0 MiB, 81920 MiB
2026/04/14 16:39:29.609, 1 %, 527 MiB, 81920 MiB
2026/04/14 16:39:29.609, 0 %, 0 MiB, 81920 MiB
2026/04/14 16:39:34.609, 0 %, 527 MiB, 81920 MiB
2026/04/14 16:39:34.610, 0 %, 0 MiB, 81920 MiB
2026/04/14 16:39:39.610, 3 %, 527 MiB, 81920 MiB
2026/04/14 16:39:39.610, 0 %, 0 MiB, 81920 MiB
2026/04/14 16:39:44.611, 0 %, 527 MiB, 81920 MiB
2026/04/14 16:39:44.611, 0 %, 0 MiB, 81920 MiB
2026/04/14 16:39:49.612, 0 %, 527 MiB, 81920 MiB
2026/04/14 16:39:49.612, 0 %, 0 MiB, 81920 MiB
2026/04/14 16:39:54.613, 0 %, 527 MiB, 81920 MiB
2026/04/14 16:39:54.613, 0 %, 0 MiB, 81920 MiB
2026/04/14 16:39:59.614, 0 %, 527 MiB, 81920 MiB
2026/04/14 16:39:59.614, 0 %, 0 MiB, 81920 MiB
2026/04/14 16:40:04.614, 0 %, 527 MiB, 81920 MiB
2026/04/14 16:40:04.615, 0 %, 0 MiB, 81920 MiB
2026/04/14 16:40:09.615, 0 %, 527 MiB, 81920 MiB
2026/04/14 16:40:09.615, 0 %, 0 MiB, 81920 MiB
2026/04/14 16:40:14.616, 0 %, 527 MiB, 81920 MiB
2026/04/14 16:40:14.616, 0 %, 0 MiB, 81920 MiB
2026/04/14 16:40:19.617, 0 %, 527 MiB, 81920 MiB
2026/04/14 16:40:19.617, 0 %, 0 MiB, 81920 MiB
2026/04/14 16:40:24.618, 0 %, 527 MiB, 81920 MiB
2026/04/14 16:40:24.618, 0 %, 0 MiB, 81920 MiB
2026/04/14 16:40:29.618, 0 %, 527 MiB, 81920 MiB
2026/04/14 16:40:29.618, 0 %, 0 MiB, 81920 MiB
2026/04/14 16:40:34.619, 0 %, 527 MiB, 81920 MiB
2026/04/14 16:40:34.619, 0 %, 0 MiB, 81920 MiB
2026/04/14 16:40:39.620, 0 %, 527 MiB, 81920 MiB
2026/04/14 16:40:39.620, 0 %, 0 MiB, 81920 MiB
2026/04/14 16:40:44.621, 0 %, 527 MiB, 81920 MiB
2026/04/14 16:40:44.621, 0 %, 0 MiB, 81920 MiB
2026/04/14 16:40:49.622, 0 %, 527 MiB, 81920 MiB
2026/04/14 16:40:49.622, 0 %, 0 MiB, 81920 MiB
2026/04/14 16:40:54.622, 0 %, 527 MiB, 81920 MiB
2026/04/14 16:40:54.622, 0 %, 0 MiB, 81920 MiB
2026/04/14 16:40:59.623, 0 %, 527 MiB, 81920 MiB
2026/04/14 16:40:59.623, 0 %, 0 MiB, 81920 MiB
2026/04/14 16:41:04.624, 0 %, 527 MiB, 81920 MiB
2026/04/14 16:41:04.624, 0 %, 0 MiB, 81920 MiB
2026/04/14 16:41:09.625, 0 %, 527 MiB, 81920 MiB
2026/04/14 16:41:09.625, 0 %, 0 MiB, 81920 MiB
2026/04/14 16:41:14.625, 0 %, 527 MiB, 81920 MiB
2026/04/14 16:41:14.625, 0 %, 0 MiB, 81920 MiB
2026/04/14 16:41:19.626, 0 %, 527 MiB, 81920 MiB
2026/04/14 16:41:19.626, 0 %, 0 MiB, 81920 MiB
2026/04/14 16:41:24.627, 0 %, 527 MiB, 81920 MiB
2026/04/14 16:41:24.627, 0 %, 0 MiB, 81920 MiB
2026/04/14 16:41:29.628, 0 %, 527 MiB, 81920 MiB
2026/04/14 16:41:29.628, 0 %, 0 MiB, 81920 MiB
2026/04/14 16:41:34.628, 0 %, 527 MiB, 81920 MiB
2026/04/14 16:41:34.629, 0 %, 0 MiB, 81920 MiB
2026/04/14 16:41:39.629, 0 %, 527 MiB, 81920 MiB
2026/04/14 16:41:39.630, 0 %, 0 MiB, 81920 MiB
2026/04/14 16:41:44.630, 0 %, 527 MiB, 81920 MiB
2026/04/14 16:41:44.630, 0 %, 0 MiB, 81920 MiB
2026/04/14 16:41:49.631, 0 %, 493 MiB, 81920 MiB
2026/04/14 16:41:49.631, 0 %, 0 MiB, 81920 MiB
2026/04/14 16:41:54.632, 0 %, 493 MiB, 81920 MiB
2026/04/14 16:41:54.632, 0 %, 0 MiB, 81920 MiB
2026/04/14 16:41:59.633, 0 %, 493 MiB, 81920 MiB
2026/04/14 16:41:59.633, 0 %, 0 MiB, 81920 MiB
2026/04/14 16:42:04.634, 0 %, 493 MiB, 81920 MiB
2026/04/14 16:42:04.634, 0 %, 0 MiB, 81920 MiB
2026/04/14 16:42:09.635, 0 %, 493 MiB, 81920 MiB
2026/04/14 16:42:09.635, 0 %, 0 MiB, 81920 MiB
2026/04/14 16:42:14.636, 0 %, 493 MiB, 81920 MiB
2026/04/14 16:42:14.636, 0 %, 0 MiB, 81920 MiB
2026/04/14 16:42:19.636, 0 %, 493 MiB, 81920 MiB
2026/04/14 16:42:19.637, 0 %, 0 MiB, 81920 MiB
2026/04/14 16:42:24.637, 0 %, 493 MiB, 81920 MiB
2026/04/14 16:42:24.637, 0 %, 0 MiB, 81920 MiB
2026/04/14 16:42:29.638, 0 %, 493 MiB, 81920 MiB
2026/04/14 16:42:29.638, 0 %, 0 MiB, 81920 MiB
2026/04/14 16:42:34.639, 0 %, 493 MiB, 81920 MiB
2026/04/14 16:42:34.639, 0 %, 0 MiB, 81920 MiB
2026/04/14 16:42:39.639, 0 %, 493 MiB, 81920 MiB
2026/04/14 16:42:39.640, 0 %, 0 MiB, 81920 MiB
2026/04/14 16:42:44.640, 0 %, 493 MiB, 81920 MiB
2026/04/14 16:42:44.641, 0 %, 0 MiB, 81920 MiB
2026/04/14 16:42:49.641, 0 %, 493 MiB, 81920 MiB
2026/04/14 16:42:49.641, 0 %, 0 MiB, 81920 MiB
2026/04/14 16:42:54.642, 0 %, 493 MiB, 81920 MiB
2026/04/14 16:42:54.642, 0 %, 0 MiB, 81920 MiB
2026/04/14 16:42:59.643, 0 %, 493 MiB, 81920 MiB
2026/04/14 16:42:59.643, 0 %, 0 MiB, 81920 MiB
2026/04/14 16:43:04.644, 0 %, 493 MiB, 81920 MiB
2026/04/14 16:43:04.644, 0 %, 0 MiB, 81920 MiB
2026/04/14 16:43:09.645, 0 %, 493 MiB, 81920 MiB
2026/04/14 16:43:09.645, 0 %, 0 MiB, 81920 MiB
2026/04/14 16:43:14.646, 0 %, 493 MiB, 81920 MiB
2026/04/14 16:43:14.646, 0 %, 0 MiB, 81920 MiB
2026/04/14 16:43:19.647, 0 %, 493 MiB, 81920 MiB
2026/04/14 16:43:19.647, 0 %, 0 MiB, 81920 MiB
2026/04/14 16:43:24.647, 0 %, 493 MiB, 81920 MiB
2026/04/14 16:43:24.648, 0 %, 0 MiB, 81920 MiB
2026/04/14 16:43:29.648, 0 %, 493 MiB, 81920 MiB
2026/04/14 16:43:29.648, 0 %, 0 MiB, 81920 MiB
2026/04/14 16:43:34.649, 0 %, 493 MiB, 81920 MiB
2026/04/14 16:43:34.649, 0 %, 0 MiB, 81920 MiB
2026/04/14 16:43:39.650, 0 %, 493 MiB, 81920 MiB
2026/04/14 16:43:39.650, 0 %, 0 MiB, 81920 MiB
2026/04/14 16:43:44.652, 0 %, 493 MiB, 81920 MiB
2026/04/14 16:43:44.652, 0 %, 0 MiB, 81920 MiB
2026/04/14 16:43:49.653, 0 %, 493 MiB, 81920 MiB
2026/04/14 16:43:49.653, 0 %, 0 MiB, 81920 MiB
2026/04/14 16:43:54.654, 9 %, 527 MiB, 81920 MiB
2026/04/14 16:43:54.654, 0 %, 0 MiB, 81920 MiB
2026/04/14 16:43:59.654, 0 %, 527 MiB, 81920 MiB
2026/04/14 16:43:59.655, 0 %, 0 MiB, 81920 MiB
2026/04/14 16:44:04.655, 18 %, 527 MiB, 81920 MiB
2026/04/14 16:44:04.655, 0 %, 0 MiB, 81920 MiB
2026/04/14 16:44:09.656, 8 %, 527 MiB, 81920 MiB
2026/04/14 16:44:09.656, 0 %, 0 MiB, 81920 MiB
2026/04/14 16:44:14.657, 0 %, 527 MiB, 81920 MiB
2026/04/14 16:44:14.657, 0 %, 0 MiB, 81920 MiB
2026/04/14 16:44:19.658, 0 %, 527 MiB, 81920 MiB
2026/04/14 16:44:19.658, 0 %, 0 MiB, 81920 MiB
2026/04/14 16:44:24.659, 0 %, 527 MiB, 81920 MiB
2026/04/14 16:44:24.659, 0 %, 0 MiB, 81920 MiB
2026/04/14 16:44:29.660, 0 %, 527 MiB, 81920 MiB
2026/04/14 16:44:29.660, 0 %, 0 MiB, 81920 MiB
2026/04/14 16:44:34.660, 0 %, 527 MiB, 81920 MiB
2026/04/14 16:44:34.661, 0 %, 0 MiB, 81920 MiB
2026/04/14 16:44:39.661, 0 %, 527 MiB, 81920 MiB
2026/04/14 16:44:39.661, 0 %, 0 MiB, 81920 MiB
2026/04/14 16:44:44.662, 0 %, 527 MiB, 81920 MiB
2026/04/14 16:44:44.662, 0 %, 0 MiB, 81920 MiB
2026/04/14 16:44:49.663, 0 %, 527 MiB, 81920 MiB
2026/04/14 16:44:49.663, 0 %, 0 MiB, 81920 MiB
2026/04/14 16:44:54.664, 0 %, 527 MiB, 81920 MiB
2026/04/14 16:44:54.664, 0 %, 0 MiB, 81920 MiB
2026/04/14 16:44:59.665, 0 %, 527 MiB, 81920 MiB
2026/04/14 16:44:59.665, 0 %, 0 MiB, 81920 MiB
2026/04/14 16:45:04.665, 0 %, 527 MiB, 81920 MiB
2026/04/14 16:45:04.666, 0 %, 0 MiB, 81920 MiB
2026/04/14 16:45:09.666, 0 %, 527 MiB, 81920 MiB
2026/04/14 16:45:09.666, 0 %, 0 MiB, 81920 MiB
2026/04/14 16:45:14.667, 0 %, 527 MiB, 81920 MiB
2026/04/14 16:45:14.667, 0 %, 0 MiB, 81920 MiB
2026/04/14 16:45:19.668, 0 %, 527 MiB, 81920 MiB
2026/04/14 16:45:19.668, 0 %, 0 MiB, 81920 MiB
2026/04/14 16:45:24.669, 0 %, 527 MiB, 81920 MiB
2026/04/14 16:45:24.669, 0 %, 0 MiB, 81920 MiB
2026/04/14 16:45:29.670, 0 %, 527 MiB, 81920 MiB
2026/04/14 16:45:29.670, 0 %, 0 MiB, 81920 MiB
2026/04/14 16:45:34.670, 0 %, 527 MiB, 81920 MiB
2026/04/14 16:45:34.671, 0 %, 0 MiB, 81920 MiB
2026/04/14 16:45:39.671, 9 %, 527 MiB, 81920 MiB
2026/04/14 16:45:39.671, 0 %, 0 MiB, 81920 MiB
2026/04/14 16:45:44.672, 10 %, 527 MiB, 81920 MiB
2026/04/14 16:45:44.672, 0 %, 0 MiB, 81920 MiB
2026/04/14 16:45:49.673, 16 %, 527 MiB, 81920 MiB
2026/04/14 16:45:49.673, 0 %, 0 MiB, 81920 MiB
2026/04/14 16:45:54.674, 15 %, 527 MiB, 81920 MiB
2026/04/14 16:45:54.674, 0 %, 0 MiB, 81920 MiB
2026/04/14 16:45:59.675, 17 %, 527 MiB, 81920 MiB
2026/04/14 16:45:59.675, 0 %, 0 MiB, 81920 MiB
2026/04/14 16:46:04.676, 1 %, 527 MiB, 81920 MiB
2026/04/14 16:46:04.676, 0 %, 0 MiB, 81920 MiB
2026/04/14 16:46:09.676, 0 %, 527 MiB, 81920 MiB
2026/04/14 16:46:09.676, 0 %, 0 MiB, 81920 MiB
2026/04/14 16:46:14.677, 6 %, 527 MiB, 81920 MiB
2026/04/14 16:46:14.677, 0 %, 0 MiB, 81920 MiB
2026/04/14 16:46:19.678, 0 %, 527 MiB, 81920 MiB
2026/04/14 16:46:19.678, 0 %, 0 MiB, 81920 MiB
2026/04/14 16:46:24.679, 0 %, 527 MiB, 81920 MiB
2026/04/14 16:46:24.679, 0 %, 0 MiB, 81920 MiB
2026/04/14 16:46:29.680, 0 %, 527 MiB, 81920 MiB
2026/04/14 16:46:29.680, 0 %, 0 MiB, 81920 MiB
2026/04/14 16:46:34.681, 0 %, 527 MiB, 81920 MiB
2026/04/14 16:46:34.681, 0 %, 0 MiB, 81920 MiB
2026/04/14 16:46:39.681, 0 %, 527 MiB, 81920 MiB
2026/04/14 16:46:39.682, 0 %, 0 MiB, 81920 MiB
2026/04/14 16:46:44.682, 0 %, 527 MiB, 81920 MiB
2026/04/14 16:46:44.682, 0 %, 0 MiB, 81920 MiB
2026/04/14 16:46:49.683, 0 %, 527 MiB, 81920 MiB
2026/04/14 16:46:49.683, 0 %, 0 MiB, 81920 MiB
2026/04/14 16:46:54.684, 0 %, 527 MiB, 81920 MiB
2026/04/14 16:46:54.684, 0 %, 0 MiB, 81920 MiB
2026/04/14 16:46:59.685, 0 %, 527 MiB, 81920 MiB
2026/04/14 16:46:59.685, 0 %, 0 MiB, 81920 MiB
2026/04/14 16:47:04.686, 0 %, 527 MiB, 81920 MiB
2026/04/14 16:47:04.686, 0 %, 0 MiB, 81920 MiB
2026/04/14 16:47:09.686, 0 %, 527 MiB, 81920 MiB
2026/04/14 16:47:09.687, 0 %, 0 MiB, 81920 MiB
2026/04/14 16:47:14.687, 0 %, 527 MiB, 81920 MiB
2026/04/14 16:47:14.687, 0 %, 0 MiB, 81920 MiB
2026/04/14 16:47:19.688, 0 %, 527 MiB, 81920 MiB
2026/04/14 16:47:19.688, 0 %, 0 MiB, 81920 MiB
2026/04/14 16:47:24.689, 0 %, 527 MiB, 81920 MiB
2026/04/14 16:47:24.689, 0 %, 0 MiB, 81920 MiB
2026/04/14 16:47:29.690, 0 %, 527 MiB, 81920 MiB
2026/04/14 16:47:29.690, 0 %, 0 MiB, 81920 MiB
2026/04/14 16:47:34.691, 0 %, 527 MiB, 81920 MiB
2026/04/14 16:47:34.691, 0 %, 0 MiB, 81920 MiB
2026/04/14 16:47:39.691, 0 %, 527 MiB, 81920 MiB
2026/04/14 16:47:39.692, 0 %, 0 MiB, 81920 MiB
2026/04/14 16:47:44.692, 5 %, 527 MiB, 81920 MiB
2026/04/14 16:47:44.692, 0 %, 0 MiB, 81920 MiB
2026/04/14 16:47:49.693, 3 %, 527 MiB, 81920 MiB
2026/04/14 16:47:49.693, 0 %, 0 MiB, 81920 MiB
2026/04/14 16:47:54.694, 16 %, 527 MiB, 81920 MiB
2026/04/14 16:47:54.694, 0 %, 0 MiB, 81920 MiB
2026/04/14 16:47:59.695, 0 %, 527 MiB, 81920 MiB
2026/04/14 16:47:59.695, 0 %, 0 MiB, 81920 MiB
2026/04/14 16:48:04.696, 14 %, 527 MiB, 81920 MiB
2026/04/14 16:48:04.696, 0 %, 0 MiB, 81920 MiB
2026/04/14 16:48:09.697, 16 %, 527 MiB, 81920 MiB
2026/04/14 16:48:09.697, 0 %, 0 MiB, 81920 MiB
2026/04/14 16:48:14.697, 16 %, 527 MiB, 81920 MiB
2026/04/14 16:48:14.698, 0 %, 0 MiB, 81920 MiB
2026/04/14 16:48:19.698, 12 %, 527 MiB, 81920 MiB
2026/04/14 16:48:19.698, 0 %, 0 MiB, 81920 MiB
2026/04/14 16:48:24.699, 15 %, 527 MiB, 81920 MiB
2026/04/14 16:48:24.699, 0 %, 0 MiB, 81920 MiB
2026/04/14 16:48:29.700, 19 %, 527 MiB, 81920 MiB
2026/04/14 16:48:29.700, 0 %, 0 MiB, 81920 MiB
2026/04/14 16:48:34.701, 5 %, 527 MiB, 81920 MiB
2026/04/14 16:48:34.701, 0 %, 0 MiB, 81920 MiB
2026/04/14 16:48:39.702, 9 %, 527 MiB, 81920 MiB
2026/04/14 16:48:39.702, 0 %, 0 MiB, 81920 MiB
2026/04/14 16:48:44.702, 0 %, 527 MiB, 81920 MiB
2026/04/14 16:48:44.702, 0 %, 0 MiB, 81920 MiB
2026/04/14 16:48:49.703, 0 %, 527 MiB, 81920 MiB
2026/04/14 16:48:49.703, 0 %, 0 MiB, 81920 MiB
2026/04/14 16:48:54.704, 6 %, 527 MiB, 81920 MiB
2026/04/14 16:48:54.704, 0 %, 0 MiB, 81920 MiB
2026/04/14 16:48:59.705, 9 %, 527 MiB, 81920 MiB
2026/04/14 16:48:59.705, 0 %, 0 MiB, 81920 MiB
2026/04/14 16:49:04.706, 0 %, 527 MiB, 81920 MiB
2026/04/14 16:49:04.706, 0 %, 0 MiB, 81920 MiB
2026/04/14 16:49:09.707, 1 %, 527 MiB, 81920 MiB
2026/04/14 16:49:09.707, 0 %, 0 MiB, 81920 MiB
2026/04/14 16:49:14.707, 0 %, 527 MiB, 81920 MiB
2026/04/14 16:49:14.708, 0 %, 0 MiB, 81920 MiB
2026/04/14 16:49:19.708, 0 %, 527 MiB, 81920 MiB
2026/04/14 16:49:19.708, 0 %, 0 MiB, 81920 MiB
2026/04/14 16:49:24.709, 0 %, 527 MiB, 81920 MiB
2026/04/14 16:49:24.709, 0 %, 0 MiB, 81920 MiB
2026/04/14 16:49:29.710, 0 %, 527 MiB, 81920 MiB
2026/04/14 16:49:29.710, 0 %, 0 MiB, 81920 MiB
2026/04/14 16:49:34.711, 0 %, 527 MiB, 81920 MiB
2026/04/14 16:49:34.711, 0 %, 0 MiB, 81920 MiB
2026/04/14 16:49:39.712, 0 %, 527 MiB, 81920 MiB
2026/04/14 16:49:39.712, 0 %, 0 MiB, 81920 MiB
2026/04/14 16:49:44.712, 0 %, 527 MiB, 81920 MiB
2026/04/14 16:49:44.713, 0 %, 0 MiB, 81920 MiB
2026/04/14 16:49:49.713, 0 %, 527 MiB, 81920 MiB
2026/04/14 16:49:49.713, 0 %, 0 MiB, 81920 MiB
2026/04/14 16:49:54.714, 0 %, 527 MiB, 81920 MiB
2026/04/14 16:49:54.714, 0 %, 0 MiB, 81920 MiB
2026/04/14 16:49:59.715, 0 %, 527 MiB, 81920 MiB
2026/04/14 16:49:59.715, 0 %, 0 MiB, 81920 MiB
2026/04/14 16:50:04.716, 6 %, 527 MiB, 81920 MiB
2026/04/14 16:50:04.716, 0 %, 0 MiB, 81920 MiB
2026/04/14 16:50:09.717, 3 %, 527 MiB, 81920 MiB
2026/04/14 16:50:09.717, 0 %, 0 MiB, 81920 MiB
2026/04/14 16:50:14.717, 1 %, 527 MiB, 81920 MiB
2026/04/14 16:50:14.718, 0 %, 0 MiB, 81920 MiB
2026/04/14 16:50:19.718, 18 %, 527 MiB, 81920 MiB
2026/04/14 16:50:19.718, 0 %, 0 MiB, 81920 MiB
2026/04/14 16:50:24.719, 6 %, 527 MiB, 81920 MiB
2026/04/14 16:50:24.719, 0 %, 0 MiB, 81920 MiB
2026/04/14 16:50:29.720, 8 %, 527 MiB, 81920 MiB
2026/04/14 16:50:29.720, 0 %, 0 MiB, 81920 MiB
2026/04/14 16:50:34.721, 0 %, 527 MiB, 81920 MiB
2026/04/14 16:50:34.721, 0 %, 0 MiB, 81920 MiB
2026/04/14 16:50:39.722, 0 %, 527 MiB, 81920 MiB
2026/04/14 16:50:39.722, 0 %, 0 MiB, 81920 MiB
2026/04/14 16:50:44.722, 0 %, 527 MiB, 81920 MiB
2026/04/14 16:50:44.723, 0 %, 0 MiB, 81920 MiB
2026/04/14 16:50:49.723, 0 %, 527 MiB, 81920 MiB
2026/04/14 16:50:49.723, 0 %, 0 MiB, 81920 MiB
2026/04/14 16:50:54.724, 0 %, 527 MiB, 81920 MiB
2026/04/14 16:50:54.724, 0 %, 0 MiB, 81920 MiB
2026/04/14 16:50:59.725, 0 %, 527 MiB, 81920 MiB
2026/04/14 16:50:59.725, 0 %, 0 MiB, 81920 MiB
2026/04/14 16:51:04.726, 0 %, 527 MiB, 81920 MiB
2026/04/14 16:51:04.726, 0 %, 0 MiB, 81920 MiB
2026/04/14 16:51:09.727, 0 %, 527 MiB, 81920 MiB
2026/04/14 16:51:09.727, 0 %, 0 MiB, 81920 MiB
2026/04/14 16:51:14.728, 0 %, 527 MiB, 81920 MiB
2026/04/14 16:51:14.728, 0 %, 0 MiB, 81920 MiB
2026/04/14 16:51:19.728, 0 %, 527 MiB, 81920 MiB
2026/04/14 16:51:19.728, 0 %, 0 MiB, 81920 MiB
2026/04/14 16:51:24.729, 0 %, 527 MiB, 81920 MiB
2026/04/14 16:51:24.729, 0 %, 0 MiB, 81920 MiB
2026/04/14 16:51:29.730, 0 %, 527 MiB, 81920 MiB
2026/04/14 16:51:29.730, 0 %, 0 MiB, 81920 MiB
2026/04/14 16:51:34.731, 0 %, 527 MiB, 81920 MiB
2026/04/14 16:51:34.731, 0 %, 0 MiB, 81920 MiB
2026/04/14 16:51:39.732, 0 %, 527 MiB, 81920 MiB
2026/04/14 16:51:39.732, 0 %, 0 MiB, 81920 MiB
2026/04/14 16:51:44.733, 0 %, 527 MiB, 81920 MiB
2026/04/14 16:51:44.733, 0 %, 0 MiB, 81920 MiB
2026/04/14 16:51:49.733, 0 %, 527 MiB, 81920 MiB
2026/04/14 16:51:49.733, 0 %, 0 MiB, 81920 MiB
2026/04/14 16:51:54.734, 0 %, 527 MiB, 81920 MiB
2026/04/14 16:51:54.734, 0 %, 0 MiB, 81920 MiB
2026/04/14 16:51:59.735, 0 %, 527 MiB, 81920 MiB
2026/04/14 16:51:59.735, 0 %, 0 MiB, 81920 MiB
2026/04/14 16:52:04.736, 0 %, 527 MiB, 81920 MiB
2026/04/14 16:52:04.736, 0 %, 0 MiB, 81920 MiB
2026/04/14 16:52:09.737, 0 %, 527 MiB, 81920 MiB
2026/04/14 16:52:09.737, 0 %, 0 MiB, 81920 MiB
2026/04/14 16:52:14.738, 0 %, 527 MiB, 81920 MiB
2026/04/14 16:52:14.738, 0 %, 0 MiB, 81920 MiB
2026/04/14 16:52:19.738, 0 %, 527 MiB, 81920 MiB
2026/04/14 16:52:19.739, 0 %, 0 MiB, 81920 MiB
2026/04/14 16:52:24.739, 0 %, 527 MiB, 81920 MiB
2026/04/14 16:52:24.739, 0 %, 0 MiB, 81920 MiB
2026/04/14 16:52:29.740, 0 %, 527 MiB, 81920 MiB
2026/04/14 16:52:29.740, 0 %, 0 MiB, 81920 MiB
2026/04/14 16:52:34.741, 0 %, 527 MiB, 81920 MiB
2026/04/14 16:52:34.741, 0 %, 0 MiB, 81920 MiB
2026/04/14 16:52:39.742, 2 %, 527 MiB, 81920 MiB
2026/04/14 16:52:39.742, 0 %, 0 MiB, 81920 MiB
2026/04/14 16:52:44.743, 1 %, 527 MiB, 81920 MiB
2026/04/14 16:52:44.743, 0 %, 0 MiB, 81920 MiB
2026/04/14 16:52:49.743, 15 %, 527 MiB, 81920 MiB
2026/04/14 16:52:49.743, 0 %, 0 MiB, 81920 MiB
2026/04/14 16:52:54.744, 14 %, 527 MiB, 81920 MiB
2026/04/14 16:52:54.744, 0 %, 0 MiB, 81920 MiB
2026/04/14 16:52:59.745, 6 %, 527 MiB, 81920 MiB
2026/04/14 16:52:59.745, 0 %, 0 MiB, 81920 MiB
2026/04/14 16:53:04.746, 5 %, 527 MiB, 81920 MiB
2026/04/14 16:53:04.746, 0 %, 0 MiB, 81920 MiB
2026/04/14 16:53:09.747, 18 %, 527 MiB, 81920 MiB
2026/04/14 16:53:09.747, 0 %, 0 MiB, 81920 MiB
2026/04/14 16:53:14.748, 18 %, 527 MiB, 81920 MiB
2026/04/14 16:53:14.748, 0 %, 0 MiB, 81920 MiB
2026/04/14 16:53:19.748, 8 %, 527 MiB, 81920 MiB
2026/04/14 16:53:19.748, 0 %, 0 MiB, 81920 MiB
2026/04/14 16:53:24.749, 10 %, 527 MiB, 81920 MiB
2026/04/14 16:53:24.749, 0 %, 0 MiB, 81920 MiB
2026/04/14 16:53:29.750, 0 %, 527 MiB, 81920 MiB
2026/04/14 16:53:29.750, 0 %, 0 MiB, 81920 MiB
2026/04/14 16:53:34.751, 0 %, 527 MiB, 81920 MiB
2026/04/14 16:53:34.751, 0 %, 0 MiB, 81920 MiB
2026/04/14 16:53:39.752, 4 %, 527 MiB, 81920 MiB
2026/04/14 16:53:39.752, 0 %, 0 MiB, 81920 MiB
2026/04/14 16:53:44.753, 6 %, 527 MiB, 81920 MiB
2026/04/14 16:53:44.753, 0 %, 0 MiB, 81920 MiB
2026/04/14 16:53:49.753, 0 %, 527 MiB, 81920 MiB
2026/04/14 16:53:49.754, 0 %, 0 MiB, 81920 MiB
2026/04/14 16:53:54.754, 0 %, 527 MiB, 81920 MiB
2026/04/14 16:53:54.754, 0 %, 0 MiB, 81920 MiB
2026/04/14 16:53:59.755, 0 %, 527 MiB, 81920 MiB
2026/04/14 16:53:59.755, 0 %, 0 MiB, 81920 MiB
2026/04/14 16:54:04.756, 0 %, 527 MiB, 81920 MiB
2026/04/14 16:54:04.756, 0 %, 0 MiB, 81920 MiB
2026/04/14 16:54:09.757, 0 %, 527 MiB, 81920 MiB
2026/04/14 16:54:09.757, 0 %, 0 MiB, 81920 MiB
2026/04/14 16:54:14.758, 0 %, 527 MiB, 81920 MiB
2026/04/14 16:54:14.758, 0 %, 0 MiB, 81920 MiB
2026/04/14 16:54:19.759, 0 %, 527 MiB, 81920 MiB
2026/04/14 16:54:19.759, 0 %, 0 MiB, 81920 MiB
2026/04/14 16:54:24.759, 0 %, 527 MiB, 81920 MiB
2026/04/14 16:54:24.759, 0 %, 0 MiB, 81920 MiB
2026/04/14 16:54:29.760, 0 %, 527 MiB, 81920 MiB
2026/04/14 16:54:29.760, 0 %, 0 MiB, 81920 MiB
2026/04/14 16:54:34.761, 0 %, 527 MiB, 81920 MiB
2026/04/14 16:54:34.761, 0 %, 0 MiB, 81920 MiB
2026/04/14 16:54:39.762, 0 %, 527 MiB, 81920 MiB
2026/04/14 16:54:39.762, 0 %, 0 MiB, 81920 MiB
2026/04/14 16:54:44.763, 0 %, 527 MiB, 81920 MiB
2026/04/14 16:54:44.763, 0 %, 0 MiB, 81920 MiB
2026/04/14 16:54:49.764, 0 %, 527 MiB, 81920 MiB
2026/04/14 16:54:49.764, 0 %, 0 MiB, 81920 MiB
2026/04/14 16:54:54.764, 0 %, 527 MiB, 81920 MiB
2026/04/14 16:54:54.765, 0 %, 0 MiB, 81920 MiB
2026/04/14 16:54:59.765, 0 %, 527 MiB, 81920 MiB
2026/04/14 16:54:59.765, 0 %, 0 MiB, 81920 MiB
2026/04/14 16:55:04.766, 0 %, 527 MiB, 81920 MiB
2026/04/14 16:55:04.766, 0 %, 0 MiB, 81920 MiB
2026/04/14 16:55:09.767, 0 %, 527 MiB, 81920 MiB
2026/04/14 16:55:09.767, 0 %, 0 MiB, 81920 MiB
2026/04/14 16:55:14.768, 0 %, 527 MiB, 81920 MiB
2026/04/14 16:55:14.768, 0 %, 0 MiB, 81920 MiB
2026/04/14 16:55:19.768, 0 %, 527 MiB, 81920 MiB
2026/04/14 16:55:19.768, 0 %, 0 MiB, 81920 MiB
2026/04/14 16:55:24.769, 0 %, 527 MiB, 81920 MiB
2026/04/14 16:55:24.769, 0 %, 0 MiB, 81920 MiB
2026/04/14 16:55:29.770, 0 %, 527 MiB, 81920 MiB
2026/04/14 16:55:29.770, 0 %, 0 MiB, 81920 MiB
2026/04/14 16:55:34.771, 0 %, 527 MiB, 81920 MiB
2026/04/14 16:55:34.771, 0 %, 0 MiB, 81920 MiB
2026/04/14 16:55:39.771, 0 %, 527 MiB, 81920 MiB
2026/04/14 16:55:39.772, 0 %, 0 MiB, 81920 MiB
2026/04/14 16:55:44.772, 0 %, 527 MiB, 81920 MiB
2026/04/14 16:55:44.772, 0 %, 0 MiB, 81920 MiB
2026/04/14 16:55:49.773, 0 %, 527 MiB, 81920 MiB
2026/04/14 16:55:49.773, 0 %, 0 MiB, 81920 MiB
2026/04/14 16:55:54.774, 0 %, 527 MiB, 81920 MiB
2026/04/14 16:55:54.774, 0 %, 0 MiB, 81920 MiB
2026/04/14 16:55:59.775, 0 %, 527 MiB, 81920 MiB
2026/04/14 16:55:59.775, 0 %, 0 MiB, 81920 MiB
2026/04/14 16:56:04.775, 0 %, 527 MiB, 81920 MiB
2026/04/14 16:56:04.775, 0 %, 0 MiB, 81920 MiB
2026/04/14 16:56:09.776, 0 %, 527 MiB, 81920 MiB
2026/04/14 16:56:09.776, 0 %, 0 MiB, 81920 MiB
2026/04/14 16:56:14.777, 0 %, 527 MiB, 81920 MiB
2026/04/14 16:56:14.777, 0 %, 0 MiB, 81920 MiB
2026/04/14 16:56:19.778, 0 %, 527 MiB, 81920 MiB
2026/04/14 16:56:19.778, 0 %, 0 MiB, 81920 MiB
2026/04/14 16:56:24.778, 0 %, 527 MiB, 81920 MiB
2026/04/14 16:56:24.778, 0 %, 0 MiB, 81920 MiB
2026/04/14 16:56:29.779, 0 %, 527 MiB, 81920 MiB
2026/04/14 16:56:29.779, 0 %, 0 MiB, 81920 MiB
2026/04/14 16:56:34.780, 0 %, 527 MiB, 81920 MiB
2026/04/14 16:56:34.780, 0 %, 0 MiB, 81920 MiB
2026/04/14 16:56:39.781, 0 %, 527 MiB, 81920 MiB
2026/04/14 16:56:39.781, 0 %, 0 MiB, 81920 MiB
2026/04/14 16:56:44.782, 0 %, 527 MiB, 81920 MiB
2026/04/14 16:56:44.782, 0 %, 0 MiB, 81920 MiB
2026/04/14 16:56:49.782, 0 %, 527 MiB, 81920 MiB
2026/04/14 16:56:49.782, 0 %, 0 MiB, 81920 MiB
2026/04/14 16:56:54.784, 0 %, 493 MiB, 81920 MiB
2026/04/14 16:56:54.784, 0 %, 0 MiB, 81920 MiB
2026/04/14 16:56:59.784, 0 %, 493 MiB, 81920 MiB
2026/04/14 16:56:59.785, 0 %, 0 MiB, 81920 MiB
2026/04/14 16:57:04.785, 0 %, 493 MiB, 81920 MiB
2026/04/14 16:57:04.785, 0 %, 0 MiB, 81920 MiB
2026/04/14 16:57:09.786, 0 %, 493 MiB, 81920 MiB
2026/04/14 16:57:09.786, 0 %, 0 MiB, 81920 MiB
2026/04/14 16:57:14.787, 0 %, 493 MiB, 81920 MiB
2026/04/14 16:57:14.787, 0 %, 0 MiB, 81920 MiB
2026/04/14 16:57:19.787, 0 %, 493 MiB, 81920 MiB
2026/04/14 16:57:19.787, 0 %, 0 MiB, 81920 MiB
2026/04/14 16:57:24.788, 0 %, 493 MiB, 81920 MiB
2026/04/14 16:57:24.788, 0 %, 0 MiB, 81920 MiB
2026/04/14 16:57:29.789, 0 %, 493 MiB, 81920 MiB
2026/04/14 16:57:29.789, 0 %, 0 MiB, 81920 MiB
2026/04/14 16:57:34.790, 0 %, 493 MiB, 81920 MiB
2026/04/14 16:57:34.790, 0 %, 0 MiB, 81920 MiB
2026/04/14 16:57:39.791, 0 %, 493 MiB, 81920 MiB
2026/04/14 16:57:39.791, 0 %, 0 MiB, 81920 MiB
2026/04/14 16:57:44.792, 0 %, 493 MiB, 81920 MiB
2026/04/14 16:57:44.792, 0 %, 0 MiB, 81920 MiB
2026/04/14 16:57:49.792, 0 %, 493 MiB, 81920 MiB
2026/04/14 16:57:49.793, 0 %, 0 MiB, 81920 MiB
2026/04/14 16:57:54.793, 0 %, 493 MiB, 81920 MiB
2026/04/14 16:57:54.793, 0 %, 0 MiB, 81920 MiB
2026/04/14 16:57:59.794, 0 %, 493 MiB, 81920 MiB
2026/04/14 16:57:59.794, 0 %, 0 MiB, 81920 MiB
2026/04/14 16:58:04.795, 0 %, 493 MiB, 81920 MiB
2026/04/14 16:58:04.795, 0 %, 0 MiB, 81920 MiB
2026/04/14 16:58:09.796, 0 %, 493 MiB, 81920 MiB
2026/04/14 16:58:09.796, 0 %, 0 MiB, 81920 MiB
2026/04/14 16:58:14.797, 0 %, 493 MiB, 81920 MiB
2026/04/14 16:58:14.797, 0 %, 0 MiB, 81920 MiB
2026/04/14 16:58:19.798, 0 %, 493 MiB, 81920 MiB
2026/04/14 16:58:19.798, 0 %, 0 MiB, 81920 MiB
2026/04/14 16:58:24.799, 0 %, 493 MiB, 81920 MiB
2026/04/14 16:58:24.799, 0 %, 0 MiB, 81920 MiB
2026/04/14 16:58:29.800, 0 %, 493 MiB, 81920 MiB
2026/04/14 16:58:29.800, 0 %, 0 MiB, 81920 MiB
2026/04/14 16:58:34.801, 0 %, 493 MiB, 81920 MiB
2026/04/14 16:58:34.801, 0 %, 0 MiB, 81920 MiB
2026/04/14 16:58:39.824, 0 %, 493 MiB, 81920 MiB
2026/04/14 16:58:39.824, 0 %, 0 MiB, 81920 MiB
2026/04/14 16:58:44.824, 0 %, 493 MiB, 81920 MiB
2026/04/14 16:58:44.824, 0 %, 0 MiB, 81920 MiB
2026/04/14 16:58:49.825, 0 %, 493 MiB, 81920 MiB
2026/04/14 16:58:49.825, 0 %, 0 MiB, 81920 MiB
2026/04/14 16:58:54.826, 0 %, 493 MiB, 81920 MiB
2026/04/14 16:58:54.826, 0 %, 0 MiB, 81920 MiB
2026/04/14 16:58:59.827, 0 %, 527 MiB, 81920 MiB
2026/04/14 16:58:59.827, 0 %, 0 MiB, 81920 MiB
2026/04/14 16:59:04.828, 0 %, 527 MiB, 81920 MiB
2026/04/14 16:59:04.828, 0 %, 0 MiB, 81920 MiB
2026/04/14 16:59:09.829, 0 %, 527 MiB, 81920 MiB
2026/04/14 16:59:09.829, 0 %, 0 MiB, 81920 MiB
2026/04/14 16:59:14.830, 0 %, 527 MiB, 81920 MiB
2026/04/14 16:59:14.830, 0 %, 0 MiB, 81920 MiB
2026/04/14 16:59:19.831, 0 %, 527 MiB, 81920 MiB
2026/04/14 16:59:19.831, 0 %, 0 MiB, 81920 MiB
2026/04/14 16:59:24.831, 9 %, 527 MiB, 81920 MiB
2026/04/14 16:59:24.832, 0 %, 0 MiB, 81920 MiB
2026/04/14 16:59:29.832, 0 %, 527 MiB, 81920 MiB
2026/04/14 16:59:29.832, 0 %, 0 MiB, 81920 MiB
2026/04/14 16:59:34.833, 14 %, 527 MiB, 81920 MiB
2026/04/14 16:59:34.833, 0 %, 0 MiB, 81920 MiB
2026/04/14 16:59:39.834, 7 %, 527 MiB, 81920 MiB
2026/04/14 16:59:39.834, 0 %, 0 MiB, 81920 MiB
2026/04/14 16:59:44.835, 16 %, 527 MiB, 81920 MiB
2026/04/14 16:59:44.835, 0 %, 0 MiB, 81920 MiB
2026/04/14 16:59:49.835, 15 %, 527 MiB, 81920 MiB
2026/04/14 16:59:49.836, 0 %, 0 MiB, 81920 MiB
2026/04/14 16:59:54.836, 0 %, 527 MiB, 81920 MiB
2026/04/14 16:59:54.836, 0 %, 0 MiB, 81920 MiB
2026/04/14 16:59:59.837, 0 %, 527 MiB, 81920 MiB
2026/04/14 16:59:59.837, 0 %, 0 MiB, 81920 MiB
2026/04/14 17:00:04.838, 0 %, 527 MiB, 81920 MiB
2026/04/14 17:00:04.838, 0 %, 0 MiB, 81920 MiB
2026/04/14 17:00:09.839, 0 %, 527 MiB, 81920 MiB
2026/04/14 17:00:09.839, 0 %, 0 MiB, 81920 MiB
2026/04/14 17:00:14.839, 0 %, 527 MiB, 81920 MiB
2026/04/14 17:00:14.840, 0 %, 0 MiB, 81920 MiB
2026/04/14 17:00:19.840, 0 %, 527 MiB, 81920 MiB
2026/04/14 17:00:19.840, 0 %, 0 MiB, 81920 MiB
2026/04/14 17:00:24.841, 0 %, 527 MiB, 81920 MiB
2026/04/14 17:00:24.841, 0 %, 0 MiB, 81920 MiB
2026/04/14 17:00:29.842, 0 %, 527 MiB, 81920 MiB
2026/04/14 17:00:29.842, 0 %, 0 MiB, 81920 MiB
2026/04/14 17:00:34.843, 0 %, 527 MiB, 81920 MiB
2026/04/14 17:00:34.843, 0 %, 0 MiB, 81920 MiB
2026/04/14 17:00:39.844, 0 %, 527 MiB, 81920 MiB
2026/04/14 17:00:39.844, 0 %, 0 MiB, 81920 MiB
2026/04/14 17:00:44.844, 0 %, 527 MiB, 81920 MiB
2026/04/14 17:00:44.844, 0 %, 0 MiB, 81920 MiB
2026/04/14 17:00:49.845, 0 %, 527 MiB, 81920 MiB
2026/04/14 17:00:49.845, 0 %, 0 MiB, 81920 MiB
2026/04/14 17:00:54.846, 0 %, 527 MiB, 81920 MiB
2026/04/14 17:00:54.846, 0 %, 0 MiB, 81920 MiB
2026/04/14 17:00:59.847, 0 %, 527 MiB, 81920 MiB
2026/04/14 17:00:59.847, 0 %, 0 MiB, 81920 MiB
2026/04/14 17:01:04.848, 0 %, 527 MiB, 81920 MiB
2026/04/14 17:01:04.848, 0 %, 0 MiB, 81920 MiB
2026/04/14 17:01:09.849, 0 %, 527 MiB, 81920 MiB
2026/04/14 17:01:09.849, 0 %, 0 MiB, 81920 MiB
2026/04/14 17:01:14.849, 0 %, 527 MiB, 81920 MiB
2026/04/14 17:01:14.850, 0 %, 0 MiB, 81920 MiB
2026/04/14 17:01:19.850, 0 %, 527 MiB, 81920 MiB
2026/04/14 17:01:19.850, 0 %, 0 MiB, 81920 MiB
2026/04/14 17:01:24.851, 0 %, 527 MiB, 81920 MiB
2026/04/14 17:01:24.851, 0 %, 0 MiB, 81920 MiB
2026/04/14 17:01:29.852, 0 %, 527 MiB, 81920 MiB
2026/04/14 17:01:29.852, 0 %, 0 MiB, 81920 MiB
2026/04/14 17:01:34.853, 0 %, 527 MiB, 81920 MiB
2026/04/14 17:01:34.853, 0 %, 0 MiB, 81920 MiB
2026/04/14 17:01:39.853, 0 %, 527 MiB, 81920 MiB
2026/04/14 17:01:39.854, 0 %, 0 MiB, 81920 MiB
2026/04/14 17:01:44.854, 0 %, 527 MiB, 81920 MiB
2026/04/14 17:01:44.854, 0 %, 0 MiB, 81920 MiB
2026/04/14 17:01:49.855, 0 %, 527 MiB, 81920 MiB
2026/04/14 17:01:49.855, 0 %, 0 MiB, 81920 MiB
2026/04/14 17:01:54.856, 0 %, 527 MiB, 81920 MiB
2026/04/14 17:01:54.856, 0 %, 0 MiB, 81920 MiB
2026/04/14 17:01:59.857, 0 %, 527 MiB, 81920 MiB
2026/04/14 17:01:59.857, 0 %, 0 MiB, 81920 MiB
2026/04/14 17:02:04.858, 0 %, 527 MiB, 81920 MiB
2026/04/14 17:02:04.858, 0 %, 0 MiB, 81920 MiB
2026/04/14 17:02:09.858, 0 %, 527 MiB, 81920 MiB
2026/04/14 17:02:09.859, 0 %, 0 MiB, 81920 MiB
2026/04/14 17:02:14.859, 0 %, 527 MiB, 81920 MiB
2026/04/14 17:02:14.859, 0 %, 0 MiB, 81920 MiB
2026/04/14 17:02:19.860, 0 %, 527 MiB, 81920 MiB
2026/04/14 17:02:19.860, 0 %, 0 MiB, 81920 MiB
2026/04/14 17:02:24.861, 0 %, 527 MiB, 81920 MiB
2026/04/14 17:02:24.861, 0 %, 0 MiB, 81920 MiB
2026/04/14 17:02:29.862, 0 %, 527 MiB, 81920 MiB
2026/04/14 17:02:29.862, 0 %, 0 MiB, 81920 MiB
2026/04/14 17:02:34.862, 0 %, 527 MiB, 81920 MiB
2026/04/14 17:02:34.863, 0 %, 0 MiB, 81920 MiB
2026/04/14 17:02:39.863, 4 %, 527 MiB, 81920 MiB
2026/04/14 17:02:39.863, 0 %, 0 MiB, 81920 MiB
2026/04/14 17:02:44.864, 1 %, 527 MiB, 81920 MiB
2026/04/14 17:02:44.864, 0 %, 0 MiB, 81920 MiB
2026/04/14 17:02:49.865, 14 %, 527 MiB, 81920 MiB
2026/04/14 17:02:49.865, 0 %, 0 MiB, 81920 MiB
2026/04/14 17:02:54.866, 0 %, 527 MiB, 81920 MiB
2026/04/14 17:02:54.866, 0 %, 0 MiB, 81920 MiB
2026/04/14 17:02:59.867, 3 %, 527 MiB, 81920 MiB
2026/04/14 17:02:59.867, 0 %, 0 MiB, 81920 MiB
2026/04/14 17:03:04.867, 0 %, 527 MiB, 81920 MiB
2026/04/14 17:03:04.867, 0 %, 0 MiB, 81920 MiB
2026/04/14 17:03:09.868, 13 %, 527 MiB, 81920 MiB
2026/04/14 17:03:09.868, 0 %, 0 MiB, 81920 MiB
2026/04/14 17:03:14.869, 10 %, 527 MiB, 81920 MiB
2026/04/14 17:03:14.869, 0 %, 0 MiB, 81920 MiB
2026/04/14 17:03:19.870, 18 %, 527 MiB, 81920 MiB
2026/04/14 17:03:19.870, 0 %, 0 MiB, 81920 MiB
2026/04/14 17:03:24.871, 18 %, 527 MiB, 81920 MiB
2026/04/14 17:03:24.871, 0 %, 0 MiB, 81920 MiB
2026/04/14 17:03:29.871, 10 %, 527 MiB, 81920 MiB
2026/04/14 17:03:29.872, 0 %, 0 MiB, 81920 MiB
2026/04/14 17:03:34.872, 14 %, 527 MiB, 81920 MiB
2026/04/14 17:03:34.872, 0 %, 0 MiB, 81920 MiB
2026/04/14 17:03:39.873, 18 %, 527 MiB, 81920 MiB
2026/04/14 17:03:39.873, 0 %, 0 MiB, 81920 MiB
2026/04/14 17:03:44.874, 15 %, 527 MiB, 81920 MiB
2026/04/14 17:03:44.874, 0 %, 0 MiB, 81920 MiB
2026/04/14 17:03:49.875, 13 %, 527 MiB, 81920 MiB
2026/04/14 17:03:49.875, 0 %, 0 MiB, 81920 MiB
2026/04/14 17:03:54.876, 0 %, 527 MiB, 81920 MiB
2026/04/14 17:03:54.876, 0 %, 0 MiB, 81920 MiB
2026/04/14 17:03:59.876, 7 %, 527 MiB, 81920 MiB
2026/04/14 17:03:59.877, 0 %, 0 MiB, 81920 MiB
2026/04/14 17:04:04.877, 4 %, 527 MiB, 81920 MiB
2026/04/14 17:04:04.877, 0 %, 0 MiB, 81920 MiB
2026/04/14 17:04:09.878, 0 %, 527 MiB, 81920 MiB
2026/04/14 17:04:09.878, 0 %, 0 MiB, 81920 MiB
2026/04/14 17:04:14.879, 0 %, 527 MiB, 81920 MiB
2026/04/14 17:04:14.879, 0 %, 0 MiB, 81920 MiB
2026/04/14 17:04:19.880, 0 %, 527 MiB, 81920 MiB
2026/04/14 17:04:19.880, 0 %, 0 MiB, 81920 MiB
2026/04/14 17:04:24.880, 0 %, 527 MiB, 81920 MiB
2026/04/14 17:04:24.881, 0 %, 0 MiB, 81920 MiB
2026/04/14 17:04:29.881, 10 %, 527 MiB, 81920 MiB
2026/04/14 17:04:29.881, 0 %, 0 MiB, 81920 MiB
2026/04/14 17:04:34.882, 10 %, 527 MiB, 81920 MiB
2026/04/14 17:04:34.882, 0 %, 0 MiB, 81920 MiB
2026/04/14 17:04:39.883, 14 %, 527 MiB, 81920 MiB
2026/04/14 17:04:39.883, 0 %, 0 MiB, 81920 MiB
2026/04/14 17:04:44.884, 13 %, 527 MiB, 81920 MiB
2026/04/14 17:04:44.884, 0 %, 0 MiB, 81920 MiB
2026/04/14 17:04:49.885, 0 %, 527 MiB, 81920 MiB
2026/04/14 17:04:49.885, 0 %, 0 MiB, 81920 MiB
2026/04/14 17:04:54.885, 0 %, 527 MiB, 81920 MiB
2026/04/14 17:04:54.885, 0 %, 0 MiB, 81920 MiB
2026/04/14 17:04:59.886, 0 %, 527 MiB, 81920 MiB
2026/04/14 17:04:59.886, 0 %, 0 MiB, 81920 MiB
2026/04/14 17:05:04.887, 2 %, 527 MiB, 81920 MiB
2026/04/14 17:05:04.887, 0 %, 0 MiB, 81920 MiB
2026/04/14 17:05:09.888, 0 %, 527 MiB, 81920 MiB
2026/04/14 17:05:09.888, 0 %, 0 MiB, 81920 MiB
2026/04/14 17:05:14.889, 0 %, 527 MiB, 81920 MiB
2026/04/14 17:05:14.889, 0 %, 0 MiB, 81920 MiB
2026/04/14 17:05:19.889, 0 %, 527 MiB, 81920 MiB
2026/04/14 17:05:19.890, 0 %, 0 MiB, 81920 MiB
2026/04/14 17:05:24.890, 0 %, 527 MiB, 81920 MiB
2026/04/14 17:05:24.890, 0 %, 0 MiB, 81920 MiB
2026/04/14 17:05:29.891, 0 %, 527 MiB, 81920 MiB
2026/04/14 17:05:29.891, 0 %, 0 MiB, 81920 MiB
2026/04/14 17:05:34.892, 0 %, 527 MiB, 81920 MiB
2026/04/14 17:05:34.892, 0 %, 0 MiB, 81920 MiB
2026/04/14 17:05:39.893, 0 %, 527 MiB, 81920 MiB
2026/04/14 17:05:39.893, 0 %, 0 MiB, 81920 MiB
2026/04/14 17:05:44.893, 0 %, 527 MiB, 81920 MiB
2026/04/14 17:05:44.894, 0 %, 0 MiB, 81920 MiB
2026/04/14 17:05:49.894, 0 %, 527 MiB, 81920 MiB
2026/04/14 17:05:49.894, 0 %, 0 MiB, 81920 MiB
2026/04/14 17:05:54.895, 0 %, 527 MiB, 81920 MiB
2026/04/14 17:05:54.895, 0 %, 0 MiB, 81920 MiB
2026/04/14 17:05:59.896, 0 %, 527 MiB, 81920 MiB
2026/04/14 17:05:59.896, 0 %, 0 MiB, 81920 MiB
2026/04/14 17:06:04.897, 0 %, 527 MiB, 81920 MiB
2026/04/14 17:06:04.897, 0 %, 0 MiB, 81920 MiB
2026/04/14 17:06:09.898, 12 %, 527 MiB, 81920 MiB
2026/04/14 17:06:09.898, 0 %, 0 MiB, 81920 MiB
2026/04/14 17:06:14.898, 13 %, 527 MiB, 81920 MiB
2026/04/14 17:06:14.899, 0 %, 0 MiB, 81920 MiB
2026/04/14 17:06:19.899, 10 %, 527 MiB, 81920 MiB
2026/04/14 17:06:19.899, 0 %, 0 MiB, 81920 MiB
2026/04/14 17:06:24.900, 9 %, 527 MiB, 81920 MiB
2026/04/14 17:06:24.900, 0 %, 0 MiB, 81920 MiB
2026/04/14 17:06:29.901, 0 %, 527 MiB, 81920 MiB
2026/04/14 17:06:29.901, 0 %, 0 MiB, 81920 MiB
2026/04/14 17:06:34.902, 14 %, 527 MiB, 81920 MiB
2026/04/14 17:06:34.902, 0 %, 0 MiB, 81920 MiB
2026/04/14 17:06:39.902, 0 %, 527 MiB, 81920 MiB
2026/04/14 17:06:39.903, 0 %, 0 MiB, 81920 MiB
2026/04/14 17:06:44.903, 0 %, 527 MiB, 81920 MiB
2026/04/14 17:06:44.903, 0 %, 0 MiB, 81920 MiB
2026/04/14 17:06:49.904, 0 %, 527 MiB, 81920 MiB
2026/04/14 17:06:49.904, 0 %, 0 MiB, 81920 MiB
2026/04/14 17:06:54.905, 0 %, 527 MiB, 81920 MiB
2026/04/14 17:06:54.905, 0 %, 0 MiB, 81920 MiB
2026/04/14 17:06:59.906, 0 %, 527 MiB, 81920 MiB
2026/04/14 17:06:59.906, 0 %, 0 MiB, 81920 MiB
2026/04/14 17:07:04.906, 0 %, 527 MiB, 81920 MiB
2026/04/14 17:07:04.907, 0 %, 0 MiB, 81920 MiB
2026/04/14 17:07:09.907, 0 %, 527 MiB, 81920 MiB
2026/04/14 17:07:09.907, 0 %, 0 MiB, 81920 MiB
2026/04/14 17:07:14.908, 0 %, 527 MiB, 81920 MiB
2026/04/14 17:07:14.908, 0 %, 0 MiB, 81920 MiB
2026/04/14 17:07:19.909, 0 %, 527 MiB, 81920 MiB
2026/04/14 17:07:19.909, 0 %, 0 MiB, 81920 MiB
2026/04/14 17:07:24.910, 0 %, 527 MiB, 81920 MiB
2026/04/14 17:07:24.910, 0 %, 0 MiB, 81920 MiB
2026/04/14 17:07:29.911, 0 %, 527 MiB, 81920 MiB
2026/04/14 17:07:29.911, 0 %, 0 MiB, 81920 MiB
2026/04/14 17:07:34.911, 0 %, 527 MiB, 81920 MiB
2026/04/14 17:07:34.911, 0 %, 0 MiB, 81920 MiB
2026/04/14 17:07:39.912, 0 %, 527 MiB, 81920 MiB
2026/04/14 17:07:39.912, 0 %, 0 MiB, 81920 MiB
2026/04/14 17:07:44.913, 13 %, 527 MiB, 81920 MiB
2026/04/14 17:07:44.913, 0 %, 0 MiB, 81920 MiB
2026/04/14 17:07:49.914, 0 %, 527 MiB, 81920 MiB
2026/04/14 17:07:49.914, 0 %, 0 MiB, 81920 MiB
2026/04/14 17:07:54.915, 8 %, 527 MiB, 81920 MiB
2026/04/14 17:07:54.915, 0 %, 0 MiB, 81920 MiB
2026/04/14 17:07:59.915, 9 %, 527 MiB, 81920 MiB
2026/04/14 17:07:59.916, 0 %, 0 MiB, 81920 MiB
2026/04/14 17:08:04.916, 16 %, 527 MiB, 81920 MiB
2026/04/14 17:08:04.916, 0 %, 0 MiB, 81920 MiB
2026/04/14 17:08:09.917, 14 %, 527 MiB, 81920 MiB
2026/04/14 17:08:09.917, 0 %, 0 MiB, 81920 MiB
2026/04/14 17:08:14.918, 0 %, 527 MiB, 81920 MiB
2026/04/14 17:08:14.918, 0 %, 0 MiB, 81920 MiB
2026/04/14 17:08:19.919, 18 %, 527 MiB, 81920 MiB
2026/04/14 17:08:19.919, 0 %, 0 MiB, 81920 MiB
2026/04/14 17:08:24.920, 0 %, 527 MiB, 81920 MiB
2026/04/14 17:08:24.920, 0 %, 0 MiB, 81920 MiB
2026/04/14 17:08:29.920, 0 %, 527 MiB, 81920 MiB
2026/04/14 17:08:29.921, 0 %, 0 MiB, 81920 MiB
2026/04/14 17:08:34.921, 0 %, 527 MiB, 81920 MiB
2026/04/14 17:08:34.921, 0 %, 0 MiB, 81920 MiB
2026/04/14 17:08:39.922, 0 %, 527 MiB, 81920 MiB
2026/04/14 17:08:39.922, 0 %, 0 MiB, 81920 MiB
2026/04/14 17:08:44.923, 0 %, 527 MiB, 81920 MiB
2026/04/14 17:08:44.923, 0 %, 0 MiB, 81920 MiB
2026/04/14 17:08:49.924, 0 %, 527 MiB, 81920 MiB
2026/04/14 17:08:49.924, 0 %, 0 MiB, 81920 MiB
2026/04/14 17:08:54.924, 0 %, 527 MiB, 81920 MiB
2026/04/14 17:08:54.925, 0 %, 0 MiB, 81920 MiB
2026/04/14 17:08:59.925, 0 %, 527 MiB, 81920 MiB
2026/04/14 17:08:59.925, 0 %, 0 MiB, 81920 MiB
2026/04/14 17:09:04.926, 0 %, 527 MiB, 81920 MiB
2026/04/14 17:09:04.926, 0 %, 0 MiB, 81920 MiB
2026/04/14 17:09:09.927, 0 %, 527 MiB, 81920 MiB
2026/04/14 17:09:09.927, 0 %, 0 MiB, 81920 MiB
2026/04/14 17:09:14.928, 0 %, 527 MiB, 81920 MiB
2026/04/14 17:09:14.928, 0 %, 0 MiB, 81920 MiB
2026/04/14 17:09:19.929, 0 %, 527 MiB, 81920 MiB
2026/04/14 17:09:19.929, 0 %, 0 MiB, 81920 MiB
2026/04/14 17:09:24.929, 0 %, 527 MiB, 81920 MiB
2026/04/14 17:09:24.930, 0 %, 0 MiB, 81920 MiB
2026/04/14 17:09:29.930, 0 %, 527 MiB, 81920 MiB
2026/04/14 17:09:29.930, 0 %, 0 MiB, 81920 MiB
2026/04/14 17:09:34.931, 0 %, 527 MiB, 81920 MiB
2026/04/14 17:09:34.931, 0 %, 0 MiB, 81920 MiB
2026/04/14 17:09:39.932, 5 %, 527 MiB, 81920 MiB
2026/04/14 17:09:39.932, 0 %, 0 MiB, 81920 MiB
2026/04/14 17:09:44.933, 5 %, 527 MiB, 81920 MiB
2026/04/14 17:09:44.933, 0 %, 0 MiB, 81920 MiB
2026/04/14 17:09:49.933, 1 %, 527 MiB, 81920 MiB
2026/04/14 17:09:49.934, 0 %, 0 MiB, 81920 MiB
2026/04/14 17:09:54.934, 2 %, 527 MiB, 81920 MiB
2026/04/14 17:09:54.934, 0 %, 0 MiB, 81920 MiB
2026/04/14 17:09:59.935, 18 %, 527 MiB, 81920 MiB
2026/04/14 17:09:59.935, 0 %, 0 MiB, 81920 MiB
2026/04/14 17:10:04.936, 18 %, 527 MiB, 81920 MiB
2026/04/14 17:10:04.936, 0 %, 0 MiB, 81920 MiB
2026/04/14 17:10:09.937, 0 %, 527 MiB, 81920 MiB
2026/04/14 17:10:09.937, 0 %, 0 MiB, 81920 MiB
2026/04/14 17:10:14.938, 0 %, 527 MiB, 81920 MiB
2026/04/14 17:10:14.938, 0 %, 0 MiB, 81920 MiB
2026/04/14 17:10:19.938, 0 %, 527 MiB, 81920 MiB
2026/04/14 17:10:19.938, 0 %, 0 MiB, 81920 MiB
2026/04/14 17:10:24.939, 0 %, 527 MiB, 81920 MiB
2026/04/14 17:10:24.939, 0 %, 0 MiB, 81920 MiB
2026/04/14 17:10:29.940, 0 %, 527 MiB, 81920 MiB
2026/04/14 17:10:29.940, 0 %, 0 MiB, 81920 MiB
2026/04/14 17:10:34.941, 0 %, 527 MiB, 81920 MiB
2026/04/14 17:10:34.941, 0 %, 0 MiB, 81920 MiB
2026/04/14 17:10:39.941, 0 %, 527 MiB, 81920 MiB
2026/04/14 17:10:39.941, 0 %, 0 MiB, 81920 MiB
2026/04/14 17:10:44.942, 0 %, 527 MiB, 81920 MiB
2026/04/14 17:10:44.942, 0 %, 0 MiB, 81920 MiB
2026/04/14 17:10:49.943, 0 %, 527 MiB, 81920 MiB
2026/04/14 17:10:49.943, 0 %, 0 MiB, 81920 MiB
2026/04/14 17:10:54.944, 0 %, 527 MiB, 81920 MiB
2026/04/14 17:10:54.944, 0 %, 0 MiB, 81920 MiB
2026/04/14 17:10:59.944, 0 %, 527 MiB, 81920 MiB
2026/04/14 17:10:59.945, 0 %, 0 MiB, 81920 MiB
2026/04/14 17:11:04.945, 0 %, 527 MiB, 81920 MiB
2026/04/14 17:11:04.945, 0 %, 0 MiB, 81920 MiB
2026/04/14 17:11:09.946, 0 %, 527 MiB, 81920 MiB
2026/04/14 17:11:09.946, 0 %, 0 MiB, 81920 MiB
2026/04/14 17:11:14.947, 0 %, 527 MiB, 81920 MiB
2026/04/14 17:11:14.947, 0 %, 0 MiB, 81920 MiB
2026/04/14 17:11:19.947, 0 %, 527 MiB, 81920 MiB
2026/04/14 17:11:19.948, 0 %, 0 MiB, 81920 MiB
2026/04/14 17:11:24.948, 0 %, 527 MiB, 81920 MiB
2026/04/14 17:11:24.948, 0 %, 0 MiB, 81920 MiB
2026/04/14 17:11:29.949, 0 %, 527 MiB, 81920 MiB
2026/04/14 17:11:29.949, 0 %, 0 MiB, 81920 MiB
2026/04/14 17:11:34.950, 0 %, 527 MiB, 81920 MiB
2026/04/14 17:11:34.950, 0 %, 0 MiB, 81920 MiB
2026/04/14 17:11:39.950, 0 %, 527 MiB, 81920 MiB
2026/04/14 17:11:39.951, 0 %, 0 MiB, 81920 MiB
2026/04/14 17:11:44.951, 0 %, 527 MiB, 81920 MiB
2026/04/14 17:11:44.951, 0 %, 0 MiB, 81920 MiB
2026/04/14 17:11:49.952, 0 %, 527 MiB, 81920 MiB
2026/04/14 17:11:49.952, 0 %, 0 MiB, 81920 MiB
2026/04/14 17:11:54.953, 0 %, 527 MiB, 81920 MiB
2026/04/14 17:11:54.953, 0 %, 0 MiB, 81920 MiB
2026/04/14 17:11:59.957, 0 %, 493 MiB, 81920 MiB
2026/04/14 17:11:59.957, 0 %, 0 MiB, 81920 MiB
2026/04/14 17:12:04.958, 0 %, 493 MiB, 81920 MiB
2026/04/14 17:12:04.958, 0 %, 0 MiB, 81920 MiB
2026/04/14 17:12:09.959, 0 %, 493 MiB, 81920 MiB
2026/04/14 17:12:09.959, 0 %, 0 MiB, 81920 MiB
2026/04/14 17:12:14.960, 0 %, 493 MiB, 81920 MiB
2026/04/14 17:12:14.960, 0 %, 0 MiB, 81920 MiB
2026/04/14 17:12:19.961, 0 %, 493 MiB, 81920 MiB
2026/04/14 17:12:19.961, 0 %, 0 MiB, 81920 MiB
2026/04/14 17:12:24.962, 0 %, 493 MiB, 81920 MiB
2026/04/14 17:12:24.962, 0 %, 0 MiB, 81920 MiB
2026/04/14 17:12:29.962, 0 %, 493 MiB, 81920 MiB
2026/04/14 17:12:29.963, 0 %, 0 MiB, 81920 MiB
2026/04/14 17:12:34.963, 0 %, 493 MiB, 81920 MiB
2026/04/14 17:12:34.963, 0 %, 0 MiB, 81920 MiB
2026/04/14 17:12:39.964, 0 %, 493 MiB, 81920 MiB
2026/04/14 17:12:39.964, 0 %, 0 MiB, 81920 MiB
2026/04/14 17:12:44.972, 0 %, 493 MiB, 81920 MiB
2026/04/14 17:12:44.972, 0 %, 0 MiB, 81920 MiB
2026/04/14 17:12:49.973, 0 %, 493 MiB, 81920 MiB
2026/04/14 17:12:49.973, 0 %, 0 MiB, 81920 MiB
2026/04/14 17:12:54.974, 0 %, 493 MiB, 81920 MiB
2026/04/14 17:12:54.974, 0 %, 0 MiB, 81920 MiB
2026/04/14 17:12:59.974, 0 %, 493 MiB, 81920 MiB
2026/04/14 17:12:59.974, 0 %, 0 MiB, 81920 MiB
2026/04/14 17:13:04.975, 0 %, 493 MiB, 81920 MiB
2026/04/14 17:13:04.975, 0 %, 0 MiB, 81920 MiB
2026/04/14 17:13:09.976, 0 %, 493 MiB, 81920 MiB
2026/04/14 17:13:09.976, 0 %, 0 MiB, 81920 MiB
2026/04/14 17:13:14.976, 0 %, 493 MiB, 81920 MiB
2026/04/14 17:13:14.977, 0 %, 0 MiB, 81920 MiB
2026/04/14 17:13:19.977, 0 %, 493 MiB, 81920 MiB
2026/04/14 17:13:19.977, 0 %, 0 MiB, 81920 MiB
2026/04/14 17:13:24.978, 0 %, 493 MiB, 81920 MiB
2026/04/14 17:13:24.978, 0 %, 0 MiB, 81920 MiB
2026/04/14 17:13:29.979, 0 %, 493 MiB, 81920 MiB
2026/04/14 17:13:29.979, 0 %, 0 MiB, 81920 MiB
2026/04/14 17:13:34.979, 0 %, 493 MiB, 81920 MiB
2026/04/14 17:13:34.980, 0 %, 0 MiB, 81920 MiB
2026/04/14 17:13:39.980, 0 %, 493 MiB, 81920 MiB
2026/04/14 17:13:39.980, 0 %, 0 MiB, 81920 MiB
2026/04/14 17:13:44.981, 0 %, 493 MiB, 81920 MiB
2026/04/14 17:13:44.981, 0 %, 0 MiB, 81920 MiB
2026/04/14 17:13:49.982, 0 %, 493 MiB, 81920 MiB
2026/04/14 17:13:49.982, 0 %, 0 MiB, 81920 MiB
2026/04/14 17:13:54.983, 0 %, 493 MiB, 81920 MiB
2026/04/14 17:13:54.983, 0 %, 0 MiB, 81920 MiB
2026/04/14 17:13:59.983, 0 %, 493 MiB, 81920 MiB
2026/04/14 17:13:59.983, 0 %, 0 MiB, 81920 MiB
2026/04/14 17:14:04.984, 0 %, 527 MiB, 81920 MiB
2026/04/14 17:14:04.984, 0 %, 0 MiB, 81920 MiB
2026/04/14 17:14:09.985, 0 %, 527 MiB, 81920 MiB
2026/04/14 17:14:09.985, 0 %, 0 MiB, 81920 MiB
2026/04/14 17:14:14.985, 0 %, 527 MiB, 81920 MiB
2026/04/14 17:14:14.985, 0 %, 0 MiB, 81920 MiB
2026/04/14 17:14:19.986, 0 %, 527 MiB, 81920 MiB
2026/04/14 17:14:19.986, 0 %, 0 MiB, 81920 MiB
2026/04/14 17:14:24.987, 0 %, 527 MiB, 81920 MiB
2026/04/14 17:14:24.987, 0 %, 0 MiB, 81920 MiB
2026/04/14 17:14:29.987, 0 %, 527 MiB, 81920 MiB
2026/04/14 17:14:29.987, 0 %, 0 MiB, 81920 MiB
2026/04/14 17:14:34.988, 0 %, 527 MiB, 81920 MiB
2026/04/14 17:14:34.988, 0 %, 0 MiB, 81920 MiB
2026/04/14 17:14:39.989, 0 %, 527 MiB, 81920 MiB
2026/04/14 17:14:39.989, 0 %, 0 MiB, 81920 MiB
2026/04/14 17:14:44.989, 0 %, 527 MiB, 81920 MiB
2026/04/14 17:14:44.989, 0 %, 0 MiB, 81920 MiB
2026/04/14 17:14:49.990, 0 %, 527 MiB, 81920 MiB
2026/04/14 17:14:49.990, 0 %, 0 MiB, 81920 MiB
2026/04/14 17:14:54.991, 0 %, 527 MiB, 81920 MiB
2026/04/14 17:14:54.991, 0 %, 0 MiB, 81920 MiB
2026/04/14 17:14:59.991, 0 %, 527 MiB, 81920 MiB
2026/04/14 17:14:59.991, 0 %, 0 MiB, 81920 MiB
2026/04/14 17:15:04.992, 0 %, 527 MiB, 81920 MiB
2026/04/14 17:15:04.992, 0 %, 0 MiB, 81920 MiB
2026/04/14 17:15:09.993, 0 %, 527 MiB, 81920 MiB
2026/04/14 17:15:09.993, 0 %, 0 MiB, 81920 MiB
2026/04/14 17:15:14.993, 0 %, 527 MiB, 81920 MiB
2026/04/14 17:15:14.993, 0 %, 0 MiB, 81920 MiB
2026/04/14 17:15:19.994, 0 %, 527 MiB, 81920 MiB
2026/04/14 17:15:19.994, 0 %, 0 MiB, 81920 MiB
2026/04/14 17:15:24.994, 0 %, 527 MiB, 81920 MiB
2026/04/14 17:15:24.995, 0 %, 0 MiB, 81920 MiB
2026/04/14 17:15:29.995, 0 %, 527 MiB, 81920 MiB
2026/04/14 17:15:29.995, 0 %, 0 MiB, 81920 MiB
2026/04/14 17:15:34.996, 0 %, 527 MiB, 81920 MiB
2026/04/14 17:15:34.996, 0 %, 0 MiB, 81920 MiB
2026/04/14 17:15:39.997, 11 %, 527 MiB, 81920 MiB
2026/04/14 17:15:39.997, 0 %, 0 MiB, 81920 MiB
2026/04/14 17:15:44.997, 0 %, 527 MiB, 81920 MiB
2026/04/14 17:15:44.997, 0 %, 0 MiB, 81920 MiB
2026/04/14 17:15:49.998, 4 %, 527 MiB, 81920 MiB
2026/04/14 17:15:49.998, 0 %, 0 MiB, 81920 MiB
2026/04/14 17:15:54.999, 3 %, 527 MiB, 81920 MiB
2026/04/14 17:15:54.999, 0 %, 0 MiB, 81920 MiB
2026/04/14 17:15:59.999, 17 %, 527 MiB, 81920 MiB
2026/04/14 17:15:59.999, 0 %, 0 MiB, 81920 MiB
2026/04/14 17:16:05.000, 17 %, 527 MiB, 81920 MiB
2026/04/14 17:16:05.000, 0 %, 0 MiB, 81920 MiB
2026/04/14 17:16:10.000, 10 %, 527 MiB, 81920 MiB
2026/04/14 17:16:10.001, 0 %, 0 MiB, 81920 MiB
2026/04/14 17:16:15.001, 10 %, 527 MiB, 81920 MiB
2026/04/14 17:16:15.001, 0 %, 0 MiB, 81920 MiB
2026/04/14 17:16:20.002, 16 %, 527 MiB, 81920 MiB
2026/04/14 17:16:20.002, 0 %, 0 MiB, 81920 MiB
2026/04/14 17:16:25.002, 0 %, 527 MiB, 81920 MiB
2026/04/14 17:16:25.002, 0 %, 0 MiB, 81920 MiB
2026/04/14 17:16:30.003, 2 %, 527 MiB, 81920 MiB
2026/04/14 17:16:30.003, 0 %, 0 MiB, 81920 MiB
2026/04/14 17:16:35.004, 4 %, 527 MiB, 81920 MiB
2026/04/14 17:16:35.004, 0 %, 0 MiB, 81920 MiB
2026/04/14 17:16:40.005, 0 %, 527 MiB, 81920 MiB
2026/04/14 17:16:40.005, 0 %, 0 MiB, 81920 MiB
2026/04/14 17:16:45.005, 0 %, 527 MiB, 81920 MiB
2026/04/14 17:16:45.005, 0 %, 0 MiB, 81920 MiB
2026/04/14 17:16:50.006, 0 %, 527 MiB, 81920 MiB
2026/04/14 17:16:50.006, 0 %, 0 MiB, 81920 MiB
2026/04/14 17:16:55.006, 0 %, 527 MiB, 81920 MiB
2026/04/14 17:16:55.007, 0 %, 0 MiB, 81920 MiB
2026/04/14 17:17:00.007, 0 %, 527 MiB, 81920 MiB
2026/04/14 17:17:00.007, 0 %, 0 MiB, 81920 MiB
2026/04/14 17:17:05.008, 0 %, 527 MiB, 81920 MiB
2026/04/14 17:17:05.008, 0 %, 0 MiB, 81920 MiB
2026/04/14 17:17:10.008, 0 %, 527 MiB, 81920 MiB
2026/04/14 17:17:10.009, 0 %, 0 MiB, 81920 MiB
2026/04/14 17:17:15.009, 0 %, 527 MiB, 81920 MiB
2026/04/14 17:17:15.009, 0 %, 0 MiB, 81920 MiB
2026/04/14 17:17:20.010, 0 %, 527 MiB, 81920 MiB
2026/04/14 17:17:20.010, 0 %, 0 MiB, 81920 MiB
2026/04/14 17:17:25.010, 0 %, 527 MiB, 81920 MiB
2026/04/14 17:17:25.010, 0 %, 0 MiB, 81920 MiB
2026/04/14 17:17:30.011, 0 %, 527 MiB, 81920 MiB
2026/04/14 17:17:30.011, 0 %, 0 MiB, 81920 MiB
2026/04/14 17:17:35.012, 0 %, 527 MiB, 81920 MiB
2026/04/14 17:17:35.012, 0 %, 0 MiB, 81920 MiB
2026/04/14 17:17:40.012, 0 %, 527 MiB, 81920 MiB
2026/04/14 17:17:40.013, 0 %, 0 MiB, 81920 MiB
2026/04/14 17:17:45.013, 0 %, 527 MiB, 81920 MiB
2026/04/14 17:17:45.013, 0 %, 0 MiB, 81920 MiB
2026/04/14 17:17:50.014, 0 %, 527 MiB, 81920 MiB
2026/04/14 17:17:50.014, 0 %, 0 MiB, 81920 MiB
2026/04/14 17:17:55.014, 0 %, 527 MiB, 81920 MiB
2026/04/14 17:17:55.015, 0 %, 0 MiB, 81920 MiB
2026/04/14 17:18:00.015, 0 %, 527 MiB, 81920 MiB
2026/04/14 17:18:00.015, 0 %, 0 MiB, 81920 MiB
2026/04/14 17:18:05.016, 0 %, 527 MiB, 81920 MiB
2026/04/14 17:18:05.016, 0 %, 0 MiB, 81920 MiB
2026/04/14 17:18:10.016, 0 %, 527 MiB, 81920 MiB
2026/04/14 17:18:10.016, 0 %, 0 MiB, 81920 MiB
2026/04/14 17:18:15.017, 0 %, 527 MiB, 81920 MiB
2026/04/14 17:18:15.017, 0 %, 0 MiB, 81920 MiB
2026/04/14 17:18:20.018, 5 %, 527 MiB, 81920 MiB
2026/04/14 17:18:20.018, 0 %, 0 MiB, 81920 MiB
2026/04/14 17:18:25.018, 0 %, 527 MiB, 81920 MiB
2026/04/14 17:18:25.018, 0 %, 0 MiB, 81920 MiB
2026/04/14 17:18:30.019, 0 %, 527 MiB, 81920 MiB
2026/04/14 17:18:30.019, 0 %, 0 MiB, 81920 MiB
2026/04/14 17:18:35.020, 15 %, 527 MiB, 81920 MiB
2026/04/14 17:18:35.020, 0 %, 0 MiB, 81920 MiB
2026/04/14 17:18:40.020, 14 %, 527 MiB, 81920 MiB
2026/04/14 17:18:40.020, 0 %, 0 MiB, 81920 MiB
2026/04/14 17:18:45.021, 11 %, 527 MiB, 81920 MiB
2026/04/14 17:18:45.021, 0 %, 0 MiB, 81920 MiB
2026/04/14 17:18:50.022, 8 %, 527 MiB, 81920 MiB
2026/04/14 17:18:50.022, 0 %, 0 MiB, 81920 MiB
2026/04/14 17:18:55.022, 0 %, 527 MiB, 81920 MiB
2026/04/14 17:18:55.022, 0 %, 0 MiB, 81920 MiB
2026/04/14 17:19:00.023, 0 %, 527 MiB, 81920 MiB
2026/04/14 17:19:00.023, 0 %, 0 MiB, 81920 MiB
2026/04/14 17:19:05.024, 1 %, 527 MiB, 81920 MiB
2026/04/14 17:19:05.024, 0 %, 0 MiB, 81920 MiB
2026/04/14 17:19:10.024, 1 %, 527 MiB, 81920 MiB
2026/04/14 17:19:10.024, 0 %, 0 MiB, 81920 MiB
2026/04/14 17:19:15.025, 0 %, 527 MiB, 81920 MiB
2026/04/14 17:19:15.025, 0 %, 0 MiB, 81920 MiB
2026/04/14 17:19:20.026, 0 %, 527 MiB, 81920 MiB
2026/04/14 17:19:20.026, 0 %, 0 MiB, 81920 MiB
2026/04/14 17:19:25.026, 0 %, 527 MiB, 81920 MiB
2026/04/14 17:19:25.026, 0 %, 0 MiB, 81920 MiB
2026/04/14 17:19:30.027, 0 %, 527 MiB, 81920 MiB
2026/04/14 17:19:30.027, 0 %, 0 MiB, 81920 MiB
2026/04/14 17:19:35.028, 0 %, 527 MiB, 81920 MiB
2026/04/14 17:19:35.028, 0 %, 0 MiB, 81920 MiB
2026/04/14 17:19:40.028, 0 %, 527 MiB, 81920 MiB
2026/04/14 17:19:40.028, 0 %, 0 MiB, 81920 MiB
2026/04/14 17:19:45.029, 0 %, 527 MiB, 81920 MiB
2026/04/14 17:19:45.029, 0 %, 0 MiB, 81920 MiB
2026/04/14 17:19:50.030, 0 %, 527 MiB, 81920 MiB
2026/04/14 17:19:50.030, 0 %, 0 MiB, 81920 MiB
2026/04/14 17:19:55.030, 0 %, 527 MiB, 81920 MiB
2026/04/14 17:19:55.030, 0 %, 0 MiB, 81920 MiB
2026/04/14 17:20:00.031, 0 %, 527 MiB, 81920 MiB
2026/04/14 17:20:00.031, 0 %, 0 MiB, 81920 MiB
2026/04/14 17:20:05.032, 0 %, 527 MiB, 81920 MiB
2026/04/14 17:20:05.032, 0 %, 0 MiB, 81920 MiB
2026/04/14 17:20:10.032, 0 %, 527 MiB, 81920 MiB
2026/04/14 17:20:10.032, 0 %, 0 MiB, 81920 MiB
2026/04/14 17:20:15.033, 1 %, 527 MiB, 81920 MiB
2026/04/14 17:20:15.033, 0 %, 0 MiB, 81920 MiB
2026/04/14 17:20:20.034, 0 %, 527 MiB, 81920 MiB
2026/04/14 17:20:20.034, 0 %, 0 MiB, 81920 MiB
2026/04/14 17:20:25.034, 0 %, 527 MiB, 81920 MiB
2026/04/14 17:20:25.034, 0 %, 0 MiB, 81920 MiB
2026/04/14 17:20:30.035, 0 %, 527 MiB, 81920 MiB
2026/04/14 17:20:30.035, 0 %, 0 MiB, 81920 MiB
2026/04/14 17:20:35.036, 10 %, 527 MiB, 81920 MiB
2026/04/14 17:20:35.036, 0 %, 0 MiB, 81920 MiB
2026/04/14 17:20:40.036, 9 %, 527 MiB, 81920 MiB
2026/04/14 17:20:40.036, 0 %, 0 MiB, 81920 MiB
2026/04/14 17:20:45.037, 16 %, 527 MiB, 81920 MiB
2026/04/14 17:20:45.037, 0 %, 0 MiB, 81920 MiB
2026/04/14 17:20:50.038, 16 %, 527 MiB, 81920 MiB
2026/04/14 17:20:50.038, 0 %, 0 MiB, 81920 MiB
2026/04/14 17:20:55.038, 1 %, 527 MiB, 81920 MiB
2026/04/14 17:20:55.038, 0 %, 0 MiB, 81920 MiB
2026/04/14 17:21:00.039, 18 %, 527 MiB, 81920 MiB
2026/04/14 17:21:00.039, 0 %, 0 MiB, 81920 MiB
2026/04/14 17:21:05.039, 0 %, 527 MiB, 81920 MiB
2026/04/14 17:21:05.040, 0 %, 0 MiB, 81920 MiB
2026/04/14 17:21:10.040, 7 %, 527 MiB, 81920 MiB
2026/04/14 17:21:10.040, 0 %, 0 MiB, 81920 MiB
2026/04/14 17:21:15.041, 0 %, 527 MiB, 81920 MiB
2026/04/14 17:21:15.041, 0 %, 0 MiB, 81920 MiB
2026/04/14 17:21:20.041, 0 %, 527 MiB, 81920 MiB
2026/04/14 17:21:20.041, 0 %, 0 MiB, 81920 MiB
2026/04/14 17:21:25.042, 0 %, 527 MiB, 81920 MiB
2026/04/14 17:21:25.042, 0 %, 0 MiB, 81920 MiB
2026/04/14 17:21:30.043, 0 %, 527 MiB, 81920 MiB
2026/04/14 17:21:30.043, 0 %, 0 MiB, 81920 MiB
2026/04/14 17:21:35.043, 0 %, 527 MiB, 81920 MiB
2026/04/14 17:21:35.043, 0 %, 0 MiB, 81920 MiB
2026/04/14 17:21:40.044, 0 %, 527 MiB, 81920 MiB
2026/04/14 17:21:40.044, 0 %, 0 MiB, 81920 MiB
2026/04/14 17:21:45.045, 0 %, 527 MiB, 81920 MiB
2026/04/14 17:21:45.045, 0 %, 0 MiB, 81920 MiB
2026/04/14 17:21:50.045, 0 %, 527 MiB, 81920 MiB
2026/04/14 17:21:50.045, 0 %, 0 MiB, 81920 MiB
2026/04/14 17:21:55.046, 0 %, 527 MiB, 81920 MiB
2026/04/14 17:21:55.046, 0 %, 0 MiB, 81920 MiB
2026/04/14 17:22:00.047, 0 %, 527 MiB, 81920 MiB
2026/04/14 17:22:00.047, 0 %, 0 MiB, 81920 MiB
2026/04/14 17:22:05.047, 0 %, 527 MiB, 81920 MiB
2026/04/14 17:22:05.047, 0 %, 0 MiB, 81920 MiB
2026/04/14 17:22:10.048, 0 %, 527 MiB, 81920 MiB
2026/04/14 17:22:10.048, 0 %, 0 MiB, 81920 MiB
2026/04/14 17:22:15.049, 0 %, 527 MiB, 81920 MiB
2026/04/14 17:22:15.049, 0 %, 0 MiB, 81920 MiB
2026/04/14 17:22:20.049, 0 %, 527 MiB, 81920 MiB
2026/04/14 17:22:20.049, 0 %, 0 MiB, 81920 MiB
2026/04/14 17:22:25.050, 0 %, 527 MiB, 81920 MiB
2026/04/14 17:22:25.050, 0 %, 0 MiB, 81920 MiB
2026/04/14 17:22:30.051, 0 %, 527 MiB, 81920 MiB
2026/04/14 17:22:30.051, 0 %, 0 MiB, 81920 MiB
2026/04/14 17:22:35.051, 0 %, 527 MiB, 81920 MiB
2026/04/14 17:22:35.051, 0 %, 0 MiB, 81920 MiB
2026/04/14 17:22:40.052, 0 %, 527 MiB, 81920 MiB
2026/04/14 17:22:40.052, 0 %, 0 MiB, 81920 MiB
2026/04/14 17:22:45.053, 0 %, 527 MiB, 81920 MiB
2026/04/14 17:22:45.053, 0 %, 0 MiB, 81920 MiB
2026/04/14 17:22:50.054, 16 %, 527 MiB, 81920 MiB
2026/04/14 17:22:50.054, 0 %, 0 MiB, 81920 MiB
2026/04/14 17:22:55.054, 18 %, 527 MiB, 81920 MiB
2026/04/14 17:22:55.054, 0 %, 0 MiB, 81920 MiB
2026/04/14 17:23:00.055, 9 %, 527 MiB, 81920 MiB
2026/04/14 17:23:00.055, 0 %, 0 MiB, 81920 MiB
2026/04/14 17:23:05.056, 10 %, 527 MiB, 81920 MiB
2026/04/14 17:23:05.056, 0 %, 0 MiB, 81920 MiB
2026/04/14 17:23:10.056, 15 %, 527 MiB, 81920 MiB
2026/04/14 17:23:10.057, 0 %, 0 MiB, 81920 MiB
2026/04/14 17:23:15.057, 14 %, 527 MiB, 81920 MiB
2026/04/14 17:23:15.057, 0 %, 0 MiB, 81920 MiB
2026/04/14 17:23:20.058, 1 %, 527 MiB, 81920 MiB
2026/04/14 17:23:20.058, 0 %, 0 MiB, 81920 MiB
2026/04/14 17:23:25.058, 1 %, 527 MiB, 81920 MiB
2026/04/14 17:23:25.058, 0 %, 0 MiB, 81920 MiB
2026/04/14 17:23:30.059, 0 %, 527 MiB, 81920 MiB
2026/04/14 17:23:30.059, 0 %, 0 MiB, 81920 MiB
2026/04/14 17:23:35.060, 0 %, 527 MiB, 81920 MiB
2026/04/14 17:23:35.060, 0 %, 0 MiB, 81920 MiB
2026/04/14 17:23:40.060, 0 %, 527 MiB, 81920 MiB
2026/04/14 17:23:40.060, 0 %, 0 MiB, 81920 MiB
2026/04/14 17:23:45.061, 0 %, 527 MiB, 81920 MiB
2026/04/14 17:23:45.061, 0 %, 0 MiB, 81920 MiB
2026/04/14 17:23:50.062, 0 %, 527 MiB, 81920 MiB
2026/04/14 17:23:50.062, 0 %, 0 MiB, 81920 MiB
2026/04/14 17:23:55.062, 0 %, 527 MiB, 81920 MiB
2026/04/14 17:23:55.062, 0 %, 0 MiB, 81920 MiB
2026/04/14 17:24:00.063, 0 %, 527 MiB, 81920 MiB
2026/04/14 17:24:00.063, 0 %, 0 MiB, 81920 MiB
2026/04/14 17:24:05.064, 0 %, 527 MiB, 81920 MiB
2026/04/14 17:24:05.064, 0 %, 0 MiB, 81920 MiB
2026/04/14 17:24:10.064, 0 %, 527 MiB, 81920 MiB
2026/04/14 17:24:10.064, 0 %, 0 MiB, 81920 MiB
2026/04/14 17:24:15.065, 0 %, 527 MiB, 81920 MiB
2026/04/14 17:24:15.065, 0 %, 0 MiB, 81920 MiB
2026/04/14 17:24:20.066, 0 %, 527 MiB, 81920 MiB
2026/04/14 17:24:20.066, 0 %, 0 MiB, 81920 MiB
2026/04/14 17:24:25.066, 0 %, 527 MiB, 81920 MiB
2026/04/14 17:24:25.066, 0 %, 0 MiB, 81920 MiB
2026/04/14 17:24:30.067, 0 %, 527 MiB, 81920 MiB
2026/04/14 17:24:30.067, 0 %, 0 MiB, 81920 MiB
2026/04/14 17:24:35.068, 0 %, 527 MiB, 81920 MiB
2026/04/14 17:24:35.068, 0 %, 0 MiB, 81920 MiB
2026/04/14 17:24:40.068, 0 %, 527 MiB, 81920 MiB
2026/04/14 17:24:40.068, 0 %, 0 MiB, 81920 MiB
2026/04/14 17:24:45.069, 0 %, 527 MiB, 81920 MiB
2026/04/14 17:24:45.069, 0 %, 0 MiB, 81920 MiB
2026/04/14 17:24:50.070, 0 %, 527 MiB, 81920 MiB
2026/04/14 17:24:50.070, 0 %, 0 MiB, 81920 MiB
2026/04/14 17:24:55.070, 0 %, 527 MiB, 81920 MiB
2026/04/14 17:24:55.070, 0 %, 0 MiB, 81920 MiB
2026/04/14 17:25:00.071, 0 %, 527 MiB, 81920 MiB
2026/04/14 17:25:00.071, 0 %, 0 MiB, 81920 MiB
2026/04/14 17:25:05.072, 0 %, 527 MiB, 81920 MiB
2026/04/14 17:25:05.072, 0 %, 0 MiB, 81920 MiB
2026/04/14 17:25:10.072, 0 %, 527 MiB, 81920 MiB
2026/04/14 17:25:10.072, 0 %, 0 MiB, 81920 MiB
2026/04/14 17:25:15.073, 0 %, 527 MiB, 81920 MiB
2026/04/14 17:25:15.073, 0 %, 0 MiB, 81920 MiB
2026/04/14 17:25:20.074, 0 %, 527 MiB, 81920 MiB
2026/04/14 17:25:20.074, 0 %, 0 MiB, 81920 MiB
2026/04/14 17:25:25.074, 0 %, 527 MiB, 81920 MiB
2026/04/14 17:25:25.074, 0 %, 0 MiB, 81920 MiB
2026/04/14 17:25:30.075, 0 %, 527 MiB, 81920 MiB
2026/04/14 17:25:30.075, 0 %, 0 MiB, 81920 MiB
2026/04/14 17:25:35.075, 0 %, 527 MiB, 81920 MiB
2026/04/14 17:25:35.076, 0 %, 0 MiB, 81920 MiB
2026/04/14 17:25:40.076, 0 %, 527 MiB, 81920 MiB
2026/04/14 17:25:40.076, 0 %, 0 MiB, 81920 MiB
2026/04/14 17:25:45.077, 0 %, 527 MiB, 81920 MiB
2026/04/14 17:25:45.077, 0 %, 0 MiB, 81920 MiB
2026/04/14 17:25:50.077, 0 %, 527 MiB, 81920 MiB
2026/04/14 17:25:50.077, 0 %, 0 MiB, 81920 MiB
2026/04/14 17:25:55.078, 0 %, 527 MiB, 81920 MiB
2026/04/14 17:25:55.078, 0 %, 0 MiB, 81920 MiB
2026/04/14 17:26:00.078, 0 %, 527 MiB, 81920 MiB
2026/04/14 17:26:00.079, 0 %, 0 MiB, 81920 MiB
2026/04/14 17:26:05.079, 0 %, 527 MiB, 81920 MiB
2026/04/14 17:26:05.079, 0 %, 0 MiB, 81920 MiB
2026/04/14 17:26:10.080, 0 %, 527 MiB, 81920 MiB
2026/04/14 17:26:10.080, 0 %, 0 MiB, 81920 MiB
2026/04/14 17:26:15.080, 0 %, 527 MiB, 81920 MiB
2026/04/14 17:26:15.081, 0 %, 0 MiB, 81920 MiB
2026/04/14 17:26:20.081, 0 %, 527 MiB, 81920 MiB
2026/04/14 17:26:20.081, 0 %, 0 MiB, 81920 MiB
2026/04/14 17:26:25.082, 0 %, 527 MiB, 81920 MiB
2026/04/14 17:26:25.082, 0 %, 0 MiB, 81920 MiB
2026/04/14 17:26:30.082, 0 %, 527 MiB, 81920 MiB
2026/04/14 17:26:30.082, 0 %, 0 MiB, 81920 MiB
2026/04/14 17:26:35.083, 0 %, 527 MiB, 81920 MiB
2026/04/14 17:26:35.083, 0 %, 0 MiB, 81920 MiB
2026/04/14 17:26:40.084, 0 %, 527 MiB, 81920 MiB
2026/04/14 17:26:40.084, 0 %, 0 MiB, 81920 MiB
2026/04/14 17:26:45.084, 0 %, 527 MiB, 81920 MiB
2026/04/14 17:26:45.084, 0 %, 0 MiB, 81920 MiB
2026/04/14 17:26:50.085, 0 %, 527 MiB, 81920 MiB
2026/04/14 17:26:50.085, 0 %, 0 MiB, 81920 MiB
2026/04/14 17:26:55.086, 0 %, 527 MiB, 81920 MiB
2026/04/14 17:26:55.086, 0 %, 0 MiB, 81920 MiB
2026/04/14 17:27:00.086, 0 %, 527 MiB, 81920 MiB
2026/04/14 17:27:00.086, 0 %, 0 MiB, 81920 MiB
2026/04/14 17:27:05.087, 0 %, 527 MiB, 81920 MiB
2026/04/14 17:27:05.087, 0 %, 0 MiB, 81920 MiB
2026/04/14 17:27:10.088, 0 %, 493 MiB, 81920 MiB
2026/04/14 17:27:10.088, 0 %, 0 MiB, 81920 MiB
2026/04/14 17:27:15.171, 0 %, 493 MiB, 81920 MiB
2026/04/14 17:27:15.171, 0 %, 0 MiB, 81920 MiB
2026/04/14 17:27:20.171, 0 %, 493 MiB, 81920 MiB
2026/04/14 17:27:20.171, 0 %, 0 MiB, 81920 MiB
2026/04/14 17:27:25.172, 0 %, 493 MiB, 81920 MiB
2026/04/14 17:27:25.172, 0 %, 0 MiB, 81920 MiB
2026/04/14 17:27:30.173, 0 %, 493 MiB, 81920 MiB
2026/04/14 17:27:30.173, 0 %, 0 MiB, 81920 MiB
2026/04/14 17:27:35.174, 0 %, 493 MiB, 81920 MiB
2026/04/14 17:27:35.174, 0 %, 0 MiB, 81920 MiB
2026/04/14 17:27:40.175, 0 %, 493 MiB, 81920 MiB
2026/04/14 17:27:40.175, 0 %, 0 MiB, 81920 MiB
2026/04/14 17:27:45.175, 0 %, 493 MiB, 81920 MiB
2026/04/14 17:27:45.176, 0 %, 0 MiB, 81920 MiB
2026/04/14 17:27:50.176, 0 %, 493 MiB, 81920 MiB
2026/04/14 17:27:50.177, 0 %, 0 MiB, 81920 MiB
2026/04/14 17:27:55.177, 0 %, 493 MiB, 81920 MiB
2026/04/14 17:27:55.177, 0 %, 0 MiB, 81920 MiB
2026/04/14 17:28:00.178, 0 %, 493 MiB, 81920 MiB
2026/04/14 17:28:00.178, 0 %, 0 MiB, 81920 MiB
2026/04/14 17:28:05.179, 0 %, 493 MiB, 81920 MiB
2026/04/14 17:28:05.179, 0 %, 0 MiB, 81920 MiB
2026/04/14 17:28:10.180, 0 %, 493 MiB, 81920 MiB
2026/04/14 17:28:10.180, 0 %, 0 MiB, 81920 MiB
2026/04/14 17:28:15.181, 0 %, 493 MiB, 81920 MiB
2026/04/14 17:28:15.181, 0 %, 0 MiB, 81920 MiB
2026/04/14 17:28:20.182, 0 %, 493 MiB, 81920 MiB
2026/04/14 17:28:20.182, 0 %, 0 MiB, 81920 MiB
2026/04/14 17:28:25.183, 0 %, 493 MiB, 81920 MiB
2026/04/14 17:28:25.183, 0 %, 0 MiB, 81920 MiB
2026/04/14 17:28:30.183, 0 %, 493 MiB, 81920 MiB
2026/04/14 17:28:30.183, 0 %, 0 MiB, 81920 MiB
2026/04/14 17:28:35.184, 0 %, 493 MiB, 81920 MiB
2026/04/14 17:28:35.184, 0 %, 0 MiB, 81920 MiB
2026/04/14 17:28:40.185, 0 %, 493 MiB, 81920 MiB
2026/04/14 17:28:40.185, 0 %, 0 MiB, 81920 MiB
2026/04/14 17:28:45.186, 0 %, 493 MiB, 81920 MiB
2026/04/14 17:28:45.186, 0 %, 0 MiB, 81920 MiB
2026/04/14 17:28:50.187, 0 %, 493 MiB, 81920 MiB
2026/04/14 17:28:50.187, 0 %, 0 MiB, 81920 MiB
2026/04/14 17:28:55.187, 0 %, 493 MiB, 81920 MiB
2026/04/14 17:28:55.187, 0 %, 0 MiB, 81920 MiB
2026/04/14 17:29:00.188, 0 %, 493 MiB, 81920 MiB
2026/04/14 17:29:00.188, 0 %, 0 MiB, 81920 MiB
2026/04/14 17:29:05.189, 0 %, 493 MiB, 81920 MiB
2026/04/14 17:29:05.189, 0 %, 0 MiB, 81920 MiB
2026/04/14 17:29:10.190, 0 %, 527 MiB, 81920 MiB
2026/04/14 17:29:10.190, 0 %, 0 MiB, 81920 MiB
2026/04/14 17:29:15.190, 0 %, 527 MiB, 81920 MiB
2026/04/14 17:29:15.191, 0 %, 0 MiB, 81920 MiB
2026/04/14 17:29:20.191, 0 %, 527 MiB, 81920 MiB
2026/04/14 17:29:20.191, 0 %, 0 MiB, 81920 MiB
2026/04/14 17:29:25.192, 5 %, 527 MiB, 81920 MiB
2026/04/14 17:29:25.192, 0 %, 0 MiB, 81920 MiB
2026/04/14 17:29:30.193, 5 %, 527 MiB, 81920 MiB
2026/04/14 17:29:30.193, 0 %, 0 MiB, 81920 MiB
2026/04/14 17:29:35.194, 19 %, 527 MiB, 81920 MiB
2026/04/14 17:29:35.194, 0 %, 0 MiB, 81920 MiB
2026/04/14 17:29:40.194, 0 %, 527 MiB, 81920 MiB
2026/04/14 17:29:40.195, 0 %, 0 MiB, 81920 MiB
2026/04/14 17:29:45.195, 5 %, 527 MiB, 81920 MiB
2026/04/14 17:29:45.195, 0 %, 0 MiB, 81920 MiB
2026/04/14 17:29:50.196, 14 %, 527 MiB, 81920 MiB
2026/04/14 17:29:50.196, 0 %, 0 MiB, 81920 MiB
2026/04/14 17:29:55.197, 11 %, 527 MiB, 81920 MiB
2026/04/14 17:29:55.197, 0 %, 0 MiB, 81920 MiB
2026/04/14 17:30:00.198, 10 %, 527 MiB, 81920 MiB
2026/04/14 17:30:00.198, 0 %, 0 MiB, 81920 MiB
2026/04/14 17:30:05.198, 0 %, 527 MiB, 81920 MiB
2026/04/14 17:30:05.198, 0 %, 0 MiB, 81920 MiB
2026/04/14 17:30:10.199, 0 %, 527 MiB, 81920 MiB
2026/04/14 17:30:10.199, 0 %, 0 MiB, 81920 MiB
2026/04/14 17:30:15.200, 0 %, 527 MiB, 81920 MiB
2026/04/14 17:30:15.200, 0 %, 0 MiB, 81920 MiB
2026/04/14 17:30:20.201, 0 %, 527 MiB, 81920 MiB
2026/04/14 17:30:20.201, 0 %, 0 MiB, 81920 MiB
2026/04/14 17:30:25.201, 0 %, 527 MiB, 81920 MiB
2026/04/14 17:30:25.202, 0 %, 0 MiB, 81920 MiB
2026/04/14 17:30:30.202, 0 %, 527 MiB, 81920 MiB
2026/04/14 17:30:30.202, 0 %, 0 MiB, 81920 MiB
2026/04/14 17:30:35.203, 0 %, 527 MiB, 81920 MiB
2026/04/14 17:30:35.203, 0 %, 0 MiB, 81920 MiB
2026/04/14 17:30:40.204, 0 %, 527 MiB, 81920 MiB
2026/04/14 17:30:40.204, 0 %, 0 MiB, 81920 MiB
2026/04/14 17:30:45.205, 0 %, 527 MiB, 81920 MiB
2026/04/14 17:30:45.205, 0 %, 0 MiB, 81920 MiB
2026/04/14 17:30:50.205, 0 %, 527 MiB, 81920 MiB
2026/04/14 17:30:50.205, 0 %, 0 MiB, 81920 MiB
2026/04/14 17:30:55.206, 0 %, 527 MiB, 81920 MiB
2026/04/14 17:30:55.206, 0 %, 0 MiB, 81920 MiB
2026/04/14 17:31:00.207, 0 %, 527 MiB, 81920 MiB
2026/04/14 17:31:00.207, 0 %, 0 MiB, 81920 MiB
2026/04/14 17:31:05.208, 0 %, 527 MiB, 81920 MiB
2026/04/14 17:31:05.208, 0 %, 0 MiB, 81920 MiB
2026/04/14 17:31:10.208, 0 %, 527 MiB, 81920 MiB
2026/04/14 17:31:10.209, 0 %, 0 MiB, 81920 MiB
2026/04/14 17:31:15.209, 0 %, 527 MiB, 81920 MiB
2026/04/14 17:31:15.209, 0 %, 0 MiB, 81920 MiB
2026/04/14 17:31:20.210, 0 %, 527 MiB, 81920 MiB
2026/04/14 17:31:20.210, 0 %, 0 MiB, 81920 MiB
2026/04/14 17:31:25.211, 0 %, 527 MiB, 81920 MiB
2026/04/14 17:31:25.211, 0 %, 0 MiB, 81920 MiB
2026/04/14 17:31:30.212, 1 %, 527 MiB, 81920 MiB
2026/04/14 17:31:30.212, 0 %, 0 MiB, 81920 MiB
2026/04/14 17:31:35.212, 0 %, 527 MiB, 81920 MiB
2026/04/14 17:31:35.212, 0 %, 0 MiB, 81920 MiB
2026/04/14 17:31:40.213, 16 %, 527 MiB, 81920 MiB
2026/04/14 17:31:40.213, 0 %, 0 MiB, 81920 MiB
2026/04/14 17:31:45.214, 0 %, 527 MiB, 81920 MiB
2026/04/14 17:31:45.214, 0 %, 0 MiB, 81920 MiB
2026/04/14 17:31:50.215, 7 %, 527 MiB, 81920 MiB
2026/04/14 17:31:50.215, 0 %, 0 MiB, 81920 MiB
2026/04/14 17:31:55.216, 6 %, 527 MiB, 81920 MiB
2026/04/14 17:31:55.216, 0 %, 0 MiB, 81920 MiB
2026/04/14 17:32:00.216, 19 %, 527 MiB, 81920 MiB
2026/04/14 17:32:00.216, 0 %, 0 MiB, 81920 MiB
2026/04/14 17:32:05.217, 19 %, 527 MiB, 81920 MiB
2026/04/14 17:32:05.217, 0 %, 0 MiB, 81920 MiB
2026/04/14 17:32:10.218, 4 %, 527 MiB, 81920 MiB
2026/04/14 17:32:10.218, 0 %, 0 MiB, 81920 MiB
2026/04/14 17:32:15.219, 5 %, 527 MiB, 81920 MiB
2026/04/14 17:32:15.219, 0 %, 0 MiB, 81920 MiB
2026/04/14 17:32:20.219, 0 %, 527 MiB, 81920 MiB
2026/04/14 17:32:20.219, 0 %, 0 MiB, 81920 MiB
2026/04/14 17:32:25.220, 12 %, 527 MiB, 81920 MiB
2026/04/14 17:32:25.220, 0 %, 0 MiB, 81920 MiB
2026/04/14 17:32:30.221, 0 %, 527 MiB, 81920 MiB
2026/04/14 17:32:30.221, 0 %, 0 MiB, 81920 MiB
2026/04/14 17:32:35.222, 0 %, 527 MiB, 81920 MiB
2026/04/14 17:32:35.222, 0 %, 0 MiB, 81920 MiB
2026/04/14 17:32:40.222, 0 %, 527 MiB, 81920 MiB
2026/04/14 17:32:40.223, 0 %, 0 MiB, 81920 MiB
2026/04/14 17:32:45.223, 0 %, 527 MiB, 81920 MiB
2026/04/14 17:32:45.223, 0 %, 0 MiB, 81920 MiB
2026/04/14 17:32:50.224, 0 %, 527 MiB, 81920 MiB
2026/04/14 17:32:50.224, 0 %, 0 MiB, 81920 MiB
2026/04/14 17:32:55.225, 0 %, 527 MiB, 81920 MiB
2026/04/14 17:32:55.225, 0 %, 0 MiB, 81920 MiB
2026/04/14 17:33:00.225, 0 %, 527 MiB, 81920 MiB
2026/04/14 17:33:00.226, 0 %, 0 MiB, 81920 MiB
2026/04/14 17:33:05.226, 0 %, 527 MiB, 81920 MiB
2026/04/14 17:33:05.226, 0 %, 0 MiB, 81920 MiB
2026/04/14 17:33:10.227, 0 %, 527 MiB, 81920 MiB
2026/04/14 17:33:10.227, 0 %, 0 MiB, 81920 MiB
2026/04/14 17:33:15.228, 0 %, 527 MiB, 81920 MiB
2026/04/14 17:33:15.228, 0 %, 0 MiB, 81920 MiB
2026/04/14 17:33:20.229, 0 %, 527 MiB, 81920 MiB
2026/04/14 17:33:20.229, 0 %, 0 MiB, 81920 MiB
2026/04/14 17:33:25.229, 0 %, 527 MiB, 81920 MiB
2026/04/14 17:33:25.230, 0 %, 0 MiB, 81920 MiB
2026/04/14 17:33:30.230, 0 %, 527 MiB, 81920 MiB
2026/04/14 17:33:30.230, 0 %, 0 MiB, 81920 MiB
2026/04/14 17:33:35.231, 0 %, 527 MiB, 81920 MiB
2026/04/14 17:33:35.231, 0 %, 0 MiB, 81920 MiB
2026/04/14 17:33:40.232, 0 %, 527 MiB, 81920 MiB
2026/04/14 17:33:40.232, 0 %, 0 MiB, 81920 MiB
2026/04/14 17:33:45.232, 0 %, 527 MiB, 81920 MiB
2026/04/14 17:33:45.233, 0 %, 0 MiB, 81920 MiB
2026/04/14 17:33:50.233, 0 %, 527 MiB, 81920 MiB
2026/04/14 17:33:50.233, 0 %, 0 MiB, 81920 MiB
2026/04/14 17:33:55.234, 0 %, 527 MiB, 81920 MiB
2026/04/14 17:33:55.234, 0 %, 0 MiB, 81920 MiB
2026/04/14 17:34:00.235, 0 %, 527 MiB, 81920 MiB
2026/04/14 17:34:00.235, 0 %, 0 MiB, 81920 MiB
2026/04/14 17:34:05.236, 4 %, 527 MiB, 81920 MiB
2026/04/14 17:34:05.236, 0 %, 0 MiB, 81920 MiB
2026/04/14 17:34:10.236, 4 %, 527 MiB, 81920 MiB
2026/04/14 17:34:10.236, 0 %, 0 MiB, 81920 MiB
2026/04/14 17:34:15.237, 18 %, 527 MiB, 81920 MiB
2026/04/14 17:34:15.237, 0 %, 0 MiB, 81920 MiB
2026/04/14 17:34:20.238, 17 %, 527 MiB, 81920 MiB
2026/04/14 17:34:20.238, 0 %, 0 MiB, 81920 MiB
2026/04/14 17:34:25.239, 8 %, 527 MiB, 81920 MiB
2026/04/14 17:34:25.239, 0 %, 0 MiB, 81920 MiB
2026/04/14 17:34:30.239, 8 %, 527 MiB, 81920 MiB
2026/04/14 17:34:30.239, 0 %, 0 MiB, 81920 MiB
2026/04/14 17:34:35.240, 15 %, 527 MiB, 81920 MiB
2026/04/14 17:34:35.240, 0 %, 0 MiB, 81920 MiB
2026/04/14 17:34:40.241, 15 %, 527 MiB, 81920 MiB
2026/04/14 17:34:40.241, 0 %, 0 MiB, 81920 MiB
2026/04/14 17:34:45.242, 1 %, 527 MiB, 81920 MiB
2026/04/14 17:34:45.242, 0 %, 0 MiB, 81920 MiB
2026/04/14 17:34:50.243, 1 %, 527 MiB, 81920 MiB
2026/04/14 17:34:50.243, 0 %, 0 MiB, 81920 MiB
2026/04/14 17:34:55.243, 0 %, 527 MiB, 81920 MiB
2026/04/14 17:34:55.243, 0 %, 0 MiB, 81920 MiB
2026/04/14 17:35:00.244, 0 %, 527 MiB, 81920 MiB
2026/04/14 17:35:00.244, 0 %, 0 MiB, 81920 MiB
2026/04/14 17:35:05.245, 0 %, 527 MiB, 81920 MiB
2026/04/14 17:35:05.245, 0 %, 0 MiB, 81920 MiB
2026/04/14 17:35:10.246, 0 %, 527 MiB, 81920 MiB
2026/04/14 17:35:10.246, 0 %, 0 MiB, 81920 MiB
2026/04/14 17:35:15.246, 0 %, 527 MiB, 81920 MiB
2026/04/14 17:35:15.246, 0 %, 0 MiB, 81920 MiB
2026/04/14 17:35:20.247, 0 %, 527 MiB, 81920 MiB
2026/04/14 17:35:20.247, 0 %, 0 MiB, 81920 MiB
2026/04/14 17:35:25.248, 0 %, 527 MiB, 81920 MiB
2026/04/14 17:35:25.248, 0 %, 0 MiB, 81920 MiB
2026/04/14 17:35:30.249, 0 %, 527 MiB, 81920 MiB
2026/04/14 17:35:30.249, 0 %, 0 MiB, 81920 MiB
2026/04/14 17:35:35.249, 0 %, 527 MiB, 81920 MiB
2026/04/14 17:35:35.250, 0 %, 0 MiB, 81920 MiB
2026/04/14 17:35:40.250, 0 %, 527 MiB, 81920 MiB
2026/04/14 17:35:40.250, 0 %, 0 MiB, 81920 MiB
2026/04/14 17:35:45.251, 0 %, 527 MiB, 81920 MiB
2026/04/14 17:35:45.251, 0 %, 0 MiB, 81920 MiB
2026/04/14 17:35:50.252, 0 %, 527 MiB, 81920 MiB
2026/04/14 17:35:50.252, 0 %, 0 MiB, 81920 MiB
2026/04/14 17:35:55.252, 0 %, 527 MiB, 81920 MiB
2026/04/14 17:35:55.253, 0 %, 0 MiB, 81920 MiB
2026/04/14 17:36:00.253, 0 %, 527 MiB, 81920 MiB
2026/04/14 17:36:00.253, 0 %, 0 MiB, 81920 MiB
2026/04/14 17:36:05.254, 0 %, 527 MiB, 81920 MiB
2026/04/14 17:36:05.254, 0 %, 0 MiB, 81920 MiB
2026/04/14 17:36:10.255, 0 %, 527 MiB, 81920 MiB
2026/04/14 17:36:10.255, 0 %, 0 MiB, 81920 MiB
2026/04/14 17:36:15.256, 0 %, 527 MiB, 81920 MiB
2026/04/14 17:36:15.256, 0 %, 0 MiB, 81920 MiB
2026/04/14 17:36:20.257, 0 %, 527 MiB, 81920 MiB
2026/04/14 17:36:20.257, 0 %, 0 MiB, 81920 MiB
2026/04/14 17:36:25.257, 12 %, 527 MiB, 81920 MiB
2026/04/14 17:36:25.258, 0 %, 0 MiB, 81920 MiB
2026/04/14 17:36:30.258, 0 %, 527 MiB, 81920 MiB
2026/04/14 17:36:30.258, 0 %, 0 MiB, 81920 MiB
2026/04/14 17:36:35.259, 3 %, 527 MiB, 81920 MiB
2026/04/14 17:36:35.259, 0 %, 0 MiB, 81920 MiB
2026/04/14 17:36:40.260, 16 %, 527 MiB, 81920 MiB
2026/04/14 17:36:40.260, 0 %, 0 MiB, 81920 MiB
2026/04/14 17:36:45.261, 18 %, 527 MiB, 81920 MiB
2026/04/14 17:36:45.261, 0 %, 0 MiB, 81920 MiB
2026/04/14 17:36:50.262, 17 %, 527 MiB, 81920 MiB
2026/04/14 17:36:50.262, 0 %, 0 MiB, 81920 MiB
2026/04/14 17:36:55.262, 9 %, 527 MiB, 81920 MiB
2026/04/14 17:36:55.263, 0 %, 0 MiB, 81920 MiB
2026/04/14 17:37:00.263, 11 %, 527 MiB, 81920 MiB
2026/04/14 17:37:00.263, 0 %, 0 MiB, 81920 MiB
2026/04/14 17:37:05.264, 0 %, 527 MiB, 81920 MiB
2026/04/14 17:37:05.264, 0 %, 0 MiB, 81920 MiB
2026/04/14 17:37:10.265, 19 %, 527 MiB, 81920 MiB
2026/04/14 17:37:10.265, 0 %, 0 MiB, 81920 MiB
2026/04/14 17:37:15.266, 0 %, 527 MiB, 81920 MiB
2026/04/14 17:37:15.266, 0 %, 0 MiB, 81920 MiB
2026/04/14 17:37:20.266, 0 %, 527 MiB, 81920 MiB
2026/04/14 17:37:20.267, 0 %, 0 MiB, 81920 MiB
2026/04/14 17:37:25.267, 0 %, 527 MiB, 81920 MiB
2026/04/14 17:37:25.267, 0 %, 0 MiB, 81920 MiB
2026/04/14 17:37:30.268, 0 %, 527 MiB, 81920 MiB
2026/04/14 17:37:30.268, 0 %, 0 MiB, 81920 MiB
2026/04/14 17:37:35.269, 0 %, 527 MiB, 81920 MiB
2026/04/14 17:37:35.269, 0 %, 0 MiB, 81920 MiB
2026/04/14 17:37:40.270, 0 %, 527 MiB, 81920 MiB
2026/04/14 17:37:40.270, 0 %, 0 MiB, 81920 MiB
2026/04/14 17:37:45.271, 0 %, 527 MiB, 81920 MiB
2026/04/14 17:37:45.271, 0 %, 0 MiB, 81920 MiB
2026/04/14 17:37:50.271, 0 %, 527 MiB, 81920 MiB
2026/04/14 17:37:50.271, 0 %, 0 MiB, 81920 MiB
2026/04/14 17:37:55.272, 0 %, 527 MiB, 81920 MiB
2026/04/14 17:37:55.272, 0 %, 0 MiB, 81920 MiB
2026/04/14 17:38:00.273, 0 %, 527 MiB, 81920 MiB
2026/04/14 17:38:00.273, 0 %, 0 MiB, 81920 MiB
2026/04/14 17:38:05.274, 0 %, 527 MiB, 81920 MiB
2026/04/14 17:38:05.274, 0 %, 0 MiB, 81920 MiB
2026/04/14 17:38:10.275, 0 %, 527 MiB, 81920 MiB
2026/04/14 17:38:10.275, 0 %, 0 MiB, 81920 MiB
2026/04/14 17:38:15.275, 0 %, 527 MiB, 81920 MiB
2026/04/14 17:38:15.276, 0 %, 0 MiB, 81920 MiB
2026/04/14 17:38:20.276, 0 %, 527 MiB, 81920 MiB
2026/04/14 17:38:20.276, 0 %, 0 MiB, 81920 MiB
2026/04/14 17:38:25.277, 0 %, 527 MiB, 81920 MiB
2026/04/14 17:38:25.277, 0 %, 0 MiB, 81920 MiB
2026/04/14 17:38:30.278, 0 %, 527 MiB, 81920 MiB
2026/04/14 17:38:30.278, 0 %, 0 MiB, 81920 MiB
2026/04/14 17:38:35.279, 0 %, 527 MiB, 81920 MiB
2026/04/14 17:38:35.279, 0 %, 0 MiB, 81920 MiB
2026/04/14 17:38:40.280, 0 %, 527 MiB, 81920 MiB
2026/04/14 17:38:40.280, 0 %, 0 MiB, 81920 MiB
2026/04/14 17:38:45.280, 0 %, 527 MiB, 81920 MiB
2026/04/14 17:38:45.281, 0 %, 0 MiB, 81920 MiB
2026/04/14 17:38:50.281, 0 %, 527 MiB, 81920 MiB
2026/04/14 17:38:50.281, 0 %, 0 MiB, 81920 MiB
2026/04/14 17:38:55.282, 0 %, 527 MiB, 81920 MiB
2026/04/14 17:38:55.282, 0 %, 0 MiB, 81920 MiB
2026/04/14 17:39:00.283, 0 %, 527 MiB, 81920 MiB
2026/04/14 17:39:00.283, 0 %, 0 MiB, 81920 MiB
2026/04/14 17:39:05.284, 0 %, 527 MiB, 81920 MiB
2026/04/14 17:39:05.284, 0 %, 0 MiB, 81920 MiB
2026/04/14 17:39:10.284, 9 %, 527 MiB, 81920 MiB
2026/04/14 17:39:10.285, 0 %, 0 MiB, 81920 MiB
2026/04/14 17:39:15.285, 9 %, 527 MiB, 81920 MiB
2026/04/14 17:39:15.285, 0 %, 0 MiB, 81920 MiB
2026/04/14 17:39:20.286, 1 %, 527 MiB, 81920 MiB
2026/04/14 17:39:20.286, 0 %, 0 MiB, 81920 MiB
2026/04/14 17:39:25.287, 0 %, 527 MiB, 81920 MiB
2026/04/14 17:39:25.287, 0 %, 0 MiB, 81920 MiB
2026/04/14 17:39:30.288, 13 %, 527 MiB, 81920 MiB
2026/04/14 17:39:30.288, 0 %, 0 MiB, 81920 MiB
2026/04/14 17:39:35.289, 12 %, 527 MiB, 81920 MiB
2026/04/14 17:39:35.289, 0 %, 0 MiB, 81920 MiB
2026/04/14 17:39:40.289, 15 %, 527 MiB, 81920 MiB
2026/04/14 17:39:40.289, 0 %, 0 MiB, 81920 MiB
2026/04/14 17:39:45.290, 15 %, 527 MiB, 81920 MiB
2026/04/14 17:39:45.290, 0 %, 0 MiB, 81920 MiB
2026/04/14 17:39:50.291, 2 %, 527 MiB, 81920 MiB
2026/04/14 17:39:50.291, 0 %, 0 MiB, 81920 MiB
2026/04/14 17:39:55.292, 2 %, 527 MiB, 81920 MiB
2026/04/14 17:39:55.292, 0 %, 0 MiB, 81920 MiB
2026/04/14 17:40:00.293, 0 %, 527 MiB, 81920 MiB
2026/04/14 17:40:00.293, 0 %, 0 MiB, 81920 MiB
2026/04/14 17:40:05.293, 10 %, 527 MiB, 81920 MiB
2026/04/14 17:40:05.294, 0 %, 0 MiB, 81920 MiB
2026/04/14 17:40:10.294, 0 %, 527 MiB, 81920 MiB
2026/04/14 17:40:10.294, 0 %, 0 MiB, 81920 MiB
2026/04/14 17:40:15.295, 0 %, 527 MiB, 81920 MiB
2026/04/14 17:40:15.295, 0 %, 0 MiB, 81920 MiB
2026/04/14 17:40:20.296, 0 %, 527 MiB, 81920 MiB
2026/04/14 17:40:20.296, 0 %, 0 MiB, 81920 MiB
2026/04/14 17:40:25.297, 0 %, 527 MiB, 81920 MiB
2026/04/14 17:40:25.297, 0 %, 0 MiB, 81920 MiB
2026/04/14 17:40:30.297, 0 %, 527 MiB, 81920 MiB
2026/04/14 17:40:30.297, 0 %, 0 MiB, 81920 MiB
2026/04/14 17:40:35.298, 0 %, 527 MiB, 81920 MiB
2026/04/14 17:40:35.298, 0 %, 0 MiB, 81920 MiB
2026/04/14 17:40:40.299, 0 %, 527 MiB, 81920 MiB
2026/04/14 17:40:40.299, 0 %, 0 MiB, 81920 MiB
2026/04/14 17:40:45.299, 0 %, 527 MiB, 81920 MiB
2026/04/14 17:40:45.299, 0 %, 0 MiB, 81920 MiB
2026/04/14 17:40:50.300, 0 %, 527 MiB, 81920 MiB
2026/04/14 17:40:50.300, 0 %, 0 MiB, 81920 MiB
2026/04/14 17:40:55.301, 0 %, 527 MiB, 81920 MiB
2026/04/14 17:40:55.301, 0 %, 0 MiB, 81920 MiB
2026/04/14 17:41:00.301, 0 %, 527 MiB, 81920 MiB
2026/04/14 17:41:00.301, 0 %, 0 MiB, 81920 MiB
2026/04/14 17:41:05.302, 0 %, 527 MiB, 81920 MiB
2026/04/14 17:41:05.302, 0 %, 0 MiB, 81920 MiB
2026/04/14 17:41:10.303, 0 %, 527 MiB, 81920 MiB
2026/04/14 17:41:10.303, 0 %, 0 MiB, 81920 MiB
2026/04/14 17:41:15.304, 0 %, 527 MiB, 81920 MiB
2026/04/14 17:41:15.304, 0 %, 0 MiB, 81920 MiB
2026/04/14 17:41:20.304, 0 %, 527 MiB, 81920 MiB
2026/04/14 17:41:20.304, 0 %, 0 MiB, 81920 MiB
2026/04/14 17:41:25.305, 0 %, 527 MiB, 81920 MiB
2026/04/14 17:41:25.305, 0 %, 0 MiB, 81920 MiB
2026/04/14 17:41:30.306, 0 %, 527 MiB, 81920 MiB
2026/04/14 17:41:30.306, 0 %, 0 MiB, 81920 MiB
2026/04/14 17:41:35.306, 0 %, 527 MiB, 81920 MiB
2026/04/14 17:41:35.306, 0 %, 0 MiB, 81920 MiB
2026/04/14 17:41:40.307, 0 %, 527 MiB, 81920 MiB
2026/04/14 17:41:40.307, 0 %, 0 MiB, 81920 MiB
2026/04/14 17:41:45.308, 0 %, 527 MiB, 81920 MiB
2026/04/14 17:41:45.308, 0 %, 0 MiB, 81920 MiB
2026/04/14 17:41:50.309, 0 %, 527 MiB, 81920 MiB
2026/04/14 17:41:50.309, 0 %, 0 MiB, 81920 MiB
2026/04/14 17:41:55.309, 0 %, 527 MiB, 81920 MiB
2026/04/14 17:41:55.309, 0 %, 0 MiB, 81920 MiB
2026/04/14 17:42:00.310, 0 %, 527 MiB, 81920 MiB
2026/04/14 17:42:00.310, 0 %, 0 MiB, 81920 MiB
2026/04/14 17:42:05.311, 0 %, 527 MiB, 81920 MiB
2026/04/14 17:42:05.311, 0 %, 0 MiB, 81920 MiB
2026/04/14 17:42:10.311, 0 %, 527 MiB, 81920 MiB
2026/04/14 17:42:10.312, 0 %, 0 MiB, 81920 MiB
2026/04/14 17:42:15.312, 0 %, 493 MiB, 81920 MiB
2026/04/14 17:42:15.312, 0 %, 0 MiB, 81920 MiB
2026/04/14 17:42:20.313, 0 %, 493 MiB, 81920 MiB
2026/04/14 17:42:20.313, 0 %, 0 MiB, 81920 MiB
2026/04/14 17:42:25.314, 0 %, 493 MiB, 81920 MiB
2026/04/14 17:42:25.314, 0 %, 0 MiB, 81920 MiB
2026/04/14 17:42:30.315, 0 %, 493 MiB, 81920 MiB
2026/04/14 17:42:30.315, 0 %, 0 MiB, 81920 MiB
2026/04/14 17:42:35.315, 0 %, 493 MiB, 81920 MiB
2026/04/14 17:42:35.316, 0 %, 0 MiB, 81920 MiB
2026/04/14 17:42:40.317, 0 %, 493 MiB, 81920 MiB
2026/04/14 17:42:40.317, 0 %, 0 MiB, 81920 MiB
2026/04/14 17:42:45.318, 0 %, 493 MiB, 81920 MiB
2026/04/14 17:42:45.318, 0 %, 0 MiB, 81920 MiB
2026/04/14 17:42:50.318, 0 %, 493 MiB, 81920 MiB
2026/04/14 17:42:50.318, 0 %, 0 MiB, 81920 MiB
2026/04/14 17:42:55.319, 0 %, 493 MiB, 81920 MiB
2026/04/14 17:42:55.319, 0 %, 0 MiB, 81920 MiB
2026/04/14 17:43:00.320, 0 %, 493 MiB, 81920 MiB
2026/04/14 17:43:00.320, 0 %, 0 MiB, 81920 MiB
2026/04/14 17:43:05.321, 0 %, 493 MiB, 81920 MiB
2026/04/14 17:43:05.321, 0 %, 0 MiB, 81920 MiB
2026/04/14 17:43:10.322, 0 %, 493 MiB, 81920 MiB
2026/04/14 17:43:10.322, 0 %, 0 MiB, 81920 MiB
2026/04/14 17:43:15.323, 0 %, 493 MiB, 81920 MiB
2026/04/14 17:43:15.323, 0 %, 0 MiB, 81920 MiB
2026/04/14 17:43:20.324, 0 %, 493 MiB, 81920 MiB
2026/04/14 17:43:20.324, 0 %, 0 MiB, 81920 MiB
2026/04/14 17:43:25.324, 0 %, 493 MiB, 81920 MiB
2026/04/14 17:43:25.325, 0 %, 0 MiB, 81920 MiB
2026/04/14 17:43:30.325, 0 %, 493 MiB, 81920 MiB
2026/04/14 17:43:30.326, 0 %, 0 MiB, 81920 MiB
2026/04/14 17:43:35.326, 0 %, 493 MiB, 81920 MiB
2026/04/14 17:43:35.327, 0 %, 0 MiB, 81920 MiB
2026/04/14 17:43:40.327, 0 %, 493 MiB, 81920 MiB
2026/04/14 17:43:40.327, 0 %, 0 MiB, 81920 MiB
2026/04/14 17:43:45.328, 0 %, 493 MiB, 81920 MiB
2026/04/14 17:43:45.328, 0 %, 0 MiB, 81920 MiB
2026/04/14 17:43:50.329, 0 %, 493 MiB, 81920 MiB
2026/04/14 17:43:50.329, 0 %, 0 MiB, 81920 MiB
2026/04/14 17:43:55.330, 0 %, 493 MiB, 81920 MiB
2026/04/14 17:43:55.330, 0 %, 0 MiB, 81920 MiB
2026/04/14 17:44:00.332, 0 %, 493 MiB, 81920 MiB
2026/04/14 17:44:00.332, 0 %, 0 MiB, 81920 MiB
2026/04/14 17:44:05.333, 0 %, 493 MiB, 81920 MiB
2026/04/14 17:44:05.333, 0 %, 0 MiB, 81920 MiB
2026/04/14 17:44:10.334, 0 %, 493 MiB, 81920 MiB
2026/04/14 17:44:10.334, 0 %, 0 MiB, 81920 MiB
2026/04/14 17:44:15.335, 0 %, 493 MiB, 81920 MiB
2026/04/14 17:44:15.335, 0 %, 0 MiB, 81920 MiB
2026/04/14 17:44:20.336, 0 %, 527 MiB, 81920 MiB
2026/04/14 17:44:20.336, 0 %, 0 MiB, 81920 MiB
2026/04/14 17:44:25.337, 0 %, 527 MiB, 81920 MiB
2026/04/14 17:44:25.337, 0 %, 0 MiB, 81920 MiB
2026/04/14 17:44:30.338, 0 %, 527 MiB, 81920 MiB
2026/04/14 17:44:30.338, 0 %, 0 MiB, 81920 MiB
2026/04/14 17:44:35.339, 0 %, 527 MiB, 81920 MiB
2026/04/14 17:44:35.339, 0 %, 0 MiB, 81920 MiB
2026/04/14 17:44:40.339, 16 %, 527 MiB, 81920 MiB
2026/04/14 17:44:40.340, 0 %, 0 MiB, 81920 MiB
2026/04/14 17:44:45.340, 19 %, 527 MiB, 81920 MiB
2026/04/14 17:44:45.341, 0 %, 0 MiB, 81920 MiB
2026/04/14 17:44:50.341, 6 %, 527 MiB, 81920 MiB
2026/04/14 17:44:50.341, 0 %, 0 MiB, 81920 MiB
2026/04/14 17:44:55.342, 10 %, 527 MiB, 81920 MiB
2026/04/14 17:44:55.342, 0 %, 0 MiB, 81920 MiB
2026/04/14 17:45:00.343, 0 %, 527 MiB, 81920 MiB
2026/04/14 17:45:00.343, 0 %, 0 MiB, 81920 MiB
2026/04/14 17:45:05.344, 7 %, 527 MiB, 81920 MiB
2026/04/14 17:45:05.344, 0 %, 0 MiB, 81920 MiB
2026/04/14 17:45:10.345, 15 %, 527 MiB, 81920 MiB
2026/04/14 17:45:10.345, 0 %, 0 MiB, 81920 MiB
2026/04/14 17:45:15.346, 16 %, 527 MiB, 81920 MiB
2026/04/14 17:45:15.346, 0 %, 0 MiB, 81920 MiB
2026/04/14 17:45:20.347, 3 %, 527 MiB, 81920 MiB
2026/04/14 17:45:20.347, 0 %, 0 MiB, 81920 MiB
2026/04/14 17:45:25.348, 6 %, 527 MiB, 81920 MiB
2026/04/14 17:45:25.348, 0 %, 0 MiB, 81920 MiB
2026/04/14 17:45:30.348, 0 %, 527 MiB, 81920 MiB
2026/04/14 17:45:30.349, 0 %, 0 MiB, 81920 MiB
2026/04/14 17:45:35.349, 0 %, 527 MiB, 81920 MiB
2026/04/14 17:45:35.350, 0 %, 0 MiB, 81920 MiB
2026/04/14 17:45:40.350, 0 %, 527 MiB, 81920 MiB
2026/04/14 17:45:40.350, 0 %, 0 MiB, 81920 MiB
2026/04/14 17:45:45.351, 0 %, 527 MiB, 81920 MiB
2026/04/14 17:45:45.351, 0 %, 0 MiB, 81920 MiB
2026/04/14 17:45:50.352, 4 %, 527 MiB, 81920 MiB
2026/04/14 17:45:50.352, 0 %, 0 MiB, 81920 MiB
2026/04/14 17:45:55.353, 10 %, 527 MiB, 81920 MiB
2026/04/14 17:45:55.353, 0 %, 0 MiB, 81920 MiB
2026/04/14 17:46:00.353, 0 %, 527 MiB, 81920 MiB
2026/04/14 17:46:00.354, 0 %, 0 MiB, 81920 MiB
2026/04/14 17:46:05.354, 0 %, 527 MiB, 81920 MiB
2026/04/14 17:46:05.355, 0 %, 0 MiB, 81920 MiB
2026/04/14 17:46:10.355, 0 %, 527 MiB, 81920 MiB
2026/04/14 17:46:10.355, 0 %, 0 MiB, 81920 MiB
2026/04/14 17:46:15.356, 0 %, 527 MiB, 81920 MiB
2026/04/14 17:46:15.356, 0 %, 0 MiB, 81920 MiB
2026/04/14 17:46:20.357, 0 %, 527 MiB, 81920 MiB
2026/04/14 17:46:20.357, 0 %, 0 MiB, 81920 MiB
2026/04/14 17:46:25.358, 6 %, 527 MiB, 81920 MiB
2026/04/14 17:46:25.358, 0 %, 0 MiB, 81920 MiB
2026/04/14 17:46:30.359, 0 %, 527 MiB, 81920 MiB
2026/04/14 17:46:30.359, 0 %, 0 MiB, 81920 MiB
2026/04/14 17:46:35.360, 0 %, 527 MiB, 81920 MiB
2026/04/14 17:46:35.360, 0 %, 0 MiB, 81920 MiB
2026/04/14 17:46:40.361, 0 %, 527 MiB, 81920 MiB
2026/04/14 17:46:40.361, 0 %, 0 MiB, 81920 MiB
2026/04/14 17:46:45.362, 0 %, 527 MiB, 81920 MiB
2026/04/14 17:46:45.362, 0 %, 0 MiB, 81920 MiB
2026/04/14 17:46:50.362, 0 %, 527 MiB, 81920 MiB
2026/04/14 17:46:50.363, 0 %, 0 MiB, 81920 MiB
2026/04/14 17:46:55.363, 15 %, 527 MiB, 81920 MiB
2026/04/14 17:46:55.363, 0 %, 0 MiB, 81920 MiB
2026/04/14 17:47:00.364, 11 %, 527 MiB, 81920 MiB
2026/04/14 17:47:00.364, 0 %, 0 MiB, 81920 MiB
2026/04/14 17:47:05.365, 0 %, 527 MiB, 81920 MiB
2026/04/14 17:47:05.365, 0 %, 0 MiB, 81920 MiB
2026/04/14 17:47:10.366, 0 %, 527 MiB, 81920 MiB
2026/04/14 17:47:10.366, 0 %, 0 MiB, 81920 MiB
2026/04/14 17:47:15.367, 0 %, 527 MiB, 81920 MiB
2026/04/14 17:47:15.367, 0 %, 0 MiB, 81920 MiB
2026/04/14 17:47:20.368, 2 %, 527 MiB, 81920 MiB
2026/04/14 17:47:20.368, 0 %, 0 MiB, 81920 MiB
2026/04/14 17:47:25.369, 6 %, 527 MiB, 81920 MiB
2026/04/14 17:47:25.369, 0 %, 0 MiB, 81920 MiB
2026/04/14 17:47:30.370, 0 %, 527 MiB, 81920 MiB
2026/04/14 17:47:30.370, 0 %, 0 MiB, 81920 MiB
2026/04/14 17:47:35.370, 0 %, 527 MiB, 81920 MiB
2026/04/14 17:47:35.371, 0 %, 0 MiB, 81920 MiB
2026/04/14 17:47:40.371, 0 %, 527 MiB, 81920 MiB
2026/04/14 17:47:40.372, 0 %, 0 MiB, 81920 MiB
2026/04/14 17:47:45.372, 0 %, 527 MiB, 81920 MiB
2026/04/14 17:47:45.373, 0 %, 0 MiB, 81920 MiB
2026/04/14 17:47:50.373, 14 %, 527 MiB, 81920 MiB
2026/04/14 17:47:50.373, 0 %, 0 MiB, 81920 MiB
2026/04/14 17:47:55.374, 3 %, 527 MiB, 81920 MiB
2026/04/14 17:47:55.374, 0 %, 0 MiB, 81920 MiB
2026/04/14 17:48:00.375, 0 %, 527 MiB, 81920 MiB
2026/04/14 17:48:00.375, 0 %, 0 MiB, 81920 MiB
2026/04/14 17:48:05.376, 0 %, 527 MiB, 81920 MiB
2026/04/14 17:48:05.376, 0 %, 0 MiB, 81920 MiB
2026/04/14 17:48:10.377, 0 %, 527 MiB, 81920 MiB
2026/04/14 17:48:10.377, 0 %, 0 MiB, 81920 MiB
2026/04/14 17:48:15.378, 0 %, 527 MiB, 81920 MiB
2026/04/14 17:48:15.378, 0 %, 0 MiB, 81920 MiB
2026/04/14 17:48:20.378, 5 %, 527 MiB, 81920 MiB
2026/04/14 17:48:20.379, 0 %, 0 MiB, 81920 MiB
2026/04/14 17:48:25.379, 9 %, 527 MiB, 81920 MiB
2026/04/14 17:48:25.379, 0 %, 0 MiB, 81920 MiB
2026/04/14 17:48:30.380, 0 %, 527 MiB, 81920 MiB
2026/04/14 17:48:30.380, 0 %, 0 MiB, 81920 MiB
2026/04/14 17:48:35.381, 0 %, 527 MiB, 81920 MiB
2026/04/14 17:48:35.381, 0 %, 0 MiB, 81920 MiB
2026/04/14 17:48:40.382, 0 %, 527 MiB, 81920 MiB
2026/04/14 17:48:40.382, 0 %, 0 MiB, 81920 MiB
2026/04/14 17:48:45.383, 0 %, 527 MiB, 81920 MiB
2026/04/14 17:48:45.383, 0 %, 0 MiB, 81920 MiB
2026/04/14 17:48:50.384, 16 %, 527 MiB, 81920 MiB
2026/04/14 17:48:50.384, 0 %, 0 MiB, 81920 MiB
2026/04/14 17:48:55.385, 9 %, 527 MiB, 81920 MiB
2026/04/14 17:48:55.385, 0 %, 0 MiB, 81920 MiB
2026/04/14 17:49:00.386, 0 %, 527 MiB, 81920 MiB
2026/04/14 17:49:00.386, 0 %, 0 MiB, 81920 MiB
2026/04/14 17:49:05.387, 0 %, 527 MiB, 81920 MiB
2026/04/14 17:49:05.387, 0 %, 0 MiB, 81920 MiB
2026/04/14 17:49:10.387, 0 %, 527 MiB, 81920 MiB
2026/04/14 17:49:10.388, 0 %, 0 MiB, 81920 MiB
2026/04/14 17:49:15.388, 6 %, 527 MiB, 81920 MiB
2026/04/14 17:49:15.389, 0 %, 0 MiB, 81920 MiB
2026/04/14 17:49:20.389, 7 %, 527 MiB, 81920 MiB
2026/04/14 17:49:20.389, 0 %, 0 MiB, 81920 MiB
2026/04/14 17:49:25.390, 0 %, 527 MiB, 81920 MiB
2026/04/14 17:49:25.390, 0 %, 0 MiB, 81920 MiB
2026/04/14 17:49:30.391, 0 %, 527 MiB, 81920 MiB
2026/04/14 17:49:30.391, 0 %, 0 MiB, 81920 MiB
2026/04/14 17:49:35.392, 0 %, 527 MiB, 81920 MiB
2026/04/14 17:49:35.392, 0 %, 0 MiB, 81920 MiB
2026/04/14 17:49:40.393, 0 %, 527 MiB, 81920 MiB
2026/04/14 17:49:40.393, 0 %, 0 MiB, 81920 MiB
2026/04/14 17:49:45.394, 1 %, 527 MiB, 81920 MiB
2026/04/14 17:49:45.394, 0 %, 0 MiB, 81920 MiB
2026/04/14 17:49:50.394, 8 %, 527 MiB, 81920 MiB
2026/04/14 17:49:50.395, 0 %, 0 MiB, 81920 MiB
2026/04/14 17:49:55.395, 0 %, 527 MiB, 81920 MiB
2026/04/14 17:49:55.396, 0 %, 0 MiB, 81920 MiB
2026/04/14 17:50:00.396, 0 %, 527 MiB, 81920 MiB
2026/04/14 17:50:00.396, 0 %, 0 MiB, 81920 MiB
2026/04/14 17:50:05.397, 0 %, 527 MiB, 81920 MiB
2026/04/14 17:50:05.397, 0 %, 0 MiB, 81920 MiB
2026/04/14 17:50:10.398, 0 %, 527 MiB, 81920 MiB
2026/04/14 17:50:10.398, 0 %, 0 MiB, 81920 MiB
2026/04/14 17:50:15.399, 1 %, 527 MiB, 81920 MiB
2026/04/14 17:50:15.399, 0 %, 0 MiB, 81920 MiB
2026/04/14 17:50:20.400, 13 %, 527 MiB, 81920 MiB
2026/04/14 17:50:20.400, 0 %, 0 MiB, 81920 MiB
2026/04/14 17:50:25.401, 1 %, 527 MiB, 81920 MiB
2026/04/14 17:50:25.401, 0 %, 0 MiB, 81920 MiB
2026/04/14 17:50:30.402, 0 %, 527 MiB, 81920 MiB
2026/04/14 17:50:30.402, 0 %, 0 MiB, 81920 MiB
2026/04/14 17:50:35.402, 0 %, 527 MiB, 81920 MiB
2026/04/14 17:50:35.403, 0 %, 0 MiB, 81920 MiB
2026/04/14 17:50:40.403, 0 %, 527 MiB, 81920 MiB
2026/04/14 17:50:40.403, 0 %, 0 MiB, 81920 MiB
2026/04/14 17:50:45.404, 13 %, 527 MiB, 81920 MiB
2026/04/14 17:50:45.404, 0 %, 0 MiB, 81920 MiB
2026/04/14 17:50:50.405, 12 %, 527 MiB, 81920 MiB
2026/04/14 17:50:50.405, 0 %, 0 MiB, 81920 MiB
2026/04/14 17:50:55.406, 0 %, 527 MiB, 81920 MiB
2026/04/14 17:50:55.406, 0 %, 0 MiB, 81920 MiB
2026/04/14 17:51:00.407, 0 %, 527 MiB, 81920 MiB
2026/04/14 17:51:00.407, 0 %, 0 MiB, 81920 MiB
2026/04/14 17:51:05.408, 0 %, 527 MiB, 81920 MiB
2026/04/14 17:51:05.408, 0 %, 0 MiB, 81920 MiB
2026/04/14 17:51:10.409, 0 %, 527 MiB, 81920 MiB
2026/04/14 17:51:10.409, 0 %, 0 MiB, 81920 MiB
2026/04/14 17:51:15.409, 11 %, 527 MiB, 81920 MiB
2026/04/14 17:51:15.409, 0 %, 0 MiB, 81920 MiB
2026/04/14 17:51:20.410, 15 %, 527 MiB, 81920 MiB
2026/04/14 17:51:20.410, 0 %, 0 MiB, 81920 MiB
2026/04/14 17:51:25.411, 12 %, 527 MiB, 81920 MiB
2026/04/14 17:51:25.411, 0 %, 0 MiB, 81920 MiB
2026/04/14 17:51:30.412, 15 %, 527 MiB, 81920 MiB
2026/04/14 17:51:30.412, 0 %, 0 MiB, 81920 MiB
2026/04/14 17:51:35.413, 17 %, 527 MiB, 81920 MiB
2026/04/14 17:51:35.413, 0 %, 0 MiB, 81920 MiB
2026/04/14 17:51:40.414, 4 %, 527 MiB, 81920 MiB
2026/04/14 17:51:40.414, 0 %, 0 MiB, 81920 MiB
2026/04/14 17:51:45.415, 7 %, 527 MiB, 81920 MiB
2026/04/14 17:51:45.415, 0 %, 0 MiB, 81920 MiB
2026/04/14 17:51:50.415, 0 %, 527 MiB, 81920 MiB
2026/04/14 17:51:50.416, 0 %, 0 MiB, 81920 MiB
2026/04/14 17:51:55.416, 17 %, 527 MiB, 81920 MiB
2026/04/14 17:51:55.417, 0 %, 0 MiB, 81920 MiB
2026/04/14 17:52:00.417, 4 %, 527 MiB, 81920 MiB
2026/04/14 17:52:00.417, 0 %, 0 MiB, 81920 MiB
2026/04/14 17:52:05.418, 6 %, 527 MiB, 81920 MiB
2026/04/14 17:52:05.418, 0 %, 0 MiB, 81920 MiB
2026/04/14 17:52:10.419, 0 %, 527 MiB, 81920 MiB
2026/04/14 17:52:10.419, 0 %, 0 MiB, 81920 MiB
2026/04/14 17:52:15.420, 0 %, 527 MiB, 81920 MiB
2026/04/14 17:52:15.420, 0 %, 0 MiB, 81920 MiB
2026/04/14 17:52:20.421, 0 %, 527 MiB, 81920 MiB
2026/04/14 17:52:20.421, 0 %, 0 MiB, 81920 MiB
2026/04/14 17:52:25.422, 0 %, 527 MiB, 81920 MiB
2026/04/14 17:52:25.422, 0 %, 0 MiB, 81920 MiB
2026/04/14 17:52:30.423, 0 %, 527 MiB, 81920 MiB
2026/04/14 17:52:30.423, 0 %, 0 MiB, 81920 MiB
2026/04/14 17:52:35.424, 0 %, 527 MiB, 81920 MiB
2026/04/14 17:52:35.424, 0 %, 0 MiB, 81920 MiB
2026/04/14 17:52:40.424, 0 %, 527 MiB, 81920 MiB
2026/04/14 17:52:40.424, 0 %, 0 MiB, 81920 MiB
2026/04/14 17:52:45.425, 0 %, 527 MiB, 81920 MiB
2026/04/14 17:52:45.425, 0 %, 0 MiB, 81920 MiB
2026/04/14 17:52:50.426, 0 %, 527 MiB, 81920 MiB
2026/04/14 17:52:50.426, 0 %, 0 MiB, 81920 MiB
2026/04/14 17:52:55.427, 0 %, 527 MiB, 81920 MiB
2026/04/14 17:52:55.427, 0 %, 0 MiB, 81920 MiB
2026/04/14 17:53:00.428, 0 %, 527 MiB, 81920 MiB
2026/04/14 17:53:00.428, 0 %, 0 MiB, 81920 MiB
2026/04/14 17:53:05.429, 0 %, 527 MiB, 81920 MiB
2026/04/14 17:53:05.429, 0 %, 0 MiB, 81920 MiB
2026/04/14 17:53:10.430, 0 %, 527 MiB, 81920 MiB
2026/04/14 17:53:10.430, 0 %, 0 MiB, 81920 MiB
2026/04/14 17:53:15.431, 0 %, 527 MiB, 81920 MiB
2026/04/14 17:53:15.431, 0 %, 0 MiB, 81920 MiB
2026/04/14 17:53:20.432, 0 %, 527 MiB, 81920 MiB
2026/04/14 17:53:20.432, 0 %, 0 MiB, 81920 MiB
2026/04/14 17:53:25.432, 0 %, 527 MiB, 81920 MiB
2026/04/14 17:53:25.433, 0 %, 0 MiB, 81920 MiB
2026/04/14 17:53:30.433, 0 %, 527 MiB, 81920 MiB
2026/04/14 17:53:30.433, 0 %, 0 MiB, 81920 MiB
2026/04/14 17:53:35.434, 0 %, 527 MiB, 81920 MiB
2026/04/14 17:53:35.434, 0 %, 0 MiB, 81920 MiB
2026/04/14 17:53:40.435, 0 %, 527 MiB, 81920 MiB
2026/04/14 17:53:40.435, 0 %, 0 MiB, 81920 MiB
2026/04/14 17:53:45.436, 0 %, 527 MiB, 81920 MiB
2026/04/14 17:53:45.436, 0 %, 0 MiB, 81920 MiB
2026/04/14 17:53:50.437, 0 %, 527 MiB, 81920 MiB
2026/04/14 17:53:50.437, 0 %, 0 MiB, 81920 MiB
2026/04/14 17:53:55.438, 0 %, 527 MiB, 81920 MiB
2026/04/14 17:53:55.438, 0 %, 0 MiB, 81920 MiB
2026/04/14 17:54:00.438, 0 %, 527 MiB, 81920 MiB
2026/04/14 17:54:00.438, 0 %, 0 MiB, 81920 MiB
2026/04/14 17:54:05.439, 0 %, 527 MiB, 81920 MiB
2026/04/14 17:54:05.439, 0 %, 0 MiB, 81920 MiB
2026/04/14 17:54:10.440, 0 %, 527 MiB, 81920 MiB
2026/04/14 17:54:10.440, 0 %, 0 MiB, 81920 MiB
2026/04/14 17:54:15.441, 0 %, 527 MiB, 81920 MiB
2026/04/14 17:54:15.441, 0 %, 0 MiB, 81920 MiB
2026/04/14 17:54:20.442, 0 %, 527 MiB, 81920 MiB
2026/04/14 17:54:20.442, 0 %, 0 MiB, 81920 MiB
2026/04/14 17:54:25.443, 0 %, 527 MiB, 81920 MiB
2026/04/14 17:54:25.443, 0 %, 0 MiB, 81920 MiB
2026/04/14 17:54:30.444, 0 %, 527 MiB, 81920 MiB
2026/04/14 17:54:30.444, 0 %, 0 MiB, 81920 MiB
2026/04/14 17:54:35.445, 0 %, 527 MiB, 81920 MiB
2026/04/14 17:54:35.445, 0 %, 0 MiB, 81920 MiB
2026/04/14 17:54:40.446, 0 %, 527 MiB, 81920 MiB
2026/04/14 17:54:40.446, 0 %, 0 MiB, 81920 MiB
2026/04/14 17:54:45.447, 0 %, 527 MiB, 81920 MiB
2026/04/14 17:54:45.447, 0 %, 0 MiB, 81920 MiB
2026/04/14 17:54:50.447, 0 %, 527 MiB, 81920 MiB
2026/04/14 17:54:50.448, 0 %, 0 MiB, 81920 MiB
2026/04/14 17:54:55.448, 0 %, 527 MiB, 81920 MiB
2026/04/14 17:54:55.449, 0 %, 0 MiB, 81920 MiB
2026/04/14 17:55:00.449, 0 %, 527 MiB, 81920 MiB
2026/04/14 17:55:00.450, 0 %, 0 MiB, 81920 MiB
2026/04/14 17:55:05.450, 0 %, 527 MiB, 81920 MiB
2026/04/14 17:55:05.450, 0 %, 0 MiB, 81920 MiB
2026/04/14 17:55:10.451, 8 %, 527 MiB, 81920 MiB
2026/04/14 17:55:10.451, 0 %, 0 MiB, 81920 MiB
2026/04/14 17:55:15.452, 0 %, 527 MiB, 81920 MiB
2026/04/14 17:55:15.452, 0 %, 0 MiB, 81920 MiB
2026/04/14 17:55:20.453, 0 %, 527 MiB, 81920 MiB
2026/04/14 17:55:20.453, 0 %, 0 MiB, 81920 MiB
2026/04/14 17:55:25.454, 0 %, 527 MiB, 81920 MiB
2026/04/14 17:55:25.454, 0 %, 0 MiB, 81920 MiB
2026/04/14 17:55:30.455, 0 %, 527 MiB, 81920 MiB
2026/04/14 17:55:30.455, 0 %, 0 MiB, 81920 MiB
2026/04/14 17:55:35.456, 0 %, 527 MiB, 81920 MiB
2026/04/14 17:55:35.456, 0 %, 0 MiB, 81920 MiB
2026/04/14 17:55:40.457, 0 %, 527 MiB, 81920 MiB
2026/04/14 17:55:40.457, 0 %, 0 MiB, 81920 MiB
2026/04/14 17:55:45.458, 0 %, 527 MiB, 81920 MiB
2026/04/14 17:55:45.458, 0 %, 0 MiB, 81920 MiB
2026/04/14 17:55:50.459, 0 %, 527 MiB, 81920 MiB
2026/04/14 17:55:50.459, 0 %, 0 MiB, 81920 MiB
2026/04/14 17:55:55.460, 0 %, 527 MiB, 81920 MiB
2026/04/14 17:55:55.460, 0 %, 0 MiB, 81920 MiB
2026/04/14 17:56:00.461, 0 %, 527 MiB, 81920 MiB
2026/04/14 17:56:00.461, 0 %, 0 MiB, 81920 MiB
2026/04/14 17:56:05.462, 0 %, 527 MiB, 81920 MiB
2026/04/14 17:56:05.462, 0 %, 0 MiB, 81920 MiB
2026/04/14 17:56:10.462, 0 %, 527 MiB, 81920 MiB
2026/04/14 17:56:10.463, 0 %, 0 MiB, 81920 MiB
2026/04/14 17:56:15.463, 0 %, 527 MiB, 81920 MiB
2026/04/14 17:56:15.464, 0 %, 0 MiB, 81920 MiB
2026/04/14 17:56:20.464, 0 %, 527 MiB, 81920 MiB
2026/04/14 17:56:20.464, 0 %, 0 MiB, 81920 MiB
2026/04/14 17:56:25.465, 0 %, 527 MiB, 81920 MiB
2026/04/14 17:56:25.465, 0 %, 0 MiB, 81920 MiB
2026/04/14 17:56:30.466, 0 %, 527 MiB, 81920 MiB
2026/04/14 17:56:30.466, 0 %, 0 MiB, 81920 MiB
2026/04/14 17:56:35.467, 0 %, 527 MiB, 81920 MiB
2026/04/14 17:56:35.467, 0 %, 0 MiB, 81920 MiB
2026/04/14 17:56:40.468, 0 %, 527 MiB, 81920 MiB
2026/04/14 17:56:40.468, 0 %, 0 MiB, 81920 MiB
2026/04/14 17:56:45.469, 0 %, 527 MiB, 81920 MiB
2026/04/14 17:56:45.469, 0 %, 0 MiB, 81920 MiB
2026/04/14 17:56:50.470, 0 %, 527 MiB, 81920 MiB
2026/04/14 17:56:50.470, 0 %, 0 MiB, 81920 MiB
2026/04/14 17:56:55.471, 0 %, 527 MiB, 81920 MiB
2026/04/14 17:56:55.471, 0 %, 0 MiB, 81920 MiB
2026/04/14 17:57:00.472, 0 %, 527 MiB, 81920 MiB
2026/04/14 17:57:00.472, 0 %, 0 MiB, 81920 MiB
2026/04/14 17:57:05.473, 0 %, 527 MiB, 81920 MiB
2026/04/14 17:57:05.473, 0 %, 0 MiB, 81920 MiB
2026/04/14 17:57:10.474, 0 %, 527 MiB, 81920 MiB
2026/04/14 17:57:10.474, 0 %, 0 MiB, 81920 MiB
2026/04/14 17:57:15.475, 0 %, 527 MiB, 81920 MiB
2026/04/14 17:57:15.475, 0 %, 0 MiB, 81920 MiB
2026/04/14 17:57:20.476, 0 %, 527 MiB, 81920 MiB
2026/04/14 17:57:20.476, 0 %, 0 MiB, 81920 MiB
2026/04/14 17:57:25.476, 0 %, 527 MiB, 81920 MiB
2026/04/14 17:57:25.477, 0 %, 0 MiB, 81920 MiB
2026/04/14 17:57:30.478, 0 %, 527 MiB, 81920 MiB
2026/04/14 17:57:30.478, 0 %, 0 MiB, 81920 MiB
2026/04/14 17:57:35.478, 0 %, 527 MiB, 81920 MiB
2026/04/14 17:57:35.479, 0 %, 0 MiB, 81920 MiB
2026/04/14 17:57:40.479, 0 %, 527 MiB, 81920 MiB
2026/04/14 17:57:40.480, 0 %, 0 MiB, 81920 MiB
2026/04/14 17:57:45.480, 0 %, 493 MiB, 81920 MiB
2026/04/14 17:57:45.480, 0 %, 0 MiB, 81920 MiB
2026/04/14 17:57:50.481, 0 %, 493 MiB, 81920 MiB
2026/04/14 17:57:50.481, 0 %, 0 MiB, 81920 MiB
2026/04/14 17:57:55.482, 0 %, 493 MiB, 81920 MiB
2026/04/14 17:57:55.482, 0 %, 0 MiB, 81920 MiB
2026/04/14 17:58:00.482, 0 %, 493 MiB, 81920 MiB
2026/04/14 17:58:00.483, 0 %, 0 MiB, 81920 MiB
2026/04/14 17:58:05.484, 0 %, 493 MiB, 81920 MiB
2026/04/14 17:58:05.484, 0 %, 0 MiB, 81920 MiB
2026/04/14 17:58:10.484, 0 %, 493 MiB, 81920 MiB
2026/04/14 17:58:10.485, 0 %, 0 MiB, 81920 MiB
2026/04/14 17:58:15.485, 0 %, 493 MiB, 81920 MiB
2026/04/14 17:58:15.486, 0 %, 0 MiB, 81920 MiB
2026/04/14 17:58:20.486, 0 %, 493 MiB, 81920 MiB
2026/04/14 17:58:20.486, 0 %, 0 MiB, 81920 MiB
2026/04/14 17:58:25.487, 0 %, 493 MiB, 81920 MiB
2026/04/14 17:58:25.487, 0 %, 0 MiB, 81920 MiB
2026/04/14 17:58:30.488, 0 %, 493 MiB, 81920 MiB
2026/04/14 17:58:30.488, 0 %, 0 MiB, 81920 MiB
2026/04/14 17:58:35.489, 0 %, 493 MiB, 81920 MiB
2026/04/14 17:58:35.489, 0 %, 0 MiB, 81920 MiB
2026/04/14 17:58:40.490, 0 %, 493 MiB, 81920 MiB
2026/04/14 17:58:40.490, 0 %, 0 MiB, 81920 MiB
2026/04/14 17:58:45.491, 0 %, 493 MiB, 81920 MiB
2026/04/14 17:58:45.491, 0 %, 0 MiB, 81920 MiB
2026/04/14 17:58:50.492, 0 %, 493 MiB, 81920 MiB
2026/04/14 17:58:50.492, 0 %, 0 MiB, 81920 MiB
2026/04/14 17:58:55.493, 0 %, 493 MiB, 81920 MiB
2026/04/14 17:58:55.493, 0 %, 0 MiB, 81920 MiB
2026/04/14 17:59:00.494, 0 %, 493 MiB, 81920 MiB
2026/04/14 17:59:00.494, 0 %, 0 MiB, 81920 MiB
2026/04/14 17:59:05.494, 0 %, 493 MiB, 81920 MiB
2026/04/14 17:59:05.495, 0 %, 0 MiB, 81920 MiB
2026/04/14 17:59:10.495, 0 %, 493 MiB, 81920 MiB
2026/04/14 17:59:10.495, 0 %, 0 MiB, 81920 MiB
2026/04/14 17:59:15.497, 0 %, 493 MiB, 81920 MiB
2026/04/14 17:59:15.497, 0 %, 0 MiB, 81920 MiB
2026/04/14 17:59:20.498, 0 %, 493 MiB, 81920 MiB
2026/04/14 17:59:20.498, 0 %, 0 MiB, 81920 MiB
2026/04/14 17:59:25.574, 0 %, 493 MiB, 81920 MiB
2026/04/14 17:59:25.574, 0 %, 0 MiB, 81920 MiB
2026/04/14 17:59:30.575, 0 %, 493 MiB, 81920 MiB
2026/04/14 17:59:30.575, 0 %, 0 MiB, 81920 MiB
2026/04/14 17:59:35.576, 0 %, 493 MiB, 81920 MiB
2026/04/14 17:59:35.576, 0 %, 0 MiB, 81920 MiB
2026/04/14 17:59:40.576, 0 %, 493 MiB, 81920 MiB
2026/04/14 17:59:40.576, 0 %, 0 MiB, 81920 MiB
2026/04/14 17:59:45.577, 0 %, 527 MiB, 81920 MiB
2026/04/14 17:59:45.577, 0 %, 0 MiB, 81920 MiB
2026/04/14 17:59:50.578, 0 %, 527 MiB, 81920 MiB
2026/04/14 17:59:50.578, 0 %, 0 MiB, 81920 MiB
2026/04/14 17:59:55.579, 0 %, 527 MiB, 81920 MiB
2026/04/14 17:59:55.579, 0 %, 0 MiB, 81920 MiB
2026/04/14 18:00:00.580, 0 %, 527 MiB, 81920 MiB
2026/04/14 18:00:00.580, 0 %, 0 MiB, 81920 MiB
2026/04/14 18:00:05.580, 0 %, 527 MiB, 81920 MiB
2026/04/14 18:00:05.581, 0 %, 0 MiB, 81920 MiB
2026/04/14 18:00:10.581, 0 %, 527 MiB, 81920 MiB
2026/04/14 18:00:10.581, 0 %, 0 MiB, 81920 MiB
2026/04/14 18:00:15.582, 0 %, 527 MiB, 81920 MiB
2026/04/14 18:00:15.582, 0 %, 0 MiB, 81920 MiB
2026/04/14 18:00:20.583, 0 %, 527 MiB, 81920 MiB
2026/04/14 18:00:20.583, 0 %, 0 MiB, 81920 MiB
2026/04/14 18:00:25.584, 0 %, 527 MiB, 81920 MiB
2026/04/14 18:00:25.584, 0 %, 0 MiB, 81920 MiB
2026/04/14 18:00:30.585, 0 %, 527 MiB, 81920 MiB
2026/04/14 18:00:30.585, 0 %, 0 MiB, 81920 MiB
2026/04/14 18:00:35.586, 0 %, 527 MiB, 81920 MiB
2026/04/14 18:00:35.586, 0 %, 0 MiB, 81920 MiB
2026/04/14 18:00:40.587, 0 %, 527 MiB, 81920 MiB
2026/04/14 18:00:40.587, 0 %, 0 MiB, 81920 MiB
2026/04/14 18:00:45.587, 0 %, 527 MiB, 81920 MiB
2026/04/14 18:00:45.587, 0 %, 0 MiB, 81920 MiB
2026/04/14 18:00:50.588, 0 %, 527 MiB, 81920 MiB
2026/04/14 18:00:50.588, 0 %, 0 MiB, 81920 MiB
2026/04/14 18:00:55.589, 0 %, 527 MiB, 81920 MiB
2026/04/14 18:00:55.589, 0 %, 0 MiB, 81920 MiB
2026/04/14 18:01:00.590, 0 %, 527 MiB, 81920 MiB
2026/04/14 18:01:00.590, 0 %, 0 MiB, 81920 MiB
2026/04/14 18:01:05.591, 0 %, 527 MiB, 81920 MiB
2026/04/14 18:01:05.591, 0 %, 0 MiB, 81920 MiB
2026/04/14 18:01:10.592, 0 %, 527 MiB, 81920 MiB
2026/04/14 18:01:10.592, 0 %, 0 MiB, 81920 MiB
2026/04/14 18:01:15.593, 0 %, 527 MiB, 81920 MiB
2026/04/14 18:01:15.593, 0 %, 0 MiB, 81920 MiB
2026/04/14 18:01:20.593, 0 %, 527 MiB, 81920 MiB
2026/04/14 18:01:20.593, 0 %, 0 MiB, 81920 MiB
2026/04/14 18:01:25.594, 0 %, 527 MiB, 81920 MiB
2026/04/14 18:01:25.594, 0 %, 0 MiB, 81920 MiB
2026/04/14 18:01:30.595, 0 %, 527 MiB, 81920 MiB
2026/04/14 18:01:30.595, 0 %, 0 MiB, 81920 MiB
2026/04/14 18:01:35.596, 0 %, 527 MiB, 81920 MiB
2026/04/14 18:01:35.596, 0 %, 0 MiB, 81920 MiB
2026/04/14 18:01:40.597, 0 %, 527 MiB, 81920 MiB
2026/04/14 18:01:40.597, 0 %, 0 MiB, 81920 MiB
2026/04/14 18:01:45.598, 0 %, 527 MiB, 81920 MiB
2026/04/14 18:01:45.598, 0 %, 0 MiB, 81920 MiB
2026/04/14 18:01:50.599, 0 %, 527 MiB, 81920 MiB
2026/04/14 18:01:50.599, 0 %, 0 MiB, 81920 MiB
2026/04/14 18:01:55.599, 0 %, 527 MiB, 81920 MiB
2026/04/14 18:01:55.600, 0 %, 0 MiB, 81920 MiB
2026/04/14 18:02:00.600, 0 %, 527 MiB, 81920 MiB
2026/04/14 18:02:00.600, 0 %, 0 MiB, 81920 MiB
2026/04/14 18:02:05.601, 0 %, 527 MiB, 81920 MiB
2026/04/14 18:02:05.601, 0 %, 0 MiB, 81920 MiB
2026/04/14 18:02:10.602, 0 %, 527 MiB, 81920 MiB
2026/04/14 18:02:10.602, 0 %, 0 MiB, 81920 MiB
2026/04/14 18:02:15.603, 0 %, 527 MiB, 81920 MiB
2026/04/14 18:02:15.603, 0 %, 0 MiB, 81920 MiB
2026/04/14 18:02:20.604, 9 %, 527 MiB, 81920 MiB
2026/04/14 18:02:20.604, 0 %, 0 MiB, 81920 MiB
2026/04/14 18:02:25.605, 0 %, 527 MiB, 81920 MiB
2026/04/14 18:02:25.605, 0 %, 0 MiB, 81920 MiB
2026/04/14 18:02:30.605, 2 %, 527 MiB, 81920 MiB
2026/04/14 18:02:30.606, 0 %, 0 MiB, 81920 MiB
2026/04/14 18:02:35.606, 0 %, 527 MiB, 81920 MiB
2026/04/14 18:02:35.606, 0 %, 0 MiB, 81920 MiB
2026/04/14 18:02:40.607, 0 %, 527 MiB, 81920 MiB
2026/04/14 18:02:40.607, 0 %, 0 MiB, 81920 MiB
2026/04/14 18:02:45.608, 6 %, 527 MiB, 81920 MiB
2026/04/14 18:02:45.608, 0 %, 0 MiB, 81920 MiB
2026/04/14 18:02:50.609, 10 %, 527 MiB, 81920 MiB
2026/04/14 18:02:50.609, 0 %, 0 MiB, 81920 MiB
2026/04/14 18:02:55.610, 0 %, 527 MiB, 81920 MiB
2026/04/14 18:02:55.610, 0 %, 0 MiB, 81920 MiB
2026/04/14 18:03:00.611, 2 %, 527 MiB, 81920 MiB
2026/04/14 18:03:00.611, 0 %, 0 MiB, 81920 MiB
2026/04/14 18:03:05.611, 0 %, 527 MiB, 81920 MiB
2026/04/14 18:03:05.612, 0 %, 0 MiB, 81920 MiB
2026/04/14 18:03:10.612, 0 %, 527 MiB, 81920 MiB
2026/04/14 18:03:10.612, 0 %, 0 MiB, 81920 MiB
2026/04/14 18:03:15.613, 0 %, 527 MiB, 81920 MiB
2026/04/14 18:03:15.613, 0 %, 0 MiB, 81920 MiB
2026/04/14 18:03:20.614, 0 %, 527 MiB, 81920 MiB
2026/04/14 18:03:20.614, 0 %, 0 MiB, 81920 MiB
2026/04/14 18:03:25.615, 2 %, 527 MiB, 81920 MiB
2026/04/14 18:03:25.615, 0 %, 0 MiB, 81920 MiB
2026/04/14 18:03:30.616, 0 %, 527 MiB, 81920 MiB
2026/04/14 18:03:30.616, 0 %, 0 MiB, 81920 MiB
2026/04/14 18:03:35.617, 0 %, 527 MiB, 81920 MiB
2026/04/14 18:03:35.617, 0 %, 0 MiB, 81920 MiB
2026/04/14 18:03:40.617, 2 %, 527 MiB, 81920 MiB
2026/04/14 18:03:40.618, 0 %, 0 MiB, 81920 MiB
2026/04/14 18:03:45.618, 0 %, 527 MiB, 81920 MiB
2026/04/14 18:03:45.618, 0 %, 0 MiB, 81920 MiB
2026/04/14 18:03:50.619, 0 %, 527 MiB, 81920 MiB
2026/04/14 18:03:50.619, 0 %, 0 MiB, 81920 MiB
2026/04/14 18:03:55.620, 0 %, 527 MiB, 81920 MiB
2026/04/14 18:03:55.620, 0 %, 0 MiB, 81920 MiB
2026/04/14 18:04:00.621, 0 %, 527 MiB, 81920 MiB
2026/04/14 18:04:00.621, 0 %, 0 MiB, 81920 MiB
2026/04/14 18:04:05.622, 0 %, 527 MiB, 81920 MiB
2026/04/14 18:04:05.622, 0 %, 0 MiB, 81920 MiB
2026/04/14 18:04:10.623, 3 %, 527 MiB, 81920 MiB
2026/04/14 18:04:10.623, 0 %, 0 MiB, 81920 MiB
2026/04/14 18:04:15.623, 0 %, 527 MiB, 81920 MiB
2026/04/14 18:04:15.624, 0 %, 0 MiB, 81920 MiB
2026/04/14 18:04:20.624, 0 %, 527 MiB, 81920 MiB
2026/04/14 18:04:20.624, 0 %, 0 MiB, 81920 MiB
2026/04/14 18:04:25.625, 0 %, 527 MiB, 81920 MiB
2026/04/14 18:04:25.625, 0 %, 0 MiB, 81920 MiB
2026/04/14 18:04:30.626, 0 %, 527 MiB, 81920 MiB
2026/04/14 18:04:30.626, 0 %, 0 MiB, 81920 MiB
2026/04/14 18:04:35.627, 0 %, 527 MiB, 81920 MiB
2026/04/14 18:04:35.627, 0 %, 0 MiB, 81920 MiB
2026/04/14 18:04:40.628, 0 %, 527 MiB, 81920 MiB
2026/04/14 18:04:40.628, 0 %, 0 MiB, 81920 MiB
2026/04/14 18:04:45.629, 0 %, 527 MiB, 81920 MiB
2026/04/14 18:04:45.629, 0 %, 0 MiB, 81920 MiB
2026/04/14 18:04:50.630, 1 %, 527 MiB, 81920 MiB
2026/04/14 18:04:50.630, 0 %, 0 MiB, 81920 MiB
2026/04/14 18:04:55.630, 0 %, 527 MiB, 81920 MiB
2026/04/14 18:04:55.630, 0 %, 0 MiB, 81920 MiB
2026/04/14 18:05:00.631, 0 %, 527 MiB, 81920 MiB
2026/04/14 18:05:00.631, 0 %, 0 MiB, 81920 MiB
2026/04/14 18:05:05.632, 0 %, 527 MiB, 81920 MiB
2026/04/14 18:05:05.632, 0 %, 0 MiB, 81920 MiB
2026/04/14 18:05:10.633, 0 %, 527 MiB, 81920 MiB
2026/04/14 18:05:10.633, 0 %, 0 MiB, 81920 MiB
2026/04/14 18:05:15.634, 0 %, 527 MiB, 81920 MiB
2026/04/14 18:05:15.634, 0 %, 0 MiB, 81920 MiB
2026/04/14 18:05:20.635, 0 %, 527 MiB, 81920 MiB
2026/04/14 18:05:20.635, 0 %, 0 MiB, 81920 MiB
2026/04/14 18:05:25.636, 0 %, 527 MiB, 81920 MiB
2026/04/14 18:05:25.636, 0 %, 0 MiB, 81920 MiB
2026/04/14 18:05:30.636, 2 %, 527 MiB, 81920 MiB
2026/04/14 18:05:30.637, 0 %, 0 MiB, 81920 MiB
2026/04/14 18:05:35.637, 0 %, 527 MiB, 81920 MiB
2026/04/14 18:05:35.637, 0 %, 0 MiB, 81920 MiB
2026/04/14 18:05:40.638, 0 %, 527 MiB, 81920 MiB
2026/04/14 18:05:40.638, 0 %, 0 MiB, 81920 MiB
2026/04/14 18:05:45.639, 0 %, 527 MiB, 81920 MiB
2026/04/14 18:05:45.639, 0 %, 0 MiB, 81920 MiB
2026/04/14 18:05:50.640, 0 %, 527 MiB, 81920 MiB
2026/04/14 18:05:50.640, 0 %, 0 MiB, 81920 MiB
2026/04/14 18:05:55.641, 0 %, 527 MiB, 81920 MiB
2026/04/14 18:05:55.641, 0 %, 0 MiB, 81920 MiB
2026/04/14 18:06:00.642, 0 %, 527 MiB, 81920 MiB
2026/04/14 18:06:00.642, 0 %, 0 MiB, 81920 MiB
2026/04/14 18:06:05.642, 0 %, 527 MiB, 81920 MiB
2026/04/14 18:06:05.643, 0 %, 0 MiB, 81920 MiB
2026/04/14 18:06:10.643, 0 %, 527 MiB, 81920 MiB
2026/04/14 18:06:10.644, 0 %, 0 MiB, 81920 MiB
2026/04/14 18:06:15.644, 0 %, 527 MiB, 81920 MiB
2026/04/14 18:06:15.644, 0 %, 0 MiB, 81920 MiB
2026/04/14 18:06:20.645, 0 %, 527 MiB, 81920 MiB
2026/04/14 18:06:20.645, 0 %, 0 MiB, 81920 MiB
2026/04/14 18:06:25.646, 0 %, 527 MiB, 81920 MiB
2026/04/14 18:06:25.646, 0 %, 0 MiB, 81920 MiB
2026/04/14 18:06:30.647, 0 %, 527 MiB, 81920 MiB
2026/04/14 18:06:30.647, 0 %, 0 MiB, 81920 MiB
2026/04/14 18:06:35.648, 0 %, 527 MiB, 81920 MiB
2026/04/14 18:06:35.648, 0 %, 0 MiB, 81920 MiB
2026/04/14 18:06:40.648, 0 %, 527 MiB, 81920 MiB
2026/04/14 18:06:40.649, 0 %, 0 MiB, 81920 MiB
2026/04/14 18:06:45.649, 0 %, 527 MiB, 81920 MiB
2026/04/14 18:06:45.649, 0 %, 0 MiB, 81920 MiB
2026/04/14 18:06:50.650, 0 %, 527 MiB, 81920 MiB
2026/04/14 18:06:50.650, 0 %, 0 MiB, 81920 MiB
2026/04/14 18:06:55.651, 0 %, 527 MiB, 81920 MiB
2026/04/14 18:06:55.651, 0 %, 0 MiB, 81920 MiB
2026/04/14 18:07:00.652, 0 %, 527 MiB, 81920 MiB
2026/04/14 18:07:00.652, 0 %, 0 MiB, 81920 MiB
2026/04/14 18:07:05.653, 0 %, 527 MiB, 81920 MiB
2026/04/14 18:07:05.653, 0 %, 0 MiB, 81920 MiB
2026/04/14 18:07:10.654, 0 %, 527 MiB, 81920 MiB
2026/04/14 18:07:10.654, 0 %, 0 MiB, 81920 MiB
2026/04/14 18:07:15.655, 0 %, 527 MiB, 81920 MiB
2026/04/14 18:07:15.655, 0 %, 0 MiB, 81920 MiB
2026/04/14 18:07:20.655, 0 %, 527 MiB, 81920 MiB
2026/04/14 18:07:20.655, 0 %, 0 MiB, 81920 MiB
2026/04/14 18:07:25.656, 0 %, 527 MiB, 81920 MiB
2026/04/14 18:07:25.656, 0 %, 0 MiB, 81920 MiB
2026/04/14 18:07:30.657, 0 %, 527 MiB, 81920 MiB
2026/04/14 18:07:30.657, 0 %, 0 MiB, 81920 MiB
2026/04/14 18:07:35.658, 0 %, 527 MiB, 81920 MiB
2026/04/14 18:07:35.658, 0 %, 0 MiB, 81920 MiB
2026/04/14 18:07:40.659, 0 %, 527 MiB, 81920 MiB
2026/04/14 18:07:40.659, 0 %, 0 MiB, 81920 MiB
2026/04/14 18:07:45.660, 0 %, 527 MiB, 81920 MiB
2026/04/14 18:07:45.660, 0 %, 0 MiB, 81920 MiB
2026/04/14 18:07:50.661, 0 %, 527 MiB, 81920 MiB
2026/04/14 18:07:50.661, 0 %, 0 MiB, 81920 MiB
2026/04/14 18:07:55.661, 0 %, 527 MiB, 81920 MiB
2026/04/14 18:07:55.662, 0 %, 0 MiB, 81920 MiB
2026/04/14 18:08:00.662, 0 %, 527 MiB, 81920 MiB
2026/04/14 18:08:00.662, 0 %, 0 MiB, 81920 MiB
2026/04/14 18:08:05.663, 0 %, 527 MiB, 81920 MiB
2026/04/14 18:08:05.663, 0 %, 0 MiB, 81920 MiB
2026/04/14 18:08:10.664, 0 %, 527 MiB, 81920 MiB
2026/04/14 18:08:10.664, 0 %, 0 MiB, 81920 MiB
2026/04/14 18:08:15.665, 0 %, 527 MiB, 81920 MiB
2026/04/14 18:08:15.665, 0 %, 0 MiB, 81920 MiB
2026/04/14 18:08:20.666, 0 %, 527 MiB, 81920 MiB
2026/04/14 18:08:20.666, 0 %, 0 MiB, 81920 MiB
2026/04/14 18:08:25.667, 0 %, 527 MiB, 81920 MiB
2026/04/14 18:08:25.667, 0 %, 0 MiB, 81920 MiB
2026/04/14 18:08:30.667, 0 %, 527 MiB, 81920 MiB
2026/04/14 18:08:30.668, 0 %, 0 MiB, 81920 MiB
2026/04/14 18:08:35.668, 0 %, 527 MiB, 81920 MiB
2026/04/14 18:08:35.668, 0 %, 0 MiB, 81920 MiB
2026/04/14 18:08:40.669, 0 %, 527 MiB, 81920 MiB
2026/04/14 18:08:40.669, 0 %, 0 MiB, 81920 MiB
2026/04/14 18:08:45.670, 0 %, 527 MiB, 81920 MiB
2026/04/14 18:08:45.670, 0 %, 0 MiB, 81920 MiB
2026/04/14 18:08:50.671, 0 %, 527 MiB, 81920 MiB
2026/04/14 18:08:50.671, 0 %, 0 MiB, 81920 MiB
2026/04/14 18:08:55.672, 2 %, 527 MiB, 81920 MiB
2026/04/14 18:08:55.672, 0 %, 0 MiB, 81920 MiB
2026/04/14 18:09:00.673, 11 %, 527 MiB, 81920 MiB
2026/04/14 18:09:00.673, 0 %, 0 MiB, 81920 MiB
2026/04/14 18:09:05.673, 16 %, 527 MiB, 81920 MiB
2026/04/14 18:09:05.674, 0 %, 0 MiB, 81920 MiB
2026/04/14 18:09:10.674, 5 %, 527 MiB, 81920 MiB
2026/04/14 18:09:10.674, 0 %, 0 MiB, 81920 MiB
2026/04/14 18:09:15.675, 9 %, 527 MiB, 81920 MiB
2026/04/14 18:09:15.675, 0 %, 0 MiB, 81920 MiB
2026/04/14 18:09:20.676, 0 %, 527 MiB, 81920 MiB
2026/04/14 18:09:20.676, 0 %, 0 MiB, 81920 MiB
2026/04/14 18:09:25.677, 2 %, 527 MiB, 81920 MiB
2026/04/14 18:09:25.677, 0 %, 0 MiB, 81920 MiB
2026/04/14 18:09:30.678, 0 %, 527 MiB, 81920 MiB
2026/04/14 18:09:30.678, 0 %, 0 MiB, 81920 MiB
2026/04/14 18:09:35.679, 0 %, 527 MiB, 81920 MiB
2026/04/14 18:09:35.679, 0 %, 0 MiB, 81920 MiB
2026/04/14 18:09:40.679, 6 %, 527 MiB, 81920 MiB
2026/04/14 18:09:40.680, 0 %, 0 MiB, 81920 MiB
2026/04/14 18:09:45.680, 0 %, 527 MiB, 81920 MiB
2026/04/14 18:09:45.680, 0 %, 0 MiB, 81920 MiB
2026/04/14 18:09:50.681, 0 %, 527 MiB, 81920 MiB
2026/04/14 18:09:50.681, 0 %, 0 MiB, 81920 MiB
2026/04/14 18:09:55.682, 4 %, 527 MiB, 81920 MiB
2026/04/14 18:09:55.682, 0 %, 0 MiB, 81920 MiB
2026/04/14 18:10:00.683, 0 %, 527 MiB, 81920 MiB
2026/04/14 18:10:00.683, 0 %, 0 MiB, 81920 MiB
2026/04/14 18:10:05.684, 0 %, 527 MiB, 81920 MiB
2026/04/14 18:10:05.684, 0 %, 0 MiB, 81920 MiB
2026/04/14 18:10:10.685, 0 %, 527 MiB, 81920 MiB
2026/04/14 18:10:10.685, 0 %, 0 MiB, 81920 MiB
2026/04/14 18:10:15.685, 0 %, 527 MiB, 81920 MiB
2026/04/14 18:10:15.686, 0 %, 0 MiB, 81920 MiB
2026/04/14 18:10:20.686, 2 %, 527 MiB, 81920 MiB
2026/04/14 18:10:20.686, 0 %, 0 MiB, 81920 MiB
2026/04/14 18:10:25.687, 0 %, 527 MiB, 81920 MiB
2026/04/14 18:10:25.687, 0 %, 0 MiB, 81920 MiB
2026/04/14 18:10:30.688, 0 %, 527 MiB, 81920 MiB
2026/04/14 18:10:30.688, 0 %, 0 MiB, 81920 MiB
2026/04/14 18:10:35.689, 1 %, 527 MiB, 81920 MiB
2026/04/14 18:10:35.689, 0 %, 0 MiB, 81920 MiB
2026/04/14 18:10:40.690, 0 %, 527 MiB, 81920 MiB
2026/04/14 18:10:40.690, 0 %, 0 MiB, 81920 MiB
2026/04/14 18:10:45.691, 0 %, 527 MiB, 81920 MiB
2026/04/14 18:10:45.691, 0 %, 0 MiB, 81920 MiB
2026/04/14 18:10:50.692, 0 %, 527 MiB, 81920 MiB
2026/04/14 18:10:50.692, 0 %, 0 MiB, 81920 MiB
2026/04/14 18:10:55.692, 0 %, 527 MiB, 81920 MiB
2026/04/14 18:10:55.692, 0 %, 0 MiB, 81920 MiB
2026/04/14 18:11:00.693, 0 %, 527 MiB, 81920 MiB
2026/04/14 18:11:00.693, 0 %, 0 MiB, 81920 MiB
2026/04/14 18:11:05.694, 0 %, 527 MiB, 81920 MiB
2026/04/14 18:11:05.694, 0 %, 0 MiB, 81920 MiB
2026/04/14 18:11:10.695, 0 %, 527 MiB, 81920 MiB
2026/04/14 18:11:10.695, 0 %, 0 MiB, 81920 MiB
2026/04/14 18:11:15.696, 0 %, 527 MiB, 81920 MiB
2026/04/14 18:11:15.696, 0 %, 0 MiB, 81920 MiB
2026/04/14 18:11:20.696, 0 %, 527 MiB, 81920 MiB
2026/04/14 18:11:20.696, 0 %, 0 MiB, 81920 MiB
2026/04/14 18:11:25.697, 0 %, 527 MiB, 81920 MiB
2026/04/14 18:11:25.697, 0 %, 0 MiB, 81920 MiB
2026/04/14 18:11:30.698, 0 %, 527 MiB, 81920 MiB
2026/04/14 18:11:30.698, 0 %, 0 MiB, 81920 MiB
2026/04/14 18:11:35.699, 0 %, 527 MiB, 81920 MiB
2026/04/14 18:11:35.699, 0 %, 0 MiB, 81920 MiB
2026/04/14 18:11:40.700, 0 %, 527 MiB, 81920 MiB
2026/04/14 18:11:40.700, 0 %, 0 MiB, 81920 MiB
2026/04/14 18:11:45.700, 0 %, 527 MiB, 81920 MiB
2026/04/14 18:11:45.701, 0 %, 0 MiB, 81920 MiB
2026/04/14 18:11:50.701, 0 %, 527 MiB, 81920 MiB
2026/04/14 18:11:50.701, 0 %, 0 MiB, 81920 MiB
2026/04/14 18:11:55.702, 0 %, 527 MiB, 81920 MiB
2026/04/14 18:11:55.702, 0 %, 0 MiB, 81920 MiB
2026/04/14 18:12:00.703, 0 %, 527 MiB, 81920 MiB
2026/04/14 18:12:00.703, 0 %, 0 MiB, 81920 MiB
2026/04/14 18:12:05.704, 0 %, 527 MiB, 81920 MiB
2026/04/14 18:12:05.704, 0 %, 0 MiB, 81920 MiB
2026/04/14 18:12:10.704, 0 %, 527 MiB, 81920 MiB
2026/04/14 18:12:10.705, 0 %, 0 MiB, 81920 MiB
2026/04/14 18:12:15.705, 0 %, 527 MiB, 81920 MiB
2026/04/14 18:12:15.705, 0 %, 0 MiB, 81920 MiB
2026/04/14 18:12:20.706, 0 %, 527 MiB, 81920 MiB
2026/04/14 18:12:20.706, 0 %, 0 MiB, 81920 MiB
2026/04/14 18:12:25.707, 0 %, 527 MiB, 81920 MiB
2026/04/14 18:12:25.707, 0 %, 0 MiB, 81920 MiB
2026/04/14 18:12:30.708, 0 %, 527 MiB, 81920 MiB
2026/04/14 18:12:30.708, 0 %, 0 MiB, 81920 MiB
2026/04/14 18:12:35.709, 0 %, 527 MiB, 81920 MiB
2026/04/14 18:12:35.709, 0 %, 0 MiB, 81920 MiB
2026/04/14 18:12:40.709, 0 %, 527 MiB, 81920 MiB
2026/04/14 18:12:40.709, 0 %, 0 MiB, 81920 MiB
2026/04/14 18:12:45.710, 0 %, 527 MiB, 81920 MiB
2026/04/14 18:12:45.710, 0 %, 0 MiB, 81920 MiB
2026/04/14 18:12:50.711, 0 %, 527 MiB, 81920 MiB
2026/04/14 18:12:50.711, 0 %, 0 MiB, 81920 MiB
2026/04/14 18:12:55.712, 0 %, 493 MiB, 81920 MiB
2026/04/14 18:12:55.712, 0 %, 0 MiB, 81920 MiB
2026/04/14 18:13:00.713, 0 %, 493 MiB, 81920 MiB
2026/04/14 18:13:00.713, 0 %, 0 MiB, 81920 MiB
2026/04/14 18:13:05.714, 0 %, 493 MiB, 81920 MiB
2026/04/14 18:13:05.714, 0 %, 0 MiB, 81920 MiB
2026/04/14 18:13:10.714, 0 %, 493 MiB, 81920 MiB
2026/04/14 18:13:10.715, 0 %, 0 MiB, 81920 MiB
2026/04/14 18:13:15.715, 0 %, 493 MiB, 81920 MiB
2026/04/14 18:13:15.715, 0 %, 0 MiB, 81920 MiB
2026/04/14 18:13:20.716, 0 %, 493 MiB, 81920 MiB
2026/04/14 18:13:20.716, 0 %, 0 MiB, 81920 MiB
2026/04/14 18:13:25.717, 0 %, 493 MiB, 81920 MiB
2026/04/14 18:13:25.717, 0 %, 0 MiB, 81920 MiB
2026/04/14 18:13:30.718, 0 %, 493 MiB, 81920 MiB
2026/04/14 18:13:30.718, 0 %, 0 MiB, 81920 MiB
2026/04/14 18:13:35.719, 0 %, 493 MiB, 81920 MiB
2026/04/14 18:13:35.719, 0 %, 0 MiB, 81920 MiB
2026/04/14 18:13:40.720, 0 %, 493 MiB, 81920 MiB
2026/04/14 18:13:40.720, 0 %, 0 MiB, 81920 MiB
2026/04/14 18:13:45.720, 0 %, 493 MiB, 81920 MiB
2026/04/14 18:13:45.721, 0 %, 0 MiB, 81920 MiB
2026/04/14 18:13:50.721, 0 %, 493 MiB, 81920 MiB
2026/04/14 18:13:50.721, 0 %, 0 MiB, 81920 MiB
2026/04/14 18:13:55.722, 0 %, 493 MiB, 81920 MiB
2026/04/14 18:13:55.722, 0 %, 0 MiB, 81920 MiB
2026/04/14 18:14:00.723, 0 %, 493 MiB, 81920 MiB
2026/04/14 18:14:00.723, 0 %, 0 MiB, 81920 MiB
2026/04/14 18:14:05.724, 0 %, 493 MiB, 81920 MiB
2026/04/14 18:14:05.724, 0 %, 0 MiB, 81920 MiB
2026/04/14 18:14:10.725, 0 %, 493 MiB, 81920 MiB
2026/04/14 18:14:10.725, 0 %, 0 MiB, 81920 MiB
2026/04/14 18:14:15.726, 0 %, 493 MiB, 81920 MiB
2026/04/14 18:14:15.726, 0 %, 0 MiB, 81920 MiB
2026/04/14 18:14:20.727, 0 %, 493 MiB, 81920 MiB
2026/04/14 18:14:20.727, 0 %, 0 MiB, 81920 MiB
2026/04/14 18:14:25.727, 0 %, 493 MiB, 81920 MiB
2026/04/14 18:14:25.728, 0 %, 0 MiB, 81920 MiB
2026/04/14 18:14:30.728, 0 %, 493 MiB, 81920 MiB
2026/04/14 18:14:30.728, 0 %, 0 MiB, 81920 MiB
2026/04/14 18:14:35.729, 0 %, 493 MiB, 81920 MiB
2026/04/14 18:14:35.729, 0 %, 0 MiB, 81920 MiB
2026/04/14 18:14:40.730, 0 %, 493 MiB, 81920 MiB
2026/04/14 18:14:40.730, 0 %, 0 MiB, 81920 MiB
2026/04/14 18:14:45.731, 0 %, 493 MiB, 81920 MiB
2026/04/14 18:14:45.731, 0 %, 0 MiB, 81920 MiB
2026/04/14 18:14:50.732, 18 %, 527 MiB, 81920 MiB
2026/04/14 18:14:50.732, 0 %, 0 MiB, 81920 MiB
2026/04/14 18:14:55.732, 13 %, 527 MiB, 81920 MiB
2026/04/14 18:14:55.733, 0 %, 0 MiB, 81920 MiB
2026/04/14 18:15:00.733, 13 %, 527 MiB, 81920 MiB
2026/04/14 18:15:00.733, 0 %, 0 MiB, 81920 MiB
2026/04/14 18:15:05.734, 13 %, 527 MiB, 81920 MiB
2026/04/14 18:15:05.734, 0 %, 0 MiB, 81920 MiB
2026/04/14 18:15:10.735, 15 %, 527 MiB, 81920 MiB
2026/04/14 18:15:10.735, 0 %, 0 MiB, 81920 MiB
2026/04/14 18:15:15.736, 1 %, 527 MiB, 81920 MiB
2026/04/14 18:15:15.736, 0 %, 0 MiB, 81920 MiB
2026/04/14 18:15:20.737, 1 %, 527 MiB, 81920 MiB
2026/04/14 18:15:20.737, 0 %, 0 MiB, 81920 MiB
2026/04/14 18:15:25.738, 5 %, 527 MiB, 81920 MiB
2026/04/14 18:15:25.738, 0 %, 0 MiB, 81920 MiB
2026/04/14 18:15:30.738, 6 %, 527 MiB, 81920 MiB
2026/04/14 18:15:30.739, 0 %, 0 MiB, 81920 MiB
2026/04/14 18:15:35.739, 0 %, 527 MiB, 81920 MiB
2026/04/14 18:15:35.739, 0 %, 0 MiB, 81920 MiB
2026/04/14 18:15:40.740, 0 %, 527 MiB, 81920 MiB
2026/04/14 18:15:40.740, 0 %, 0 MiB, 81920 MiB
2026/04/14 18:15:45.741, 0 %, 527 MiB, 81920 MiB
2026/04/14 18:15:45.741, 0 %, 0 MiB, 81920 MiB
2026/04/14 18:15:50.742, 0 %, 527 MiB, 81920 MiB
2026/04/14 18:15:50.742, 0 %, 0 MiB, 81920 MiB
2026/04/14 18:15:55.743, 0 %, 527 MiB, 81920 MiB
2026/04/14 18:15:55.743, 0 %, 0 MiB, 81920 MiB
2026/04/14 18:16:00.744, 0 %, 527 MiB, 81920 MiB
2026/04/14 18:16:00.744, 0 %, 0 MiB, 81920 MiB
2026/04/14 18:16:05.745, 0 %, 527 MiB, 81920 MiB
2026/04/14 18:16:05.745, 0 %, 0 MiB, 81920 MiB
2026/04/14 18:16:10.745, 0 %, 527 MiB, 81920 MiB
2026/04/14 18:16:10.746, 0 %, 0 MiB, 81920 MiB
2026/04/14 18:16:15.746, 0 %, 527 MiB, 81920 MiB
2026/04/14 18:16:15.746, 0 %, 0 MiB, 81920 MiB
2026/04/14 18:16:20.747, 0 %, 527 MiB, 81920 MiB
2026/04/14 18:16:20.747, 0 %, 0 MiB, 81920 MiB
2026/04/14 18:16:25.748, 0 %, 527 MiB, 81920 MiB
2026/04/14 18:16:25.748, 0 %, 0 MiB, 81920 MiB
2026/04/14 18:16:30.749, 0 %, 527 MiB, 81920 MiB
2026/04/14 18:16:30.749, 0 %, 0 MiB, 81920 MiB
2026/04/14 18:16:35.750, 0 %, 527 MiB, 81920 MiB
2026/04/14 18:16:35.750, 0 %, 0 MiB, 81920 MiB
2026/04/14 18:16:40.751, 0 %, 527 MiB, 81920 MiB
2026/04/14 18:16:40.751, 0 %, 0 MiB, 81920 MiB
2026/04/14 18:16:45.751, 0 %, 527 MiB, 81920 MiB
2026/04/14 18:16:45.752, 0 %, 0 MiB, 81920 MiB
2026/04/14 18:16:50.752, 0 %, 527 MiB, 81920 MiB
2026/04/14 18:16:50.752, 0 %, 0 MiB, 81920 MiB
2026/04/14 18:16:55.753, 0 %, 527 MiB, 81920 MiB
2026/04/14 18:16:55.753, 0 %, 0 MiB, 81920 MiB
2026/04/14 18:17:00.754, 17 %, 527 MiB, 81920 MiB
2026/04/14 18:17:00.754, 0 %, 0 MiB, 81920 MiB
2026/04/14 18:17:05.755, 9 %, 527 MiB, 81920 MiB
2026/04/14 18:17:05.755, 0 %, 0 MiB, 81920 MiB
2026/04/14 18:17:10.756, 0 %, 527 MiB, 81920 MiB
2026/04/14 18:17:10.756, 0 %, 0 MiB, 81920 MiB
2026/04/14 18:17:15.757, 0 %, 527 MiB, 81920 MiB
2026/04/14 18:17:15.757, 0 %, 0 MiB, 81920 MiB
2026/04/14 18:17:20.758, 0 %, 527 MiB, 81920 MiB
2026/04/14 18:17:20.758, 0 %, 0 MiB, 81920 MiB
2026/04/14 18:17:25.758, 0 %, 527 MiB, 81920 MiB
2026/04/14 18:17:25.759, 0 %, 0 MiB, 81920 MiB
2026/04/14 18:17:30.759, 9 %, 527 MiB, 81920 MiB
2026/04/14 18:17:30.759, 0 %, 0 MiB, 81920 MiB
2026/04/14 18:17:35.760, 4 %, 527 MiB, 81920 MiB
2026/04/14 18:17:35.760, 0 %, 0 MiB, 81920 MiB
2026/04/14 18:17:40.761, 0 %, 527 MiB, 81920 MiB
2026/04/14 18:17:40.761, 0 %, 0 MiB, 81920 MiB
2026/04/14 18:17:45.762, 0 %, 527 MiB, 81920 MiB
2026/04/14 18:17:45.762, 0 %, 0 MiB, 81920 MiB
2026/04/14 18:17:50.763, 0 %, 527 MiB, 81920 MiB
2026/04/14 18:17:50.763, 0 %, 0 MiB, 81920 MiB
2026/04/14 18:17:55.764, 0 %, 527 MiB, 81920 MiB
2026/04/14 18:17:55.764, 0 %, 0 MiB, 81920 MiB
2026/04/14 18:18:00.764, 0 %, 527 MiB, 81920 MiB
2026/04/14 18:18:00.765, 0 %, 0 MiB, 81920 MiB
2026/04/14 18:18:05.765, 5 %, 527 MiB, 81920 MiB
2026/04/14 18:18:05.765, 0 %, 0 MiB, 81920 MiB
2026/04/14 18:18:10.766, 0 %, 527 MiB, 81920 MiB
2026/04/14 18:18:10.766, 0 %, 0 MiB, 81920 MiB
2026/04/14 18:18:15.767, 0 %, 527 MiB, 81920 MiB
2026/04/14 18:18:15.767, 0 %, 0 MiB, 81920 MiB
2026/04/14 18:18:20.768, 0 %, 527 MiB, 81920 MiB
2026/04/14 18:18:20.768, 0 %, 0 MiB, 81920 MiB
2026/04/14 18:18:25.769, 0 %, 527 MiB, 81920 MiB
2026/04/14 18:18:25.769, 0 %, 0 MiB, 81920 MiB
2026/04/14 18:18:30.770, 0 %, 527 MiB, 81920 MiB
2026/04/14 18:18:30.770, 0 %, 0 MiB, 81920 MiB
2026/04/14 18:18:35.771, 9 %, 527 MiB, 81920 MiB
2026/04/14 18:18:35.771, 0 %, 0 MiB, 81920 MiB
2026/04/14 18:18:40.771, 17 %, 527 MiB, 81920 MiB
2026/04/14 18:18:40.772, 0 %, 0 MiB, 81920 MiB
2026/04/14 18:18:45.772, 0 %, 527 MiB, 81920 MiB
2026/04/14 18:18:45.772, 0 %, 0 MiB, 81920 MiB
2026/04/14 18:18:50.773, 0 %, 527 MiB, 81920 MiB
2026/04/14 18:18:50.773, 0 %, 0 MiB, 81920 MiB
2026/04/14 18:18:55.774, 0 %, 527 MiB, 81920 MiB
2026/04/14 18:18:55.774, 0 %, 0 MiB, 81920 MiB
2026/04/14 18:19:00.775, 0 %, 527 MiB, 81920 MiB
2026/04/14 18:19:00.775, 0 %, 0 MiB, 81920 MiB
2026/04/14 18:19:05.776, 12 %, 527 MiB, 81920 MiB
2026/04/14 18:19:05.776, 0 %, 0 MiB, 81920 MiB
2026/04/14 18:19:10.777, 15 %, 527 MiB, 81920 MiB
2026/04/14 18:19:10.777, 0 %, 0 MiB, 81920 MiB
2026/04/14 18:19:15.777, 0 %, 527 MiB, 81920 MiB
2026/04/14 18:19:15.778, 0 %, 0 MiB, 81920 MiB
2026/04/14 18:19:20.778, 0 %, 527 MiB, 81920 MiB
2026/04/14 18:19:20.778, 0 %, 0 MiB, 81920 MiB
2026/04/14 18:19:25.779, 0 %, 527 MiB, 81920 MiB
2026/04/14 18:19:25.779, 0 %, 0 MiB, 81920 MiB
2026/04/14 18:19:30.780, 0 %, 527 MiB, 81920 MiB
2026/04/14 18:19:30.780, 0 %, 0 MiB, 81920 MiB
2026/04/14 18:19:35.781, 1 %, 527 MiB, 81920 MiB
2026/04/14 18:19:35.781, 0 %, 0 MiB, 81920 MiB
2026/04/14 18:19:40.782, 6 %, 527 MiB, 81920 MiB
2026/04/14 18:19:40.782, 0 %, 0 MiB, 81920 MiB
2026/04/14 18:19:45.783, 4 %, 527 MiB, 81920 MiB
2026/04/14 18:19:45.783, 0 %, 0 MiB, 81920 MiB
2026/04/14 18:19:50.784, 0 %, 527 MiB, 81920 MiB
2026/04/14 18:19:50.784, 0 %, 0 MiB, 81920 MiB
2026/04/14 18:19:55.784, 0 %, 527 MiB, 81920 MiB
2026/04/14 18:19:55.785, 0 %, 0 MiB, 81920 MiB
2026/04/14 18:20:00.785, 0 %, 527 MiB, 81920 MiB
2026/04/14 18:20:00.785, 0 %, 0 MiB, 81920 MiB
2026/04/14 18:20:05.786, 0 %, 527 MiB, 81920 MiB
2026/04/14 18:20:05.786, 0 %, 0 MiB, 81920 MiB
2026/04/14 18:20:10.787, 15 %, 527 MiB, 81920 MiB
2026/04/14 18:20:10.787, 0 %, 0 MiB, 81920 MiB
2026/04/14 18:20:15.788, 0 %, 527 MiB, 81920 MiB
2026/04/14 18:20:15.788, 0 %, 0 MiB, 81920 MiB
2026/04/14 18:20:20.789, 0 %, 527 MiB, 81920 MiB
2026/04/14 18:20:20.789, 0 %, 0 MiB, 81920 MiB
2026/04/14 18:20:25.790, 0 %, 527 MiB, 81920 MiB
2026/04/14 18:20:25.790, 0 %, 0 MiB, 81920 MiB
2026/04/14 18:20:30.790, 0 %, 527 MiB, 81920 MiB
2026/04/14 18:20:30.791, 0 %, 0 MiB, 81920 MiB
2026/04/14 18:20:35.791, 0 %, 527 MiB, 81920 MiB
2026/04/14 18:20:35.791, 0 %, 0 MiB, 81920 MiB
2026/04/14 18:20:40.792, 1 %, 527 MiB, 81920 MiB
2026/04/14 18:20:40.792, 0 %, 0 MiB, 81920 MiB
2026/04/14 18:20:45.793, 9 %, 527 MiB, 81920 MiB
2026/04/14 18:20:45.793, 0 %, 0 MiB, 81920 MiB
2026/04/14 18:20:50.794, 0 %, 527 MiB, 81920 MiB
2026/04/14 18:20:50.794, 0 %, 0 MiB, 81920 MiB
2026/04/14 18:20:55.795, 0 %, 527 MiB, 81920 MiB
2026/04/14 18:20:55.795, 0 %, 0 MiB, 81920 MiB
2026/04/14 18:21:00.796, 0 %, 527 MiB, 81920 MiB
2026/04/14 18:21:00.796, 0 %, 0 MiB, 81920 MiB
2026/04/14 18:21:05.797, 0 %, 527 MiB, 81920 MiB
2026/04/14 18:21:05.797, 0 %, 0 MiB, 81920 MiB
2026/04/14 18:21:10.797, 3 %, 527 MiB, 81920 MiB
2026/04/14 18:21:10.798, 0 %, 0 MiB, 81920 MiB
2026/04/14 18:21:15.798, 12 %, 527 MiB, 81920 MiB
2026/04/14 18:21:15.798, 0 %, 0 MiB, 81920 MiB
2026/04/14 18:21:20.799, 0 %, 527 MiB, 81920 MiB
2026/04/14 18:21:20.799, 0 %, 0 MiB, 81920 MiB
2026/04/14 18:21:25.800, 0 %, 527 MiB, 81920 MiB
2026/04/14 18:21:25.800, 0 %, 0 MiB, 81920 MiB
2026/04/14 18:21:30.801, 0 %, 527 MiB, 81920 MiB
2026/04/14 18:21:30.801, 0 %, 0 MiB, 81920 MiB
2026/04/14 18:21:35.802, 0 %, 527 MiB, 81920 MiB
2026/04/14 18:21:35.802, 0 %, 0 MiB, 81920 MiB
2026/04/14 18:21:40.803, 0 %, 527 MiB, 81920 MiB
2026/04/14 18:21:40.803, 0 %, 0 MiB, 81920 MiB
2026/04/14 18:21:45.803, 16 %, 527 MiB, 81920 MiB
2026/04/14 18:21:45.803, 0 %, 0 MiB, 81920 MiB
2026/04/14 18:21:50.804, 10 %, 527 MiB, 81920 MiB
2026/04/14 18:21:50.804, 0 %, 0 MiB, 81920 MiB
2026/04/14 18:21:55.805, 0 %, 527 MiB, 81920 MiB
2026/04/14 18:21:55.805, 0 %, 0 MiB, 81920 MiB
2026/04/14 18:22:00.806, 0 %, 527 MiB, 81920 MiB
2026/04/14 18:22:00.806, 0 %, 0 MiB, 81920 MiB
2026/04/14 18:22:05.807, 0 %, 527 MiB, 81920 MiB
2026/04/14 18:22:05.807, 0 %, 0 MiB, 81920 MiB
2026/04/14 18:22:10.808, 0 %, 527 MiB, 81920 MiB
2026/04/14 18:22:10.808, 0 %, 0 MiB, 81920 MiB
2026/04/14 18:22:15.809, 9 %, 527 MiB, 81920 MiB
2026/04/14 18:22:15.809, 0 %, 0 MiB, 81920 MiB
2026/04/14 18:22:20.809, 12 %, 527 MiB, 81920 MiB
2026/04/14 18:22:20.809, 0 %, 0 MiB, 81920 MiB
2026/04/14 18:22:25.810, 14 %, 527 MiB, 81920 MiB
2026/04/14 18:22:25.810, 0 %, 0 MiB, 81920 MiB
2026/04/14 18:22:30.811, 0 %, 527 MiB, 81920 MiB
2026/04/14 18:22:30.811, 0 %, 0 MiB, 81920 MiB
2026/04/14 18:22:35.812, 0 %, 527 MiB, 81920 MiB
2026/04/14 18:22:35.812, 0 %, 0 MiB, 81920 MiB
2026/04/14 18:22:40.813, 0 %, 527 MiB, 81920 MiB
2026/04/14 18:22:40.813, 0 %, 0 MiB, 81920 MiB
2026/04/14 18:22:45.814, 0 %, 527 MiB, 81920 MiB
2026/04/14 18:22:45.814, 0 %, 0 MiB, 81920 MiB
2026/04/14 18:22:50.815, 3 %, 527 MiB, 81920 MiB
2026/04/14 18:22:50.815, 0 %, 0 MiB, 81920 MiB
2026/04/14 18:22:55.815, 0 %, 527 MiB, 81920 MiB
2026/04/14 18:22:55.816, 0 %, 0 MiB, 81920 MiB
2026/04/14 18:23:00.816, 0 %, 527 MiB, 81920 MiB
2026/04/14 18:23:00.816, 0 %, 0 MiB, 81920 MiB
2026/04/14 18:23:05.817, 0 %, 527 MiB, 81920 MiB
2026/04/14 18:23:05.817, 0 %, 0 MiB, 81920 MiB
2026/04/14 18:23:10.818, 0 %, 527 MiB, 81920 MiB
2026/04/14 18:23:10.818, 0 %, 0 MiB, 81920 MiB
2026/04/14 18:23:15.819, 1 %, 527 MiB, 81920 MiB
2026/04/14 18:23:15.819, 0 %, 0 MiB, 81920 MiB
2026/04/14 18:23:20.820, 9 %, 527 MiB, 81920 MiB
2026/04/14 18:23:20.820, 0 %, 0 MiB, 81920 MiB
2026/04/14 18:23:25.821, 5 %, 527 MiB, 81920 MiB
2026/04/14 18:23:25.821, 0 %, 0 MiB, 81920 MiB
2026/04/14 18:23:30.821, 0 %, 527 MiB, 81920 MiB
2026/04/14 18:23:30.822, 0 %, 0 MiB, 81920 MiB
2026/04/14 18:23:35.822, 0 %, 527 MiB, 81920 MiB
2026/04/14 18:23:35.822, 0 %, 0 MiB, 81920 MiB
2026/04/14 18:23:40.823, 0 %, 527 MiB, 81920 MiB
2026/04/14 18:23:40.823, 0 %, 0 MiB, 81920 MiB
2026/04/14 18:23:45.824, 0 %, 527 MiB, 81920 MiB
2026/04/14 18:23:45.824, 0 %, 0 MiB, 81920 MiB
2026/04/14 18:23:50.825, 0 %, 527 MiB, 81920 MiB
2026/04/14 18:23:50.825, 0 %, 0 MiB, 81920 MiB
2026/04/14 18:23:55.826, 12 %, 527 MiB, 81920 MiB
2026/04/14 18:23:55.826, 0 %, 0 MiB, 81920 MiB
2026/04/14 18:24:00.827, 0 %, 527 MiB, 81920 MiB
2026/04/14 18:24:00.827, 0 %, 0 MiB, 81920 MiB
2026/04/14 18:24:05.827, 0 %, 527 MiB, 81920 MiB
2026/04/14 18:24:05.828, 0 %, 0 MiB, 81920 MiB
2026/04/14 18:24:10.828, 0 %, 527 MiB, 81920 MiB
2026/04/14 18:24:10.828, 0 %, 0 MiB, 81920 MiB
2026/04/14 18:24:15.829, 0 %, 527 MiB, 81920 MiB
2026/04/14 18:24:15.829, 0 %, 0 MiB, 81920 MiB
2026/04/14 18:24:20.830, 7 %, 527 MiB, 81920 MiB
2026/04/14 18:24:20.830, 0 %, 0 MiB, 81920 MiB
2026/04/14 18:24:25.831, 8 %, 527 MiB, 81920 MiB
2026/04/14 18:24:25.831, 0 %, 0 MiB, 81920 MiB
2026/04/14 18:24:30.832, 16 %, 527 MiB, 81920 MiB
2026/04/14 18:24:30.832, 0 %, 0 MiB, 81920 MiB
2026/04/14 18:24:35.833, 0 %, 527 MiB, 81920 MiB
2026/04/14 18:24:35.833, 0 %, 0 MiB, 81920 MiB
2026/04/14 18:24:40.834, 0 %, 527 MiB, 81920 MiB
2026/04/14 18:24:40.834, 0 %, 0 MiB, 81920 MiB
2026/04/14 18:24:45.834, 0 %, 527 MiB, 81920 MiB
2026/04/14 18:24:45.835, 0 %, 0 MiB, 81920 MiB
2026/04/14 18:24:50.835, 0 %, 527 MiB, 81920 MiB
2026/04/14 18:24:50.835, 0 %, 0 MiB, 81920 MiB
2026/04/14 18:24:55.836, 2 %, 527 MiB, 81920 MiB
2026/04/14 18:24:55.836, 0 %, 0 MiB, 81920 MiB
2026/04/14 18:25:00.837, 11 %, 527 MiB, 81920 MiB
2026/04/14 18:25:00.837, 0 %, 0 MiB, 81920 MiB
2026/04/14 18:25:05.838, 0 %, 527 MiB, 81920 MiB
2026/04/14 18:25:05.838, 0 %, 0 MiB, 81920 MiB
2026/04/14 18:25:10.839, 0 %, 527 MiB, 81920 MiB
2026/04/14 18:25:10.839, 0 %, 0 MiB, 81920 MiB
2026/04/14 18:25:15.840, 0 %, 527 MiB, 81920 MiB
2026/04/14 18:25:15.840, 0 %, 0 MiB, 81920 MiB
2026/04/14 18:25:20.840, 0 %, 527 MiB, 81920 MiB
2026/04/14 18:25:20.841, 0 %, 0 MiB, 81920 MiB
2026/04/14 18:25:25.841, 7 %, 527 MiB, 81920 MiB
2026/04/14 18:25:25.841, 0 %, 0 MiB, 81920 MiB
2026/04/14 18:25:30.842, 7 %, 527 MiB, 81920 MiB
2026/04/14 18:25:30.842, 0 %, 0 MiB, 81920 MiB
2026/04/14 18:25:35.843, 0 %, 527 MiB, 81920 MiB
2026/04/14 18:25:35.843, 0 %, 0 MiB, 81920 MiB
2026/04/14 18:25:40.844, 0 %, 527 MiB, 81920 MiB
2026/04/14 18:25:40.844, 0 %, 0 MiB, 81920 MiB
2026/04/14 18:25:45.845, 0 %, 527 MiB, 81920 MiB
2026/04/14 18:25:45.845, 0 %, 0 MiB, 81920 MiB
2026/04/14 18:25:50.846, 0 %, 527 MiB, 81920 MiB
2026/04/14 18:25:50.846, 0 %, 0 MiB, 81920 MiB
2026/04/14 18:25:55.846, 11 %, 527 MiB, 81920 MiB
2026/04/14 18:25:55.847, 0 %, 0 MiB, 81920 MiB
2026/04/14 18:26:00.847, 15 %, 527 MiB, 81920 MiB
2026/04/14 18:26:00.847, 0 %, 0 MiB, 81920 MiB
2026/04/14 18:26:05.848, 0 %, 527 MiB, 81920 MiB
2026/04/14 18:26:05.848, 0 %, 0 MiB, 81920 MiB
2026/04/14 18:26:10.849, 0 %, 527 MiB, 81920 MiB
2026/04/14 18:26:10.849, 0 %, 0 MiB, 81920 MiB
2026/04/14 18:26:15.850, 0 %, 527 MiB, 81920 MiB
2026/04/14 18:26:15.850, 0 %, 0 MiB, 81920 MiB
2026/04/14 18:26:20.851, 0 %, 527 MiB, 81920 MiB
2026/04/14 18:26:20.851, 0 %, 0 MiB, 81920 MiB
2026/04/14 18:26:25.852, 5 %, 527 MiB, 81920 MiB
2026/04/14 18:26:25.852, 0 %, 0 MiB, 81920 MiB
2026/04/14 18:26:30.853, 0 %, 527 MiB, 81920 MiB
2026/04/14 18:26:30.853, 0 %, 0 MiB, 81920 MiB
2026/04/14 18:26:35.853, 0 %, 527 MiB, 81920 MiB
2026/04/14 18:26:35.853, 0 %, 0 MiB, 81920 MiB
2026/04/14 18:26:40.854, 0 %, 527 MiB, 81920 MiB
2026/04/14 18:26:40.854, 0 %, 0 MiB, 81920 MiB
2026/04/14 18:26:45.855, 0 %, 527 MiB, 81920 MiB
2026/04/14 18:26:45.855, 0 %, 0 MiB, 81920 MiB
2026/04/14 18:26:50.856, 0 %, 527 MiB, 81920 MiB
2026/04/14 18:26:50.856, 0 %, 0 MiB, 81920 MiB
2026/04/14 18:26:55.857, 0 %, 527 MiB, 81920 MiB
2026/04/14 18:26:55.857, 0 %, 0 MiB, 81920 MiB
2026/04/14 18:27:00.857, 0 %, 527 MiB, 81920 MiB
2026/04/14 18:27:00.857, 0 %, 0 MiB, 81920 MiB
2026/04/14 18:27:05.858, 0 %, 527 MiB, 81920 MiB
2026/04/14 18:27:05.858, 0 %, 0 MiB, 81920 MiB
2026/04/14 18:27:10.859, 0 %, 527 MiB, 81920 MiB
2026/04/14 18:27:10.859, 0 %, 0 MiB, 81920 MiB
2026/04/14 18:27:15.860, 0 %, 527 MiB, 81920 MiB
2026/04/14 18:27:15.860, 0 %, 0 MiB, 81920 MiB
2026/04/14 18:27:20.861, 0 %, 527 MiB, 81920 MiB
2026/04/14 18:27:20.861, 0 %, 0 MiB, 81920 MiB
2026/04/14 18:27:25.861, 0 %, 527 MiB, 81920 MiB
2026/04/14 18:27:25.861, 0 %, 0 MiB, 81920 MiB
2026/04/14 18:27:30.862, 0 %, 527 MiB, 81920 MiB
2026/04/14 18:27:30.862, 0 %, 0 MiB, 81920 MiB
2026/04/14 18:27:35.863, 0 %, 527 MiB, 81920 MiB
2026/04/14 18:27:35.863, 0 %, 0 MiB, 81920 MiB
2026/04/14 18:27:40.864, 0 %, 527 MiB, 81920 MiB
2026/04/14 18:27:40.864, 0 %, 0 MiB, 81920 MiB
2026/04/14 18:27:45.865, 0 %, 527 MiB, 81920 MiB
2026/04/14 18:27:45.865, 0 %, 0 MiB, 81920 MiB
2026/04/14 18:27:50.865, 0 %, 527 MiB, 81920 MiB
2026/04/14 18:27:50.866, 0 %, 0 MiB, 81920 MiB
2026/04/14 18:27:55.866, 0 %, 527 MiB, 81920 MiB
2026/04/14 18:27:55.866, 0 %, 0 MiB, 81920 MiB
2026/04/14 18:28:00.867, 0 %, 527 MiB, 81920 MiB
2026/04/14 18:28:00.867, 0 %, 0 MiB, 81920 MiB
2026/04/14 18:28:05.868, 0 %, 527 MiB, 81920 MiB
2026/04/14 18:28:05.868, 0 %, 0 MiB, 81920 MiB
2026/04/14 18:28:10.869, 0 %, 527 MiB, 81920 MiB
2026/04/14 18:28:10.869, 0 %, 0 MiB, 81920 MiB
2026/04/14 18:28:15.870, 0 %, 527 MiB, 81920 MiB
2026/04/14 18:28:15.870, 0 %, 0 MiB, 81920 MiB
2026/04/14 18:28:20.870, 0 %, 527 MiB, 81920 MiB
2026/04/14 18:28:20.871, 0 %, 0 MiB, 81920 MiB
2026/04/14 18:28:25.872, 0 %, 493 MiB, 81920 MiB
2026/04/14 18:28:25.872, 0 %, 0 MiB, 81920 MiB
2026/04/14 18:28:30.873, 0 %, 493 MiB, 81920 MiB
2026/04/14 18:28:30.873, 0 %, 0 MiB, 81920 MiB
2026/04/14 18:28:35.874, 0 %, 493 MiB, 81920 MiB
2026/04/14 18:28:35.874, 0 %, 0 MiB, 81920 MiB
2026/04/14 18:28:40.875, 0 %, 493 MiB, 81920 MiB
2026/04/14 18:28:40.875, 0 %, 0 MiB, 81920 MiB
2026/04/14 18:28:45.915, 0 %, 493 MiB, 81920 MiB
2026/04/14 18:28:45.916, 0 %, 0 MiB, 81920 MiB
2026/04/14 18:28:50.916, 0 %, 493 MiB, 81920 MiB
2026/04/14 18:28:50.916, 0 %, 0 MiB, 81920 MiB
2026/04/14 18:28:55.917, 0 %, 493 MiB, 81920 MiB
2026/04/14 18:28:55.917, 0 %, 0 MiB, 81920 MiB
2026/04/14 18:29:00.917, 0 %, 493 MiB, 81920 MiB
2026/04/14 18:29:00.917, 0 %, 0 MiB, 81920 MiB
2026/04/14 18:29:05.918, 0 %, 493 MiB, 81920 MiB
2026/04/14 18:29:05.918, 0 %, 0 MiB, 81920 MiB
2026/04/14 18:29:10.919, 0 %, 493 MiB, 81920 MiB
2026/04/14 18:29:10.919, 0 %, 0 MiB, 81920 MiB
2026/04/14 18:29:15.920, 0 %, 493 MiB, 81920 MiB
2026/04/14 18:29:15.920, 0 %, 0 MiB, 81920 MiB
2026/04/14 18:29:20.921, 0 %, 493 MiB, 81920 MiB
2026/04/14 18:29:20.921, 0 %, 0 MiB, 81920 MiB
2026/04/14 18:29:25.922, 0 %, 493 MiB, 81920 MiB
2026/04/14 18:29:25.922, 0 %, 0 MiB, 81920 MiB
2026/04/14 18:29:30.922, 0 %, 493 MiB, 81920 MiB
2026/04/14 18:29:30.922, 0 %, 0 MiB, 81920 MiB
2026/04/14 18:29:35.923, 0 %, 493 MiB, 81920 MiB
2026/04/14 18:29:35.923, 0 %, 0 MiB, 81920 MiB
2026/04/14 18:29:40.924, 0 %, 493 MiB, 81920 MiB
2026/04/14 18:29:40.924, 0 %, 0 MiB, 81920 MiB
2026/04/14 18:29:45.925, 0 %, 493 MiB, 81920 MiB
2026/04/14 18:29:45.925, 0 %, 0 MiB, 81920 MiB
2026/04/14 18:29:50.925, 0 %, 493 MiB, 81920 MiB
2026/04/14 18:29:50.926, 0 %, 0 MiB, 81920 MiB
2026/04/14 18:29:55.966, 0 %, 493 MiB, 81920 MiB
2026/04/14 18:29:55.966, 0 %, 0 MiB, 81920 MiB
2026/04/14 18:30:00.967, 0 %, 493 MiB, 81920 MiB
2026/04/14 18:30:00.967, 0 %, 0 MiB, 81920 MiB
2026/04/14 18:30:05.967, 0 %, 493 MiB, 81920 MiB
2026/04/14 18:30:05.967, 0 %, 0 MiB, 81920 MiB
2026/04/14 18:30:10.968, 0 %, 493 MiB, 81920 MiB
2026/04/14 18:30:10.968, 0 %, 0 MiB, 81920 MiB
2026/04/14 18:30:15.969, 0 %, 493 MiB, 81920 MiB
2026/04/14 18:30:15.969, 0 %, 0 MiB, 81920 MiB
2026/04/14 18:30:20.970, 0 %, 493 MiB, 81920 MiB
2026/04/14 18:30:20.970, 0 %, 0 MiB, 81920 MiB
2026/04/14 18:30:25.971, 5 %, 527 MiB, 81920 MiB
2026/04/14 18:30:25.971, 0 %, 0 MiB, 81920 MiB
2026/04/14 18:30:30.972, 10 %, 527 MiB, 81920 MiB
2026/04/14 18:30:30.972, 0 %, 0 MiB, 81920 MiB
2026/04/14 18:30:35.973, 11 %, 527 MiB, 81920 MiB
2026/04/14 18:30:35.973, 0 %, 0 MiB, 81920 MiB
2026/04/14 18:30:40.974, 0 %, 527 MiB, 81920 MiB
2026/04/14 18:30:40.974, 0 %, 0 MiB, 81920 MiB
2026/04/14 18:30:45.975, 0 %, 527 MiB, 81920 MiB
2026/04/14 18:30:45.975, 0 %, 0 MiB, 81920 MiB
2026/04/14 18:30:50.975, 0 %, 527 MiB, 81920 MiB
2026/04/14 18:30:50.976, 0 %, 0 MiB, 81920 MiB
2026/04/14 18:30:55.976, 0 %, 527 MiB, 81920 MiB
2026/04/14 18:30:55.977, 0 %, 0 MiB, 81920 MiB
2026/04/14 18:31:00.977, 0 %, 527 MiB, 81920 MiB
2026/04/14 18:31:00.977, 0 %, 0 MiB, 81920 MiB
2026/04/14 18:31:05.978, 0 %, 527 MiB, 81920 MiB
2026/04/14 18:31:05.978, 0 %, 0 MiB, 81920 MiB
2026/04/14 18:31:10.979, 0 %, 527 MiB, 81920 MiB
2026/04/14 18:31:10.979, 0 %, 0 MiB, 81920 MiB
2026/04/14 18:31:15.980, 0 %, 527 MiB, 81920 MiB
2026/04/14 18:31:15.980, 0 %, 0 MiB, 81920 MiB
2026/04/14 18:31:20.981, 0 %, 527 MiB, 81920 MiB
2026/04/14 18:31:20.981, 0 %, 0 MiB, 81920 MiB
2026/04/14 18:31:25.982, 0 %, 527 MiB, 81920 MiB
2026/04/14 18:31:25.982, 0 %, 0 MiB, 81920 MiB
2026/04/14 18:31:30.983, 0 %, 527 MiB, 81920 MiB
2026/04/14 18:31:30.983, 0 %, 0 MiB, 81920 MiB
2026/04/14 18:31:35.984, 0 %, 527 MiB, 81920 MiB
2026/04/14 18:31:35.984, 0 %, 0 MiB, 81920 MiB
2026/04/14 18:31:40.984, 0 %, 527 MiB, 81920 MiB
2026/04/14 18:31:40.985, 0 %, 0 MiB, 81920 MiB
2026/04/14 18:31:45.985, 0 %, 527 MiB, 81920 MiB
2026/04/14 18:31:45.986, 0 %, 0 MiB, 81920 MiB
2026/04/14 18:31:50.986, 11 %, 527 MiB, 81920 MiB
2026/04/14 18:31:50.986, 0 %, 0 MiB, 81920 MiB
2026/04/14 18:31:55.987, 0 %, 527 MiB, 81920 MiB
2026/04/14 18:31:55.987, 0 %, 0 MiB, 81920 MiB
2026/04/14 18:32:00.988, 4 %, 527 MiB, 81920 MiB
2026/04/14 18:32:00.988, 0 %, 0 MiB, 81920 MiB
2026/04/14 18:32:05.989, 4 %, 527 MiB, 81920 MiB
2026/04/14 18:32:05.989, 0 %, 0 MiB, 81920 MiB
2026/04/14 18:32:10.990, 17 %, 527 MiB, 81920 MiB
2026/04/14 18:32:10.990, 0 %, 0 MiB, 81920 MiB
2026/04/14 18:32:15.991, 17 %, 527 MiB, 81920 MiB
2026/04/14 18:32:15.991, 0 %, 0 MiB, 81920 MiB
2026/04/14 18:32:20.992, 7 %, 527 MiB, 81920 MiB
2026/04/14 18:32:20.992, 0 %, 0 MiB, 81920 MiB
2026/04/14 18:32:25.993, 8 %, 527 MiB, 81920 MiB
2026/04/14 18:32:25.993, 0 %, 0 MiB, 81920 MiB
2026/04/14 18:32:30.994, 0 %, 527 MiB, 81920 MiB
2026/04/14 18:32:30.994, 0 %, 0 MiB, 81920 MiB
2026/04/14 18:32:35.995, 14 %, 527 MiB, 81920 MiB
2026/04/14 18:32:35.995, 0 %, 0 MiB, 81920 MiB
2026/04/14 18:32:40.995, 1 %, 527 MiB, 81920 MiB
2026/04/14 18:32:40.996, 0 %, 0 MiB, 81920 MiB
2026/04/14 18:32:45.996, 16 %, 527 MiB, 81920 MiB
2026/04/14 18:32:45.997, 0 %, 0 MiB, 81920 MiB
2026/04/14 18:32:50.997, 5 %, 527 MiB, 81920 MiB
2026/04/14 18:32:50.997, 0 %, 0 MiB, 81920 MiB
2026/04/14 18:32:55.998, 0 %, 527 MiB, 81920 MiB
2026/04/14 18:32:55.998, 0 %, 0 MiB, 81920 MiB
2026/04/14 18:33:00.999, 0 %, 527 MiB, 81920 MiB
2026/04/14 18:33:00.999, 0 %, 0 MiB, 81920 MiB
2026/04/14 18:33:06.000, 0 %, 527 MiB, 81920 MiB
2026/04/14 18:33:06.000, 0 %, 0 MiB, 81920 MiB
2026/04/14 18:33:11.001, 0 %, 527 MiB, 81920 MiB
2026/04/14 18:33:11.001, 0 %, 0 MiB, 81920 MiB
2026/04/14 18:33:16.002, 12 %, 527 MiB, 81920 MiB
2026/04/14 18:33:16.002, 0 %, 0 MiB, 81920 MiB
2026/04/14 18:33:21.003, 3 %, 527 MiB, 81920 MiB
2026/04/14 18:33:21.003, 0 %, 0 MiB, 81920 MiB
2026/04/14 18:33:26.004, 0 %, 527 MiB, 81920 MiB
2026/04/14 18:33:26.004, 0 %, 0 MiB, 81920 MiB
2026/04/14 18:33:31.005, 0 %, 527 MiB, 81920 MiB
2026/04/14 18:33:31.005, 0 %, 0 MiB, 81920 MiB
2026/04/14 18:33:36.006, 0 %, 527 MiB, 81920 MiB
2026/04/14 18:33:36.006, 0 %, 0 MiB, 81920 MiB
2026/04/14 18:33:41.007, 0 %, 527 MiB, 81920 MiB
2026/04/14 18:33:41.007, 0 %, 0 MiB, 81920 MiB
2026/04/14 18:33:46.008, 0 %, 527 MiB, 81920 MiB
2026/04/14 18:33:46.008, 0 %, 0 MiB, 81920 MiB
2026/04/14 18:33:51.009, 16 %, 527 MiB, 81920 MiB
2026/04/14 18:33:51.009, 0 %, 0 MiB, 81920 MiB
2026/04/14 18:33:56.009, 0 %, 527 MiB, 81920 MiB
2026/04/14 18:33:56.010, 0 %, 0 MiB, 81920 MiB
2026/04/14 18:34:01.010, 0 %, 527 MiB, 81920 MiB
2026/04/14 18:34:01.011, 0 %, 0 MiB, 81920 MiB
2026/04/14 18:34:06.011, 0 %, 527 MiB, 81920 MiB
2026/04/14 18:34:06.011, 0 %, 0 MiB, 81920 MiB
2026/04/14 18:34:11.012, 0 %, 527 MiB, 81920 MiB
2026/04/14 18:34:11.012, 0 %, 0 MiB, 81920 MiB
2026/04/14 18:34:16.013, 0 %, 527 MiB, 81920 MiB
2026/04/14 18:34:16.013, 0 %, 0 MiB, 81920 MiB
2026/04/14 18:34:21.014, 8 %, 527 MiB, 81920 MiB
2026/04/14 18:34:21.014, 0 %, 0 MiB, 81920 MiB
2026/04/14 18:34:26.015, 0 %, 527 MiB, 81920 MiB
2026/04/14 18:34:26.015, 0 %, 0 MiB, 81920 MiB
2026/04/14 18:34:31.016, 0 %, 527 MiB, 81920 MiB
2026/04/14 18:34:31.016, 0 %, 0 MiB, 81920 MiB
2026/04/14 18:34:36.017, 0 %, 527 MiB, 81920 MiB
2026/04/14 18:34:36.017, 0 %, 0 MiB, 81920 MiB
2026/04/14 18:34:41.018, 0 %, 527 MiB, 81920 MiB
2026/04/14 18:34:41.018, 0 %, 0 MiB, 81920 MiB
2026/04/14 18:34:46.018, 0 %, 527 MiB, 81920 MiB
2026/04/14 18:34:46.019, 0 %, 0 MiB, 81920 MiB
2026/04/14 18:34:51.019, 9 %, 527 MiB, 81920 MiB
2026/04/14 18:34:51.020, 0 %, 0 MiB, 81920 MiB
2026/04/14 18:34:56.020, 17 %, 527 MiB, 81920 MiB
2026/04/14 18:34:56.021, 0 %, 0 MiB, 81920 MiB
2026/04/14 18:35:01.021, 0 %, 527 MiB, 81920 MiB
2026/04/14 18:35:01.021, 0 %, 0 MiB, 81920 MiB
2026/04/14 18:35:06.022, 0 %, 527 MiB, 81920 MiB
2026/04/14 18:35:06.022, 0 %, 0 MiB, 81920 MiB
2026/04/14 18:35:11.023, 0 %, 527 MiB, 81920 MiB
2026/04/14 18:35:11.023, 0 %, 0 MiB, 81920 MiB
2026/04/14 18:35:16.024, 0 %, 527 MiB, 81920 MiB
2026/04/14 18:35:16.024, 0 %, 0 MiB, 81920 MiB
2026/04/14 18:35:21.025, 9 %, 527 MiB, 81920 MiB
2026/04/14 18:35:21.025, 0 %, 0 MiB, 81920 MiB
2026/04/14 18:35:26.026, 17 %, 527 MiB, 81920 MiB
2026/04/14 18:35:26.026, 0 %, 0 MiB, 81920 MiB
2026/04/14 18:35:31.027, 0 %, 527 MiB, 81920 MiB
2026/04/14 18:35:31.027, 0 %, 0 MiB, 81920 MiB
2026/04/14 18:35:36.028, 0 %, 527 MiB, 81920 MiB
2026/04/14 18:35:36.028, 0 %, 0 MiB, 81920 MiB
2026/04/14 18:35:41.028, 0 %, 527 MiB, 81920 MiB
2026/04/14 18:35:41.028, 0 %, 0 MiB, 81920 MiB
2026/04/14 18:35:46.029, 0 %, 527 MiB, 81920 MiB
2026/04/14 18:35:46.029, 0 %, 0 MiB, 81920 MiB
2026/04/14 18:35:51.030, 0 %, 527 MiB, 81920 MiB
2026/04/14 18:35:51.030, 0 %, 0 MiB, 81920 MiB
2026/04/14 18:35:56.031, 1 %, 527 MiB, 81920 MiB
2026/04/14 18:35:56.031, 0 %, 0 MiB, 81920 MiB
2026/04/14 18:36:01.032, 12 %, 527 MiB, 81920 MiB
2026/04/14 18:36:01.032, 0 %, 0 MiB, 81920 MiB
2026/04/14 18:36:06.033, 0 %, 527 MiB, 81920 MiB
2026/04/14 18:36:06.033, 0 %, 0 MiB, 81920 MiB
2026/04/14 18:36:11.034, 0 %, 527 MiB, 81920 MiB
2026/04/14 18:36:11.034, 0 %, 0 MiB, 81920 MiB
2026/04/14 18:36:16.034, 0 %, 527 MiB, 81920 MiB
2026/04/14 18:36:16.034, 0 %, 0 MiB, 81920 MiB
2026/04/14 18:36:21.035, 0 %, 527 MiB, 81920 MiB
2026/04/14 18:36:21.035, 0 %, 0 MiB, 81920 MiB
2026/04/14 18:36:26.036, 0 %, 527 MiB, 81920 MiB
2026/04/14 18:36:26.036, 0 %, 0 MiB, 81920 MiB
2026/04/14 18:36:31.037, 9 %, 527 MiB, 81920 MiB
2026/04/14 18:36:31.037, 0 %, 0 MiB, 81920 MiB
2026/04/14 18:36:36.038, 18 %, 527 MiB, 81920 MiB
2026/04/14 18:36:36.038, 0 %, 0 MiB, 81920 MiB
2026/04/14 18:36:41.039, 0 %, 527 MiB, 81920 MiB
2026/04/14 18:36:41.039, 0 %, 0 MiB, 81920 MiB
2026/04/14 18:36:46.040, 0 %, 527 MiB, 81920 MiB
2026/04/14 18:36:46.040, 0 %, 0 MiB, 81920 MiB
2026/04/14 18:36:51.040, 0 %, 527 MiB, 81920 MiB
2026/04/14 18:36:51.041, 0 %, 0 MiB, 81920 MiB
2026/04/14 18:36:56.041, 0 %, 527 MiB, 81920 MiB
2026/04/14 18:36:56.042, 0 %, 0 MiB, 81920 MiB
2026/04/14 18:37:01.042, 0 %, 527 MiB, 81920 MiB
2026/04/14 18:37:01.043, 0 %, 0 MiB, 81920 MiB
2026/04/14 18:37:06.043, 17 %, 527 MiB, 81920 MiB
2026/04/14 18:37:06.043, 0 %, 0 MiB, 81920 MiB
2026/04/14 18:37:11.044, 8 %, 527 MiB, 81920 MiB
2026/04/14 18:37:11.044, 0 %, 0 MiB, 81920 MiB
2026/04/14 18:37:16.045, 0 %, 527 MiB, 81920 MiB
2026/04/14 18:37:16.045, 0 %, 0 MiB, 81920 MiB
2026/04/14 18:37:21.046, 0 %, 527 MiB, 81920 MiB
2026/04/14 18:37:21.046, 0 %, 0 MiB, 81920 MiB
2026/04/14 18:37:26.047, 0 %, 527 MiB, 81920 MiB
2026/04/14 18:37:26.047, 0 %, 0 MiB, 81920 MiB
2026/04/14 18:37:31.048, 0 %, 527 MiB, 81920 MiB
2026/04/14 18:37:31.048, 0 %, 0 MiB, 81920 MiB
2026/04/14 18:37:36.049, 17 %, 527 MiB, 81920 MiB
2026/04/14 18:37:36.049, 0 %, 0 MiB, 81920 MiB
2026/04/14 18:37:41.050, 10 %, 527 MiB, 81920 MiB
2026/04/14 18:37:41.050, 0 %, 0 MiB, 81920 MiB
2026/04/14 18:37:46.050, 0 %, 527 MiB, 81920 MiB
2026/04/14 18:37:46.051, 0 %, 0 MiB, 81920 MiB
2026/04/14 18:37:51.051, 0 %, 527 MiB, 81920 MiB
2026/04/14 18:37:51.052, 0 %, 0 MiB, 81920 MiB
2026/04/14 18:37:56.052, 0 %, 527 MiB, 81920 MiB
2026/04/14 18:37:56.053, 0 %, 0 MiB, 81920 MiB
2026/04/14 18:38:01.053, 0 %, 527 MiB, 81920 MiB
2026/04/14 18:38:01.053, 0 %, 0 MiB, 81920 MiB
2026/04/14 18:38:06.054, 6 %, 527 MiB, 81920 MiB
2026/04/14 18:38:06.054, 0 %, 0 MiB, 81920 MiB
2026/04/14 18:38:11.055, 8 %, 527 MiB, 81920 MiB
2026/04/14 18:38:11.055, 0 %, 0 MiB, 81920 MiB
2026/04/14 18:38:16.056, 0 %, 527 MiB, 81920 MiB
2026/04/14 18:38:16.056, 0 %, 0 MiB, 81920 MiB
2026/04/14 18:38:21.057, 0 %, 527 MiB, 81920 MiB
2026/04/14 18:38:21.057, 0 %, 0 MiB, 81920 MiB
2026/04/14 18:38:26.058, 0 %, 527 MiB, 81920 MiB
2026/04/14 18:38:26.058, 0 %, 0 MiB, 81920 MiB
2026/04/14 18:38:31.059, 0 %, 527 MiB, 81920 MiB
2026/04/14 18:38:31.059, 0 %, 0 MiB, 81920 MiB
2026/04/14 18:38:36.060, 0 %, 527 MiB, 81920 MiB
2026/04/14 18:38:36.060, 0 %, 0 MiB, 81920 MiB
2026/04/14 18:38:41.061, 16 %, 527 MiB, 81920 MiB
2026/04/14 18:38:41.061, 0 %, 0 MiB, 81920 MiB
2026/04/14 18:38:46.062, 0 %, 527 MiB, 81920 MiB
2026/04/14 18:38:46.062, 0 %, 0 MiB, 81920 MiB
2026/04/14 18:38:51.063, 0 %, 527 MiB, 81920 MiB
2026/04/14 18:38:51.063, 0 %, 0 MiB, 81920 MiB
2026/04/14 18:38:56.064, 0 %, 527 MiB, 81920 MiB
2026/04/14 18:38:56.064, 0 %, 0 MiB, 81920 MiB
2026/04/14 18:39:01.065, 0 %, 527 MiB, 81920 MiB
2026/04/14 18:39:01.065, 0 %, 0 MiB, 81920 MiB
2026/04/14 18:39:06.065, 0 %, 527 MiB, 81920 MiB
2026/04/14 18:39:06.066, 0 %, 0 MiB, 81920 MiB
2026/04/14 18:39:11.066, 2 %, 527 MiB, 81920 MiB
2026/04/14 18:39:11.067, 0 %, 0 MiB, 81920 MiB
2026/04/14 18:39:16.067, 12 %, 527 MiB, 81920 MiB
2026/04/14 18:39:16.067, 0 %, 0 MiB, 81920 MiB
2026/04/14 18:39:21.068, 3 %, 527 MiB, 81920 MiB
2026/04/14 18:39:21.068, 0 %, 0 MiB, 81920 MiB
2026/04/14 18:39:26.069, 0 %, 527 MiB, 81920 MiB
2026/04/14 18:39:26.069, 0 %, 0 MiB, 81920 MiB
2026/04/14 18:39:31.070, 0 %, 527 MiB, 81920 MiB
2026/04/14 18:39:31.070, 0 %, 0 MiB, 81920 MiB
2026/04/14 18:39:36.071, 0 %, 527 MiB, 81920 MiB
2026/04/14 18:39:36.071, 0 %, 0 MiB, 81920 MiB
2026/04/14 18:39:41.072, 5 %, 527 MiB, 81920 MiB
2026/04/14 18:39:41.072, 0 %, 0 MiB, 81920 MiB
2026/04/14 18:39:46.073, 14 %, 527 MiB, 81920 MiB
2026/04/14 18:39:46.073, 0 %, 0 MiB, 81920 MiB
2026/04/14 18:39:51.074, 0 %, 527 MiB, 81920 MiB
2026/04/14 18:39:51.074, 0 %, 0 MiB, 81920 MiB
2026/04/14 18:39:56.075, 0 %, 527 MiB, 81920 MiB
2026/04/14 18:39:56.075, 0 %, 0 MiB, 81920 MiB
2026/04/14 18:40:01.076, 0 %, 527 MiB, 81920 MiB
2026/04/14 18:40:01.076, 0 %, 0 MiB, 81920 MiB
2026/04/14 18:40:06.077, 0 %, 527 MiB, 81920 MiB
2026/04/14 18:40:06.077, 0 %, 0 MiB, 81920 MiB
2026/04/14 18:40:11.077, 0 %, 527 MiB, 81920 MiB
2026/04/14 18:40:11.078, 0 %, 0 MiB, 81920 MiB
2026/04/14 18:40:16.078, 15 %, 527 MiB, 81920 MiB
2026/04/14 18:40:16.079, 0 %, 0 MiB, 81920 MiB
2026/04/14 18:40:21.079, 13 %, 527 MiB, 81920 MiB
2026/04/14 18:40:21.079, 0 %, 0 MiB, 81920 MiB
2026/04/14 18:40:26.080, 0 %, 527 MiB, 81920 MiB
2026/04/14 18:40:26.080, 0 %, 0 MiB, 81920 MiB
2026/04/14 18:40:31.081, 0 %, 527 MiB, 81920 MiB
2026/04/14 18:40:31.081, 0 %, 0 MiB, 81920 MiB
2026/04/14 18:40:36.082, 0 %, 527 MiB, 81920 MiB
2026/04/14 18:40:36.082, 0 %, 0 MiB, 81920 MiB
2026/04/14 18:40:41.083, 0 %, 527 MiB, 81920 MiB
2026/04/14 18:40:41.083, 0 %, 0 MiB, 81920 MiB
2026/04/14 18:40:46.084, 3 %, 527 MiB, 81920 MiB
2026/04/14 18:40:46.084, 0 %, 0 MiB, 81920 MiB
2026/04/14 18:40:51.085, 13 %, 527 MiB, 81920 MiB
2026/04/14 18:40:51.085, 0 %, 0 MiB, 81920 MiB
2026/04/14 18:40:56.086, 4 %, 527 MiB, 81920 MiB
2026/04/14 18:40:56.086, 0 %, 0 MiB, 81920 MiB
2026/04/14 18:41:01.087, 0 %, 527 MiB, 81920 MiB
2026/04/14 18:41:01.087, 0 %, 0 MiB, 81920 MiB
2026/04/14 18:41:06.088, 0 %, 527 MiB, 81920 MiB
2026/04/14 18:41:06.088, 0 %, 0 MiB, 81920 MiB
2026/04/14 18:41:11.088, 0 %, 527 MiB, 81920 MiB
2026/04/14 18:41:11.088, 0 %, 0 MiB, 81920 MiB
2026/04/14 18:41:16.089, 0 %, 527 MiB, 81920 MiB
2026/04/14 18:41:16.089, 0 %, 0 MiB, 81920 MiB
2026/04/14 18:41:21.090, 0 %, 527 MiB, 81920 MiB
2026/04/14 18:41:21.090, 0 %, 0 MiB, 81920 MiB
2026/04/14 18:41:26.091, 16 %, 527 MiB, 81920 MiB
2026/04/14 18:41:26.091, 0 %, 0 MiB, 81920 MiB
2026/04/14 18:41:31.092, 12 %, 527 MiB, 81920 MiB
2026/04/14 18:41:31.092, 0 %, 0 MiB, 81920 MiB
2026/04/14 18:41:36.093, 0 %, 527 MiB, 81920 MiB
2026/04/14 18:41:36.093, 0 %, 0 MiB, 81920 MiB
2026/04/14 18:41:41.094, 0 %, 527 MiB, 81920 MiB
2026/04/14 18:41:41.094, 0 %, 0 MiB, 81920 MiB
2026/04/14 18:41:46.094, 0 %, 527 MiB, 81920 MiB
2026/04/14 18:41:46.095, 0 %, 0 MiB, 81920 MiB
2026/04/14 18:41:51.095, 0 %, 527 MiB, 81920 MiB
2026/04/14 18:41:51.095, 0 %, 0 MiB, 81920 MiB
2026/04/14 18:41:56.096, 15 %, 527 MiB, 81920 MiB
2026/04/14 18:41:56.096, 0 %, 0 MiB, 81920 MiB
2026/04/14 18:42:01.097, 0 %, 527 MiB, 81920 MiB
2026/04/14 18:42:01.097, 0 %, 0 MiB, 81920 MiB
2026/04/14 18:42:06.098, 0 %, 527 MiB, 81920 MiB
2026/04/14 18:42:06.098, 0 %, 0 MiB, 81920 MiB
2026/04/14 18:42:11.099, 0 %, 527 MiB, 81920 MiB
2026/04/14 18:42:11.099, 0 %, 0 MiB, 81920 MiB
2026/04/14 18:42:16.100, 0 %, 527 MiB, 81920 MiB
2026/04/14 18:42:16.100, 0 %, 0 MiB, 81920 MiB
2026/04/14 18:42:21.101, 0 %, 527 MiB, 81920 MiB
2026/04/14 18:42:21.101, 0 %, 0 MiB, 81920 MiB
2026/04/14 18:42:26.102, 0 %, 527 MiB, 81920 MiB
2026/04/14 18:42:26.102, 0 %, 0 MiB, 81920 MiB
2026/04/14 18:42:31.102, 0 %, 527 MiB, 81920 MiB
2026/04/14 18:42:31.103, 0 %, 0 MiB, 81920 MiB
2026/04/14 18:42:36.103, 0 %, 527 MiB, 81920 MiB
2026/04/14 18:42:36.104, 0 %, 0 MiB, 81920 MiB
2026/04/14 18:42:41.104, 0 %, 527 MiB, 81920 MiB
2026/04/14 18:42:41.104, 0 %, 0 MiB, 81920 MiB
2026/04/14 18:42:46.105, 0 %, 527 MiB, 81920 MiB
2026/04/14 18:42:46.105, 0 %, 0 MiB, 81920 MiB
2026/04/14 18:42:51.106, 0 %, 527 MiB, 81920 MiB
2026/04/14 18:42:51.106, 0 %, 0 MiB, 81920 MiB
2026/04/14 18:42:56.107, 0 %, 527 MiB, 81920 MiB
2026/04/14 18:42:56.107, 0 %, 0 MiB, 81920 MiB
2026/04/14 18:43:01.108, 0 %, 527 MiB, 81920 MiB
2026/04/14 18:43:01.108, 0 %, 0 MiB, 81920 MiB
2026/04/14 18:43:06.109, 0 %, 527 MiB, 81920 MiB
2026/04/14 18:43:06.109, 0 %, 0 MiB, 81920 MiB
2026/04/14 18:43:11.110, 0 %, 527 MiB, 81920 MiB
2026/04/14 18:43:11.110, 0 %, 0 MiB, 81920 MiB
2026/04/14 18:43:16.111, 0 %, 527 MiB, 81920 MiB
2026/04/14 18:43:16.111, 0 %, 0 MiB, 81920 MiB
2026/04/14 18:43:21.112, 0 %, 527 MiB, 81920 MiB
2026/04/14 18:43:21.112, 0 %, 0 MiB, 81920 MiB
2026/04/14 18:43:26.113, 0 %, 527 MiB, 81920 MiB
2026/04/14 18:43:26.113, 0 %, 0 MiB, 81920 MiB
2026/04/14 18:43:31.114, 0 %, 527 MiB, 81920 MiB
2026/04/14 18:43:31.114, 0 %, 0 MiB, 81920 MiB
2026/04/14 18:43:36.115, 0 %, 527 MiB, 81920 MiB
2026/04/14 18:43:36.115, 0 %, 0 MiB, 81920 MiB
2026/04/14 18:43:41.115, 0 %, 527 MiB, 81920 MiB
2026/04/14 18:43:41.116, 0 %, 0 MiB, 81920 MiB
2026/04/14 18:43:46.116, 0 %, 527 MiB, 81920 MiB
2026/04/14 18:43:46.116, 0 %, 0 MiB, 81920 MiB
2026/04/14 18:43:51.117, 0 %, 527 MiB, 81920 MiB
2026/04/14 18:43:51.117, 0 %, 0 MiB, 81920 MiB
2026/04/14 18:43:56.120, 0 %, 493 MiB, 81920 MiB
2026/04/14 18:43:56.120, 0 %, 0 MiB, 81920 MiB
2026/04/14 18:44:01.120, 0 %, 493 MiB, 81920 MiB
2026/04/14 18:44:01.121, 0 %, 0 MiB, 81920 MiB
2026/04/14 18:44:06.121, 0 %, 493 MiB, 81920 MiB
2026/04/14 18:44:06.121, 0 %, 0 MiB, 81920 MiB
2026/04/14 18:44:11.122, 0 %, 493 MiB, 81920 MiB
2026/04/14 18:44:11.122, 0 %, 0 MiB, 81920 MiB
2026/04/14 18:44:16.122, 0 %, 493 MiB, 81920 MiB
2026/04/14 18:44:16.122, 0 %, 0 MiB, 81920 MiB
2026/04/14 18:44:21.123, 0 %, 493 MiB, 81920 MiB
2026/04/14 18:44:21.123, 0 %, 0 MiB, 81920 MiB
2026/04/14 18:44:26.124, 0 %, 493 MiB, 81920 MiB
2026/04/14 18:44:26.124, 0 %, 0 MiB, 81920 MiB
2026/04/14 18:44:31.125, 0 %, 493 MiB, 81920 MiB
2026/04/14 18:44:31.125, 0 %, 0 MiB, 81920 MiB
2026/04/14 18:44:36.125, 0 %, 493 MiB, 81920 MiB
2026/04/14 18:44:36.126, 0 %, 0 MiB, 81920 MiB
2026/04/14 18:44:41.126, 0 %, 493 MiB, 81920 MiB
2026/04/14 18:44:41.126, 0 %, 0 MiB, 81920 MiB
2026/04/14 18:44:46.127, 0 %, 493 MiB, 81920 MiB
2026/04/14 18:44:46.127, 0 %, 0 MiB, 81920 MiB
2026/04/14 18:44:51.127, 0 %, 493 MiB, 81920 MiB
2026/04/14 18:44:51.128, 0 %, 0 MiB, 81920 MiB
2026/04/14 18:44:56.128, 0 %, 493 MiB, 81920 MiB
2026/04/14 18:44:56.128, 0 %, 0 MiB, 81920 MiB
2026/04/14 18:45:01.129, 0 %, 493 MiB, 81920 MiB
2026/04/14 18:45:01.129, 0 %, 0 MiB, 81920 MiB
2026/04/14 18:45:06.130, 0 %, 493 MiB, 81920 MiB
2026/04/14 18:45:06.130, 0 %, 0 MiB, 81920 MiB
2026/04/14 18:45:11.131, 0 %, 493 MiB, 81920 MiB
2026/04/14 18:45:11.131, 0 %, 0 MiB, 81920 MiB
2026/04/14 18:45:16.131, 0 %, 493 MiB, 81920 MiB
2026/04/14 18:45:16.131, 0 %, 0 MiB, 81920 MiB
2026/04/14 18:45:21.132, 0 %, 493 MiB, 81920 MiB
2026/04/14 18:45:21.132, 0 %, 0 MiB, 81920 MiB
2026/04/14 18:45:26.133, 0 %, 493 MiB, 81920 MiB
2026/04/14 18:45:26.133, 0 %, 0 MiB, 81920 MiB
2026/04/14 18:45:31.133, 0 %, 493 MiB, 81920 MiB
2026/04/14 18:45:31.133, 0 %, 0 MiB, 81920 MiB
2026/04/14 18:45:36.134, 0 %, 493 MiB, 81920 MiB
2026/04/14 18:45:36.134, 0 %, 0 MiB, 81920 MiB
2026/04/14 18:45:41.135, 0 %, 493 MiB, 81920 MiB
2026/04/14 18:45:41.135, 0 %, 0 MiB, 81920 MiB
2026/04/14 18:45:46.136, 0 %, 493 MiB, 81920 MiB
2026/04/14 18:45:46.136, 0 %, 0 MiB, 81920 MiB
2026/04/14 18:45:51.137, 0 %, 493 MiB, 81920 MiB
2026/04/14 18:45:51.137, 0 %, 0 MiB, 81920 MiB
2026/04/14 18:45:56.138, 0 %, 527 MiB, 81920 MiB
2026/04/14 18:45:56.138, 0 %, 0 MiB, 81920 MiB
2026/04/14 18:46:01.138, 0 %, 527 MiB, 81920 MiB
2026/04/14 18:46:01.139, 0 %, 0 MiB, 81920 MiB
2026/04/14 18:46:06.139, 0 %, 527 MiB, 81920 MiB
2026/04/14 18:46:06.139, 0 %, 0 MiB, 81920 MiB
2026/04/14 18:46:11.140, 0 %, 527 MiB, 81920 MiB
2026/04/14 18:46:11.140, 0 %, 0 MiB, 81920 MiB
2026/04/14 18:46:16.141, 0 %, 527 MiB, 81920 MiB
2026/04/14 18:46:16.141, 0 %, 0 MiB, 81920 MiB
2026/04/14 18:46:21.142, 0 %, 527 MiB, 81920 MiB
2026/04/14 18:46:21.142, 0 %, 0 MiB, 81920 MiB
2026/04/14 18:46:26.142, 0 %, 527 MiB, 81920 MiB
2026/04/14 18:46:26.143, 0 %, 0 MiB, 81920 MiB
2026/04/14 18:46:31.143, 0 %, 527 MiB, 81920 MiB
2026/04/14 18:46:31.143, 0 %, 0 MiB, 81920 MiB
2026/04/14 18:46:36.144, 0 %, 527 MiB, 81920 MiB
2026/04/14 18:46:36.144, 0 %, 0 MiB, 81920 MiB
2026/04/14 18:46:41.145, 0 %, 527 MiB, 81920 MiB
2026/04/14 18:46:41.145, 0 %, 0 MiB, 81920 MiB
2026/04/14 18:46:46.146, 0 %, 527 MiB, 81920 MiB
2026/04/14 18:46:46.146, 0 %, 0 MiB, 81920 MiB
2026/04/14 18:46:51.146, 0 %, 527 MiB, 81920 MiB
2026/04/14 18:46:51.147, 0 %, 0 MiB, 81920 MiB
2026/04/14 18:46:56.147, 0 %, 527 MiB, 81920 MiB
2026/04/14 18:46:56.147, 0 %, 0 MiB, 81920 MiB
2026/04/14 18:47:01.148, 0 %, 527 MiB, 81920 MiB
2026/04/14 18:47:01.148, 0 %, 0 MiB, 81920 MiB
2026/04/14 18:47:06.149, 0 %, 527 MiB, 81920 MiB
2026/04/14 18:47:06.149, 0 %, 0 MiB, 81920 MiB
2026/04/14 18:47:11.150, 0 %, 527 MiB, 81920 MiB
2026/04/14 18:47:11.150, 0 %, 0 MiB, 81920 MiB
2026/04/14 18:47:16.151, 0 %, 527 MiB, 81920 MiB
2026/04/14 18:47:16.151, 0 %, 0 MiB, 81920 MiB
2026/04/14 18:47:21.151, 0 %, 527 MiB, 81920 MiB
2026/04/14 18:47:21.151, 0 %, 0 MiB, 81920 MiB
2026/04/14 18:47:26.152, 0 %, 527 MiB, 81920 MiB
2026/04/14 18:47:26.152, 0 %, 0 MiB, 81920 MiB
2026/04/14 18:47:31.153, 0 %, 527 MiB, 81920 MiB
2026/04/14 18:47:31.153, 0 %, 0 MiB, 81920 MiB
2026/04/14 18:47:36.154, 0 %, 527 MiB, 81920 MiB
2026/04/14 18:47:36.154, 0 %, 0 MiB, 81920 MiB
2026/04/14 18:47:41.155, 0 %, 527 MiB, 81920 MiB
2026/04/14 18:47:41.155, 0 %, 0 MiB, 81920 MiB
2026/04/14 18:47:46.155, 0 %, 527 MiB, 81920 MiB
2026/04/14 18:47:46.155, 0 %, 0 MiB, 81920 MiB
2026/04/14 18:47:51.156, 0 %, 527 MiB, 81920 MiB
2026/04/14 18:47:51.156, 0 %, 0 MiB, 81920 MiB
2026/04/14 18:47:56.157, 1 %, 527 MiB, 81920 MiB
2026/04/14 18:47:56.157, 0 %, 0 MiB, 81920 MiB
2026/04/14 18:48:01.158, 0 %, 527 MiB, 81920 MiB
2026/04/14 18:48:01.158, 0 %, 0 MiB, 81920 MiB
2026/04/14 18:48:06.159, 0 %, 527 MiB, 81920 MiB
2026/04/14 18:48:06.159, 0 %, 0 MiB, 81920 MiB
2026/04/14 18:48:11.159, 0 %, 527 MiB, 81920 MiB
2026/04/14 18:48:11.160, 0 %, 0 MiB, 81920 MiB
2026/04/14 18:48:16.160, 7 %, 527 MiB, 81920 MiB
2026/04/14 18:48:16.160, 0 %, 0 MiB, 81920 MiB
2026/04/14 18:48:21.161, 6 %, 527 MiB, 81920 MiB
2026/04/14 18:48:21.161, 0 %, 0 MiB, 81920 MiB
2026/04/14 18:48:26.162, 19 %, 527 MiB, 81920 MiB
2026/04/14 18:48:26.162, 0 %, 0 MiB, 81920 MiB
2026/04/14 18:48:31.163, 0 %, 527 MiB, 81920 MiB
2026/04/14 18:48:31.163, 0 %, 0 MiB, 81920 MiB
2026/04/14 18:48:36.163, 7 %, 527 MiB, 81920 MiB
2026/04/14 18:48:36.164, 0 %, 0 MiB, 81920 MiB
2026/04/14 18:48:41.164, 10 %, 527 MiB, 81920 MiB
2026/04/14 18:48:41.164, 0 %, 0 MiB, 81920 MiB
2026/04/14 18:48:46.165, 16 %, 527 MiB, 81920 MiB
2026/04/14 18:48:46.165, 0 %, 0 MiB, 81920 MiB
2026/04/14 18:48:51.166, 17 %, 527 MiB, 81920 MiB
2026/04/14 18:48:51.166, 0 %, 0 MiB, 81920 MiB
2026/04/14 18:48:56.167, 3 %, 527 MiB, 81920 MiB
2026/04/14 18:48:56.167, 0 %, 0 MiB, 81920 MiB
2026/04/14 18:49:01.167, 5 %, 527 MiB, 81920 MiB
2026/04/14 18:49:01.167, 0 %, 0 MiB, 81920 MiB
2026/04/14 18:49:06.168, 0 %, 527 MiB, 81920 MiB
2026/04/14 18:49:06.168, 0 %, 0 MiB, 81920 MiB
2026/04/14 18:49:11.169, 0 %, 527 MiB, 81920 MiB
2026/04/14 18:49:11.169, 0 %, 0 MiB, 81920 MiB
2026/04/14 18:49:16.170, 1 %, 527 MiB, 81920 MiB
2026/04/14 18:49:16.170, 0 %, 0 MiB, 81920 MiB
2026/04/14 18:49:21.171, 1 %, 527 MiB, 81920 MiB
2026/04/14 18:49:21.171, 0 %, 0 MiB, 81920 MiB
2026/04/14 18:49:26.171, 0 %, 527 MiB, 81920 MiB
2026/04/14 18:49:26.172, 0 %, 0 MiB, 81920 MiB
2026/04/14 18:49:31.172, 0 %, 527 MiB, 81920 MiB
2026/04/14 18:49:31.172, 0 %, 0 MiB, 81920 MiB
2026/04/14 18:49:36.173, 0 %, 527 MiB, 81920 MiB
2026/04/14 18:49:36.173, 0 %, 0 MiB, 81920 MiB
2026/04/14 18:49:41.174, 0 %, 527 MiB, 81920 MiB
2026/04/14 18:49:41.174, 0 %, 0 MiB, 81920 MiB
2026/04/14 18:49:46.175, 0 %, 527 MiB, 81920 MiB
2026/04/14 18:49:46.175, 0 %, 0 MiB, 81920 MiB
2026/04/14 18:49:51.175, 0 %, 527 MiB, 81920 MiB
2026/04/14 18:49:51.176, 0 %, 0 MiB, 81920 MiB
2026/04/14 18:49:56.176, 9 %, 527 MiB, 81920 MiB
2026/04/14 18:49:56.176, 0 %, 0 MiB, 81920 MiB
2026/04/14 18:50:01.177, 0 %, 527 MiB, 81920 MiB
2026/04/14 18:50:01.177, 0 %, 0 MiB, 81920 MiB
2026/04/14 18:50:06.178, 5 %, 527 MiB, 81920 MiB
2026/04/14 18:50:06.178, 0 %, 0 MiB, 81920 MiB
2026/04/14 18:50:11.179, 0 %, 527 MiB, 81920 MiB
2026/04/14 18:50:11.179, 0 %, 0 MiB, 81920 MiB
2026/04/14 18:50:16.180, 1 %, 527 MiB, 81920 MiB
2026/04/14 18:50:16.180, 0 %, 0 MiB, 81920 MiB
2026/04/14 18:50:21.180, 0 %, 527 MiB, 81920 MiB
2026/04/14 18:50:21.180, 0 %, 0 MiB, 81920 MiB
2026/04/14 18:50:26.181, 0 %, 527 MiB, 81920 MiB
2026/04/14 18:50:26.181, 0 %, 0 MiB, 81920 MiB
2026/04/14 18:50:31.182, 0 %, 527 MiB, 81920 MiB
2026/04/14 18:50:31.182, 0 %, 0 MiB, 81920 MiB
2026/04/14 18:50:36.183, 10 %, 527 MiB, 81920 MiB
2026/04/14 18:50:36.183, 0 %, 0 MiB, 81920 MiB
2026/04/14 18:50:41.183, 1 %, 527 MiB, 81920 MiB
2026/04/14 18:50:41.184, 0 %, 0 MiB, 81920 MiB
2026/04/14 18:50:46.184, 0 %, 527 MiB, 81920 MiB
2026/04/14 18:50:46.184, 0 %, 0 MiB, 81920 MiB
2026/04/14 18:50:51.185, 0 %, 527 MiB, 81920 MiB
2026/04/14 18:50:51.185, 0 %, 0 MiB, 81920 MiB
2026/04/14 18:50:56.186, 1 %, 527 MiB, 81920 MiB
2026/04/14 18:50:56.186, 0 %, 0 MiB, 81920 MiB
2026/04/14 18:51:01.187, 0 %, 527 MiB, 81920 MiB
2026/04/14 18:51:01.187, 0 %, 0 MiB, 81920 MiB
2026/04/14 18:51:06.187, 0 %, 527 MiB, 81920 MiB
2026/04/14 18:51:06.188, 0 %, 0 MiB, 81920 MiB
2026/04/14 18:51:11.188, 0 %, 527 MiB, 81920 MiB
2026/04/14 18:51:11.188, 0 %, 0 MiB, 81920 MiB
2026/04/14 18:51:16.189, 0 %, 527 MiB, 81920 MiB
2026/04/14 18:51:16.189, 0 %, 0 MiB, 81920 MiB
2026/04/14 18:51:21.190, 0 %, 527 MiB, 81920 MiB
2026/04/14 18:51:21.190, 0 %, 0 MiB, 81920 MiB
2026/04/14 18:51:26.191, 8 %, 527 MiB, 81920 MiB
2026/04/14 18:51:26.191, 0 %, 0 MiB, 81920 MiB
2026/04/14 18:51:31.192, 0 %, 527 MiB, 81920 MiB
2026/04/14 18:51:31.192, 0 %, 0 MiB, 81920 MiB
2026/04/14 18:51:36.192, 1 %, 527 MiB, 81920 MiB
2026/04/14 18:51:36.192, 0 %, 0 MiB, 81920 MiB
2026/04/14 18:51:41.193, 0 %, 527 MiB, 81920 MiB
2026/04/14 18:51:41.193, 0 %, 0 MiB, 81920 MiB
2026/04/14 18:51:46.194, 0 %, 527 MiB, 81920 MiB
2026/04/14 18:51:46.194, 0 %, 0 MiB, 81920 MiB
2026/04/14 18:51:51.195, 6 %, 527 MiB, 81920 MiB
2026/04/14 18:51:51.195, 0 %, 0 MiB, 81920 MiB
2026/04/14 18:51:56.196, 13 %, 527 MiB, 81920 MiB
2026/04/14 18:51:56.196, 0 %, 0 MiB, 81920 MiB
2026/04/14 18:52:01.196, 0 %, 527 MiB, 81920 MiB
2026/04/14 18:52:01.196, 0 %, 0 MiB, 81920 MiB
2026/04/14 18:52:06.197, 7 %, 527 MiB, 81920 MiB
2026/04/14 18:52:06.197, 0 %, 0 MiB, 81920 MiB
2026/04/14 18:52:11.198, 0 %, 527 MiB, 81920 MiB
2026/04/14 18:52:11.198, 0 %, 0 MiB, 81920 MiB
2026/04/14 18:52:16.199, 2 %, 527 MiB, 81920 MiB
2026/04/14 18:52:16.199, 0 %, 0 MiB, 81920 MiB
2026/04/14 18:52:21.200, 0 %, 527 MiB, 81920 MiB
2026/04/14 18:52:21.200, 0 %, 0 MiB, 81920 MiB
2026/04/14 18:52:26.200, 0 %, 527 MiB, 81920 MiB
2026/04/14 18:52:26.200, 0 %, 0 MiB, 81920 MiB
2026/04/14 18:52:31.201, 7 %, 527 MiB, 81920 MiB
2026/04/14 18:52:31.201, 0 %, 0 MiB, 81920 MiB
2026/04/14 18:52:36.202, 0 %, 527 MiB, 81920 MiB
2026/04/14 18:52:36.202, 0 %, 0 MiB, 81920 MiB
2026/04/14 18:52:41.203, 0 %, 527 MiB, 81920 MiB
2026/04/14 18:52:41.203, 0 %, 0 MiB, 81920 MiB
2026/04/14 18:52:46.204, 8 %, 527 MiB, 81920 MiB
2026/04/14 18:52:46.204, 0 %, 0 MiB, 81920 MiB
2026/04/14 18:52:51.204, 0 %, 527 MiB, 81920 MiB
2026/04/14 18:52:51.205, 0 %, 0 MiB, 81920 MiB
2026/04/14 18:52:56.205, 1 %, 527 MiB, 81920 MiB
2026/04/14 18:52:56.205, 0 %, 0 MiB, 81920 MiB
2026/04/14 18:53:01.206, 0 %, 527 MiB, 81920 MiB
2026/04/14 18:53:01.206, 0 %, 0 MiB, 81920 MiB
2026/04/14 18:53:06.207, 0 %, 527 MiB, 81920 MiB
2026/04/14 18:53:06.207, 0 %, 0 MiB, 81920 MiB
2026/04/14 18:53:11.208, 0 %, 527 MiB, 81920 MiB
2026/04/14 18:53:11.208, 0 %, 0 MiB, 81920 MiB
2026/04/14 18:53:16.208, 0 %, 527 MiB, 81920 MiB
2026/04/14 18:53:16.208, 0 %, 0 MiB, 81920 MiB
2026/04/14 18:53:21.209, 0 %, 527 MiB, 81920 MiB
2026/04/14 18:53:21.209, 0 %, 0 MiB, 81920 MiB
2026/04/14 18:53:26.210, 9 %, 527 MiB, 81920 MiB
2026/04/14 18:53:26.210, 0 %, 0 MiB, 81920 MiB
2026/04/14 18:53:31.211, 0 %, 527 MiB, 81920 MiB
2026/04/14 18:53:31.211, 0 %, 0 MiB, 81920 MiB
2026/04/14 18:53:36.212, 3 %, 527 MiB, 81920 MiB
2026/04/14 18:53:36.212, 0 %, 0 MiB, 81920 MiB
2026/04/14 18:53:41.212, 0 %, 527 MiB, 81920 MiB
2026/04/14 18:53:41.212, 0 %, 0 MiB, 81920 MiB
2026/04/14 18:53:46.213, 1 %, 527 MiB, 81920 MiB
2026/04/14 18:53:46.213, 0 %, 0 MiB, 81920 MiB
2026/04/14 18:53:51.214, 11 %, 527 MiB, 81920 MiB
2026/04/14 18:53:51.214, 0 %, 0 MiB, 81920 MiB
2026/04/14 18:53:56.215, 1 %, 527 MiB, 81920 MiB
2026/04/14 18:53:56.215, 0 %, 0 MiB, 81920 MiB
2026/04/14 18:54:01.216, 0 %, 527 MiB, 81920 MiB
2026/04/14 18:54:01.216, 0 %, 0 MiB, 81920 MiB
2026/04/14 18:54:06.216, 18 %, 527 MiB, 81920 MiB
2026/04/14 18:54:06.216, 0 %, 0 MiB, 81920 MiB
2026/04/14 18:54:11.217, 8 %, 527 MiB, 81920 MiB
2026/04/14 18:54:11.217, 0 %, 0 MiB, 81920 MiB
2026/04/14 18:54:16.218, 13 %, 527 MiB, 81920 MiB
2026/04/14 18:54:16.218, 0 %, 0 MiB, 81920 MiB
2026/04/14 18:54:21.219, 2 %, 527 MiB, 81920 MiB
2026/04/14 18:54:21.219, 0 %, 0 MiB, 81920 MiB
2026/04/14 18:54:26.220, 8 %, 527 MiB, 81920 MiB
2026/04/14 18:54:26.220, 0 %, 0 MiB, 81920 MiB
2026/04/14 18:54:31.220, 0 %, 527 MiB, 81920 MiB
2026/04/14 18:54:31.220, 0 %, 0 MiB, 81920 MiB
2026/04/14 18:54:36.221, 2 %, 527 MiB, 81920 MiB
2026/04/14 18:54:36.221, 0 %, 0 MiB, 81920 MiB
2026/04/14 18:54:41.222, 0 %, 527 MiB, 81920 MiB
2026/04/14 18:54:41.222, 0 %, 0 MiB, 81920 MiB
2026/04/14 18:54:46.223, 0 %, 527 MiB, 81920 MiB
2026/04/14 18:54:46.223, 0 %, 0 MiB, 81920 MiB
2026/04/14 18:54:51.224, 9 %, 527 MiB, 81920 MiB
2026/04/14 18:54:51.224, 0 %, 0 MiB, 81920 MiB
2026/04/14 18:54:56.224, 16 %, 527 MiB, 81920 MiB
2026/04/14 18:54:56.225, 0 %, 0 MiB, 81920 MiB
2026/04/14 18:55:01.225, 5 %, 527 MiB, 81920 MiB
2026/04/14 18:55:01.225, 0 %, 0 MiB, 81920 MiB
2026/04/14 18:55:06.226, 10 %, 527 MiB, 81920 MiB
2026/04/14 18:55:06.226, 0 %, 0 MiB, 81920 MiB
2026/04/14 18:55:11.227, 1 %, 527 MiB, 81920 MiB
2026/04/14 18:55:11.227, 0 %, 0 MiB, 81920 MiB
2026/04/14 18:55:16.228, 6 %, 527 MiB, 81920 MiB
2026/04/14 18:55:16.228, 0 %, 0 MiB, 81920 MiB
2026/04/14 18:55:21.228, 16 %, 527 MiB, 81920 MiB
2026/04/14 18:55:21.229, 0 %, 0 MiB, 81920 MiB
2026/04/14 18:55:26.229, 1 %, 527 MiB, 81920 MiB
2026/04/14 18:55:26.229, 0 %, 0 MiB, 81920 MiB
2026/04/14 18:55:31.230, 11 %, 527 MiB, 81920 MiB
2026/04/14 18:55:31.230, 0 %, 0 MiB, 81920 MiB
2026/04/14 18:55:36.231, 17 %, 527 MiB, 81920 MiB
2026/04/14 18:55:36.231, 0 %, 0 MiB, 81920 MiB
2026/04/14 18:55:41.232, 6 %, 527 MiB, 81920 MiB
2026/04/14 18:55:41.232, 0 %, 0 MiB, 81920 MiB
2026/04/14 18:55:46.232, 11 %, 527 MiB, 81920 MiB
2026/04/14 18:55:46.233, 0 %, 0 MiB, 81920 MiB
2026/04/14 18:55:51.233, 1 %, 527 MiB, 81920 MiB
2026/04/14 18:55:51.233, 0 %, 0 MiB, 81920 MiB
2026/04/14 18:55:56.234, 6 %, 527 MiB, 81920 MiB
2026/04/14 18:55:56.234, 0 %, 0 MiB, 81920 MiB
2026/04/14 18:56:01.235, 18 %, 527 MiB, 81920 MiB
2026/04/14 18:56:01.235, 0 %, 0 MiB, 81920 MiB
2026/04/14 18:56:06.236, 11 %, 527 MiB, 81920 MiB
2026/04/14 18:56:06.236, 0 %, 0 MiB, 81920 MiB
2026/04/14 18:56:11.236, 6 %, 527 MiB, 81920 MiB
2026/04/14 18:56:11.237, 0 %, 0 MiB, 81920 MiB
2026/04/14 18:56:16.237, 3 %, 527 MiB, 81920 MiB
2026/04/14 18:56:16.237, 0 %, 0 MiB, 81920 MiB
2026/04/14 18:56:21.238, 8 %, 527 MiB, 81920 MiB
2026/04/14 18:56:21.238, 0 %, 0 MiB, 81920 MiB
2026/04/14 18:56:26.239, 0 %, 527 MiB, 81920 MiB
2026/04/14 18:56:26.239, 0 %, 0 MiB, 81920 MiB
2026/04/14 18:56:31.240, 0 %, 527 MiB, 81920 MiB
2026/04/14 18:56:31.240, 0 %, 0 MiB, 81920 MiB
2026/04/14 18:56:36.240, 0 %, 527 MiB, 81920 MiB
2026/04/14 18:56:36.241, 0 %, 0 MiB, 81920 MiB
2026/04/14 18:56:41.241, 0 %, 527 MiB, 81920 MiB
2026/04/14 18:56:41.241, 0 %, 0 MiB, 81920 MiB
2026/04/14 18:56:46.242, 0 %, 527 MiB, 81920 MiB
2026/04/14 18:56:46.242, 0 %, 0 MiB, 81920 MiB
2026/04/14 18:56:51.243, 0 %, 527 MiB, 81920 MiB
2026/04/14 18:56:51.243, 0 %, 0 MiB, 81920 MiB
2026/04/14 18:56:56.244, 0 %, 527 MiB, 81920 MiB
2026/04/14 18:56:56.244, 0 %, 0 MiB, 81920 MiB
2026/04/14 18:57:01.244, 0 %, 527 MiB, 81920 MiB
2026/04/14 18:57:01.245, 0 %, 0 MiB, 81920 MiB
2026/04/14 18:57:06.245, 0 %, 527 MiB, 81920 MiB
2026/04/14 18:57:06.245, 0 %, 0 MiB, 81920 MiB
2026/04/14 18:57:11.246, 0 %, 527 MiB, 81920 MiB
2026/04/14 18:57:11.246, 0 %, 0 MiB, 81920 MiB
2026/04/14 18:57:16.247, 0 %, 527 MiB, 81920 MiB
2026/04/14 18:57:16.247, 0 %, 0 MiB, 81920 MiB
2026/04/14 18:57:21.247, 0 %, 527 MiB, 81920 MiB
2026/04/14 18:57:21.248, 0 %, 0 MiB, 81920 MiB
2026/04/14 18:57:26.248, 0 %, 527 MiB, 81920 MiB
2026/04/14 18:57:26.248, 0 %, 0 MiB, 81920 MiB
2026/04/14 18:57:31.249, 0 %, 527 MiB, 81920 MiB
2026/04/14 18:57:31.249, 0 %, 0 MiB, 81920 MiB
2026/04/14 18:57:36.250, 0 %, 527 MiB, 81920 MiB
2026/04/14 18:57:36.250, 0 %, 0 MiB, 81920 MiB
2026/04/14 18:57:41.250, 0 %, 527 MiB, 81920 MiB
2026/04/14 18:57:41.251, 0 %, 0 MiB, 81920 MiB
2026/04/14 18:57:46.251, 0 %, 527 MiB, 81920 MiB
2026/04/14 18:57:46.251, 0 %, 0 MiB, 81920 MiB
2026/04/14 18:57:51.252, 0 %, 527 MiB, 81920 MiB
2026/04/14 18:57:51.252, 0 %, 0 MiB, 81920 MiB
2026/04/14 18:57:56.253, 0 %, 527 MiB, 81920 MiB
2026/04/14 18:57:56.253, 0 %, 0 MiB, 81920 MiB
2026/04/14 18:58:01.253, 0 %, 527 MiB, 81920 MiB
2026/04/14 18:58:01.254, 0 %, 0 MiB, 81920 MiB
2026/04/14 18:58:06.254, 0 %, 527 MiB, 81920 MiB
2026/04/14 18:58:06.254, 0 %, 0 MiB, 81920 MiB
2026/04/14 18:58:11.255, 0 %, 527 MiB, 81920 MiB
2026/04/14 18:58:11.255, 0 %, 0 MiB, 81920 MiB
2026/04/14 18:58:16.256, 0 %, 527 MiB, 81920 MiB
2026/04/14 18:58:16.256, 0 %, 0 MiB, 81920 MiB
2026/04/14 18:58:21.257, 0 %, 527 MiB, 81920 MiB
2026/04/14 18:58:21.257, 0 %, 0 MiB, 81920 MiB
2026/04/14 18:58:26.257, 0 %, 527 MiB, 81920 MiB
2026/04/14 18:58:26.257, 0 %, 0 MiB, 81920 MiB
2026/04/14 18:58:31.258, 0 %, 527 MiB, 81920 MiB
2026/04/14 18:58:31.258, 0 %, 0 MiB, 81920 MiB
2026/04/14 18:58:36.259, 0 %, 527 MiB, 81920 MiB
2026/04/14 18:58:36.259, 0 %, 0 MiB, 81920 MiB
2026/04/14 18:58:41.260, 0 %, 527 MiB, 81920 MiB
2026/04/14 18:58:41.260, 0 %, 0 MiB, 81920 MiB
2026/04/14 18:58:46.260, 0 %, 527 MiB, 81920 MiB
2026/04/14 18:58:46.260, 0 %, 0 MiB, 81920 MiB
2026/04/14 18:58:51.261, 0 %, 527 MiB, 81920 MiB
2026/04/14 18:58:51.261, 0 %, 0 MiB, 81920 MiB
2026/04/14 18:58:56.262, 0 %, 527 MiB, 81920 MiB
2026/04/14 18:58:56.262, 0 %, 0 MiB, 81920 MiB
2026/04/14 18:59:01.263, 0 %, 527 MiB, 81920 MiB
2026/04/14 18:59:01.263, 0 %, 0 MiB, 81920 MiB
2026/04/14 18:59:06.263, 0 %, 493 MiB, 81920 MiB
2026/04/14 18:59:06.263, 0 %, 0 MiB, 81920 MiB
2026/04/14 18:59:11.264, 0 %, 493 MiB, 81920 MiB
2026/04/14 18:59:11.264, 0 %, 0 MiB, 81920 MiB
2026/04/14 18:59:16.265, 0 %, 493 MiB, 81920 MiB
2026/04/14 18:59:16.265, 0 %, 0 MiB, 81920 MiB
2026/04/14 18:59:21.266, 0 %, 493 MiB, 81920 MiB
2026/04/14 18:59:21.266, 0 %, 0 MiB, 81920 MiB
2026/04/14 18:59:26.266, 0 %, 493 MiB, 81920 MiB
2026/04/14 18:59:26.267, 0 %, 0 MiB, 81920 MiB
2026/04/14 18:59:31.267, 0 %, 493 MiB, 81920 MiB
2026/04/14 18:59:31.267, 0 %, 0 MiB, 81920 MiB
2026/04/14 18:59:36.268, 0 %, 493 MiB, 81920 MiB
2026/04/14 18:59:36.268, 0 %, 0 MiB, 81920 MiB
2026/04/14 18:59:41.269, 0 %, 493 MiB, 81920 MiB
2026/04/14 18:59:41.269, 0 %, 0 MiB, 81920 MiB
2026/04/14 18:59:46.270, 0 %, 493 MiB, 81920 MiB
2026/04/14 18:59:46.270, 0 %, 0 MiB, 81920 MiB
2026/04/14 18:59:51.271, 0 %, 493 MiB, 81920 MiB
2026/04/14 18:59:51.271, 0 %, 0 MiB, 81920 MiB
2026/04/14 18:59:56.271, 0 %, 493 MiB, 81920 MiB
2026/04/14 18:59:56.272, 0 %, 0 MiB, 81920 MiB
2026/04/14 19:00:01.273, 0 %, 493 MiB, 81920 MiB
2026/04/14 19:00:01.273, 0 %, 0 MiB, 81920 MiB
2026/04/14 19:00:06.274, 0 %, 493 MiB, 81920 MiB
2026/04/14 19:00:06.274, 0 %, 0 MiB, 81920 MiB
2026/04/14 19:00:11.275, 0 %, 493 MiB, 81920 MiB
2026/04/14 19:00:11.275, 0 %, 0 MiB, 81920 MiB
2026/04/14 19:00:16.276, 0 %, 493 MiB, 81920 MiB
2026/04/14 19:00:16.276, 0 %, 0 MiB, 81920 MiB
2026/04/14 19:00:21.276, 0 %, 493 MiB, 81920 MiB
2026/04/14 19:00:21.277, 0 %, 0 MiB, 81920 MiB
2026/04/14 19:00:26.277, 0 %, 493 MiB, 81920 MiB
2026/04/14 19:00:26.277, 0 %, 0 MiB, 81920 MiB
2026/04/14 19:00:31.278, 0 %, 493 MiB, 81920 MiB
2026/04/14 19:00:31.278, 0 %, 0 MiB, 81920 MiB
2026/04/14 19:00:36.279, 0 %, 493 MiB, 81920 MiB
2026/04/14 19:00:36.279, 0 %, 0 MiB, 81920 MiB
2026/04/14 19:00:41.280, 0 %, 493 MiB, 81920 MiB
2026/04/14 19:00:41.280, 0 %, 0 MiB, 81920 MiB
2026/04/14 19:00:46.281, 0 %, 493 MiB, 81920 MiB
2026/04/14 19:00:46.281, 0 %, 0 MiB, 81920 MiB
2026/04/14 19:00:51.282, 0 %, 493 MiB, 81920 MiB
2026/04/14 19:00:51.282, 0 %, 0 MiB, 81920 MiB
2026/04/14 19:00:56.283, 0 %, 493 MiB, 81920 MiB
2026/04/14 19:00:56.283, 0 %, 0 MiB, 81920 MiB
2026/04/14 19:01:01.284, 0 %, 493 MiB, 81920 MiB
2026/04/14 19:01:01.284, 0 %, 0 MiB, 81920 MiB
2026/04/14 19:01:06.285, 0 %, 527 MiB, 81920 MiB
2026/04/14 19:01:06.285, 0 %, 0 MiB, 81920 MiB
2026/04/14 19:01:11.286, 0 %, 527 MiB, 81920 MiB
2026/04/14 19:01:11.286, 0 %, 0 MiB, 81920 MiB
2026/04/14 19:01:16.286, 0 %, 527 MiB, 81920 MiB
2026/04/14 19:01:16.286, 0 %, 0 MiB, 81920 MiB
2026/04/14 19:01:21.287, 0 %, 527 MiB, 81920 MiB
2026/04/14 19:01:21.287, 0 %, 0 MiB, 81920 MiB
2026/04/14 19:01:26.288, 0 %, 527 MiB, 81920 MiB
2026/04/14 19:01:26.288, 0 %, 0 MiB, 81920 MiB
2026/04/14 19:01:31.289, 0 %, 527 MiB, 81920 MiB
2026/04/14 19:01:31.289, 0 %, 0 MiB, 81920 MiB
2026/04/14 19:01:36.290, 0 %, 527 MiB, 81920 MiB
2026/04/14 19:01:36.290, 0 %, 0 MiB, 81920 MiB
2026/04/14 19:01:41.291, 0 %, 527 MiB, 81920 MiB
2026/04/14 19:01:41.291, 0 %, 0 MiB, 81920 MiB
2026/04/14 19:01:46.292, 0 %, 527 MiB, 81920 MiB
2026/04/14 19:01:46.292, 0 %, 0 MiB, 81920 MiB
2026/04/14 19:01:51.293, 0 %, 527 MiB, 81920 MiB
2026/04/14 19:01:51.293, 0 %, 0 MiB, 81920 MiB
2026/04/14 19:01:56.294, 0 %, 527 MiB, 81920 MiB
2026/04/14 19:01:56.294, 0 %, 0 MiB, 81920 MiB
2026/04/14 19:02:01.294, 0 %, 527 MiB, 81920 MiB
2026/04/14 19:02:01.295, 0 %, 0 MiB, 81920 MiB
2026/04/14 19:02:06.295, 0 %, 527 MiB, 81920 MiB
2026/04/14 19:02:06.296, 0 %, 0 MiB, 81920 MiB
2026/04/14 19:02:11.296, 0 %, 527 MiB, 81920 MiB
2026/04/14 19:02:11.297, 0 %, 0 MiB, 81920 MiB
2026/04/14 19:02:16.297, 0 %, 527 MiB, 81920 MiB
2026/04/14 19:02:16.297, 0 %, 0 MiB, 81920 MiB
2026/04/14 19:02:21.298, 0 %, 527 MiB, 81920 MiB
2026/04/14 19:02:21.298, 0 %, 0 MiB, 81920 MiB
2026/04/14 19:02:26.299, 0 %, 527 MiB, 81920 MiB
2026/04/14 19:02:26.299, 0 %, 0 MiB, 81920 MiB
2026/04/14 19:02:31.300, 0 %, 527 MiB, 81920 MiB
2026/04/14 19:02:31.300, 0 %, 0 MiB, 81920 MiB
2026/04/14 19:02:36.301, 0 %, 527 MiB, 81920 MiB
2026/04/14 19:02:36.301, 0 %, 0 MiB, 81920 MiB
2026/04/14 19:02:41.302, 0 %, 527 MiB, 81920 MiB
2026/04/14 19:02:41.302, 0 %, 0 MiB, 81920 MiB
2026/04/14 19:02:46.303, 0 %, 527 MiB, 81920 MiB
2026/04/14 19:02:46.303, 0 %, 0 MiB, 81920 MiB
2026/04/14 19:02:51.303, 0 %, 527 MiB, 81920 MiB
2026/04/14 19:02:51.304, 0 %, 0 MiB, 81920 MiB
2026/04/14 19:02:56.304, 0 %, 527 MiB, 81920 MiB
2026/04/14 19:02:56.305, 0 %, 0 MiB, 81920 MiB
2026/04/14 19:03:01.305, 8 %, 527 MiB, 81920 MiB
2026/04/14 19:03:01.305, 0 %, 0 MiB, 81920 MiB
2026/04/14 19:03:06.306, 0 %, 527 MiB, 81920 MiB
2026/04/14 19:03:06.306, 0 %, 0 MiB, 81920 MiB
2026/04/14 19:03:11.307, 18 %, 527 MiB, 81920 MiB
2026/04/14 19:03:11.307, 0 %, 0 MiB, 81920 MiB
2026/04/14 19:03:16.308, 17 %, 527 MiB, 81920 MiB
2026/04/14 19:03:16.308, 0 %, 0 MiB, 81920 MiB
2026/04/14 19:03:21.309, 6 %, 527 MiB, 81920 MiB
2026/04/14 19:03:21.309, 0 %, 0 MiB, 81920 MiB
2026/04/14 19:03:26.310, 4 %, 527 MiB, 81920 MiB
2026/04/14 19:03:26.310, 0 %, 0 MiB, 81920 MiB
2026/04/14 19:03:31.311, 17 %, 527 MiB, 81920 MiB
2026/04/14 19:03:31.311, 0 %, 0 MiB, 81920 MiB
2026/04/14 19:03:36.312, 15 %, 527 MiB, 81920 MiB
2026/04/14 19:03:36.312, 0 %, 0 MiB, 81920 MiB
2026/04/14 19:03:41.312, 14 %, 527 MiB, 81920 MiB
2026/04/14 19:03:41.313, 0 %, 0 MiB, 81920 MiB
2026/04/14 19:03:46.313, 3 %, 527 MiB, 81920 MiB
2026/04/14 19:03:46.314, 0 %, 0 MiB, 81920 MiB
2026/04/14 19:03:51.314, 3 %, 527 MiB, 81920 MiB
2026/04/14 19:03:51.314, 0 %, 0 MiB, 81920 MiB
2026/04/14 19:03:56.315, 5 %, 527 MiB, 81920 MiB
2026/04/14 19:03:56.315, 0 %, 0 MiB, 81920 MiB
2026/04/14 19:04:01.316, 15 %, 527 MiB, 81920 MiB
2026/04/14 19:04:01.316, 0 %, 0 MiB, 81920 MiB
2026/04/14 19:04:06.317, 17 %, 527 MiB, 81920 MiB
2026/04/14 19:04:06.317, 0 %, 0 MiB, 81920 MiB
2026/04/14 19:04:11.318, 5 %, 527 MiB, 81920 MiB
2026/04/14 19:04:11.318, 0 %, 0 MiB, 81920 MiB
2026/04/14 19:04:16.319, 7 %, 527 MiB, 81920 MiB
2026/04/14 19:04:16.319, 0 %, 0 MiB, 81920 MiB
2026/04/14 19:04:21.319, 0 %, 527 MiB, 81920 MiB
2026/04/14 19:04:21.320, 0 %, 0 MiB, 81920 MiB
2026/04/14 19:04:26.320, 0 %, 527 MiB, 81920 MiB
2026/04/14 19:04:26.321, 0 %, 0 MiB, 81920 MiB
2026/04/14 19:04:31.321, 0 %, 527 MiB, 81920 MiB
2026/04/14 19:04:31.321, 0 %, 0 MiB, 81920 MiB
2026/04/14 19:04:36.322, 0 %, 527 MiB, 81920 MiB
2026/04/14 19:04:36.322, 0 %, 0 MiB, 81920 MiB
2026/04/14 19:04:41.323, 0 %, 527 MiB, 81920 MiB
2026/04/14 19:04:41.323, 0 %, 0 MiB, 81920 MiB
2026/04/14 19:04:46.324, 1 %, 527 MiB, 81920 MiB
2026/04/14 19:04:46.324, 0 %, 0 MiB, 81920 MiB
2026/04/14 19:04:51.325, 0 %, 527 MiB, 81920 MiB
2026/04/14 19:04:51.325, 0 %, 0 MiB, 81920 MiB
2026/04/14 19:04:56.326, 0 %, 527 MiB, 81920 MiB
2026/04/14 19:04:56.326, 0 %, 0 MiB, 81920 MiB
2026/04/14 19:05:01.327, 0 %, 527 MiB, 81920 MiB
2026/04/14 19:05:01.327, 0 %, 0 MiB, 81920 MiB
2026/04/14 19:05:06.328, 0 %, 527 MiB, 81920 MiB
2026/04/14 19:05:06.328, 0 %, 0 MiB, 81920 MiB
2026/04/14 19:05:11.329, 0 %, 527 MiB, 81920 MiB
2026/04/14 19:05:11.329, 0 %, 0 MiB, 81920 MiB
2026/04/14 19:05:16.329, 11 %, 527 MiB, 81920 MiB
2026/04/14 19:05:16.330, 0 %, 0 MiB, 81920 MiB
2026/04/14 19:05:21.330, 16 %, 527 MiB, 81920 MiB
2026/04/14 19:05:21.331, 0 %, 0 MiB, 81920 MiB
2026/04/14 19:05:26.331, 3 %, 527 MiB, 81920 MiB
2026/04/14 19:05:26.331, 0 %, 0 MiB, 81920 MiB
2026/04/14 19:05:31.332, 7 %, 527 MiB, 81920 MiB
2026/04/14 19:05:31.332, 0 %, 0 MiB, 81920 MiB
2026/04/14 19:05:36.333, 0 %, 527 MiB, 81920 MiB
2026/04/14 19:05:36.333, 0 %, 0 MiB, 81920 MiB
2026/04/14 19:05:41.334, 0 %, 527 MiB, 81920 MiB
2026/04/14 19:05:41.334, 0 %, 0 MiB, 81920 MiB
2026/04/14 19:05:46.335, 0 %, 527 MiB, 81920 MiB
2026/04/14 19:05:46.335, 0 %, 0 MiB, 81920 MiB
2026/04/14 19:05:51.336, 0 %, 527 MiB, 81920 MiB
2026/04/14 19:05:51.336, 0 %, 0 MiB, 81920 MiB
2026/04/14 19:05:56.336, 0 %, 527 MiB, 81920 MiB
2026/04/14 19:05:56.337, 0 %, 0 MiB, 81920 MiB
2026/04/14 19:06:01.337, 1 %, 527 MiB, 81920 MiB
2026/04/14 19:06:01.337, 0 %, 0 MiB, 81920 MiB
2026/04/14 19:06:06.338, 0 %, 527 MiB, 81920 MiB
2026/04/14 19:06:06.338, 0 %, 0 MiB, 81920 MiB
2026/04/14 19:06:11.339, 0 %, 527 MiB, 81920 MiB
2026/04/14 19:06:11.339, 0 %, 0 MiB, 81920 MiB
2026/04/14 19:06:16.340, 0 %, 527 MiB, 81920 MiB
2026/04/14 19:06:16.340, 0 %, 0 MiB, 81920 MiB
2026/04/14 19:06:21.341, 0 %, 527 MiB, 81920 MiB
2026/04/14 19:06:21.341, 0 %, 0 MiB, 81920 MiB
2026/04/14 19:06:26.342, 0 %, 527 MiB, 81920 MiB
2026/04/14 19:06:26.342, 0 %, 0 MiB, 81920 MiB
2026/04/14 19:06:31.343, 0 %, 527 MiB, 81920 MiB
2026/04/14 19:06:31.343, 0 %, 0 MiB, 81920 MiB
2026/04/14 19:06:36.344, 0 %, 527 MiB, 81920 MiB
2026/04/14 19:06:36.344, 0 %, 0 MiB, 81920 MiB
2026/04/14 19:06:41.344, 0 %, 527 MiB, 81920 MiB
2026/04/14 19:06:41.344, 0 %, 0 MiB, 81920 MiB
2026/04/14 19:06:46.345, 0 %, 527 MiB, 81920 MiB
2026/04/14 19:06:46.345, 0 %, 0 MiB, 81920 MiB
2026/04/14 19:06:51.346, 0 %, 527 MiB, 81920 MiB
2026/04/14 19:06:51.346, 0 %, 0 MiB, 81920 MiB
2026/04/14 19:06:56.347, 0 %, 527 MiB, 81920 MiB
2026/04/14 19:06:56.347, 0 %, 0 MiB, 81920 MiB
2026/04/14 19:07:01.348, 0 %, 527 MiB, 81920 MiB
2026/04/14 19:07:01.348, 0 %, 0 MiB, 81920 MiB
2026/04/14 19:07:06.349, 0 %, 527 MiB, 81920 MiB
2026/04/14 19:07:06.349, 0 %, 0 MiB, 81920 MiB
2026/04/14 19:07:11.350, 0 %, 527 MiB, 81920 MiB
2026/04/14 19:07:11.350, 0 %, 0 MiB, 81920 MiB
2026/04/14 19:07:16.351, 0 %, 527 MiB, 81920 MiB
2026/04/14 19:07:16.351, 0 %, 0 MiB, 81920 MiB
2026/04/14 19:07:21.351, 0 %, 527 MiB, 81920 MiB
2026/04/14 19:07:21.352, 0 %, 0 MiB, 81920 MiB
2026/04/14 19:07:26.352, 0 %, 527 MiB, 81920 MiB
2026/04/14 19:07:26.352, 0 %, 0 MiB, 81920 MiB
2026/04/14 19:07:31.353, 0 %, 527 MiB, 81920 MiB
2026/04/14 19:07:31.353, 0 %, 0 MiB, 81920 MiB
2026/04/14 19:07:36.354, 0 %, 527 MiB, 81920 MiB
2026/04/14 19:07:36.354, 0 %, 0 MiB, 81920 MiB
2026/04/14 19:07:41.355, 0 %, 527 MiB, 81920 MiB
2026/04/14 19:07:41.355, 0 %, 0 MiB, 81920 MiB
2026/04/14 19:07:46.356, 0 %, 527 MiB, 81920 MiB
2026/04/14 19:07:46.356, 0 %, 0 MiB, 81920 MiB
2026/04/14 19:07:51.357, 0 %, 527 MiB, 81920 MiB
2026/04/14 19:07:51.357, 0 %, 0 MiB, 81920 MiB
2026/04/14 19:07:56.358, 0 %, 527 MiB, 81920 MiB
2026/04/14 19:07:56.358, 0 %, 0 MiB, 81920 MiB
2026/04/14 19:08:01.358, 1 %, 527 MiB, 81920 MiB
2026/04/14 19:08:01.359, 0 %, 0 MiB, 81920 MiB
2026/04/14 19:08:06.359, 0 %, 527 MiB, 81920 MiB
2026/04/14 19:08:06.360, 0 %, 0 MiB, 81920 MiB
2026/04/14 19:08:11.360, 0 %, 527 MiB, 81920 MiB
2026/04/14 19:08:11.360, 0 %, 0 MiB, 81920 MiB
2026/04/14 19:08:16.361, 0 %, 527 MiB, 81920 MiB
2026/04/14 19:08:16.361, 0 %, 0 MiB, 81920 MiB
2026/04/14 19:08:21.362, 0 %, 527 MiB, 81920 MiB
2026/04/14 19:08:21.362, 0 %, 0 MiB, 81920 MiB
2026/04/14 19:08:26.363, 0 %, 527 MiB, 81920 MiB
2026/04/14 19:08:26.363, 0 %, 0 MiB, 81920 MiB
2026/04/14 19:08:31.364, 0 %, 527 MiB, 81920 MiB
2026/04/14 19:08:31.364, 0 %, 0 MiB, 81920 MiB
2026/04/14 19:08:36.365, 0 %, 527 MiB, 81920 MiB
2026/04/14 19:08:36.365, 0 %, 0 MiB, 81920 MiB
2026/04/14 19:08:41.366, 0 %, 527 MiB, 81920 MiB
2026/04/14 19:08:41.366, 0 %, 0 MiB, 81920 MiB
2026/04/14 19:08:46.366, 0 %, 527 MiB, 81920 MiB
2026/04/14 19:08:46.367, 0 %, 0 MiB, 81920 MiB
2026/04/14 19:08:51.367, 0 %, 527 MiB, 81920 MiB
2026/04/14 19:08:51.367, 0 %, 0 MiB, 81920 MiB
2026/04/14 19:08:56.368, 0 %, 527 MiB, 81920 MiB
2026/04/14 19:08:56.368, 0 %, 0 MiB, 81920 MiB
2026/04/14 19:09:01.369, 0 %, 527 MiB, 81920 MiB
2026/04/14 19:09:01.369, 0 %, 0 MiB, 81920 MiB
2026/04/14 19:09:06.370, 0 %, 527 MiB, 81920 MiB
2026/04/14 19:09:06.370, 0 %, 0 MiB, 81920 MiB
2026/04/14 19:09:11.371, 0 %, 527 MiB, 81920 MiB
2026/04/14 19:09:11.371, 0 %, 0 MiB, 81920 MiB
2026/04/14 19:09:16.372, 0 %, 527 MiB, 81920 MiB
2026/04/14 19:09:16.372, 0 %, 0 MiB, 81920 MiB
2026/04/14 19:09:21.373, 0 %, 527 MiB, 81920 MiB
2026/04/14 19:09:21.373, 0 %, 0 MiB, 81920 MiB
2026/04/14 19:09:26.374, 0 %, 527 MiB, 81920 MiB
2026/04/14 19:09:26.374, 0 %, 0 MiB, 81920 MiB
2026/04/14 19:09:31.374, 0 %, 527 MiB, 81920 MiB
2026/04/14 19:09:31.375, 0 %, 0 MiB, 81920 MiB
2026/04/14 19:09:36.375, 0 %, 527 MiB, 81920 MiB
2026/04/14 19:09:36.376, 0 %, 0 MiB, 81920 MiB
2026/04/14 19:09:41.376, 0 %, 527 MiB, 81920 MiB
2026/04/14 19:09:41.376, 0 %, 0 MiB, 81920 MiB
2026/04/14 19:09:46.377, 0 %, 527 MiB, 81920 MiB
2026/04/14 19:09:46.377, 0 %, 0 MiB, 81920 MiB
2026/04/14 19:09:51.378, 0 %, 527 MiB, 81920 MiB
2026/04/14 19:09:51.378, 0 %, 0 MiB, 81920 MiB
2026/04/14 19:09:56.379, 0 %, 527 MiB, 81920 MiB
2026/04/14 19:09:56.379, 0 %, 0 MiB, 81920 MiB
2026/04/14 19:10:01.380, 0 %, 527 MiB, 81920 MiB
2026/04/14 19:10:01.380, 0 %, 0 MiB, 81920 MiB
2026/04/14 19:10:06.381, 0 %, 527 MiB, 81920 MiB
2026/04/14 19:10:06.381, 0 %, 0 MiB, 81920 MiB
2026/04/14 19:10:11.381, 0 %, 527 MiB, 81920 MiB
2026/04/14 19:10:11.382, 0 %, 0 MiB, 81920 MiB
2026/04/14 19:10:16.382, 0 %, 527 MiB, 81920 MiB
2026/04/14 19:10:16.383, 0 %, 0 MiB, 81920 MiB
2026/04/14 19:10:21.383, 0 %, 527 MiB, 81920 MiB
2026/04/14 19:10:21.383, 0 %, 0 MiB, 81920 MiB
2026/04/14 19:10:26.384, 0 %, 527 MiB, 81920 MiB
2026/04/14 19:10:26.384, 0 %, 0 MiB, 81920 MiB
2026/04/14 19:10:31.385, 0 %, 527 MiB, 81920 MiB
2026/04/14 19:10:31.385, 0 %, 0 MiB, 81920 MiB
2026/04/14 19:10:36.386, 0 %, 527 MiB, 81920 MiB
2026/04/14 19:10:36.386, 0 %, 0 MiB, 81920 MiB
2026/04/14 19:10:41.387, 0 %, 527 MiB, 81920 MiB
2026/04/14 19:10:41.387, 0 %, 0 MiB, 81920 MiB
2026/04/14 19:10:46.388, 0 %, 527 MiB, 81920 MiB
2026/04/14 19:10:46.388, 0 %, 0 MiB, 81920 MiB
2026/04/14 19:10:51.389, 0 %, 527 MiB, 81920 MiB
2026/04/14 19:10:51.389, 0 %, 0 MiB, 81920 MiB
2026/04/14 19:10:56.389, 0 %, 527 MiB, 81920 MiB
2026/04/14 19:10:56.390, 0 %, 0 MiB, 81920 MiB
2026/04/14 19:11:01.390, 0 %, 527 MiB, 81920 MiB
2026/04/14 19:11:01.390, 0 %, 0 MiB, 81920 MiB
2026/04/14 19:11:06.391, 0 %, 527 MiB, 81920 MiB
2026/04/14 19:11:06.391, 0 %, 0 MiB, 81920 MiB
2026/04/14 19:11:11.392, 0 %, 527 MiB, 81920 MiB
2026/04/14 19:11:11.392, 0 %, 0 MiB, 81920 MiB
2026/04/14 19:11:16.393, 0 %, 527 MiB, 81920 MiB
2026/04/14 19:11:16.393, 0 %, 0 MiB, 81920 MiB
2026/04/14 19:11:21.394, 3 %, 527 MiB, 81920 MiB
2026/04/14 19:11:21.394, 0 %, 0 MiB, 81920 MiB
2026/04/14 19:11:26.395, 0 %, 527 MiB, 81920 MiB
2026/04/14 19:11:26.395, 0 %, 0 MiB, 81920 MiB
2026/04/14 19:11:31.396, 0 %, 527 MiB, 81920 MiB
2026/04/14 19:11:31.396, 0 %, 0 MiB, 81920 MiB
2026/04/14 19:11:36.396, 0 %, 527 MiB, 81920 MiB
2026/04/14 19:11:36.396, 0 %, 0 MiB, 81920 MiB
2026/04/14 19:11:41.397, 0 %, 527 MiB, 81920 MiB
2026/04/14 19:11:41.397, 0 %, 0 MiB, 81920 MiB
2026/04/14 19:11:46.398, 0 %, 527 MiB, 81920 MiB
2026/04/14 19:11:46.398, 0 %, 0 MiB, 81920 MiB
2026/04/14 19:11:51.399, 5 %, 527 MiB, 81920 MiB
2026/04/14 19:11:51.399, 0 %, 0 MiB, 81920 MiB
2026/04/14 19:11:56.400, 2 %, 527 MiB, 81920 MiB
2026/04/14 19:11:56.400, 0 %, 0 MiB, 81920 MiB
2026/04/14 19:12:01.401, 14 %, 527 MiB, 81920 MiB
2026/04/14 19:12:01.401, 0 %, 0 MiB, 81920 MiB
2026/04/14 19:12:06.402, 0 %, 527 MiB, 81920 MiB
2026/04/14 19:12:06.402, 0 %, 0 MiB, 81920 MiB
2026/04/14 19:12:11.403, 0 %, 527 MiB, 81920 MiB
2026/04/14 19:12:11.403, 0 %, 0 MiB, 81920 MiB
2026/04/14 19:12:16.404, 0 %, 527 MiB, 81920 MiB
2026/04/14 19:12:16.404, 0 %, 0 MiB, 81920 MiB
2026/04/14 19:12:21.405, 0 %, 527 MiB, 81920 MiB
2026/04/14 19:12:21.405, 0 %, 0 MiB, 81920 MiB
2026/04/14 19:12:26.406, 0 %, 527 MiB, 81920 MiB
2026/04/14 19:12:26.406, 0 %, 0 MiB, 81920 MiB
2026/04/14 19:12:31.407, 0 %, 527 MiB, 81920 MiB
2026/04/14 19:12:31.407, 0 %, 0 MiB, 81920 MiB
2026/04/14 19:12:36.408, 0 %, 527 MiB, 81920 MiB
2026/04/14 19:12:36.408, 0 %, 0 MiB, 81920 MiB
2026/04/14 19:12:41.408, 0 %, 527 MiB, 81920 MiB
2026/04/14 19:12:41.409, 0 %, 0 MiB, 81920 MiB
2026/04/14 19:12:46.409, 0 %, 527 MiB, 81920 MiB
2026/04/14 19:12:46.409, 0 %, 0 MiB, 81920 MiB
2026/04/14 19:12:51.410, 0 %, 527 MiB, 81920 MiB
2026/04/14 19:12:51.410, 0 %, 0 MiB, 81920 MiB
2026/04/14 19:12:56.411, 0 %, 527 MiB, 81920 MiB
2026/04/14 19:12:56.411, 0 %, 0 MiB, 81920 MiB
2026/04/14 19:13:01.412, 0 %, 527 MiB, 81920 MiB
2026/04/14 19:13:01.412, 0 %, 0 MiB, 81920 MiB
2026/04/14 19:13:06.413, 0 %, 527 MiB, 81920 MiB
2026/04/14 19:13:06.413, 0 %, 0 MiB, 81920 MiB
2026/04/14 19:13:11.414, 0 %, 527 MiB, 81920 MiB
2026/04/14 19:13:11.414, 0 %, 0 MiB, 81920 MiB
2026/04/14 19:13:16.415, 0 %, 527 MiB, 81920 MiB
2026/04/14 19:13:16.415, 0 %, 0 MiB, 81920 MiB
2026/04/14 19:13:21.416, 0 %, 527 MiB, 81920 MiB
2026/04/14 19:13:21.416, 0 %, 0 MiB, 81920 MiB
2026/04/14 19:13:26.417, 0 %, 527 MiB, 81920 MiB
2026/04/14 19:13:26.417, 0 %, 0 MiB, 81920 MiB
2026/04/14 19:13:31.418, 0 %, 527 MiB, 81920 MiB
2026/04/14 19:13:31.418, 0 %, 0 MiB, 81920 MiB
2026/04/14 19:13:36.419, 0 %, 527 MiB, 81920 MiB
2026/04/14 19:13:36.419, 0 %, 0 MiB, 81920 MiB
2026/04/14 19:13:41.420, 0 %, 527 MiB, 81920 MiB
2026/04/14 19:13:41.420, 0 %, 0 MiB, 81920 MiB
2026/04/14 19:13:46.420, 0 %, 527 MiB, 81920 MiB
2026/04/14 19:13:46.421, 0 %, 0 MiB, 81920 MiB
2026/04/14 19:13:51.421, 0 %, 527 MiB, 81920 MiB
2026/04/14 19:13:51.422, 0 %, 0 MiB, 81920 MiB
2026/04/14 19:13:56.422, 0 %, 527 MiB, 81920 MiB
2026/04/14 19:13:56.423, 0 %, 0 MiB, 81920 MiB
2026/04/14 19:14:01.423, 0 %, 527 MiB, 81920 MiB
2026/04/14 19:14:01.423, 0 %, 0 MiB, 81920 MiB
2026/04/14 19:14:06.424, 0 %, 527 MiB, 81920 MiB
2026/04/14 19:14:06.424, 0 %, 0 MiB, 81920 MiB
2026/04/14 19:14:11.425, 0 %, 527 MiB, 81920 MiB
2026/04/14 19:14:11.425, 0 %, 0 MiB, 81920 MiB
2026/04/14 19:14:16.427, 0 %, 493 MiB, 81920 MiB
2026/04/14 19:14:16.427, 0 %, 0 MiB, 81920 MiB
2026/04/14 19:14:21.428, 0 %, 493 MiB, 81920 MiB
2026/04/14 19:14:21.428, 0 %, 0 MiB, 81920 MiB
2026/04/14 19:14:26.428, 0 %, 493 MiB, 81920 MiB
2026/04/14 19:14:26.428, 0 %, 0 MiB, 81920 MiB
2026/04/14 19:14:31.429, 0 %, 493 MiB, 81920 MiB
2026/04/14 19:14:31.429, 0 %, 0 MiB, 81920 MiB
2026/04/14 19:14:36.451, 0 %, 493 MiB, 81920 MiB
2026/04/14 19:14:36.451, 0 %, 0 MiB, 81920 MiB
2026/04/14 19:14:41.452, 0 %, 493 MiB, 81920 MiB
2026/04/14 19:14:41.452, 0 %, 0 MiB, 81920 MiB
2026/04/14 19:14:46.453, 0 %, 493 MiB, 81920 MiB
2026/04/14 19:14:46.453, 0 %, 0 MiB, 81920 MiB
2026/04/14 19:14:51.454, 0 %, 493 MiB, 81920 MiB
2026/04/14 19:14:51.454, 0 %, 0 MiB, 81920 MiB
2026/04/14 19:14:56.454, 0 %, 493 MiB, 81920 MiB
2026/04/14 19:14:56.454, 0 %, 0 MiB, 81920 MiB
2026/04/14 19:15:01.455, 0 %, 493 MiB, 81920 MiB
2026/04/14 19:15:01.455, 0 %, 0 MiB, 81920 MiB
2026/04/14 19:15:06.456, 0 %, 493 MiB, 81920 MiB
2026/04/14 19:15:06.456, 0 %, 0 MiB, 81920 MiB
2026/04/14 19:15:11.456, 0 %, 493 MiB, 81920 MiB
2026/04/14 19:15:11.457, 0 %, 0 MiB, 81920 MiB
2026/04/14 19:15:16.457, 0 %, 493 MiB, 81920 MiB
2026/04/14 19:15:16.457, 0 %, 0 MiB, 81920 MiB
2026/04/14 19:15:21.458, 0 %, 493 MiB, 81920 MiB
2026/04/14 19:15:21.458, 0 %, 0 MiB, 81920 MiB
2026/04/14 19:15:26.459, 0 %, 493 MiB, 81920 MiB
2026/04/14 19:15:26.459, 0 %, 0 MiB, 81920 MiB
2026/04/14 19:15:31.459, 0 %, 493 MiB, 81920 MiB
2026/04/14 19:15:31.459, 0 %, 0 MiB, 81920 MiB
2026/04/14 19:15:36.460, 0 %, 493 MiB, 81920 MiB
2026/04/14 19:15:36.460, 0 %, 0 MiB, 81920 MiB
2026/04/14 19:15:41.461, 0 %, 493 MiB, 81920 MiB
2026/04/14 19:15:41.461, 0 %, 0 MiB, 81920 MiB
2026/04/14 19:15:46.461, 0 %, 493 MiB, 81920 MiB
2026/04/14 19:15:46.462, 0 %, 0 MiB, 81920 MiB
2026/04/14 19:15:51.462, 0 %, 493 MiB, 81920 MiB
2026/04/14 19:15:51.462, 0 %, 0 MiB, 81920 MiB
2026/04/14 19:15:56.463, 0 %, 493 MiB, 81920 MiB
2026/04/14 19:15:56.463, 0 %, 0 MiB, 81920 MiB
2026/04/14 19:16:01.464, 0 %, 493 MiB, 81920 MiB
2026/04/14 19:16:01.464, 0 %, 0 MiB, 81920 MiB
2026/04/14 19:16:06.464, 0 %, 493 MiB, 81920 MiB
2026/04/14 19:16:06.465, 0 %, 0 MiB, 81920 MiB
2026/04/14 19:16:11.465, 0 %, 493 MiB, 81920 MiB
2026/04/14 19:16:11.465, 0 %, 0 MiB, 81920 MiB
2026/04/14 19:16:16.466, 0 %, 527 MiB, 81920 MiB
2026/04/14 19:16:16.466, 0 %, 0 MiB, 81920 MiB
2026/04/14 19:16:21.466, 0 %, 527 MiB, 81920 MiB
2026/04/14 19:16:21.467, 0 %, 0 MiB, 81920 MiB
2026/04/14 19:16:26.467, 0 %, 527 MiB, 81920 MiB
2026/04/14 19:16:26.467, 0 %, 0 MiB, 81920 MiB
2026/04/14 19:16:31.468, 0 %, 527 MiB, 81920 MiB
2026/04/14 19:16:31.468, 0 %, 0 MiB, 81920 MiB
2026/04/14 19:16:36.469, 0 %, 527 MiB, 81920 MiB
2026/04/14 19:16:36.469, 0 %, 0 MiB, 81920 MiB
2026/04/14 19:16:41.469, 0 %, 527 MiB, 81920 MiB
2026/04/14 19:16:41.469, 0 %, 0 MiB, 81920 MiB
2026/04/14 19:16:46.470, 0 %, 527 MiB, 81920 MiB
2026/04/14 19:16:46.470, 0 %, 0 MiB, 81920 MiB
2026/04/14 19:16:51.471, 7 %, 527 MiB, 81920 MiB
2026/04/14 19:16:51.471, 0 %, 0 MiB, 81920 MiB
2026/04/14 19:16:56.471, 5 %, 527 MiB, 81920 MiB
2026/04/14 19:16:56.472, 0 %, 0 MiB, 81920 MiB
2026/04/14 19:17:01.472, 18 %, 527 MiB, 81920 MiB
2026/04/14 19:17:01.472, 0 %, 0 MiB, 81920 MiB
2026/04/14 19:17:06.473, 18 %, 527 MiB, 81920 MiB
2026/04/14 19:17:06.473, 0 %, 0 MiB, 81920 MiB
2026/04/14 19:17:11.474, 7 %, 527 MiB, 81920 MiB
2026/04/14 19:17:11.474, 0 %, 0 MiB, 81920 MiB
2026/04/14 19:17:16.474, 11 %, 527 MiB, 81920 MiB
2026/04/14 19:17:16.474, 0 %, 0 MiB, 81920 MiB
2026/04/14 19:17:21.475, 14 %, 527 MiB, 81920 MiB
2026/04/14 19:17:21.475, 0 %, 0 MiB, 81920 MiB
2026/04/14 19:17:26.476, 16 %, 527 MiB, 81920 MiB
2026/04/14 19:17:26.476, 0 %, 0 MiB, 81920 MiB
2026/04/14 19:17:31.476, 2 %, 527 MiB, 81920 MiB
2026/04/14 19:17:31.477, 0 %, 0 MiB, 81920 MiB
2026/04/14 19:17:36.477, 3 %, 527 MiB, 81920 MiB
2026/04/14 19:17:36.477, 0 %, 0 MiB, 81920 MiB
2026/04/14 19:17:41.478, 0 %, 527 MiB, 81920 MiB
2026/04/14 19:17:41.478, 0 %, 0 MiB, 81920 MiB
2026/04/14 19:17:46.478, 0 %, 527 MiB, 81920 MiB
2026/04/14 19:17:46.478, 0 %, 0 MiB, 81920 MiB
2026/04/14 19:17:51.479, 0 %, 527 MiB, 81920 MiB
2026/04/14 19:17:51.479, 0 %, 0 MiB, 81920 MiB
2026/04/14 19:17:56.480, 0 %, 527 MiB, 81920 MiB
2026/04/14 19:17:56.480, 0 %, 0 MiB, 81920 MiB
2026/04/14 19:18:01.481, 0 %, 527 MiB, 81920 MiB
2026/04/14 19:18:01.481, 0 %, 0 MiB, 81920 MiB
2026/04/14 19:18:06.481, 0 %, 527 MiB, 81920 MiB
2026/04/14 19:18:06.481, 0 %, 0 MiB, 81920 MiB
2026/04/14 19:18:11.482, 0 %, 527 MiB, 81920 MiB
2026/04/14 19:18:11.482, 0 %, 0 MiB, 81920 MiB
2026/04/14 19:18:16.483, 0 %, 527 MiB, 81920 MiB
2026/04/14 19:18:16.483, 0 %, 0 MiB, 81920 MiB
2026/04/14 19:18:21.483, 0 %, 527 MiB, 81920 MiB
2026/04/14 19:18:21.483, 0 %, 0 MiB, 81920 MiB
2026/04/14 19:18:26.484, 0 %, 527 MiB, 81920 MiB
2026/04/14 19:18:26.484, 0 %, 0 MiB, 81920 MiB
2026/04/14 19:18:31.485, 0 %, 527 MiB, 81920 MiB
2026/04/14 19:18:31.485, 0 %, 0 MiB, 81920 MiB
2026/04/14 19:18:36.485, 0 %, 527 MiB, 81920 MiB
2026/04/14 19:18:36.485, 0 %, 0 MiB, 81920 MiB
2026/04/14 19:18:41.486, 0 %, 527 MiB, 81920 MiB
2026/04/14 19:18:41.486, 0 %, 0 MiB, 81920 MiB
2026/04/14 19:18:46.487, 0 %, 527 MiB, 81920 MiB
2026/04/14 19:18:46.487, 0 %, 0 MiB, 81920 MiB
2026/04/14 19:18:51.487, 0 %, 527 MiB, 81920 MiB
2026/04/14 19:18:51.488, 0 %, 0 MiB, 81920 MiB
2026/04/14 19:18:56.488, 0 %, 527 MiB, 81920 MiB
2026/04/14 19:18:56.488, 0 %, 0 MiB, 81920 MiB
2026/04/14 19:19:01.489, 0 %, 527 MiB, 81920 MiB
2026/04/14 19:19:01.489, 0 %, 0 MiB, 81920 MiB
2026/04/14 19:19:06.489, 0 %, 527 MiB, 81920 MiB
2026/04/14 19:19:06.490, 0 %, 0 MiB, 81920 MiB
2026/04/14 19:19:11.490, 0 %, 527 MiB, 81920 MiB
2026/04/14 19:19:11.490, 0 %, 0 MiB, 81920 MiB
2026/04/14 19:19:16.491, 0 %, 527 MiB, 81920 MiB
2026/04/14 19:19:16.491, 0 %, 0 MiB, 81920 MiB
2026/04/14 19:19:21.491, 0 %, 527 MiB, 81920 MiB
2026/04/14 19:19:21.492, 0 %, 0 MiB, 81920 MiB
2026/04/14 19:19:26.492, 0 %, 527 MiB, 81920 MiB
2026/04/14 19:19:26.492, 0 %, 0 MiB, 81920 MiB
2026/04/14 19:19:31.493, 0 %, 527 MiB, 81920 MiB
2026/04/14 19:19:31.493, 0 %, 0 MiB, 81920 MiB
2026/04/14 19:19:36.494, 0 %, 527 MiB, 81920 MiB
2026/04/14 19:19:36.494, 0 %, 0 MiB, 81920 MiB
2026/04/14 19:19:41.494, 0 %, 527 MiB, 81920 MiB
2026/04/14 19:19:41.495, 0 %, 0 MiB, 81920 MiB
2026/04/14 19:19:46.495, 9 %, 527 MiB, 81920 MiB
2026/04/14 19:19:46.495, 0 %, 0 MiB, 81920 MiB
2026/04/14 19:19:51.496, 8 %, 527 MiB, 81920 MiB
2026/04/14 19:19:51.496, 0 %, 0 MiB, 81920 MiB
2026/04/14 19:19:56.497, 19 %, 527 MiB, 81920 MiB
2026/04/14 19:19:56.497, 0 %, 0 MiB, 81920 MiB
2026/04/14 19:20:01.497, 18 %, 527 MiB, 81920 MiB
2026/04/14 19:20:01.497, 0 %, 0 MiB, 81920 MiB
2026/04/14 19:20:06.498, 10 %, 527 MiB, 81920 MiB
2026/04/14 19:20:06.498, 0 %, 0 MiB, 81920 MiB
2026/04/14 19:20:11.499, 9 %, 527 MiB, 81920 MiB
2026/04/14 19:20:11.499, 0 %, 0 MiB, 81920 MiB
2026/04/14 19:20:16.499, 18 %, 527 MiB, 81920 MiB
2026/04/14 19:20:16.499, 0 %, 0 MiB, 81920 MiB
2026/04/14 19:20:21.500, 19 %, 527 MiB, 81920 MiB
2026/04/14 19:20:21.500, 0 %, 0 MiB, 81920 MiB
2026/04/14 19:20:26.501, 5 %, 527 MiB, 81920 MiB
2026/04/14 19:20:26.501, 0 %, 0 MiB, 81920 MiB
2026/04/14 19:20:31.502, 13 %, 527 MiB, 81920 MiB
2026/04/14 19:20:31.502, 0 %, 0 MiB, 81920 MiB
2026/04/14 19:20:36.502, 0 %, 527 MiB, 81920 MiB
2026/04/14 19:20:36.502, 0 %, 0 MiB, 81920 MiB
2026/04/14 19:20:41.503, 0 %, 527 MiB, 81920 MiB
2026/04/14 19:20:41.503, 0 %, 0 MiB, 81920 MiB
2026/04/14 19:20:46.504, 4 %, 527 MiB, 81920 MiB
2026/04/14 19:20:46.504, 0 %, 0 MiB, 81920 MiB
2026/04/14 19:20:51.504, 5 %, 527 MiB, 81920 MiB
2026/04/14 19:20:51.505, 0 %, 0 MiB, 81920 MiB
2026/04/14 19:20:56.505, 0 %, 527 MiB, 81920 MiB
2026/04/14 19:20:56.505, 0 %, 0 MiB, 81920 MiB
2026/04/14 19:21:01.506, 0 %, 527 MiB, 81920 MiB
2026/04/14 19:21:01.506, 0 %, 0 MiB, 81920 MiB
2026/04/14 19:21:06.506, 0 %, 527 MiB, 81920 MiB
2026/04/14 19:21:06.507, 0 %, 0 MiB, 81920 MiB
2026/04/14 19:21:11.507, 0 %, 527 MiB, 81920 MiB
2026/04/14 19:21:11.507, 0 %, 0 MiB, 81920 MiB
2026/04/14 19:21:16.508, 0 %, 527 MiB, 81920 MiB
2026/04/14 19:21:16.508, 0 %, 0 MiB, 81920 MiB
2026/04/14 19:21:21.508, 0 %, 527 MiB, 81920 MiB
2026/04/14 19:21:21.509, 0 %, 0 MiB, 81920 MiB
2026/04/14 19:21:26.509, 0 %, 527 MiB, 81920 MiB
2026/04/14 19:21:26.509, 0 %, 0 MiB, 81920 MiB
2026/04/14 19:21:31.510, 0 %, 527 MiB, 81920 MiB
2026/04/14 19:21:31.510, 0 %, 0 MiB, 81920 MiB
2026/04/14 19:21:36.510, 0 %, 527 MiB, 81920 MiB
2026/04/14 19:21:36.511, 0 %, 0 MiB, 81920 MiB
2026/04/14 19:21:41.511, 0 %, 527 MiB, 81920 MiB
2026/04/14 19:21:41.511, 0 %, 0 MiB, 81920 MiB
2026/04/14 19:21:46.512, 0 %, 527 MiB, 81920 MiB
2026/04/14 19:21:46.512, 0 %, 0 MiB, 81920 MiB
2026/04/14 19:21:51.513, 0 %, 527 MiB, 81920 MiB
2026/04/14 19:21:51.513, 0 %, 0 MiB, 81920 MiB
2026/04/14 19:21:56.513, 0 %, 527 MiB, 81920 MiB
2026/04/14 19:21:56.513, 0 %, 0 MiB, 81920 MiB
2026/04/14 19:22:01.514, 0 %, 527 MiB, 81920 MiB
2026/04/14 19:22:01.514, 0 %, 0 MiB, 81920 MiB
2026/04/14 19:22:06.515, 0 %, 527 MiB, 81920 MiB
2026/04/14 19:22:06.515, 0 %, 0 MiB, 81920 MiB
2026/04/14 19:22:11.515, 0 %, 527 MiB, 81920 MiB
2026/04/14 19:22:11.515, 0 %, 0 MiB, 81920 MiB
2026/04/14 19:22:16.516, 0 %, 527 MiB, 81920 MiB
2026/04/14 19:22:16.516, 0 %, 0 MiB, 81920 MiB
2026/04/14 19:22:21.517, 0 %, 527 MiB, 81920 MiB
2026/04/14 19:22:21.517, 0 %, 0 MiB, 81920 MiB
2026/04/14 19:22:26.517, 0 %, 527 MiB, 81920 MiB
2026/04/14 19:22:26.517, 0 %, 0 MiB, 81920 MiB
2026/04/14 19:22:31.518, 0 %, 527 MiB, 81920 MiB
2026/04/14 19:22:31.518, 0 %, 0 MiB, 81920 MiB
2026/04/14 19:22:36.519, 0 %, 527 MiB, 81920 MiB
2026/04/14 19:22:36.519, 0 %, 0 MiB, 81920 MiB
2026/04/14 19:22:41.519, 0 %, 527 MiB, 81920 MiB
2026/04/14 19:22:41.519, 0 %, 0 MiB, 81920 MiB
2026/04/14 19:22:46.520, 0 %, 527 MiB, 81920 MiB
2026/04/14 19:22:46.520, 0 %, 0 MiB, 81920 MiB
2026/04/14 19:22:51.521, 0 %, 527 MiB, 81920 MiB
2026/04/14 19:22:51.521, 0 %, 0 MiB, 81920 MiB
2026/04/14 19:22:56.521, 0 %, 527 MiB, 81920 MiB
2026/04/14 19:22:56.522, 0 %, 0 MiB, 81920 MiB
2026/04/14 19:23:01.522, 10 %, 527 MiB, 81920 MiB
2026/04/14 19:23:01.522, 0 %, 0 MiB, 81920 MiB
2026/04/14 19:23:06.523, 8 %, 527 MiB, 81920 MiB
2026/04/14 19:23:06.523, 0 %, 0 MiB, 81920 MiB
2026/04/14 19:23:11.523, 18 %, 527 MiB, 81920 MiB
2026/04/14 19:23:11.524, 0 %, 0 MiB, 81920 MiB
2026/04/14 19:23:16.524, 19 %, 527 MiB, 81920 MiB
2026/04/14 19:23:16.524, 0 %, 0 MiB, 81920 MiB
2026/04/14 19:23:21.525, 14 %, 527 MiB, 81920 MiB
2026/04/14 19:23:21.525, 0 %, 0 MiB, 81920 MiB
2026/04/14 19:23:26.526, 8 %, 527 MiB, 81920 MiB
2026/04/14 19:23:26.526, 0 %, 0 MiB, 81920 MiB
2026/04/14 19:23:31.526, 16 %, 527 MiB, 81920 MiB
2026/04/14 19:23:31.526, 0 %, 0 MiB, 81920 MiB
2026/04/14 19:23:36.527, 19 %, 527 MiB, 81920 MiB
2026/04/14 19:23:36.527, 0 %, 0 MiB, 81920 MiB
2026/04/14 19:23:41.528, 5 %, 527 MiB, 81920 MiB
2026/04/14 19:23:41.528, 0 %, 0 MiB, 81920 MiB
2026/04/14 19:23:46.528, 7 %, 527 MiB, 81920 MiB
2026/04/14 19:23:46.528, 0 %, 0 MiB, 81920 MiB
2026/04/14 19:23:51.529, 0 %, 527 MiB, 81920 MiB
2026/04/14 19:23:51.529, 0 %, 0 MiB, 81920 MiB
2026/04/14 19:23:56.530, 0 %, 527 MiB, 81920 MiB
2026/04/14 19:23:56.530, 0 %, 0 MiB, 81920 MiB
2026/04/14 19:24:01.531, 1 %, 527 MiB, 81920 MiB
2026/04/14 19:24:01.531, 0 %, 0 MiB, 81920 MiB
2026/04/14 19:24:06.531, 0 %, 527 MiB, 81920 MiB
2026/04/14 19:24:06.531, 0 %, 0 MiB, 81920 MiB
2026/04/14 19:24:11.532, 0 %, 527 MiB, 81920 MiB
2026/04/14 19:24:11.532, 0 %, 0 MiB, 81920 MiB
2026/04/14 19:24:16.533, 0 %, 527 MiB, 81920 MiB
2026/04/14 19:24:16.533, 0 %, 0 MiB, 81920 MiB
2026/04/14 19:24:21.533, 0 %, 527 MiB, 81920 MiB
2026/04/14 19:24:21.533, 0 %, 0 MiB, 81920 MiB
2026/04/14 19:24:26.534, 0 %, 527 MiB, 81920 MiB
2026/04/14 19:24:26.534, 0 %, 0 MiB, 81920 MiB
2026/04/14 19:24:31.535, 0 %, 527 MiB, 81920 MiB
2026/04/14 19:24:31.535, 0 %, 0 MiB, 81920 MiB
2026/04/14 19:24:36.535, 0 %, 527 MiB, 81920 MiB
2026/04/14 19:24:36.536, 0 %, 0 MiB, 81920 MiB
2026/04/14 19:24:41.536, 0 %, 527 MiB, 81920 MiB
2026/04/14 19:24:41.536, 0 %, 0 MiB, 81920 MiB
2026/04/14 19:24:46.537, 0 %, 527 MiB, 81920 MiB
2026/04/14 19:24:46.537, 0 %, 0 MiB, 81920 MiB
2026/04/14 19:24:51.538, 0 %, 527 MiB, 81920 MiB
2026/04/14 19:24:51.538, 0 %, 0 MiB, 81920 MiB
2026/04/14 19:24:56.538, 0 %, 527 MiB, 81920 MiB
2026/04/14 19:24:56.538, 0 %, 0 MiB, 81920 MiB
2026/04/14 19:25:01.539, 0 %, 527 MiB, 81920 MiB
2026/04/14 19:25:01.539, 0 %, 0 MiB, 81920 MiB
2026/04/14 19:25:06.540, 0 %, 527 MiB, 81920 MiB
2026/04/14 19:25:06.540, 0 %, 0 MiB, 81920 MiB
2026/04/14 19:25:11.541, 0 %, 527 MiB, 81920 MiB
2026/04/14 19:25:11.541, 0 %, 0 MiB, 81920 MiB
2026/04/14 19:25:16.541, 0 %, 527 MiB, 81920 MiB
2026/04/14 19:25:16.541, 0 %, 0 MiB, 81920 MiB
2026/04/14 19:25:21.542, 0 %, 527 MiB, 81920 MiB
2026/04/14 19:25:21.542, 0 %, 0 MiB, 81920 MiB
2026/04/14 19:25:26.543, 0 %, 527 MiB, 81920 MiB
2026/04/14 19:25:26.543, 0 %, 0 MiB, 81920 MiB
2026/04/14 19:25:31.544, 0 %, 527 MiB, 81920 MiB
2026/04/14 19:25:31.544, 0 %, 0 MiB, 81920 MiB
2026/04/14 19:25:36.545, 0 %, 527 MiB, 81920 MiB
2026/04/14 19:25:36.545, 0 %, 0 MiB, 81920 MiB
2026/04/14 19:25:41.545, 0 %, 527 MiB, 81920 MiB
2026/04/14 19:25:41.546, 0 %, 0 MiB, 81920 MiB
2026/04/14 19:25:46.546, 0 %, 527 MiB, 81920 MiB
2026/04/14 19:25:46.546, 0 %, 0 MiB, 81920 MiB
2026/04/14 19:25:51.547, 0 %, 527 MiB, 81920 MiB
2026/04/14 19:25:51.547, 0 %, 0 MiB, 81920 MiB
2026/04/14 19:25:56.548, 0 %, 527 MiB, 81920 MiB
2026/04/14 19:25:56.548, 0 %, 0 MiB, 81920 MiB
2026/04/14 19:26:01.549, 0 %, 527 MiB, 81920 MiB
2026/04/14 19:26:01.549, 0 %, 0 MiB, 81920 MiB
2026/04/14 19:26:06.550, 5 %, 527 MiB, 81920 MiB
2026/04/14 19:26:06.550, 0 %, 0 MiB, 81920 MiB
2026/04/14 19:26:11.550, 0 %, 527 MiB, 81920 MiB
2026/04/14 19:26:11.551, 0 %, 0 MiB, 81920 MiB
2026/04/14 19:26:16.551, 0 %, 527 MiB, 81920 MiB
2026/04/14 19:26:16.551, 0 %, 0 MiB, 81920 MiB
2026/04/14 19:26:21.552, 0 %, 527 MiB, 81920 MiB
2026/04/14 19:26:21.552, 0 %, 0 MiB, 81920 MiB
2026/04/14 19:26:26.553, 8 %, 527 MiB, 81920 MiB
2026/04/14 19:26:26.553, 0 %, 0 MiB, 81920 MiB
2026/04/14 19:26:31.554, 7 %, 527 MiB, 81920 MiB
2026/04/14 19:26:31.554, 0 %, 0 MiB, 81920 MiB
2026/04/14 19:26:36.555, 19 %, 527 MiB, 81920 MiB
2026/04/14 19:26:36.555, 0 %, 0 MiB, 81920 MiB
2026/04/14 19:26:41.555, 18 %, 527 MiB, 81920 MiB
2026/04/14 19:26:41.556, 0 %, 0 MiB, 81920 MiB
2026/04/14 19:26:46.556, 8 %, 527 MiB, 81920 MiB
2026/04/14 19:26:46.556, 0 %, 0 MiB, 81920 MiB
2026/04/14 19:26:51.557, 9 %, 527 MiB, 81920 MiB
2026/04/14 19:26:51.557, 0 %, 0 MiB, 81920 MiB
2026/04/14 19:26:56.558, 17 %, 527 MiB, 81920 MiB
2026/04/14 19:26:56.558, 0 %, 0 MiB, 81920 MiB
2026/04/14 19:27:01.559, 18 %, 527 MiB, 81920 MiB
2026/04/14 19:27:01.559, 0 %, 0 MiB, 81920 MiB
2026/04/14 19:27:06.560, 3 %, 527 MiB, 81920 MiB
2026/04/14 19:27:06.560, 0 %, 0 MiB, 81920 MiB
2026/04/14 19:27:11.560, 6 %, 527 MiB, 81920 MiB
2026/04/14 19:27:11.561, 0 %, 0 MiB, 81920 MiB
2026/04/14 19:27:16.561, 0 %, 527 MiB, 81920 MiB
2026/04/14 19:27:16.561, 0 %, 0 MiB, 81920 MiB
2026/04/14 19:27:21.562, 0 %, 527 MiB, 81920 MiB
2026/04/14 19:27:21.562, 0 %, 0 MiB, 81920 MiB
2026/04/14 19:27:26.563, 0 %, 527 MiB, 81920 MiB
2026/04/14 19:27:26.563, 0 %, 0 MiB, 81920 MiB
2026/04/14 19:27:31.564, 0 %, 527 MiB, 81920 MiB
2026/04/14 19:27:31.564, 0 %, 0 MiB, 81920 MiB
2026/04/14 19:27:36.564, 0 %, 527 MiB, 81920 MiB
2026/04/14 19:27:36.565, 0 %, 0 MiB, 81920 MiB
2026/04/14 19:27:41.565, 0 %, 527 MiB, 81920 MiB
2026/04/14 19:27:41.565, 0 %, 0 MiB, 81920 MiB
2026/04/14 19:27:46.566, 0 %, 527 MiB, 81920 MiB
2026/04/14 19:27:46.566, 0 %, 0 MiB, 81920 MiB
2026/04/14 19:27:51.567, 0 %, 527 MiB, 81920 MiB
2026/04/14 19:27:51.567, 0 %, 0 MiB, 81920 MiB
2026/04/14 19:27:56.568, 0 %, 527 MiB, 81920 MiB
2026/04/14 19:27:56.568, 0 %, 0 MiB, 81920 MiB
2026/04/14 19:28:01.568, 0 %, 527 MiB, 81920 MiB
2026/04/14 19:28:01.568, 0 %, 0 MiB, 81920 MiB
2026/04/14 19:28:06.569, 0 %, 527 MiB, 81920 MiB
2026/04/14 19:28:06.569, 0 %, 0 MiB, 81920 MiB
2026/04/14 19:28:11.570, 0 %, 527 MiB, 81920 MiB
2026/04/14 19:28:11.570, 0 %, 0 MiB, 81920 MiB
2026/04/14 19:28:16.571, 0 %, 527 MiB, 81920 MiB
2026/04/14 19:28:16.571, 0 %, 0 MiB, 81920 MiB
2026/04/14 19:28:21.571, 0 %, 527 MiB, 81920 MiB
2026/04/14 19:28:21.571, 0 %, 0 MiB, 81920 MiB
2026/04/14 19:28:26.572, 0 %, 527 MiB, 81920 MiB
2026/04/14 19:28:26.572, 0 %, 0 MiB, 81920 MiB
2026/04/14 19:28:31.573, 0 %, 527 MiB, 81920 MiB
2026/04/14 19:28:31.573, 0 %, 0 MiB, 81920 MiB
2026/04/14 19:28:36.574, 0 %, 527 MiB, 81920 MiB
2026/04/14 19:28:36.574, 0 %, 0 MiB, 81920 MiB
2026/04/14 19:28:41.574, 0 %, 527 MiB, 81920 MiB
2026/04/14 19:28:41.575, 0 %, 0 MiB, 81920 MiB
2026/04/14 19:28:46.575, 0 %, 527 MiB, 81920 MiB
2026/04/14 19:28:46.575, 0 %, 0 MiB, 81920 MiB
2026/04/14 19:28:51.576, 0 %, 527 MiB, 81920 MiB
2026/04/14 19:28:51.576, 0 %, 0 MiB, 81920 MiB
2026/04/14 19:28:56.577, 0 %, 527 MiB, 81920 MiB
2026/04/14 19:28:56.577, 0 %, 0 MiB, 81920 MiB
2026/04/14 19:29:01.577, 0 %, 527 MiB, 81920 MiB
2026/04/14 19:29:01.578, 0 %, 0 MiB, 81920 MiB
2026/04/14 19:29:06.578, 0 %, 527 MiB, 81920 MiB
2026/04/14 19:29:06.578, 0 %, 0 MiB, 81920 MiB
2026/04/14 19:29:11.579, 0 %, 527 MiB, 81920 MiB
2026/04/14 19:29:11.579, 0 %, 0 MiB, 81920 MiB
2026/04/14 19:29:16.580, 0 %, 527 MiB, 81920 MiB
2026/04/14 19:29:16.580, 0 %, 0 MiB, 81920 MiB
2026/04/14 19:29:21.650, 0 %, 493 MiB, 81920 MiB
2026/04/14 19:29:21.650, 0 %, 0 MiB, 81920 MiB
2026/04/14 19:29:26.652, 0 %, 493 MiB, 81920 MiB
2026/04/14 19:29:26.652, 0 %, 0 MiB, 81920 MiB
2026/04/14 19:29:31.652, 0 %, 493 MiB, 81920 MiB
2026/04/14 19:29:31.652, 0 %, 0 MiB, 81920 MiB
2026/04/14 19:29:36.653, 0 %, 493 MiB, 81920 MiB
2026/04/14 19:29:36.653, 0 %, 0 MiB, 81920 MiB
2026/04/14 19:29:41.654, 0 %, 493 MiB, 81920 MiB
2026/04/14 19:29:41.654, 0 %, 0 MiB, 81920 MiB
2026/04/14 19:29:46.655, 0 %, 493 MiB, 81920 MiB
2026/04/14 19:29:46.655, 0 %, 0 MiB, 81920 MiB
2026/04/14 19:29:51.656, 0 %, 493 MiB, 81920 MiB
2026/04/14 19:29:51.656, 0 %, 0 MiB, 81920 MiB
2026/04/14 19:29:56.657, 0 %, 493 MiB, 81920 MiB
2026/04/14 19:29:56.657, 0 %, 0 MiB, 81920 MiB
2026/04/14 19:30:01.696, 0 %, 493 MiB, 81920 MiB
2026/04/14 19:30:01.697, 0 %, 0 MiB, 81920 MiB
2026/04/14 19:30:06.698, 0 %, 493 MiB, 81920 MiB
2026/04/14 19:30:06.698, 0 %, 0 MiB, 81920 MiB
2026/04/14 19:30:11.699, 0 %, 493 MiB, 81920 MiB
2026/04/14 19:30:11.699, 0 %, 0 MiB, 81920 MiB
2026/04/14 19:30:16.699, 0 %, 493 MiB, 81920 MiB
2026/04/14 19:30:16.700, 0 %, 0 MiB, 81920 MiB
2026/04/14 19:30:21.700, 0 %, 493 MiB, 81920 MiB
2026/04/14 19:30:21.701, 0 %, 0 MiB, 81920 MiB
2026/04/14 19:30:26.701, 0 %, 493 MiB, 81920 MiB
2026/04/14 19:30:26.701, 0 %, 0 MiB, 81920 MiB
2026/04/14 19:30:31.702, 0 %, 493 MiB, 81920 MiB
2026/04/14 19:30:31.702, 0 %, 0 MiB, 81920 MiB
2026/04/14 19:30:36.703, 0 %, 493 MiB, 81920 MiB
2026/04/14 19:30:36.703, 0 %, 0 MiB, 81920 MiB
2026/04/14 19:30:41.704, 0 %, 493 MiB, 81920 MiB
2026/04/14 19:30:41.704, 0 %, 0 MiB, 81920 MiB
2026/04/14 19:30:46.705, 0 %, 493 MiB, 81920 MiB
2026/04/14 19:30:46.705, 0 %, 0 MiB, 81920 MiB
2026/04/14 19:30:51.706, 0 %, 493 MiB, 81920 MiB
2026/04/14 19:30:51.706, 0 %, 0 MiB, 81920 MiB
2026/04/14 19:30:56.707, 0 %, 493 MiB, 81920 MiB
2026/04/14 19:30:56.707, 0 %, 0 MiB, 81920 MiB
2026/04/14 19:31:01.708, 0 %, 493 MiB, 81920 MiB
2026/04/14 19:31:01.708, 0 %, 0 MiB, 81920 MiB
2026/04/14 19:31:06.708, 0 %, 493 MiB, 81920 MiB
2026/04/14 19:31:06.709, 0 %, 0 MiB, 81920 MiB
2026/04/14 19:31:11.709, 0 %, 493 MiB, 81920 MiB
2026/04/14 19:31:11.709, 0 %, 0 MiB, 81920 MiB
2026/04/14 19:31:16.710, 0 %, 493 MiB, 81920 MiB
2026/04/14 19:31:16.710, 0 %, 0 MiB, 81920 MiB
2026/04/14 19:31:21.711, 0 %, 527 MiB, 81920 MiB
2026/04/14 19:31:21.711, 0 %, 0 MiB, 81920 MiB
2026/04/14 19:31:26.712, 0 %, 527 MiB, 81920 MiB
2026/04/14 19:31:26.712, 0 %, 0 MiB, 81920 MiB
2026/04/14 19:31:31.712, 0 %, 527 MiB, 81920 MiB
2026/04/14 19:31:31.712, 0 %, 0 MiB, 81920 MiB
2026/04/14 19:31:36.713, 0 %, 527 MiB, 81920 MiB
2026/04/14 19:31:36.713, 0 %, 0 MiB, 81920 MiB
2026/04/14 19:31:41.714, 0 %, 527 MiB, 81920 MiB
2026/04/14 19:31:41.714, 0 %, 0 MiB, 81920 MiB
2026/04/14 19:31:46.715, 0 %, 527 MiB, 81920 MiB
2026/04/14 19:31:46.715, 0 %, 0 MiB, 81920 MiB
2026/04/14 19:31:51.716, 0 %, 527 MiB, 81920 MiB
2026/04/14 19:31:51.716, 0 %, 0 MiB, 81920 MiB
2026/04/14 19:31:56.716, 0 %, 527 MiB, 81920 MiB
2026/04/14 19:31:56.716, 0 %, 0 MiB, 81920 MiB
2026/04/14 19:32:01.717, 0 %, 527 MiB, 81920 MiB
2026/04/14 19:32:01.717, 0 %, 0 MiB, 81920 MiB
2026/04/14 19:32:06.718, 0 %, 527 MiB, 81920 MiB
2026/04/14 19:32:06.718, 0 %, 0 MiB, 81920 MiB
2026/04/14 19:32:11.719, 4 %, 527 MiB, 81920 MiB
2026/04/14 19:32:11.719, 0 %, 0 MiB, 81920 MiB
2026/04/14 19:32:16.720, 0 %, 527 MiB, 81920 MiB
2026/04/14 19:32:16.720, 0 %, 0 MiB, 81920 MiB
2026/04/14 19:32:21.720, 0 %, 527 MiB, 81920 MiB
2026/04/14 19:32:21.720, 0 %, 0 MiB, 81920 MiB
2026/04/14 19:32:26.721, 0 %, 527 MiB, 81920 MiB
2026/04/14 19:32:26.721, 0 %, 0 MiB, 81920 MiB
2026/04/14 19:32:31.722, 7 %, 527 MiB, 81920 MiB
2026/04/14 19:32:31.722, 0 %, 0 MiB, 81920 MiB
2026/04/14 19:32:36.723, 5 %, 527 MiB, 81920 MiB
2026/04/14 19:32:36.723, 0 %, 0 MiB, 81920 MiB
2026/04/14 19:32:41.723, 18 %, 527 MiB, 81920 MiB
2026/04/14 19:32:41.724, 0 %, 0 MiB, 81920 MiB
2026/04/14 19:32:46.724, 16 %, 527 MiB, 81920 MiB
2026/04/14 19:32:46.724, 0 %, 0 MiB, 81920 MiB
2026/04/14 19:32:51.725, 11 %, 527 MiB, 81920 MiB
2026/04/14 19:32:51.725, 0 %, 0 MiB, 81920 MiB
2026/04/14 19:32:56.726, 14 %, 527 MiB, 81920 MiB
2026/04/14 19:32:56.726, 0 %, 0 MiB, 81920 MiB
2026/04/14 19:33:01.727, 18 %, 527 MiB, 81920 MiB
2026/04/14 19:33:01.727, 0 %, 0 MiB, 81920 MiB
2026/04/14 19:33:06.727, 16 %, 527 MiB, 81920 MiB
2026/04/14 19:33:06.727, 0 %, 0 MiB, 81920 MiB
2026/04/14 19:33:11.728, 11 %, 527 MiB, 81920 MiB
2026/04/14 19:33:11.728, 0 %, 0 MiB, 81920 MiB
2026/04/14 19:33:16.729, 14 %, 527 MiB, 81920 MiB
2026/04/14 19:33:16.729, 0 %, 0 MiB, 81920 MiB
2026/04/14 19:33:21.730, 1 %, 527 MiB, 81920 MiB
2026/04/14 19:33:21.730, 0 %, 0 MiB, 81920 MiB
2026/04/14 19:33:26.730, 3 %, 527 MiB, 81920 MiB
2026/04/14 19:33:26.731, 0 %, 0 MiB, 81920 MiB
2026/04/14 19:33:31.731, 0 %, 527 MiB, 81920 MiB
2026/04/14 19:33:31.731, 0 %, 0 MiB, 81920 MiB
2026/04/14 19:33:36.732, 1 %, 527 MiB, 81920 MiB
2026/04/14 19:33:36.732, 0 %, 0 MiB, 81920 MiB
2026/04/14 19:33:41.733, 0 %, 527 MiB, 81920 MiB
2026/04/14 19:33:41.733, 0 %, 0 MiB, 81920 MiB
2026/04/14 19:33:46.734, 10 %, 527 MiB, 81920 MiB
2026/04/14 19:33:46.734, 0 %, 0 MiB, 81920 MiB
2026/04/14 19:33:51.734, 0 %, 527 MiB, 81920 MiB
2026/04/14 19:33:51.735, 0 %, 0 MiB, 81920 MiB
2026/04/14 19:33:56.735, 0 %, 527 MiB, 81920 MiB
2026/04/14 19:33:56.735, 0 %, 0 MiB, 81920 MiB
2026/04/14 19:34:01.736, 0 %, 527 MiB, 81920 MiB
2026/04/14 19:34:01.736, 0 %, 0 MiB, 81920 MiB
2026/04/14 19:34:06.737, 0 %, 527 MiB, 81920 MiB
2026/04/14 19:34:06.737, 0 %, 0 MiB, 81920 MiB
2026/04/14 19:34:11.737, 0 %, 527 MiB, 81920 MiB
2026/04/14 19:34:11.738, 0 %, 0 MiB, 81920 MiB
2026/04/14 19:34:16.738, 0 %, 527 MiB, 81920 MiB
2026/04/14 19:34:16.738, 0 %, 0 MiB, 81920 MiB
2026/04/14 19:34:21.739, 0 %, 527 MiB, 81920 MiB
2026/04/14 19:34:21.739, 0 %, 0 MiB, 81920 MiB
2026/04/14 19:34:26.740, 0 %, 527 MiB, 81920 MiB
2026/04/14 19:34:26.740, 0 %, 0 MiB, 81920 MiB
2026/04/14 19:34:31.741, 0 %, 527 MiB, 81920 MiB
2026/04/14 19:34:31.741, 0 %, 0 MiB, 81920 MiB
2026/04/14 19:34:36.742, 0 %, 527 MiB, 81920 MiB
2026/04/14 19:34:36.742, 0 %, 0 MiB, 81920 MiB
2026/04/14 19:34:41.742, 0 %, 527 MiB, 81920 MiB
2026/04/14 19:34:41.742, 0 %, 0 MiB, 81920 MiB
2026/04/14 19:34:46.743, 0 %, 527 MiB, 81920 MiB
2026/04/14 19:34:46.743, 0 %, 0 MiB, 81920 MiB
2026/04/14 19:34:51.744, 0 %, 527 MiB, 81920 MiB
2026/04/14 19:34:51.744, 0 %, 0 MiB, 81920 MiB
2026/04/14 19:34:56.745, 0 %, 527 MiB, 81920 MiB
2026/04/14 19:34:56.745, 0 %, 0 MiB, 81920 MiB
2026/04/14 19:35:01.745, 1 %, 527 MiB, 81920 MiB
2026/04/14 19:35:01.745, 0 %, 0 MiB, 81920 MiB
2026/04/14 19:35:06.746, 0 %, 527 MiB, 81920 MiB
2026/04/14 19:35:06.746, 0 %, 0 MiB, 81920 MiB
2026/04/14 19:35:11.747, 0 %, 527 MiB, 81920 MiB
2026/04/14 19:35:11.747, 0 %, 0 MiB, 81920 MiB
2026/04/14 19:35:16.748, 0 %, 527 MiB, 81920 MiB
2026/04/14 19:35:16.748, 0 %, 0 MiB, 81920 MiB
2026/04/14 19:35:21.749, 0 %, 527 MiB, 81920 MiB
2026/04/14 19:35:21.749, 0 %, 0 MiB, 81920 MiB
2026/04/14 19:35:26.749, 0 %, 527 MiB, 81920 MiB
2026/04/14 19:35:26.749, 0 %, 0 MiB, 81920 MiB
2026/04/14 19:35:31.750, 0 %, 527 MiB, 81920 MiB
2026/04/14 19:35:31.750, 0 %, 0 MiB, 81920 MiB
2026/04/14 19:35:36.751, 0 %, 527 MiB, 81920 MiB
2026/04/14 19:35:36.751, 0 %, 0 MiB, 81920 MiB
2026/04/14 19:35:41.752, 0 %, 527 MiB, 81920 MiB
2026/04/14 19:35:41.752, 0 %, 0 MiB, 81920 MiB
2026/04/14 19:35:46.752, 0 %, 527 MiB, 81920 MiB
2026/04/14 19:35:46.753, 0 %, 0 MiB, 81920 MiB
2026/04/14 19:35:51.753, 0 %, 527 MiB, 81920 MiB
2026/04/14 19:35:51.753, 0 %, 0 MiB, 81920 MiB
2026/04/14 19:35:56.754, 0 %, 527 MiB, 81920 MiB
2026/04/14 19:35:56.754, 0 %, 0 MiB, 81920 MiB
2026/04/14 19:36:01.755, 0 %, 527 MiB, 81920 MiB
2026/04/14 19:36:01.755, 0 %, 0 MiB, 81920 MiB
2026/04/14 19:36:06.756, 0 %, 527 MiB, 81920 MiB
2026/04/14 19:36:06.756, 0 %, 0 MiB, 81920 MiB
2026/04/14 19:36:11.756, 10 %, 527 MiB, 81920 MiB
2026/04/14 19:36:11.756, 0 %, 0 MiB, 81920 MiB
2026/04/14 19:36:16.757, 10 %, 527 MiB, 81920 MiB
2026/04/14 19:36:16.757, 0 %, 0 MiB, 81920 MiB
2026/04/14 19:36:21.758, 15 %, 527 MiB, 81920 MiB
2026/04/14 19:36:21.758, 0 %, 0 MiB, 81920 MiB
2026/04/14 19:36:26.759, 15 %, 527 MiB, 81920 MiB
2026/04/14 19:36:26.759, 0 %, 0 MiB, 81920 MiB
2026/04/14 19:36:31.759, 18 %, 527 MiB, 81920 MiB
2026/04/14 19:36:31.760, 0 %, 0 MiB, 81920 MiB
2026/04/14 19:36:36.760, 18 %, 527 MiB, 81920 MiB
2026/04/14 19:36:36.760, 0 %, 0 MiB, 81920 MiB
2026/04/14 19:36:41.761, 5 %, 527 MiB, 81920 MiB
2026/04/14 19:36:41.761, 0 %, 0 MiB, 81920 MiB
2026/04/14 19:36:46.762, 5 %, 527 MiB, 81920 MiB
2026/04/14 19:36:46.762, 0 %, 0 MiB, 81920 MiB
2026/04/14 19:36:51.763, 0 %, 527 MiB, 81920 MiB
2026/04/14 19:36:51.763, 0 %, 0 MiB, 81920 MiB
2026/04/14 19:36:56.763, 11 %, 527 MiB, 81920 MiB
2026/04/14 19:36:56.763, 0 %, 0 MiB, 81920 MiB
2026/04/14 19:37:01.764, 0 %, 527 MiB, 81920 MiB
2026/04/14 19:37:01.764, 0 %, 0 MiB, 81920 MiB
2026/04/14 19:37:06.765, 0 %, 527 MiB, 81920 MiB
2026/04/14 19:37:06.765, 0 %, 0 MiB, 81920 MiB
2026/04/14 19:37:11.766, 0 %, 527 MiB, 81920 MiB
2026/04/14 19:37:11.766, 0 %, 0 MiB, 81920 MiB
2026/04/14 19:37:16.767, 0 %, 527 MiB, 81920 MiB
2026/04/14 19:37:16.767, 0 %, 0 MiB, 81920 MiB
2026/04/14 19:37:21.767, 0 %, 527 MiB, 81920 MiB
2026/04/14 19:37:21.768, 0 %, 0 MiB, 81920 MiB
2026/04/14 19:37:26.768, 0 %, 527 MiB, 81920 MiB
2026/04/14 19:37:26.768, 0 %, 0 MiB, 81920 MiB
2026/04/14 19:37:31.769, 0 %, 527 MiB, 81920 MiB
2026/04/14 19:37:31.769, 0 %, 0 MiB, 81920 MiB
2026/04/14 19:37:36.770, 0 %, 527 MiB, 81920 MiB
2026/04/14 19:37:36.770, 0 %, 0 MiB, 81920 MiB
2026/04/14 19:37:41.770, 0 %, 527 MiB, 81920 MiB
2026/04/14 19:37:41.771, 0 %, 0 MiB, 81920 MiB
2026/04/14 19:37:46.771, 0 %, 527 MiB, 81920 MiB
2026/04/14 19:37:46.771, 0 %, 0 MiB, 81920 MiB
2026/04/14 19:37:51.772, 0 %, 527 MiB, 81920 MiB
2026/04/14 19:37:51.772, 0 %, 0 MiB, 81920 MiB
2026/04/14 19:37:56.773, 0 %, 527 MiB, 81920 MiB
2026/04/14 19:37:56.773, 0 %, 0 MiB, 81920 MiB
2026/04/14 19:38:01.774, 0 %, 527 MiB, 81920 MiB
2026/04/14 19:38:01.774, 0 %, 0 MiB, 81920 MiB
2026/04/14 19:38:06.774, 0 %, 527 MiB, 81920 MiB
2026/04/14 19:38:06.775, 0 %, 0 MiB, 81920 MiB
2026/04/14 19:38:11.775, 0 %, 527 MiB, 81920 MiB
2026/04/14 19:38:11.775, 0 %, 0 MiB, 81920 MiB
2026/04/14 19:38:16.776, 0 %, 527 MiB, 81920 MiB
2026/04/14 19:38:16.776, 0 %, 0 MiB, 81920 MiB
2026/04/14 19:38:21.777, 12 %, 527 MiB, 81920 MiB
2026/04/14 19:38:21.777, 0 %, 0 MiB, 81920 MiB
2026/04/14 19:38:26.778, 12 %, 527 MiB, 81920 MiB
2026/04/14 19:38:26.778, 0 %, 0 MiB, 81920 MiB
2026/04/14 19:38:31.778, 13 %, 527 MiB, 81920 MiB
2026/04/14 19:38:31.778, 0 %, 0 MiB, 81920 MiB
2026/04/14 19:38:36.779, 1 %, 527 MiB, 81920 MiB
2026/04/14 19:38:36.779, 0 %, 0 MiB, 81920 MiB
2026/04/14 19:38:41.780, 16 %, 527 MiB, 81920 MiB
2026/04/14 19:38:41.780, 0 %, 0 MiB, 81920 MiB
2026/04/14 19:38:46.781, 15 %, 527 MiB, 81920 MiB
2026/04/14 19:38:46.781, 0 %, 0 MiB, 81920 MiB
2026/04/14 19:38:51.781, 10 %, 527 MiB, 81920 MiB
2026/04/14 19:38:51.781, 0 %, 0 MiB, 81920 MiB
2026/04/14 19:38:56.782, 10 %, 527 MiB, 81920 MiB
2026/04/14 19:38:56.782, 0 %, 0 MiB, 81920 MiB
2026/04/14 19:39:01.783, 16 %, 527 MiB, 81920 MiB
2026/04/14 19:39:01.783, 0 %, 0 MiB, 81920 MiB
2026/04/14 19:39:06.783, 16 %, 527 MiB, 81920 MiB
2026/04/14 19:39:06.784, 0 %, 0 MiB, 81920 MiB
2026/04/14 19:39:11.784, 0 %, 527 MiB, 81920 MiB
2026/04/14 19:39:11.784, 0 %, 0 MiB, 81920 MiB
2026/04/14 19:39:16.785, 2 %, 527 MiB, 81920 MiB
2026/04/14 19:39:16.785, 0 %, 0 MiB, 81920 MiB
2026/04/14 19:39:21.786, 0 %, 527 MiB, 81920 MiB
2026/04/14 19:39:21.786, 0 %, 0 MiB, 81920 MiB
2026/04/14 19:39:26.786, 0 %, 527 MiB, 81920 MiB
2026/04/14 19:39:26.786, 0 %, 0 MiB, 81920 MiB
2026/04/14 19:39:31.787, 0 %, 527 MiB, 81920 MiB
2026/04/14 19:39:31.787, 0 %, 0 MiB, 81920 MiB
2026/04/14 19:39:36.788, 0 %, 527 MiB, 81920 MiB
2026/04/14 19:39:36.788, 0 %, 0 MiB, 81920 MiB
2026/04/14 19:39:41.789, 0 %, 527 MiB, 81920 MiB
2026/04/14 19:39:41.789, 0 %, 0 MiB, 81920 MiB
2026/04/14 19:39:46.789, 0 %, 527 MiB, 81920 MiB
2026/04/14 19:39:46.789, 0 %, 0 MiB, 81920 MiB
2026/04/14 19:39:51.790, 0 %, 527 MiB, 81920 MiB
2026/04/14 19:39:51.790, 0 %, 0 MiB, 81920 MiB
2026/04/14 19:39:56.791, 0 %, 527 MiB, 81920 MiB
2026/04/14 19:39:56.791, 0 %, 0 MiB, 81920 MiB
2026/04/14 19:40:01.791, 0 %, 527 MiB, 81920 MiB
2026/04/14 19:40:01.792, 0 %, 0 MiB, 81920 MiB
2026/04/14 19:40:06.792, 0 %, 527 MiB, 81920 MiB
2026/04/14 19:40:06.792, 0 %, 0 MiB, 81920 MiB
2026/04/14 19:40:11.793, 0 %, 527 MiB, 81920 MiB
2026/04/14 19:40:11.793, 0 %, 0 MiB, 81920 MiB
2026/04/14 19:40:16.794, 0 %, 527 MiB, 81920 MiB
2026/04/14 19:40:16.794, 0 %, 0 MiB, 81920 MiB
2026/04/14 19:40:21.794, 0 %, 527 MiB, 81920 MiB
2026/04/14 19:40:21.795, 0 %, 0 MiB, 81920 MiB
2026/04/14 19:40:26.795, 0 %, 527 MiB, 81920 MiB
2026/04/14 19:40:26.795, 0 %, 0 MiB, 81920 MiB
2026/04/14 19:40:31.796, 0 %, 527 MiB, 81920 MiB
2026/04/14 19:40:31.796, 0 %, 0 MiB, 81920 MiB
2026/04/14 19:40:36.797, 0 %, 527 MiB, 81920 MiB
2026/04/14 19:40:36.797, 0 %, 0 MiB, 81920 MiB
2026/04/14 19:40:41.797, 0 %, 527 MiB, 81920 MiB
2026/04/14 19:40:41.797, 0 %, 0 MiB, 81920 MiB
2026/04/14 19:40:46.798, 0 %, 527 MiB, 81920 MiB
2026/04/14 19:40:46.798, 0 %, 0 MiB, 81920 MiB
2026/04/14 19:40:51.799, 0 %, 527 MiB, 81920 MiB
2026/04/14 19:40:51.799, 0 %, 0 MiB, 81920 MiB
2026/04/14 19:40:56.799, 12 %, 527 MiB, 81920 MiB
2026/04/14 19:40:56.800, 0 %, 0 MiB, 81920 MiB
2026/04/14 19:41:01.800, 11 %, 527 MiB, 81920 MiB
2026/04/14 19:41:01.800, 0 %, 0 MiB, 81920 MiB
2026/04/14 19:41:06.801, 15 %, 527 MiB, 81920 MiB
2026/04/14 19:41:06.801, 0 %, 0 MiB, 81920 MiB
2026/04/14 19:41:11.802, 4 %, 527 MiB, 81920 MiB
2026/04/14 19:41:11.802, 0 %, 0 MiB, 81920 MiB
2026/04/14 19:41:16.802, 18 %, 527 MiB, 81920 MiB
2026/04/14 19:41:16.802, 0 %, 0 MiB, 81920 MiB
2026/04/14 19:41:21.803, 18 %, 527 MiB, 81920 MiB
2026/04/14 19:41:21.803, 0 %, 0 MiB, 81920 MiB
2026/04/14 19:41:26.804, 7 %, 527 MiB, 81920 MiB
2026/04/14 19:41:26.804, 0 %, 0 MiB, 81920 MiB
2026/04/14 19:41:31.805, 5 %, 527 MiB, 81920 MiB
2026/04/14 19:41:31.805, 0 %, 0 MiB, 81920 MiB
2026/04/14 19:41:36.805, 0 %, 527 MiB, 81920 MiB
2026/04/14 19:41:36.806, 0 %, 0 MiB, 81920 MiB
2026/04/14 19:41:41.806, 0 %, 527 MiB, 81920 MiB
2026/04/14 19:41:41.806, 0 %, 0 MiB, 81920 MiB
2026/04/14 19:41:46.807, 0 %, 527 MiB, 81920 MiB
2026/04/14 19:41:46.807, 0 %, 0 MiB, 81920 MiB
2026/04/14 19:41:51.808, 1 %, 527 MiB, 81920 MiB
2026/04/14 19:41:51.808, 0 %, 0 MiB, 81920 MiB
2026/04/14 19:41:56.808, 0 %, 527 MiB, 81920 MiB
2026/04/14 19:41:56.808, 0 %, 0 MiB, 81920 MiB
2026/04/14 19:42:01.809, 0 %, 527 MiB, 81920 MiB
2026/04/14 19:42:01.809, 0 %, 0 MiB, 81920 MiB
2026/04/14 19:42:06.810, 0 %, 527 MiB, 81920 MiB
2026/04/14 19:42:06.810, 0 %, 0 MiB, 81920 MiB
2026/04/14 19:42:11.811, 0 %, 527 MiB, 81920 MiB
2026/04/14 19:42:11.811, 0 %, 0 MiB, 81920 MiB
2026/04/14 19:42:16.811, 0 %, 527 MiB, 81920 MiB
2026/04/14 19:42:16.811, 0 %, 0 MiB, 81920 MiB
2026/04/14 19:42:21.812, 0 %, 527 MiB, 81920 MiB
2026/04/14 19:42:21.812, 0 %, 0 MiB, 81920 MiB
2026/04/14 19:42:26.813, 0 %, 527 MiB, 81920 MiB
2026/04/14 19:42:26.813, 0 %, 0 MiB, 81920 MiB
2026/04/14 19:42:31.813, 0 %, 527 MiB, 81920 MiB
2026/04/14 19:42:31.814, 0 %, 0 MiB, 81920 MiB
2026/04/14 19:42:36.814, 0 %, 527 MiB, 81920 MiB
2026/04/14 19:42:36.814, 0 %, 0 MiB, 81920 MiB
2026/04/14 19:42:41.815, 0 %, 527 MiB, 81920 MiB
2026/04/14 19:42:41.815, 0 %, 0 MiB, 81920 MiB
2026/04/14 19:42:46.815, 0 %, 527 MiB, 81920 MiB
2026/04/14 19:42:46.816, 0 %, 0 MiB, 81920 MiB
2026/04/14 19:42:51.816, 0 %, 527 MiB, 81920 MiB
2026/04/14 19:42:51.816, 0 %, 0 MiB, 81920 MiB
2026/04/14 19:42:56.817, 0 %, 527 MiB, 81920 MiB
2026/04/14 19:42:56.817, 0 %, 0 MiB, 81920 MiB
2026/04/14 19:43:01.817, 0 %, 527 MiB, 81920 MiB
2026/04/14 19:43:01.818, 0 %, 0 MiB, 81920 MiB
2026/04/14 19:43:06.818, 0 %, 527 MiB, 81920 MiB
2026/04/14 19:43:06.818, 0 %, 0 MiB, 81920 MiB
2026/04/14 19:43:11.819, 0 %, 527 MiB, 81920 MiB
2026/04/14 19:43:11.819, 0 %, 0 MiB, 81920 MiB
2026/04/14 19:43:16.819, 0 %, 527 MiB, 81920 MiB
2026/04/14 19:43:16.820, 0 %, 0 MiB, 81920 MiB
2026/04/14 19:43:21.820, 0 %, 527 MiB, 81920 MiB
2026/04/14 19:43:21.820, 0 %, 0 MiB, 81920 MiB
2026/04/14 19:43:26.821, 0 %, 527 MiB, 81920 MiB
2026/04/14 19:43:26.821, 0 %, 0 MiB, 81920 MiB
2026/04/14 19:43:31.821, 0 %, 527 MiB, 81920 MiB
2026/04/14 19:43:31.822, 0 %, 0 MiB, 81920 MiB
2026/04/14 19:43:36.822, 0 %, 527 MiB, 81920 MiB
2026/04/14 19:43:36.822, 0 %, 0 MiB, 81920 MiB
2026/04/14 19:43:41.823, 0 %, 527 MiB, 81920 MiB
2026/04/14 19:43:41.823, 0 %, 0 MiB, 81920 MiB
2026/04/14 19:43:46.824, 0 %, 527 MiB, 81920 MiB
2026/04/14 19:43:46.824, 0 %, 0 MiB, 81920 MiB
2026/04/14 19:43:51.824, 0 %, 527 MiB, 81920 MiB
2026/04/14 19:43:51.825, 0 %, 0 MiB, 81920 MiB
2026/04/14 19:43:56.825, 0 %, 527 MiB, 81920 MiB
2026/04/14 19:43:56.825, 0 %, 0 MiB, 81920 MiB
2026/04/14 19:44:01.826, 0 %, 527 MiB, 81920 MiB
2026/04/14 19:44:01.826, 0 %, 0 MiB, 81920 MiB
2026/04/14 19:44:06.827, 0 %, 527 MiB, 81920 MiB
2026/04/14 19:44:06.827, 0 %, 0 MiB, 81920 MiB
2026/04/14 19:44:11.827, 0 %, 527 MiB, 81920 MiB
2026/04/14 19:44:11.827, 0 %, 0 MiB, 81920 MiB
2026/04/14 19:44:16.828, 0 %, 527 MiB, 81920 MiB
2026/04/14 19:44:16.828, 0 %, 0 MiB, 81920 MiB
2026/04/14 19:44:21.829, 0 %, 527 MiB, 81920 MiB
2026/04/14 19:44:21.829, 0 %, 0 MiB, 81920 MiB
2026/04/14 19:44:26.830, 0 %, 493 MiB, 81920 MiB
2026/04/14 19:44:26.830, 0 %, 0 MiB, 81920 MiB
2026/04/14 19:44:31.831, 0 %, 493 MiB, 81920 MiB
2026/04/14 19:44:31.831, 0 %, 0 MiB, 81920 MiB
2026/04/14 19:44:36.831, 0 %, 493 MiB, 81920 MiB
2026/04/14 19:44:36.832, 0 %, 0 MiB, 81920 MiB
2026/04/14 19:44:41.832, 0 %, 493 MiB, 81920 MiB
2026/04/14 19:44:41.832, 0 %, 0 MiB, 81920 MiB
2026/04/14 19:44:46.833, 0 %, 493 MiB, 81920 MiB
2026/04/14 19:44:46.833, 0 %, 0 MiB, 81920 MiB
2026/04/14 19:44:51.834, 0 %, 493 MiB, 81920 MiB
2026/04/14 19:44:51.834, 0 %, 0 MiB, 81920 MiB
2026/04/14 19:44:56.835, 0 %, 493 MiB, 81920 MiB
2026/04/14 19:44:56.835, 0 %, 0 MiB, 81920 MiB
2026/04/14 19:45:01.836, 0 %, 493 MiB, 81920 MiB
2026/04/14 19:45:01.836, 0 %, 0 MiB, 81920 MiB
2026/04/14 19:45:06.837, 0 %, 493 MiB, 81920 MiB
2026/04/14 19:45:06.837, 0 %, 0 MiB, 81920 MiB
2026/04/14 19:45:11.838, 0 %, 493 MiB, 81920 MiB
2026/04/14 19:45:11.838, 0 %, 0 MiB, 81920 MiB
2026/04/14 19:45:16.839, 0 %, 493 MiB, 81920 MiB
2026/04/14 19:45:16.839, 0 %, 0 MiB, 81920 MiB
2026/04/14 19:45:21.840, 0 %, 493 MiB, 81920 MiB
2026/04/14 19:45:21.840, 0 %, 0 MiB, 81920 MiB
2026/04/14 19:45:26.841, 0 %, 493 MiB, 81920 MiB
2026/04/14 19:45:26.841, 0 %, 0 MiB, 81920 MiB
2026/04/14 19:45:31.842, 0 %, 493 MiB, 81920 MiB
2026/04/14 19:45:31.842, 0 %, 0 MiB, 81920 MiB
2026/04/14 19:45:36.843, 0 %, 493 MiB, 81920 MiB
2026/04/14 19:45:36.843, 0 %, 0 MiB, 81920 MiB
2026/04/14 19:45:41.844, 0 %, 493 MiB, 81920 MiB
2026/04/14 19:45:41.844, 0 %, 0 MiB, 81920 MiB
2026/04/14 19:45:46.845, 0 %, 493 MiB, 81920 MiB
2026/04/14 19:45:46.845, 0 %, 0 MiB, 81920 MiB
2026/04/14 19:45:51.846, 0 %, 493 MiB, 81920 MiB
2026/04/14 19:45:51.846, 0 %, 0 MiB, 81920 MiB
2026/04/14 19:45:56.847, 0 %, 493 MiB, 81920 MiB
2026/04/14 19:45:56.847, 0 %, 0 MiB, 81920 MiB
2026/04/14 19:46:01.848, 0 %, 493 MiB, 81920 MiB
2026/04/14 19:46:01.848, 0 %, 0 MiB, 81920 MiB
2026/04/14 19:46:06.850, 0 %, 493 MiB, 81920 MiB
2026/04/14 19:46:06.850, 0 %, 0 MiB, 81920 MiB
2026/04/14 19:46:11.850, 0 %, 493 MiB, 81920 MiB
2026/04/14 19:46:11.850, 0 %, 0 MiB, 81920 MiB
2026/04/14 19:46:16.851, 0 %, 493 MiB, 81920 MiB
2026/04/14 19:46:16.851, 0 %, 0 MiB, 81920 MiB
2026/04/14 19:46:21.852, 0 %, 493 MiB, 81920 MiB
2026/04/14 19:46:21.852, 0 %, 0 MiB, 81920 MiB
2026/04/14 19:46:26.853, 0 %, 527 MiB, 81920 MiB
2026/04/14 19:46:26.853, 0 %, 0 MiB, 81920 MiB
2026/04/14 19:46:31.854, 0 %, 527 MiB, 81920 MiB
2026/04/14 19:46:31.854, 0 %, 0 MiB, 81920 MiB
2026/04/14 19:46:36.855, 0 %, 527 MiB, 81920 MiB
2026/04/14 19:46:36.855, 0 %, 0 MiB, 81920 MiB
2026/04/14 19:46:41.856, 0 %, 527 MiB, 81920 MiB
2026/04/14 19:46:41.856, 0 %, 0 MiB, 81920 MiB
2026/04/14 19:46:46.857, 0 %, 527 MiB, 81920 MiB
2026/04/14 19:46:46.857, 0 %, 0 MiB, 81920 MiB
2026/04/14 19:46:51.858, 0 %, 527 MiB, 81920 MiB
2026/04/14 19:46:51.858, 0 %, 0 MiB, 81920 MiB
2026/04/14 19:46:56.859, 0 %, 527 MiB, 81920 MiB
2026/04/14 19:46:56.859, 0 %, 0 MiB, 81920 MiB
2026/04/14 19:47:01.860, 0 %, 527 MiB, 81920 MiB
2026/04/14 19:47:01.860, 0 %, 0 MiB, 81920 MiB
2026/04/14 19:47:06.861, 0 %, 527 MiB, 81920 MiB
2026/04/14 19:47:06.861, 0 %, 0 MiB, 81920 MiB
2026/04/14 19:47:11.862, 0 %, 527 MiB, 81920 MiB
2026/04/14 19:47:11.862, 0 %, 0 MiB, 81920 MiB
2026/04/14 19:47:16.863, 0 %, 527 MiB, 81920 MiB
2026/04/14 19:47:16.863, 0 %, 0 MiB, 81920 MiB
2026/04/14 19:47:21.864, 0 %, 527 MiB, 81920 MiB
2026/04/14 19:47:21.864, 0 %, 0 MiB, 81920 MiB
2026/04/14 19:47:26.865, 0 %, 527 MiB, 81920 MiB
2026/04/14 19:47:26.865, 0 %, 0 MiB, 81920 MiB
2026/04/14 19:47:31.866, 0 %, 527 MiB, 81920 MiB
2026/04/14 19:47:31.866, 0 %, 0 MiB, 81920 MiB
2026/04/14 19:47:36.867, 0 %, 527 MiB, 81920 MiB
2026/04/14 19:47:36.867, 0 %, 0 MiB, 81920 MiB
2026/04/14 19:47:41.868, 0 %, 527 MiB, 81920 MiB
2026/04/14 19:47:41.868, 0 %, 0 MiB, 81920 MiB
2026/04/14 19:47:46.868, 0 %, 527 MiB, 81920 MiB
2026/04/14 19:47:46.869, 0 %, 0 MiB, 81920 MiB
2026/04/14 19:47:51.869, 0 %, 527 MiB, 81920 MiB
2026/04/14 19:47:51.870, 0 %, 0 MiB, 81920 MiB
2026/04/14 19:47:56.870, 0 %, 527 MiB, 81920 MiB
2026/04/14 19:47:56.870, 0 %, 0 MiB, 81920 MiB
2026/04/14 19:48:01.871, 0 %, 527 MiB, 81920 MiB
2026/04/14 19:48:01.872, 0 %, 0 MiB, 81920 MiB
2026/04/14 19:48:06.872, 0 %, 527 MiB, 81920 MiB
2026/04/14 19:48:06.873, 0 %, 0 MiB, 81920 MiB
2026/04/14 19:48:11.873, 0 %, 527 MiB, 81920 MiB
2026/04/14 19:48:11.874, 0 %, 0 MiB, 81920 MiB
2026/04/14 19:48:16.874, 0 %, 527 MiB, 81920 MiB
2026/04/14 19:48:16.874, 0 %, 0 MiB, 81920 MiB
2026/04/14 19:48:21.875, 0 %, 527 MiB, 81920 MiB
2026/04/14 19:48:21.875, 0 %, 0 MiB, 81920 MiB
2026/04/14 19:48:26.876, 0 %, 527 MiB, 81920 MiB
2026/04/14 19:48:26.876, 0 %, 0 MiB, 81920 MiB
2026/04/14 19:48:31.877, 0 %, 527 MiB, 81920 MiB
2026/04/14 19:48:31.877, 0 %, 0 MiB, 81920 MiB
2026/04/14 19:48:36.878, 0 %, 527 MiB, 81920 MiB
2026/04/14 19:48:36.878, 0 %, 0 MiB, 81920 MiB
2026/04/14 19:48:41.879, 0 %, 527 MiB, 81920 MiB
2026/04/14 19:48:41.879, 0 %, 0 MiB, 81920 MiB
2026/04/14 19:48:46.880, 0 %, 527 MiB, 81920 MiB
2026/04/14 19:48:46.880, 0 %, 0 MiB, 81920 MiB
2026/04/14 19:48:51.881, 0 %, 527 MiB, 81920 MiB
2026/04/14 19:48:51.881, 0 %, 0 MiB, 81920 MiB
2026/04/14 19:48:56.882, 8 %, 527 MiB, 81920 MiB
2026/04/14 19:48:56.882, 0 %, 0 MiB, 81920 MiB
2026/04/14 19:49:01.883, 0 %, 527 MiB, 81920 MiB
2026/04/14 19:49:01.883, 0 %, 0 MiB, 81920 MiB
2026/04/14 19:49:06.884, 0 %, 527 MiB, 81920 MiB
2026/04/14 19:49:06.884, 0 %, 0 MiB, 81920 MiB
2026/04/14 19:49:11.884, 0 %, 527 MiB, 81920 MiB
2026/04/14 19:49:11.885, 0 %, 0 MiB, 81920 MiB
2026/04/14 19:49:16.885, 0 %, 527 MiB, 81920 MiB
2026/04/14 19:49:16.886, 0 %, 0 MiB, 81920 MiB
2026/04/14 19:49:21.886, 0 %, 527 MiB, 81920 MiB
2026/04/14 19:49:21.886, 0 %, 0 MiB, 81920 MiB
2026/04/14 19:49:26.887, 5 %, 527 MiB, 81920 MiB
2026/04/14 19:49:26.887, 0 %, 0 MiB, 81920 MiB
2026/04/14 19:49:31.888, 3 %, 527 MiB, 81920 MiB
2026/04/14 19:49:31.888, 0 %, 0 MiB, 81920 MiB
2026/04/14 19:49:36.889, 17 %, 527 MiB, 81920 MiB
2026/04/14 19:49:36.889, 0 %, 0 MiB, 81920 MiB
2026/04/14 19:49:41.890, 0 %, 527 MiB, 81920 MiB
2026/04/14 19:49:41.890, 0 %, 0 MiB, 81920 MiB
2026/04/14 19:49:46.891, 9 %, 527 MiB, 81920 MiB
2026/04/14 19:49:46.891, 0 %, 0 MiB, 81920 MiB
2026/04/14 19:49:51.892, 6 %, 527 MiB, 81920 MiB
2026/04/14 19:49:51.892, 0 %, 0 MiB, 81920 MiB
2026/04/14 19:49:56.893, 18 %, 527 MiB, 81920 MiB
2026/04/14 19:49:56.893, 0 %, 0 MiB, 81920 MiB
2026/04/14 19:50:01.894, 18 %, 527 MiB, 81920 MiB
2026/04/14 19:50:01.894, 0 %, 0 MiB, 81920 MiB
2026/04/14 19:50:06.895, 11 %, 527 MiB, 81920 MiB
2026/04/14 19:50:06.895, 0 %, 0 MiB, 81920 MiB
2026/04/14 19:50:11.896, 11 %, 527 MiB, 81920 MiB
2026/04/14 19:50:11.896, 0 %, 0 MiB, 81920 MiB
2026/04/14 19:50:16.897, 0 %, 527 MiB, 81920 MiB
2026/04/14 19:50:16.897, 0 %, 0 MiB, 81920 MiB
2026/04/14 19:50:21.898, 18 %, 527 MiB, 81920 MiB
2026/04/14 19:50:21.898, 0 %, 0 MiB, 81920 MiB
2026/04/14 19:50:26.899, 6 %, 527 MiB, 81920 MiB
2026/04/14 19:50:26.899, 0 %, 0 MiB, 81920 MiB
2026/04/14 19:50:31.900, 8 %, 527 MiB, 81920 MiB
2026/04/14 19:50:31.900, 0 %, 0 MiB, 81920 MiB
2026/04/14 19:50:36.900, 0 %, 527 MiB, 81920 MiB
2026/04/14 19:50:36.901, 0 %, 0 MiB, 81920 MiB
2026/04/14 19:50:41.901, 0 %, 527 MiB, 81920 MiB
2026/04/14 19:50:41.901, 0 %, 0 MiB, 81920 MiB
2026/04/14 19:50:46.902, 0 %, 527 MiB, 81920 MiB
2026/04/14 19:50:46.902, 0 %, 0 MiB, 81920 MiB
2026/04/14 19:50:51.903, 0 %, 527 MiB, 81920 MiB
2026/04/14 19:50:51.903, 0 %, 0 MiB, 81920 MiB
2026/04/14 19:50:56.904, 0 %, 527 MiB, 81920 MiB
2026/04/14 19:50:56.904, 0 %, 0 MiB, 81920 MiB
2026/04/14 19:51:01.905, 0 %, 527 MiB, 81920 MiB
2026/04/14 19:51:01.905, 0 %, 0 MiB, 81920 MiB
2026/04/14 19:51:06.906, 0 %, 527 MiB, 81920 MiB
2026/04/14 19:51:06.906, 0 %, 0 MiB, 81920 MiB
2026/04/14 19:51:11.907, 0 %, 527 MiB, 81920 MiB
2026/04/14 19:51:11.907, 0 %, 0 MiB, 81920 MiB
2026/04/14 19:51:16.908, 0 %, 527 MiB, 81920 MiB
2026/04/14 19:51:16.908, 0 %, 0 MiB, 81920 MiB
2026/04/14 19:51:21.909, 0 %, 527 MiB, 81920 MiB
2026/04/14 19:51:21.909, 0 %, 0 MiB, 81920 MiB
2026/04/14 19:51:26.910, 0 %, 527 MiB, 81920 MiB
2026/04/14 19:51:26.910, 0 %, 0 MiB, 81920 MiB
2026/04/14 19:51:31.911, 0 %, 527 MiB, 81920 MiB
2026/04/14 19:51:31.911, 0 %, 0 MiB, 81920 MiB
2026/04/14 19:51:36.912, 0 %, 527 MiB, 81920 MiB
2026/04/14 19:51:36.912, 0 %, 0 MiB, 81920 MiB
2026/04/14 19:51:41.913, 0 %, 527 MiB, 81920 MiB
2026/04/14 19:51:41.913, 0 %, 0 MiB, 81920 MiB
2026/04/14 19:51:46.914, 0 %, 527 MiB, 81920 MiB
2026/04/14 19:51:46.914, 0 %, 0 MiB, 81920 MiB
2026/04/14 19:51:51.915, 0 %, 527 MiB, 81920 MiB
2026/04/14 19:51:51.915, 0 %, 0 MiB, 81920 MiB
2026/04/14 19:51:56.915, 0 %, 527 MiB, 81920 MiB
2026/04/14 19:51:56.916, 0 %, 0 MiB, 81920 MiB
2026/04/14 19:52:01.916, 0 %, 527 MiB, 81920 MiB
2026/04/14 19:52:01.917, 0 %, 0 MiB, 81920 MiB
2026/04/14 19:52:06.917, 0 %, 527 MiB, 81920 MiB
2026/04/14 19:52:06.918, 0 %, 0 MiB, 81920 MiB
2026/04/14 19:52:11.918, 0 %, 527 MiB, 81920 MiB
2026/04/14 19:52:11.919, 0 %, 0 MiB, 81920 MiB
2026/04/14 19:52:16.919, 0 %, 527 MiB, 81920 MiB
2026/04/14 19:52:16.919, 0 %, 0 MiB, 81920 MiB
2026/04/14 19:52:21.920, 0 %, 527 MiB, 81920 MiB
2026/04/14 19:52:21.920, 0 %, 0 MiB, 81920 MiB
2026/04/14 19:52:26.921, 0 %, 527 MiB, 81920 MiB
2026/04/14 19:52:26.921, 0 %, 0 MiB, 81920 MiB
2026/04/14 19:52:31.922, 0 %, 527 MiB, 81920 MiB
2026/04/14 19:52:31.922, 0 %, 0 MiB, 81920 MiB
2026/04/14 19:52:36.923, 0 %, 527 MiB, 81920 MiB
2026/04/14 19:52:36.923, 0 %, 0 MiB, 81920 MiB
2026/04/14 19:52:41.924, 0 %, 527 MiB, 81920 MiB
2026/04/14 19:52:41.924, 0 %, 0 MiB, 81920 MiB
2026/04/14 19:52:46.925, 0 %, 527 MiB, 81920 MiB
2026/04/14 19:52:46.925, 0 %, 0 MiB, 81920 MiB
2026/04/14 19:52:51.926, 0 %, 527 MiB, 81920 MiB
2026/04/14 19:52:51.926, 0 %, 0 MiB, 81920 MiB
2026/04/14 19:52:56.927, 0 %, 527 MiB, 81920 MiB
2026/04/14 19:52:56.927, 0 %, 0 MiB, 81920 MiB
2026/04/14 19:53:01.928, 7 %, 527 MiB, 81920 MiB
2026/04/14 19:53:01.928, 0 %, 0 MiB, 81920 MiB
2026/04/14 19:53:06.929, 0 %, 527 MiB, 81920 MiB
2026/04/14 19:53:06.929, 0 %, 0 MiB, 81920 MiB
2026/04/14 19:53:11.930, 0 %, 527 MiB, 81920 MiB
2026/04/14 19:53:11.930, 0 %, 0 MiB, 81920 MiB
2026/04/14 19:53:16.931, 0 %, 527 MiB, 81920 MiB
2026/04/14 19:53:16.931, 0 %, 0 MiB, 81920 MiB
2026/04/14 19:53:21.931, 9 %, 527 MiB, 81920 MiB
2026/04/14 19:53:21.932, 0 %, 0 MiB, 81920 MiB
2026/04/14 19:53:26.932, 8 %, 527 MiB, 81920 MiB
2026/04/14 19:53:26.933, 0 %, 0 MiB, 81920 MiB
2026/04/14 19:53:31.933, 19 %, 527 MiB, 81920 MiB
2026/04/14 19:53:31.933, 0 %, 0 MiB, 81920 MiB
2026/04/14 19:53:36.934, 0 %, 527 MiB, 81920 MiB
2026/04/14 19:53:36.934, 0 %, 0 MiB, 81920 MiB
2026/04/14 19:53:41.935, 6 %, 527 MiB, 81920 MiB
2026/04/14 19:53:41.935, 0 %, 0 MiB, 81920 MiB
2026/04/14 19:53:46.936, 6 %, 527 MiB, 81920 MiB
2026/04/14 19:53:46.936, 0 %, 0 MiB, 81920 MiB
2026/04/14 19:53:51.937, 14 %, 527 MiB, 81920 MiB
2026/04/14 19:53:51.937, 0 %, 0 MiB, 81920 MiB
2026/04/14 19:53:56.938, 16 %, 527 MiB, 81920 MiB
2026/04/14 19:53:56.938, 0 %, 0 MiB, 81920 MiB
2026/04/14 19:54:01.939, 1 %, 527 MiB, 81920 MiB
2026/04/14 19:54:01.939, 0 %, 0 MiB, 81920 MiB
2026/04/14 19:54:06.940, 3 %, 527 MiB, 81920 MiB
2026/04/14 19:54:06.940, 0 %, 0 MiB, 81920 MiB
2026/04/14 19:54:11.941, 0 %, 527 MiB, 81920 MiB
2026/04/14 19:54:11.941, 0 %, 0 MiB, 81920 MiB
2026/04/14 19:54:16.942, 0 %, 527 MiB, 81920 MiB
2026/04/14 19:54:16.942, 0 %, 0 MiB, 81920 MiB
2026/04/14 19:54:21.943, 0 %, 527 MiB, 81920 MiB
2026/04/14 19:54:21.943, 0 %, 0 MiB, 81920 MiB
2026/04/14 19:54:26.944, 0 %, 527 MiB, 81920 MiB
2026/04/14 19:54:26.944, 0 %, 0 MiB, 81920 MiB
2026/04/14 19:54:31.945, 6 %, 527 MiB, 81920 MiB
2026/04/14 19:54:31.945, 0 %, 0 MiB, 81920 MiB
2026/04/14 19:54:36.946, 0 %, 527 MiB, 81920 MiB
2026/04/14 19:54:36.946, 0 %, 0 MiB, 81920 MiB
2026/04/14 19:54:41.946, 0 %, 527 MiB, 81920 MiB
2026/04/14 19:54:41.947, 0 %, 0 MiB, 81920 MiB
2026/04/14 19:54:46.948, 0 %, 527 MiB, 81920 MiB
2026/04/14 19:54:46.948, 0 %, 0 MiB, 81920 MiB
2026/04/14 19:54:51.948, 0 %, 527 MiB, 81920 MiB
2026/04/14 19:54:51.949, 0 %, 0 MiB, 81920 MiB
2026/04/14 19:54:56.949, 0 %, 527 MiB, 81920 MiB
2026/04/14 19:54:56.949, 0 %, 0 MiB, 81920 MiB
2026/04/14 19:55:01.950, 0 %, 527 MiB, 81920 MiB
2026/04/14 19:55:01.950, 0 %, 0 MiB, 81920 MiB
2026/04/14 19:55:06.951, 0 %, 527 MiB, 81920 MiB
2026/04/14 19:55:06.951, 0 %, 0 MiB, 81920 MiB
2026/04/14 19:55:11.952, 0 %, 527 MiB, 81920 MiB
2026/04/14 19:55:11.952, 0 %, 0 MiB, 81920 MiB
2026/04/14 19:55:16.953, 0 %, 527 MiB, 81920 MiB
2026/04/14 19:55:16.953, 0 %, 0 MiB, 81920 MiB
2026/04/14 19:55:21.954, 0 %, 527 MiB, 81920 MiB
2026/04/14 19:55:21.954, 0 %, 0 MiB, 81920 MiB
2026/04/14 19:55:26.955, 0 %, 527 MiB, 81920 MiB
2026/04/14 19:55:26.955, 0 %, 0 MiB, 81920 MiB
2026/04/14 19:55:31.956, 0 %, 527 MiB, 81920 MiB
2026/04/14 19:55:31.956, 0 %, 0 MiB, 81920 MiB
2026/04/14 19:55:36.957, 0 %, 527 MiB, 81920 MiB
2026/04/14 19:55:36.957, 0 %, 0 MiB, 81920 MiB
2026/04/14 19:55:41.957, 0 %, 527 MiB, 81920 MiB
2026/04/14 19:55:41.958, 0 %, 0 MiB, 81920 MiB
2026/04/14 19:55:46.958, 0 %, 527 MiB, 81920 MiB
2026/04/14 19:55:46.959, 0 %, 0 MiB, 81920 MiB
2026/04/14 19:55:51.959, 0 %, 527 MiB, 81920 MiB
2026/04/14 19:55:51.960, 0 %, 0 MiB, 81920 MiB
2026/04/14 19:55:56.960, 0 %, 527 MiB, 81920 MiB
2026/04/14 19:55:56.960, 0 %, 0 MiB, 81920 MiB
2026/04/14 19:56:01.961, 0 %, 527 MiB, 81920 MiB
2026/04/14 19:56:01.961, 0 %, 0 MiB, 81920 MiB
2026/04/14 19:56:06.962, 0 %, 527 MiB, 81920 MiB
2026/04/14 19:56:06.962, 0 %, 0 MiB, 81920 MiB
2026/04/14 19:56:11.963, 0 %, 527 MiB, 81920 MiB
2026/04/14 19:56:11.963, 0 %, 0 MiB, 81920 MiB
2026/04/14 19:56:16.964, 0 %, 527 MiB, 81920 MiB
2026/04/14 19:56:16.964, 0 %, 0 MiB, 81920 MiB
2026/04/14 19:56:21.965, 6 %, 527 MiB, 81920 MiB
2026/04/14 19:56:21.965, 0 %, 0 MiB, 81920 MiB
2026/04/14 19:56:26.966, 3 %, 527 MiB, 81920 MiB
2026/04/14 19:56:26.966, 0 %, 0 MiB, 81920 MiB
2026/04/14 19:56:31.967, 0 %, 527 MiB, 81920 MiB
2026/04/14 19:56:31.967, 0 %, 0 MiB, 81920 MiB
2026/04/14 19:56:36.968, 0 %, 527 MiB, 81920 MiB
2026/04/14 19:56:36.968, 0 %, 0 MiB, 81920 MiB
2026/04/14 19:56:41.969, 5 %, 527 MiB, 81920 MiB
2026/04/14 19:56:41.969, 0 %, 0 MiB, 81920 MiB
2026/04/14 19:56:46.970, 2 %, 527 MiB, 81920 MiB
2026/04/14 19:56:46.970, 0 %, 0 MiB, 81920 MiB
2026/04/14 19:56:51.971, 15 %, 527 MiB, 81920 MiB
2026/04/14 19:56:51.971, 0 %, 0 MiB, 81920 MiB
2026/04/14 19:56:56.971, 12 %, 527 MiB, 81920 MiB
2026/04/14 19:56:56.971, 0 %, 0 MiB, 81920 MiB
2026/04/14 19:57:01.972, 15 %, 527 MiB, 81920 MiB
2026/04/14 19:57:01.972, 0 %, 0 MiB, 81920 MiB
2026/04/14 19:57:06.973, 18 %, 527 MiB, 81920 MiB
2026/04/14 19:57:06.973, 0 %, 0 MiB, 81920 MiB
2026/04/14 19:57:11.974, 15 %, 527 MiB, 81920 MiB
2026/04/14 19:57:11.974, 0 %, 0 MiB, 81920 MiB
2026/04/14 19:57:16.975, 6 %, 527 MiB, 81920 MiB
2026/04/14 19:57:16.975, 0 %, 0 MiB, 81920 MiB
2026/04/14 19:57:21.976, 0 %, 527 MiB, 81920 MiB
2026/04/14 19:57:21.976, 0 %, 0 MiB, 81920 MiB
2026/04/14 19:57:26.977, 17 %, 527 MiB, 81920 MiB
2026/04/14 19:57:26.977, 0 %, 0 MiB, 81920 MiB
2026/04/14 19:57:31.978, 3 %, 527 MiB, 81920 MiB
2026/04/14 19:57:31.978, 0 %, 0 MiB, 81920 MiB
2026/04/14 19:57:36.979, 0 %, 527 MiB, 81920 MiB
2026/04/14 19:57:36.979, 0 %, 0 MiB, 81920 MiB
2026/04/14 19:57:41.980, 0 %, 527 MiB, 81920 MiB
2026/04/14 19:57:41.980, 0 %, 0 MiB, 81920 MiB
2026/04/14 19:57:46.981, 0 %, 527 MiB, 81920 MiB
2026/04/14 19:57:46.981, 0 %, 0 MiB, 81920 MiB
2026/04/14 19:57:51.982, 0 %, 527 MiB, 81920 MiB
2026/04/14 19:57:51.982, 0 %, 0 MiB, 81920 MiB
2026/04/14 19:57:56.982, 0 %, 527 MiB, 81920 MiB
2026/04/14 19:57:56.983, 0 %, 0 MiB, 81920 MiB
2026/04/14 19:58:01.983, 0 %, 527 MiB, 81920 MiB
2026/04/14 19:58:01.983, 0 %, 0 MiB, 81920 MiB
2026/04/14 19:58:06.984, 0 %, 527 MiB, 81920 MiB
2026/04/14 19:58:06.984, 0 %, 0 MiB, 81920 MiB
2026/04/14 19:58:11.985, 0 %, 527 MiB, 81920 MiB
2026/04/14 19:58:11.985, 0 %, 0 MiB, 81920 MiB
2026/04/14 19:58:16.986, 0 %, 527 MiB, 81920 MiB
2026/04/14 19:58:16.986, 0 %, 0 MiB, 81920 MiB
2026/04/14 19:58:21.987, 0 %, 527 MiB, 81920 MiB
2026/04/14 19:58:21.987, 0 %, 0 MiB, 81920 MiB
2026/04/14 19:58:26.988, 0 %, 527 MiB, 81920 MiB
2026/04/14 19:58:26.988, 0 %, 0 MiB, 81920 MiB
2026/04/14 19:58:31.989, 0 %, 527 MiB, 81920 MiB
2026/04/14 19:58:31.989, 0 %, 0 MiB, 81920 MiB
2026/04/14 19:58:36.990, 0 %, 527 MiB, 81920 MiB
2026/04/14 19:58:36.990, 0 %, 0 MiB, 81920 MiB
2026/04/14 19:58:41.991, 0 %, 527 MiB, 81920 MiB
2026/04/14 19:58:41.991, 0 %, 0 MiB, 81920 MiB
2026/04/14 19:58:46.992, 0 %, 527 MiB, 81920 MiB
2026/04/14 19:58:46.992, 0 %, 0 MiB, 81920 MiB
2026/04/14 19:58:51.993, 0 %, 527 MiB, 81920 MiB
2026/04/14 19:58:51.993, 0 %, 0 MiB, 81920 MiB
2026/04/14 19:58:56.993, 0 %, 527 MiB, 81920 MiB
2026/04/14 19:58:56.994, 0 %, 0 MiB, 81920 MiB
2026/04/14 19:59:01.994, 0 %, 527 MiB, 81920 MiB
2026/04/14 19:59:01.995, 0 %, 0 MiB, 81920 MiB
2026/04/14 19:59:06.995, 0 %, 527 MiB, 81920 MiB
2026/04/14 19:59:06.995, 0 %, 0 MiB, 81920 MiB
2026/04/14 19:59:11.996, 0 %, 527 MiB, 81920 MiB
2026/04/14 19:59:11.996, 0 %, 0 MiB, 81920 MiB
2026/04/14 19:59:16.997, 0 %, 527 MiB, 81920 MiB
2026/04/14 19:59:16.997, 0 %, 0 MiB, 81920 MiB
2026/04/14 19:59:21.998, 0 %, 527 MiB, 81920 MiB
2026/04/14 19:59:21.998, 0 %, 0 MiB, 81920 MiB
2026/04/14 19:59:26.999, 0 %, 527 MiB, 81920 MiB
2026/04/14 19:59:26.999, 0 %, 0 MiB, 81920 MiB
2026/04/14 19:59:32.000, 0 %, 457 MiB, 81920 MiB
2026/04/14 19:59:32.000, 0 %, 0 MiB, 81920 MiB
2026/04/14 19:59:37.001, 0 %, 411 MiB, 81920 MiB
2026/04/14 19:59:37.001, 0 %, 0 MiB, 81920 MiB
2026/04/14 19:59:42.002, 0 %, 411 MiB, 81920 MiB
2026/04/14 19:59:42.002, 0 %, 0 MiB, 81920 MiB
2026/04/14 19:59:47.002, 0 %, 411 MiB, 81920 MiB
2026/04/14 19:59:47.003, 0 %, 0 MiB, 81920 MiB
