==========================================
SLURM_CLUSTER_NAME = paramprabha
SLURM_JOB_ACCOUNT = cdac
SLURM_JOB_ID = 541151
SLURM_JOB_NAME = PLcpu_qUCCSD_Tetra_B3LYP
SLURM_JOB_NODELIST = rpcn304
SLURM_JOB_USER = samritm
SLURM_JOB_UID = 52002
SLURM_JOB_PARTITION = cpu
SLURM_TASK_PID = 2257039
SLURM_SUBMIT_DIR = /home/samritm/tejjan/PLv2/JuneRuns
SLURM_CPUS_ON_NODE = 48
SLURM_NTASKS = 1
SLURM_TASK_PID = 2257039
==========================================
SLURM_SUBMIT_DIR = /home/samritm/tejjan/PLv2/JuneRuns
SLURM_CPUS_ON_NODE = 48
SLURM_NTASKS = 1
Job started at: Sun Jun  7 17:21:51 IST 2026
Running on node: rpcn304
Python path:
/home/samritm/tejjan/envs/pl_gpu_env/bin/python
/home/samritm/tejjan/envs/pl_gpu_env/bin/python
Model name:          Intel(R) Xeon(R) Gold 6240R CPU @ 2.40GHz

=== Classical DFT Reference Energy (PySCF) ===
Total DFT Energy: -693.15129538 Ha
==============================================


>> [PennyLane] Initiating Native CPU Pipeline...
  [*] Bridged 963 Pauli terms on 12 qubits.
  [*] Launching Native Adjoint L-BFGS-B Optimization...
  --- Starting VQE Optimization Step ---
  [VQE] Iteration:    0 | Energy:  -3.60134413 Ha | Rel ΔE: N/A
  [VQE] Iteration:    1 | Energy:  -3.72665394 Ha | Rel ΔE: 0.03362529
  [VQE] Iteration:    2 | Energy:  -3.67665989 Ha | Rel ΔE: 0.01341527
  [VQE] Iteration:    3 | Energy:  -3.85941122 Ha | Rel ΔE: 0.04735213
  [VQE] Iteration:    4 | Energy:  -3.94186976 Ha | Rel ΔE: 0.02091864
  [VQE] Iteration:    5 | Energy:  -3.96952681 Ha | Rel ΔE: 0.00696734
  [VQE] Iteration:    6 | Energy:  -3.97802410 Ha | Rel ΔE: 0.00213606
  [VQE] Iteration:    7 | Energy:  -3.98085777 Ha | Rel ΔE: 0.00071182
  [VQE] Iteration:    8 | Energy:  -3.98395766 Ha | Rel ΔE: 0.00077809
  [VQE] Iteration:    9 | Energy:  -3.98568959 Ha | Rel ΔE: 0.00043454
  [VQE] Iteration:   10 | Energy:  -3.98712787 Ha | Rel ΔE: 0.00036073
  [VQE] Iteration:   11 | Energy:  -3.98771550 Ha | Rel ΔE: 0.00014736
  [VQE] Iteration:   12 | Energy:  -3.98912298 Ha | Rel ΔE: 0.00035283
  [VQE] Iteration:   13 | Energy:  -3.98968626 Ha | Rel ΔE: 0.00014119
  [VQE] Iteration:   14 | Energy:  -3.99043692 Ha | Rel ΔE: 0.00018811
  [VQE] Iteration:   15 | Energy:  -3.99060575 Ha | Rel ΔE: 0.00004231
  [VQE] Iteration:   16 | Energy:  -3.99072220 Ha | Rel ΔE: 0.00002918
  [VQE] Iteration:   17 | Energy:  -3.99085168 Ha | Rel ΔE: 0.00003244
  [VQE] Iteration:   18 | Energy:  -3.99090045 Ha | Rel ΔE: 0.00001222
  [VQE] Iteration:   19 | Energy:  -3.99101058 Ha | Rel ΔE: 0.00002759
  [VQE] Iteration:   20 | Energy:  -3.99103541 Ha | Rel ΔE: 0.00000622
  [VQE] Iteration:   21 | Energy:  -3.99105255 Ha | Rel ΔE: 0.00000429
  [VQE] Iteration:   22 | Energy:  -3.99106523 Ha | Rel ΔE: 0.00000318
  [VQE] Iteration:   23 | Energy:  -3.99107457 Ha | Rel ΔE: 0.00000234
  [VQE] Iteration:   24 | Energy:  -3.99107848 Ha | Rel ΔE: 0.00000098
  [VQE Converged] Rel ΔE (9.789e-07) is below threshold (1e-06)!
  [*] VQE Complete! Final Energy: -3.99107848 Ha
[Damping] Linear mix with alpha=0.530
[Iteration 1] Embedding total energy = -692.91712782 Ha

>> [PennyLane] Initiating Native CPU Pipeline...
  [*] Bridged 999 Pauli terms on 12 qubits.
  [*] Launching Native Adjoint L-BFGS-B Optimization...
  --- Starting VQE Optimization Step ---
  [VQE] Iteration:    0 | Energy:  -3.38085134 Ha | Rel ΔE: N/A
  [VQE] Iteration:    1 | Energy:  -3.53346163 Ha | Rel ΔE: 0.04319002
  [VQE] Iteration:    2 | Energy:  -3.75991677 Ha | Rel ΔE: 0.06022876
  [VQE] Iteration:    3 | Energy:  -3.96882933 Ha | Rel ΔE: 0.05263833
  [VQE] Iteration:    4 | Energy:  -3.97893912 Ha | Rel ΔE: 0.00254083
  [VQE] Iteration:    5 | Energy:  -4.05482569 Ha | Rel ΔE: 0.01871513
  [VQE] Iteration:    6 | Energy:  -4.06654062 Ha | Rel ΔE: 0.00288081
  [VQE] Iteration:    7 | Energy:  -4.07550066 Ha | Rel ΔE: 0.00219851
  [VQE] Iteration:    8 | Energy:  -4.07952934 Ha | Rel ΔE: 0.00098754
  [VQE] Iteration:    9 | Energy:  -4.08196830 Ha | Rel ΔE: 0.00059749
  [VQE] Iteration:   10 | Energy:  -4.08332019 Ha | Rel ΔE: 0.00033108
  [VQE] Iteration:   11 | Energy:  -4.08585843 Ha | Rel ΔE: 0.00062123
  [VQE] Iteration:   12 | Energy:  -4.08786188 Ha | Rel ΔE: 0.00049010
  [VQE] Iteration:   13 | Energy:  -4.08978271 Ha | Rel ΔE: 0.00046966
  [VQE] Iteration:   14 | Energy:  -4.09076359 Ha | Rel ΔE: 0.00023978
  [VQE] Iteration:   15 | Energy:  -4.09135596 Ha | Rel ΔE: 0.00014478
  [VQE] Iteration:   16 | Energy:  -4.09222157 Ha | Rel ΔE: 0.00021153
  [VQE] Iteration:   17 | Energy:  -4.09264007 Ha | Rel ΔE: 0.00010226
  [VQE] Iteration:   18 | Energy:  -4.09311495 Ha | Rel ΔE: 0.00011602
  [VQE] Iteration:   19 | Energy:  -4.09345004 Ha | Rel ΔE: 0.00008186
  [VQE] Iteration:   20 | Energy:  -4.09370636 Ha | Rel ΔE: 0.00006261
  [VQE] Iteration:   21 | Energy:  -4.09391773 Ha | Rel ΔE: 0.00005163
  [VQE] Iteration:   22 | Energy:  -4.09423109 Ha | Rel ΔE: 0.00007654
  [VQE] Iteration:   23 | Energy:  -4.09437716 Ha | Rel ΔE: 0.00003568
  [VQE] Iteration:   24 | Energy:  -4.09449473 Ha | Rel ΔE: 0.00002871
  [VQE] Iteration:   25 | Energy:  -4.09447604 Ha | Rel ΔE: 0.00000456
  [VQE] Iteration:   26 | Energy:  -4.09453303 Ha | Rel ΔE: 0.00001392
  [VQE] Iteration:   27 | Energy:  -4.09457398 Ha | Rel ΔE: 0.00001000
  [VQE] Iteration:   28 | Energy:  -4.09460603 Ha | Rel ΔE: 0.00000783
  [VQE] Iteration:   29 | Energy:  -4.09463288 Ha | Rel ΔE: 0.00000656
  [VQE] Iteration:   30 | Energy:  -4.09465954 Ha | Rel ΔE: 0.00000651
  [VQE] Iteration:   31 | Energy:  -4.09468614 Ha | Rel ΔE: 0.00000650
  [VQE] Iteration:   32 | Energy:  -4.09470389 Ha | Rel ΔE: 0.00000434
  [VQE] Iteration:   33 | Energy:  -4.09472013 Ha | Rel ΔE: 0.00000397
  [VQE] Iteration:   34 | Energy:  -4.09473246 Ha | Rel ΔE: 0.00000301
  [VQE] Iteration:   35 | Energy:  -4.09474686 Ha | Rel ΔE: 0.00000352
  [VQE] Iteration:   36 | Energy:  -4.09475435 Ha | Rel ΔE: 0.00000183
  [VQE] Iteration:   37 | Energy:  -4.09476313 Ha | Rel ΔE: 0.00000214
  [VQE] Iteration:   38 | Energy:  -4.09476741 Ha | Rel ΔE: 0.00000105
  [VQE] Iteration:   39 | Energy:  -4.09477078 Ha | Rel ΔE: 0.00000082
  [VQE Converged] Rel ΔE (8.223e-07) is below threshold (1e-06)!
  [*] VQE Complete! Final Energy: -4.09477078 Ha
[Damping] Linear mix with alpha=0.433
[Iteration 2] Embedding total energy = -692.69843326 Ha

>> [PennyLane] Initiating Native CPU Pipeline...
  [*] Bridged 999 Pauli terms on 12 qubits.
  [*] Launching Native Adjoint L-BFGS-B Optimization...
  --- Starting VQE Optimization Step ---
  [VQE] Iteration:    0 | Energy:  -3.27342403 Ha | Rel ΔE: N/A
  [VQE] Iteration:    1 | Energy:  -3.43869558 Ha | Rel ΔE: 0.04806228
  [VQE] Iteration:    2 | Energy:  -3.85973454 Ha | Rel ΔE: 0.10908495
  [VQE] Iteration:    3 | Energy:  -4.06941267 Ha | Rel ΔE: 0.05152540
  [VQE] Iteration:    4 | Energy:  -4.07140014 Ha | Rel ΔE: 0.00048815
  [VQE] Iteration:    5 | Energy:  -4.15916823 Ha | Rel ΔE: 0.02110232
  [VQE] Iteration:    6 | Energy:  -4.16471655 Ha | Rel ΔE: 0.00133222
  [VQE] Iteration:    7 | Energy:  -4.16685846 Ha | Rel ΔE: 0.00051404
  [VQE] Iteration:    8 | Energy:  -4.16988494 Ha | Rel ΔE: 0.00072579
  [VQE] Iteration:    9 | Energy:  -4.17195348 Ha | Rel ΔE: 0.00049582
  [VQE] Iteration:   10 | Energy:  -4.17352779 Ha | Rel ΔE: 0.00037721
  [VQE] Iteration:   11 | Energy:  -4.17492839 Ha | Rel ΔE: 0.00033548
  [VQE] Iteration:   12 | Energy:  -4.17678852 Ha | Rel ΔE: 0.00044535
  [VQE] Iteration:   13 | Energy:  -4.17762696 Ha | Rel ΔE: 0.00020070
  [VQE] Iteration:   14 | Energy:  -4.17872545 Ha | Rel ΔE: 0.00026288
  [VQE] Iteration:   15 | Energy:  -4.17940985 Ha | Rel ΔE: 0.00016375
  [VQE] Iteration:   16 | Energy:  -4.17981121 Ha | Rel ΔE: 0.00009602
  [VQE] Iteration:   17 | Energy:  -4.17991945 Ha | Rel ΔE: 0.00002589
  [VQE] Iteration:   18 | Energy:  -4.18035833 Ha | Rel ΔE: 0.00010499
  [VQE] Iteration:   19 | Energy:  -4.18052633 Ha | Rel ΔE: 0.00004019
  [VQE] Iteration:   20 | Energy:  -4.18076715 Ha | Rel ΔE: 0.00005760
  [VQE] Iteration:   21 | Energy:  -4.18099450 Ha | Rel ΔE: 0.00005438
  [VQE] Iteration:   22 | Energy:  -4.18111613 Ha | Rel ΔE: 0.00002909
  [VQE] Iteration:   23 | Energy:  -4.18129229 Ha | Rel ΔE: 0.00004213
  [VQE] Iteration:   24 | Energy:  -4.18136730 Ha | Rel ΔE: 0.00001794
  [VQE] Iteration:   25 | Energy:  -4.18149106 Ha | Rel ΔE: 0.00002960
  [VQE] Iteration:   26 | Energy:  -4.18158660 Ha | Rel ΔE: 0.00002285
  [VQE] Iteration:   27 | Energy:  -4.18167637 Ha | Rel ΔE: 0.00002147
  [VQE] Iteration:   28 | Energy:  -4.18171829 Ha | Rel ΔE: 0.00001002
  [VQE] Iteration:   29 | Energy:  -4.18173941 Ha | Rel ΔE: 0.00000505
  [VQE] Iteration:   30 | Energy:  -4.18175184 Ha | Rel ΔE: 0.00000297
  [VQE] Iteration:   31 | Energy:  -4.18176132 Ha | Rel ΔE: 0.00000227
  [VQE] Iteration:   32 | Energy:  -4.18176918 Ha | Rel ΔE: 0.00000188
  [VQE] Iteration:   33 | Energy:  -4.18177835 Ha | Rel ΔE: 0.00000219
  [VQE] Iteration:   34 | Energy:  -4.18177955 Ha | Rel ΔE: 0.00000029
  [VQE Converged] Rel ΔE (2.876e-07) is below threshold (1e-06)!
  [*] VQE Complete! Final Energy: -4.18177955 Ha
[Damping] Linear mix with alpha=0.375
[Iteration 3] Embedding total energy = -692.62935976 Ha

>> [PennyLane] Initiating Native CPU Pipeline...
  [*] Bridged 999 Pauli terms on 12 qubits.
  [*] Launching Native Adjoint L-BFGS-B Optimization...
  --- Starting VQE Optimization Step ---
  [VQE] Iteration:    0 | Energy:  -3.21709202 Ha | Rel ΔE: N/A
  [VQE] Iteration:    1 | Energy:  -3.38929145 Ha | Rel ΔE: 0.05080691
  [VQE] Iteration:    2 | Energy:  -3.87611957 Ha | Rel ΔE: 0.12559678
  [VQE] Iteration:    3 | Energy:  -4.06474064 Ha | Rel ΔE: 0.04640421
  [VQE] Iteration:    4 | Energy:  -4.12085293 Ha | Rel ΔE: 0.01361667
  [VQE] Iteration:    5 | Energy:  -4.20470255 Ha | Rel ΔE: 0.01994187
  [VQE] Iteration:    6 | Energy:  -4.21086044 Ha | Rel ΔE: 0.00146238
  [VQE] Iteration:    7 | Energy:  -4.21365840 Ha | Rel ΔE: 0.00066402
  [VQE] Iteration:    8 | Energy:  -4.21657877 Ha | Rel ΔE: 0.00069259
  [VQE] Iteration:    9 | Energy:  -4.21844161 Ha | Rel ΔE: 0.00044159
  [VQE] Iteration:   10 | Energy:  -4.21962329 Ha | Rel ΔE: 0.00028004
  [VQE] Iteration:   11 | Energy:  -4.22052458 Ha | Rel ΔE: 0.00021355
  [VQE] Iteration:   12 | Energy:  -4.22259204 Ha | Rel ΔE: 0.00048962
  [VQE] Iteration:   13 | Energy:  -4.22415113 Ha | Rel ΔE: 0.00036909
  [VQE] Iteration:   14 | Energy:  -4.22546338 Ha | Rel ΔE: 0.00031056
  [VQE] Iteration:   15 | Energy:  -4.22623472 Ha | Rel ΔE: 0.00018251
  [VQE] Iteration:   16 | Energy:  -4.22672434 Ha | Rel ΔE: 0.00011584
  [VQE] Iteration:   17 | Energy:  -4.22706544 Ha | Rel ΔE: 0.00008069
  [VQE] Iteration:   18 | Energy:  -4.22729967 Ha | Rel ΔE: 0.00005541
  [VQE] Iteration:   19 | Energy:  -4.22747314 Ha | Rel ΔE: 0.00004103
  [VQE] Iteration:   20 | Energy:  -4.22764266 Ha | Rel ΔE: 0.00004010
  [VQE] Iteration:   21 | Energy:  -4.22789796 Ha | Rel ΔE: 0.00006039
  [VQE] Iteration:   22 | Energy:  -4.22800313 Ha | Rel ΔE: 0.00002487
  [VQE] Iteration:   23 | Energy:  -4.22812849 Ha | Rel ΔE: 0.00002965
  [VQE] Iteration:   24 | Energy:  -4.22825257 Ha | Rel ΔE: 0.00002934
  [VQE] Iteration:   25 | Energy:  -4.22833637 Ha | Rel ΔE: 0.00001982
  [VQE] Iteration:   26 | Energy:  -4.22839613 Ha | Rel ΔE: 0.00001413
  [VQE] Iteration:   27 | Energy:  -4.22849199 Ha | Rel ΔE: 0.00002267
  [VQE] Iteration:   28 | Energy:  -4.22855011 Ha | Rel ΔE: 0.00001374
  [VQE] Iteration:   29 | Energy:  -4.22861017 Ha | Rel ΔE: 0.00001420
  [VQE] Iteration:   30 | Energy:  -4.22864263 Ha | Rel ΔE: 0.00000768
  [VQE] Iteration:   31 | Energy:  -4.22865994 Ha | Rel ΔE: 0.00000409
  [VQE] Iteration:   32 | Energy:  -4.22866998 Ha | Rel ΔE: 0.00000237
  [VQE] Iteration:   33 | Energy:  -4.22869380 Ha | Rel ΔE: 0.00000563
  [VQE] Iteration:   34 | Energy:  -4.22868342 Ha | Rel ΔE: 0.00000245
  [VQE] Iteration:   35 | Energy:  -4.22869952 Ha | Rel ΔE: 0.00000381
  [VQE] Iteration:   36 | Energy:  -4.22870243 Ha | Rel ΔE: 0.00000069
  [VQE Converged] Rel ΔE (6.875e-07) is below threshold (1e-06)!
  [*] VQE Complete! Final Energy: -4.22870243 Ha
[Damping] Linear mix with alpha=0.335
[Iteration 4] Embedding total energy = -692.58444806 Ha

>> [PennyLane] Initiating Native CPU Pipeline...
  [*] Bridged 999 Pauli terms on 12 qubits.
  [*] Launching Native Adjoint L-BFGS-B Optimization...
  --- Starting VQE Optimization Step ---
  [VQE] Iteration:    0 | Energy:  -3.18779390 Ha | Rel ΔE: N/A
  [VQE] Iteration:    1 | Energy:  -3.36318356 Ha | Rel ΔE: 0.05214989
  [VQE] Iteration:    2 | Energy:  -3.84084520 Ha | Rel ΔE: 0.12436368
  [VQE] Iteration:    3 | Energy:  -4.05909413 Ha | Rel ΔE: 0.05376789
  [VQE] Iteration:    4 | Energy:  -4.09373125 Ha | Rel ΔE: 0.00846101
  [VQE] Iteration:    5 | Energy:  -4.22144403 Ha | Rel ΔE: 0.03025334
  [VQE] Iteration:    6 | Energy:  -4.22862330 Ha | Rel ΔE: 0.00169778
  [VQE] Iteration:    7 | Energy:  -4.23739757 Ha | Rel ΔE: 0.00207067
  [VQE] Iteration:    8 | Energy:  -4.23902817 Ha | Rel ΔE: 0.00038466
  [VQE] Iteration:    9 | Energy:  -4.24171011 Ha | Rel ΔE: 0.00063228
  [VQE] Iteration:   10 | Energy:  -4.24325881 Ha | Rel ΔE: 0.00036498
  [VQE] Iteration:   11 | Energy:  -4.24436620 Ha | Rel ΔE: 0.00026091
  [VQE] Iteration:   12 | Energy:  -4.24518703 Ha | Rel ΔE: 0.00019335
  [VQE] Iteration:   13 | Energy:  -4.24650367 Ha | Rel ΔE: 0.00031005
  [VQE] Iteration:   14 | Energy:  -4.24780854 Ha | Rel ΔE: 0.00030719
  [VQE] Iteration:   15 | Energy:  -4.24902412 Ha | Rel ΔE: 0.00028609
  [VQE] Iteration:   16 | Energy:  -4.25007516 Ha | Rel ΔE: 0.00024730
  [VQE] Iteration:   17 | Energy:  -4.25127980 Ha | Rel ΔE: 0.00028336
  [VQE] Iteration:   18 | Energy:  -4.25142178 Ha | Rel ΔE: 0.00003339
  [VQE] Iteration:   19 | Energy:  -4.25202269 Ha | Rel ΔE: 0.00014132
  [VQE] Iteration:   20 | Energy:  -4.25216791 Ha | Rel ΔE: 0.00003415
  [VQE] Iteration:   21 | Energy:  -4.25236068 Ha | Rel ΔE: 0.00004533
  [VQE] Iteration:   22 | Energy:  -4.25256399 Ha | Rel ΔE: 0.00004781
  [VQE] Iteration:   23 | Energy:  -4.25272798 Ha | Rel ΔE: 0.00003856
  [VQE] Iteration:   24 | Energy:  -4.25292450 Ha | Rel ΔE: 0.00004621
  [VQE] Iteration:   25 | Energy:  -4.25302526 Ha | Rel ΔE: 0.00002369
  [VQE] Iteration:   26 | Energy:  -4.25315019 Ha | Rel ΔE: 0.00002937
  [VQE] Iteration:   27 | Energy:  -4.25324080 Ha | Rel ΔE: 0.00002130
  [VQE] Iteration:   28 | Energy:  -4.25330664 Ha | Rel ΔE: 0.00001548
  [VQE] Iteration:   29 | Energy:  -4.25335857 Ha | Rel ΔE: 0.00001221
  [VQE] Iteration:   30 | Energy:  -4.25341709 Ha | Rel ΔE: 0.00001376
  [VQE] Iteration:   31 | Energy:  -4.25346163 Ha | Rel ΔE: 0.00001047
  [VQE] Iteration:   32 | Energy:  -4.25357069 Ha | Rel ΔE: 0.00002564
  [VQE] Iteration:   33 | Energy:  -4.25360545 Ha | Rel ΔE: 0.00000817
  [VQE] Iteration:   34 | Energy:  -4.25364258 Ha | Rel ΔE: 0.00000873
  [VQE] Iteration:   35 | Energy:  -4.25364574 Ha | Rel ΔE: 0.00000074
  [VQE Converged] Rel ΔE (7.413e-07) is below threshold (1e-06)!
  [*] VQE Complete! Final Energy: -4.25364574 Ha
[Damping] Linear mix with alpha=0.306
[Iteration 5] Embedding total energy = -692.55724162 Ha

>> [PennyLane] Initiating Native CPU Pipeline...
  [*] Bridged 999 Pauli terms on 12 qubits.
  [*] Launching Native Adjoint L-BFGS-B Optimization...
  --- Starting VQE Optimization Step ---
  [VQE] Iteration:    0 | Energy:  -3.16955609 Ha | Rel ΔE: N/A
  [VQE] Iteration:    1 | Energy:  -3.34686280 Ha | Rel ΔE: 0.05297699
  [VQE] Iteration:    2 | Energy:  -3.81686814 Ha | Rel ΔE: 0.12313900
  [VQE] Iteration:    3 | Energy:  -4.05371425 Ha | Rel ΔE: 0.05842694
  [VQE] Iteration:    4 | Energy:  -4.06061404 Ha | Rel ΔE: 0.00169920
  [VQE] Iteration:    5 | Energy:  -4.22090154 Ha | Rel ΔE: 0.03797471
  [VQE] Iteration:    6 | Energy:  -4.20925115 Ha | Rel ΔE: 0.00276016
  [VQE] Iteration:    7 | Energy:  -4.24614003 Ha | Rel ΔE: 0.00868763
  [VQE] Iteration:    8 | Energy:  -4.25271233 Ha | Rel ΔE: 0.00154544
  [VQE] Iteration:    9 | Energy:  -4.25518404 Ha | Rel ΔE: 0.00058087
  [VQE] Iteration:   10 | Energy:  -4.25724116 Ha | Rel ΔE: 0.00048321
  [VQE] Iteration:   11 | Energy:  -4.25874992 Ha | Rel ΔE: 0.00035427
  [VQE] Iteration:   12 | Energy:  -4.26016438 Ha | Rel ΔE: 0.00033202
  [VQE] Iteration:   13 | Energy:  -4.26130520 Ha | Rel ΔE: 0.00026772
  [VQE] Iteration:   14 | Energy:  -4.26254545 Ha | Rel ΔE: 0.00029096
  [VQE] Iteration:   15 | Energy:  -4.26357295 Ha | Rel ΔE: 0.00024100
  [VQE] Iteration:   16 | Energy:  -4.26483859 Ha | Rel ΔE: 0.00029676
  [VQE] Iteration:   17 | Energy:  -4.26612486 Ha | Rel ΔE: 0.00030151
  [VQE] Iteration:   18 | Energy:  -4.26761825 Ha | Rel ΔE: 0.00034993
  [VQE] Iteration:   19 | Energy:  -4.26680590 Ha | Rel ΔE: 0.00019035
  [VQE] Iteration:   20 | Energy:  -4.26806273 Ha | Rel ΔE: 0.00029447
  [VQE] Iteration:   21 | Energy:  -4.26854416 Ha | Rel ΔE: 0.00011279
  [VQE] Iteration:   22 | Energy:  -4.26879775 Ha | Rel ΔE: 0.00005941
  [VQE] Iteration:   23 | Energy:  -4.26902118 Ha | Rel ΔE: 0.00005234
  [VQE] Iteration:   24 | Energy:  -4.26920602 Ha | Rel ΔE: 0.00004329
  [VQE] Iteration:   25 | Energy:  -4.26937253 Ha | Rel ΔE: 0.00003900
  [VQE] Iteration:   26 | Energy:  -4.26945669 Ha | Rel ΔE: 0.00001971
  [VQE] Iteration:   27 | Energy:  -4.26959518 Ha | Rel ΔE: 0.00003243
  [VQE] Iteration:   28 | Energy:  -4.26971655 Ha | Rel ΔE: 0.00002843
  [VQE] Iteration:   29 | Energy:  -4.26982571 Ha | Rel ΔE: 0.00002557
  [VQE] Iteration:   30 | Energy:  -4.26990983 Ha | Rel ΔE: 0.00001970
  [VQE] Iteration:   31 | Energy:  -4.26997027 Ha | Rel ΔE: 0.00001415
  [VQE] Iteration:   32 | Energy:  -4.27003979 Ha | Rel ΔE: 0.00001628
  [VQE] Iteration:   33 | Energy:  -4.27010257 Ha | Rel ΔE: 0.00001470
  [VQE] Iteration:   34 | Energy:  -4.27013567 Ha | Rel ΔE: 0.00000775
  [VQE] Iteration:   35 | Energy:  -4.27020072 Ha | Rel ΔE: 0.00001523
  [VQE] Iteration:   36 | Energy:  -4.27022896 Ha | Rel ΔE: 0.00000661
  [VQE] Iteration:   37 | Energy:  -4.27028144 Ha | Rel ΔE: 0.00001229
  [VQE] Iteration:   38 | Energy:  -4.27030238 Ha | Rel ΔE: 0.00000490
  [VQE] Iteration:   39 | Energy:  -4.27031396 Ha | Rel ΔE: 0.00000271
  [VQE] Iteration:   40 | Energy:  -4.27033297 Ha | Rel ΔE: 0.00000445
  [VQE] Iteration:   41 | Energy:  -4.27032741 Ha | Rel ΔE: 0.00000130
  [VQE] Iteration:   42 | Energy:  -4.27034504 Ha | Rel ΔE: 0.00000413
  [VQE] Iteration:   43 | Energy:  -4.27035883 Ha | Rel ΔE: 0.00000323
  [VQE] Iteration:   44 | Energy:  -4.27036664 Ha | Rel ΔE: 0.00000183
  [VQE] Iteration:   45 | Energy:  -4.27037307 Ha | Rel ΔE: 0.00000150
  [VQE] Iteration:   46 | Energy:  -4.27038099 Ha | Rel ΔE: 0.00000185
  [VQE] Iteration:   47 | Energy:  -4.27038881 Ha | Rel ΔE: 0.00000183
  [VQE] Iteration:   48 | Energy:  -4.27039479 Ha | Rel ΔE: 0.00000140
  [VQE] Iteration:   49 | Energy:  -4.27040033 Ha | Rel ΔE: 0.00000130
  [VQE] Iteration:   50 | Energy:  -4.27040454 Ha | Rel ΔE: 0.00000099
  [VQE Converged] Rel ΔE (9.861e-07) is below threshold (1e-06)!
  [*] VQE Complete! Final Energy: -4.27040454 Ha
[Damping] Linear mix with alpha=0.283
[Iteration 6] Embedding total energy = -692.54860673 Ha

>> [PennyLane] Initiating Native CPU Pipeline...
  [*] Bridged 999 Pauli terms on 12 qubits.
  [*] Launching Native Adjoint L-BFGS-B Optimization...
  --- Starting VQE Optimization Step ---
  [VQE] Iteration:    0 | Energy:  -3.15791983 Ha | Rel ΔE: N/A
  [VQE] Iteration:    1 | Energy:  -3.33654002 Ha | Rel ΔE: 0.05353456
  [VQE] Iteration:    2 | Energy:  -3.80530525 Ha | Rel ΔE: 0.12318729
  [VQE] Iteration:    3 | Energy:  -4.04942406 Ha | Rel ΔE: 0.06028482
  [VQE] Iteration:    4 | Energy:  -4.04001150 Ha | Rel ΔE: 0.00232442
  [VQE] Iteration:    5 | Energy:  -4.19373602 Ha | Rel ΔE: 0.03665575
  [VQE] Iteration:    6 | Energy:  -4.24469997 Ha | Rel ΔE: 0.01200649
  [VQE] Iteration:    7 | Energy:  -4.26199957 Ha | Rel ΔE: 0.00405903
  [VQE] Iteration:    8 | Energy:  -4.26630678 Ha | Rel ΔE: 0.00100959
  [VQE] Iteration:    9 | Energy:  -4.26886561 Ha | Rel ΔE: 0.00059941
  [VQE] Iteration:   10 | Energy:  -4.27053521 Ha | Rel ΔE: 0.00039096
  [VQE] Iteration:   11 | Energy:  -4.27167847 Ha | Rel ΔE: 0.00026764
  [VQE] Iteration:   12 | Energy:  -4.27259719 Ha | Rel ΔE: 0.00021503
  [VQE] Iteration:   13 | Energy:  -4.27393560 Ha | Rel ΔE: 0.00031316
  [VQE] Iteration:   14 | Energy:  -4.27465359 Ha | Rel ΔE: 0.00016797
  [VQE] Iteration:   15 | Energy:  -4.27599690 Ha | Rel ΔE: 0.00031415
  [VQE] Iteration:   16 | Energy:  -4.27691240 Ha | Rel ΔE: 0.00021406
  [VQE] Iteration:   17 | Energy:  -4.27789295 Ha | Rel ΔE: 0.00022921
  [VQE] Iteration:   18 | Energy:  -4.27913063 Ha | Rel ΔE: 0.00028924
  [VQE] Iteration:   19 | Energy:  -4.27995300 Ha | Rel ΔE: 0.00019215
  [VQE] Iteration:   20 | Energy:  -4.28035727 Ha | Rel ΔE: 0.00009445
  [VQE] Iteration:   21 | Energy:  -4.28054962 Ha | Rel ΔE: 0.00004494
  [VQE] Iteration:   22 | Energy:  -4.28079890 Ha | Rel ΔE: 0.00005823
  [VQE] Iteration:   23 | Energy:  -4.28079034 Ha | Rel ΔE: 0.00000200
  [VQE] Iteration:   24 | Energy:  -4.28091585 Ha | Rel ΔE: 0.00002932
  [VQE] Iteration:   25 | Energy:  -4.28104574 Ha | Rel ΔE: 0.00003034
  [VQE] Iteration:   26 | Energy:  -4.28116910 Ha | Rel ΔE: 0.00002882
  [VQE] Iteration:   27 | Energy:  -4.28128203 Ha | Rel ΔE: 0.00002638
  [VQE] Iteration:   28 | Energy:  -4.28142567 Ha | Rel ΔE: 0.00003355
  [VQE] Iteration:   29 | Energy:  -4.28154708 Ha | Rel ΔE: 0.00002836
  [VQE] Iteration:   30 | Energy:  -4.28162471 Ha | Rel ΔE: 0.00001813
  [VQE] Iteration:   31 | Energy:  -4.28167550 Ha | Rel ΔE: 0.00001186
  [VQE] Iteration:   32 | Energy:  -4.28173102 Ha | Rel ΔE: 0.00001297
  [VQE] Iteration:   33 | Energy:  -4.28178043 Ha | Rel ΔE: 0.00001154
  [VQE] Iteration:   34 | Energy:  -4.28184281 Ha | Rel ΔE: 0.00001457
  [VQE] Iteration:   35 | Energy:  -4.28190541 Ha | Rel ΔE: 0.00001462
  [VQE] Iteration:   36 | Energy:  -4.28195036 Ha | Rel ΔE: 0.00001050
  [VQE] Iteration:   37 | Energy:  -4.28197645 Ha | Rel ΔE: 0.00000609
  [VQE] Iteration:   38 | Energy:  -4.28199258 Ha | Rel ΔE: 0.00000377
  [VQE] Iteration:   39 | Energy:  -4.28200738 Ha | Rel ΔE: 0.00000346
  [VQE] Iteration:   40 | Energy:  -4.28202681 Ha | Rel ΔE: 0.00000454
  [VQE] Iteration:   41 | Energy:  -4.28203917 Ha | Rel ΔE: 0.00000289
  [VQE] Iteration:   42 | Energy:  -4.28204917 Ha | Rel ΔE: 0.00000233
  [VQE] Iteration:   43 | Energy:  -4.28205545 Ha | Rel ΔE: 0.00000147
  [VQE] Iteration:   44 | Energy:  -4.28206228 Ha | Rel ΔE: 0.00000160
  [VQE] Iteration:   45 | Energy:  -4.28207578 Ha | Rel ΔE: 0.00000315
  [VQE] Iteration:   46 | Energy:  -4.28207655 Ha | Rel ΔE: 0.00000018
  [VQE Converged] Rel ΔE (1.783e-07) is below threshold (1e-06)!
  [VQE] Iteration:   47 | Energy:  -4.28208404 Ha | Rel ΔE: 0.00000175
  [VQE] Iteration:   48 | Energy:  -4.28209334 Ha | Rel ΔE: 0.00000217
  [VQE] Iteration:   49 | Energy:  -4.28210188 Ha | Rel ΔE: 0.00000199
  [VQE] Iteration:   50 | Energy:  -4.28210920 Ha | Rel ΔE: 0.00000171
  [VQE] Iteration:   51 | Energy:  -4.28211853 Ha | Rel ΔE: 0.00000218
  [VQE] Iteration:   52 | Energy:  -4.28212841 Ha | Rel ΔE: 0.00000231
  [VQE] Iteration:   53 | Energy:  -4.28213416 Ha | Rel ΔE: 0.00000135
  [VQE] Iteration:   54 | Energy:  -4.28214040 Ha | Rel ΔE: 0.00000146
  [VQE] Iteration:   55 | Energy:  -4.28214507 Ha | Rel ΔE: 0.00000109
  [VQE] Iteration:   56 | Energy:  -4.28215075 Ha | Rel ΔE: 0.00000133
  [VQE] Iteration:   57 | Energy:  -4.28215581 Ha | Rel ΔE: 0.00000118
  [VQE] Iteration:   58 | Energy:  -4.28215970 Ha | Rel ΔE: 0.00000091
  [VQE Converged] Rel ΔE (9.096e-07) is below threshold (1e-06)!
  [*] VQE Complete! Final Energy: -4.28215970 Ha
[Damping] Linear mix with alpha=0.265
[Iteration 7] Embedding total energy = -692.54506649 Ha

>> [PennyLane] Initiating Native CPU Pipeline...
  [*] Bridged 999 Pauli terms on 12 qubits.
  [*] Launching Native Adjoint L-BFGS-B Optimization...
  --- Starting VQE Optimization Step ---
  [VQE] Iteration:    0 | Energy:  -3.14909232 Ha | Rel ΔE: N/A
  [VQE] Iteration:    1 | Energy:  -3.32874018 Ha | Rel ΔE: 0.05396872
  [VQE] Iteration:    2 | Energy:  -3.79879189 Ha | Rel ΔE: 0.12373716
  [VQE] Iteration:    3 | Energy:  -4.04178177 Ha | Rel ΔE: 0.06011950
  [VQE] Iteration:    4 | Energy:  -4.04524622 Ha | Rel ΔE: 0.00085642
  [VQE] Iteration:    5 | Energy:  -4.22591931 Ha | Rel ΔE: 0.04275356
  [VQE] Iteration:    6 | Energy:  -4.19561380 Ha | Rel ΔE: 0.00717134
  [VQE] Iteration:    7 | Energy:  -4.26132506 Ha | Rel ΔE: 0.01542038
  [VQE] Iteration:    8 | Energy:  -4.27187681 Ha | Rel ΔE: 0.00247005
  [VQE] Iteration:    9 | Energy:  -4.27481585 Ha | Rel ΔE: 0.00068753
  [VQE] Iteration:   10 | Energy:  -4.27633755 Ha | Rel ΔE: 0.00035584
  [VQE] Iteration:   11 | Energy:  -4.27788626 Ha | Rel ΔE: 0.00036203
  [VQE] Iteration:   12 | Energy:  -4.27927364 Ha | Rel ΔE: 0.00032421
  [VQE] Iteration:   13 | Energy:  -4.28079041 Ha | Rel ΔE: 0.00035432
  [VQE] Iteration:   14 | Energy:  -4.28226173 Ha | Rel ΔE: 0.00034358
  [VQE] Iteration:   15 | Energy:  -4.28349044 Ha | Rel ΔE: 0.00028685
  [VQE] Iteration:   16 | Energy:  -4.28485156 Ha | Rel ΔE: 0.00031766
  [VQE] Iteration:   17 | Energy:  -4.28585932 Ha | Rel ΔE: 0.00023513
  [VQE] Iteration:   18 | Energy:  -4.28685470 Ha | Rel ΔE: 0.00023219
  [VQE] Iteration:   19 | Energy:  -4.28810416 Ha | Rel ΔE: 0.00029138
  [VQE] Iteration:   20 | Energy:  -4.28801128 Ha | Rel ΔE: 0.00002166
  [VQE] Iteration:   21 | Energy:  -4.28879358 Ha | Rel ΔE: 0.00018241
  [VQE] Iteration:   22 | Energy:  -4.28937405 Ha | Rel ΔE: 0.00013533
  [VQE] Iteration:   23 | Energy:  -4.28968660 Ha | Rel ΔE: 0.00007286
  [VQE] Iteration:   24 | Energy:  -4.28997125 Ha | Rel ΔE: 0.00006635
  [VQE] Iteration:   25 | Energy:  -4.29017786 Ha | Rel ΔE: 0.00004816
  [VQE] Iteration:   26 | Energy:  -4.29034478 Ha | Rel ΔE: 0.00003891
  [VQE] Iteration:   27 | Energy:  -4.29044852 Ha | Rel ΔE: 0.00002418
  [VQE] Iteration:   28 | Energy:  -4.29058167 Ha | Rel ΔE: 0.00003103
  [VQE] Iteration:   29 | Energy:  -4.29068568 Ha | Rel ΔE: 0.00002424
  [VQE] Iteration:   30 | Energy:  -4.29086054 Ha | Rel ΔE: 0.00004075
  [VQE] Iteration:   31 | Energy:  -4.29094025 Ha | Rel ΔE: 0.00001858
  [VQE] Iteration:   32 | Energy:  -4.29102570 Ha | Rel ΔE: 0.00001991
  [VQE] Iteration:   33 | Energy:  -4.29104566 Ha | Rel ΔE: 0.00000465
  [VQE] Iteration:   34 | Energy:  -4.29112904 Ha | Rel ΔE: 0.00001943
  [VQE] Iteration:   35 | Energy:  -4.29115675 Ha | Rel ΔE: 0.00000646
  [VQE] Iteration:   36 | Energy:  -4.29119467 Ha | Rel ΔE: 0.00000884
  [VQE] Iteration:   37 | Energy:  -4.29125444 Ha | Rel ΔE: 0.00001393
  [VQE] Iteration:   38 | Energy:  -4.29129153 Ha | Rel ΔE: 0.00000864
  [VQE] Iteration:   39 | Energy:  -4.29137639 Ha | Rel ΔE: 0.00001977
  [VQE] Iteration:   40 | Energy:  -4.29139330 Ha | Rel ΔE: 0.00000394
  [VQE] Iteration:   41 | Energy:  -4.29140782 Ha | Rel ΔE: 0.00000338
  [VQE] Iteration:   42 | Energy:  -4.29142682 Ha | Rel ΔE: 0.00000443
  [VQE] Iteration:   43 | Energy:  -4.29144923 Ha | Rel ΔE: 0.00000522
  [VQE] Iteration:   44 | Energy:  -4.29146982 Ha | Rel ΔE: 0.00000480
  [VQE] Iteration:   45 | Energy:  -4.29148035 Ha | Rel ΔE: 0.00000245
  [VQE] Iteration:   46 | Energy:  -4.29148818 Ha | Rel ΔE: 0.00000182
  [VQE] Iteration:   47 | Energy:  -4.29149680 Ha | Rel ΔE: 0.00000201
  [VQE] Iteration:   48 | Energy:  -4.29151516 Ha | Rel ΔE: 0.00000428
  [VQE] Iteration:   49 | Energy:  -4.29152061 Ha | Rel ΔE: 0.00000127
  [VQE] Iteration:   50 | Energy:  -4.29153370 Ha | Rel ΔE: 0.00000305
  [VQE] Iteration:   51 | Energy:  -4.29153911 Ha | Rel ΔE: 0.00000126
  [VQE] Iteration:   52 | Energy:  -4.29154783 Ha | Rel ΔE: 0.00000203
  [VQE] Iteration:   53 | Energy:  -4.29156343 Ha | Rel ΔE: 0.00000363
  [VQE] Iteration:   54 | Energy:  -4.29156569 Ha | Rel ΔE: 0.00000053
  [VQE Converged] Rel ΔE (5.284e-07) is below threshold (1e-06)!
  [*] VQE Complete! Final Energy: -4.29156569 Ha
[Damping] Linear mix with alpha=0.250
[Iteration 8] Embedding total energy = -692.53973059 Ha

>> [PennyLane] Initiating Native CPU Pipeline...
  [*] Bridged 999 Pauli terms on 12 qubits.
  [*] Launching Native Adjoint L-BFGS-B Optimization...
  --- Starting VQE Optimization Step ---
  [VQE] Iteration:    0 | Energy:  -3.14313977 Ha | Rel ΔE: N/A
  [VQE] Iteration:    1 | Energy:  -3.32358480 Ha | Rel ΔE: 0.05429229
  [VQE] Iteration:    2 | Energy:  -3.78808032 Ha | Rel ΔE: 0.12262029
  [VQE] Iteration:    3 | Energy:  -4.02874211 Ha | Rel ΔE: 0.05973621
  [VQE] Iteration:    4 | Energy:  -4.05985644 Ha | Rel ΔE: 0.00766390
  [VQE] Iteration:    5 | Energy:  -4.23542954 Ha | Rel ΔE: 0.04145343
  [VQE] Iteration:    6 | Energy:  -4.22658953 Ha | Rel ΔE: 0.00208716
  [VQE] Iteration:    7 | Energy:  -4.26744572 Ha | Rel ΔE: 0.00957392
  [VQE] Iteration:    8 | Energy:  -4.27809192 Ha | Rel ΔE: 0.00248854
  [VQE] Iteration:    9 | Energy:  -4.28101026 Ha | Rel ΔE: 0.00068170
  [VQE] Iteration:   10 | Energy:  -4.28244790 Ha | Rel ΔE: 0.00033571
  [VQE] Iteration:   11 | Energy:  -4.28401611 Ha | Rel ΔE: 0.00036606
  [VQE] Iteration:   12 | Energy:  -4.28525611 Ha | Rel ΔE: 0.00028937
  [VQE] Iteration:   13 | Energy:  -4.28706811 Ha | Rel ΔE: 0.00042267
  [VQE] Iteration:   14 | Energy:  -4.28866045 Ha | Rel ΔE: 0.00037129
  [VQE] Iteration:   15 | Energy:  -4.29016001 Ha | Rel ΔE: 0.00034954
  [VQE] Iteration:   16 | Energy:  -4.29089045 Ha | Rel ΔE: 0.00017023
  [VQE] Iteration:   17 | Energy:  -4.29156937 Ha | Rel ΔE: 0.00015820
  [VQE] Iteration:   18 | Energy:  -4.29322834 Ha | Rel ΔE: 0.00038642
  [VQE] Iteration:   19 | Energy:  -4.29447456 Ha | Rel ΔE: 0.00029019
  [VQE] Iteration:   20 | Energy:  -4.29542786 Ha | Rel ΔE: 0.00022193
  [VQE] Iteration:   21 | Energy:  -4.29578736 Ha | Rel ΔE: 0.00008369
  [VQE] Iteration:   22 | Energy:  -4.29614792 Ha | Rel ΔE: 0.00008393
  [VQE] Iteration:   23 | Energy:  -4.29637607 Ha | Rel ΔE: 0.00005310
  [VQE] Iteration:   24 | Energy:  -4.29664994 Ha | Rel ΔE: 0.00006374
  [VQE] Iteration:   25 | Energy:  -4.29684029 Ha | Rel ΔE: 0.00004430
  [VQE] Iteration:   26 | Energy:  -4.29696441 Ha | Rel ΔE: 0.00002889
  [VQE] Iteration:   27 | Energy:  -4.29708302 Ha | Rel ΔE: 0.00002760
  [VQE] Iteration:   28 | Energy:  -4.29724686 Ha | Rel ΔE: 0.00003813
  [VQE] Iteration:   29 | Energy:  -4.29733386 Ha | Rel ΔE: 0.00002024
  [VQE] Iteration:   30 | Energy:  -4.29744398 Ha | Rel ΔE: 0.00002563
  [VQE] Iteration:   31 | Energy:  -4.29742846 Ha | Rel ΔE: 0.00000361
  [VQE] Iteration:   32 | Energy:  -4.29750705 Ha | Rel ΔE: 0.00001829
  [VQE] Iteration:   33 | Energy:  -4.29758092 Ha | Rel ΔE: 0.00001719
  [VQE] Iteration:   34 | Energy:  -4.29763351 Ha | Rel ΔE: 0.00001224
  [VQE] Iteration:   35 | Energy:  -4.29769464 Ha | Rel ΔE: 0.00001423
  [VQE] Iteration:   36 | Energy:  -4.29774430 Ha | Rel ΔE: 0.00001155
  [VQE] Iteration:   37 | Energy:  -4.29780236 Ha | Rel ΔE: 0.00001351
  [VQE] Iteration:   38 | Energy:  -4.29785701 Ha | Rel ΔE: 0.00001271
  [VQE] Iteration:   39 | Energy:  -4.29788918 Ha | Rel ΔE: 0.00000749
  [VQE] Iteration:   40 | Energy:  -4.29791271 Ha | Rel ΔE: 0.00000547
  [VQE] Iteration:   41 | Energy:  -4.29792619 Ha | Rel ΔE: 0.00000314
  [VQE] Iteration:   42 | Energy:  -4.29794474 Ha | Rel ΔE: 0.00000432
  [VQE] Iteration:   43 | Energy:  -4.29796742 Ha | Rel ΔE: 0.00000528
  [VQE] Iteration:   44 | Energy:  -4.29799223 Ha | Rel ΔE: 0.00000577
  [VQE] Iteration:   45 | Energy:  -4.29800852 Ha | Rel ΔE: 0.00000379
  [VQE] Iteration:   46 | Energy:  -4.29801767 Ha | Rel ΔE: 0.00000213
  [VQE] Iteration:   47 | Energy:  -4.29802729 Ha | Rel ΔE: 0.00000224
  [VQE] Iteration:   48 | Energy:  -4.29803788 Ha | Rel ΔE: 0.00000246
  [VQE] Iteration:   49 | Energy:  -4.29805179 Ha | Rel ΔE: 0.00000323
  [VQE] Iteration:   50 | Energy:  -4.29806959 Ha | Rel ΔE: 0.00000414
  [VQE] Iteration:   51 | Energy:  -4.29807498 Ha | Rel ΔE: 0.00000125
  [VQE] Iteration:   52 | Energy:  -4.29808851 Ha | Rel ΔE: 0.00000315
  [VQE] Iteration:   53 | Energy:  -4.29809317 Ha | Rel ΔE: 0.00000108
  [VQE] Iteration:   54 | Energy:  -4.29810193 Ha | Rel ΔE: 0.00000204
  [VQE] Iteration:   55 | Energy:  -4.29811153 Ha | Rel ΔE: 0.00000223
  [VQE] Iteration:   56 | Energy:  -4.29812137 Ha | Rel ΔE: 0.00000229
  [VQE] Iteration:   57 | Energy:  -4.29812749 Ha | Rel ΔE: 0.00000143
  [VQE] Iteration:   58 | Energy:  -4.29813304 Ha | Rel ΔE: 0.00000129
  [VQE] Iteration:   59 | Energy:  -4.29813938 Ha | Rel ΔE: 0.00000147
  [VQE] Iteration:   60 | Energy:  -4.29814760 Ha | Rel ΔE: 0.00000191
  [VQE] Iteration:   61 | Energy:  -4.29815586 Ha | Rel ΔE: 0.00000192
  [VQE] Iteration:   62 | Energy:  -4.29816256 Ha | Rel ΔE: 0.00000156
  [VQE] Iteration:   63 | Energy:  -4.29817085 Ha | Rel ΔE: 0.00000193
  [VQE] Iteration:   64 | Energy:  -4.29817567 Ha | Rel ΔE: 0.00000112
  [VQE] Iteration:   65 | Energy:  -4.29818332 Ha | Rel ΔE: 0.00000178
  [VQE] Iteration:   66 | Energy:  -4.29818931 Ha | Rel ΔE: 0.00000139
  [VQE] Iteration:   67 | Energy:  -4.29819519 Ha | Rel ΔE: 0.00000137
  [VQE] Iteration:   68 | Energy:  -4.29820565 Ha | Rel ΔE: 0.00000243
  [VQE] Iteration:   69 | Energy:  -4.29819570 Ha | Rel ΔE: 0.00000232
  [VQE] Iteration:   70 | Energy:  -4.29820966 Ha | Rel ΔE: 0.00000325
  [*] VQE Complete! Final Energy: -4.29820966 Ha
[DIIS] Extrapolating density (coeffs: [-0.74  0.55  1.34 -0.14])
[Iteration 9] Embedding total energy = -692.54826433 Ha

>> [PennyLane] Initiating Native CPU Pipeline...
  [*] Bridged 999 Pauli terms on 12 qubits.
  [*] Launching Native Adjoint L-BFGS-B Optimization...
  --- Starting VQE Optimization Step ---
  [VQE] Iteration:    0 | Energy:  -3.13858940 Ha | Rel ΔE: N/A
  [VQE] Iteration:    1 | Energy:  -3.31945817 Ha | Rel ΔE: 0.05448744
  [VQE] Iteration:    2 | Energy:  -3.77332083 Ha | Rel ΔE: 0.12028202
  [VQE] Iteration:    3 | Energy:  -4.01831126 Ha | Rel ΔE: 0.06096851
  [VQE] Iteration:    4 | Energy:  -4.04454399 Ha | Rel ΔE: 0.00648596
  [VQE] Iteration:    5 | Energy:  -4.23115495 Ha | Rel ΔE: 0.04410402
  [VQE] Iteration:    6 | Energy:  -4.21720706 Ha | Rel ΔE: 0.00329647
  [VQE] Iteration:    7 | Energy:  -4.26869240 Ha | Rel ΔE: 0.01206115
  [VQE] Iteration:    8 | Energy:  -4.28170154 Ha | Rel ΔE: 0.00303831
  [VQE] Iteration:    9 | Energy:  -4.28489294 Ha | Rel ΔE: 0.00074480
  [VQE] Iteration:   10 | Energy:  -4.28628322 Ha | Rel ΔE: 0.00032436
  [VQE] Iteration:   11 | Energy:  -4.28786418 Ha | Rel ΔE: 0.00036870
  [VQE] Iteration:   12 | Energy:  -4.28900676 Ha | Rel ΔE: 0.00026640
  [VQE] Iteration:   13 | Energy:  -4.29068774 Ha | Rel ΔE: 0.00039178
  [VQE] Iteration:   14 | Energy:  -4.29236428 Ha | Rel ΔE: 0.00039059
  [VQE] Iteration:   15 | Energy:  -4.29409334 Ha | Rel ΔE: 0.00040266
  [VQE] Iteration:   16 | Energy:  -4.29488402 Ha | Rel ΔE: 0.00018410
  [VQE] Iteration:   17 | Energy:  -4.29562820 Ha | Rel ΔE: 0.00017324
  [VQE] Iteration:   18 | Energy:  -4.29704950 Ha | Rel ΔE: 0.00033076
  [VQE] Iteration:   19 | Energy:  -4.29849747 Ha | Rel ΔE: 0.00033686
  [VQE] Iteration:   20 | Energy:  -4.29964661 Ha | Rel ΔE: 0.00026726
  [VQE] Iteration:   21 | Energy:  -4.30016642 Ha | Rel ΔE: 0.00012088
  [VQE] Iteration:   22 | Energy:  -4.30044699 Ha | Rel ΔE: 0.00006524
  [VQE] Iteration:   23 | Energy:  -4.30066109 Ha | Rel ΔE: 0.00004978
  [VQE] Iteration:   24 | Energy:  -4.30089903 Ha | Rel ΔE: 0.00005532
  [VQE] Iteration:   25 | Energy:  -4.30114487 Ha | Rel ΔE: 0.00005716
  [VQE] Iteration:   26 | Energy:  -4.30138468 Ha | Rel ΔE: 0.00005575
  [VQE] Iteration:   27 | Energy:  -4.30148836 Ha | Rel ΔE: 0.00002410
  [VQE] Iteration:   28 | Energy:  -4.30162289 Ha | Rel ΔE: 0.00003127
  [VQE] Iteration:   29 | Energy:  -4.30174443 Ha | Rel ΔE: 0.00002825
  [VQE] Iteration:   30 | Energy:  -4.30187173 Ha | Rel ΔE: 0.00002959
  [VQE] Iteration:   31 | Energy:  -4.30197131 Ha | Rel ΔE: 0.00002315
  [VQE] Iteration:   32 | Energy:  -4.30204305 Ha | Rel ΔE: 0.00001668
  [VQE] Iteration:   33 | Energy:  -4.30209898 Ha | Rel ΔE: 0.00001300
  [VQE] Iteration:   34 | Energy:  -4.30216648 Ha | Rel ΔE: 0.00001569
  [VQE] Iteration:   35 | Energy:  -4.30220511 Ha | Rel ΔE: 0.00000898
  [VQE] Iteration:   36 | Energy:  -4.30225272 Ha | Rel ΔE: 0.00001107
  [VQE] Iteration:   37 | Energy:  -4.30232997 Ha | Rel ΔE: 0.00001796
  [VQE] Iteration:   38 | Energy:  -4.30232789 Ha | Rel ΔE: 0.00000048
  [VQE Converged] Rel ΔE (4.842e-07) is below threshold (1e-06)!
  [VQE] Iteration:   39 | Energy:  -4.30237290 Ha | Rel ΔE: 0.00001046
  [VQE] Iteration:   40 | Energy:  -4.30241285 Ha | Rel ΔE: 0.00000928
  [VQE] Iteration:   41 | Energy:  -4.30243429 Ha | Rel ΔE: 0.00000498
  [VQE] Iteration:   42 | Energy:  -4.30244825 Ha | Rel ΔE: 0.00000325
  [VQE] Iteration:   43 | Energy:  -4.30246685 Ha | Rel ΔE: 0.00000432
  [VQE] Iteration:   44 | Energy:  -4.30249694 Ha | Rel ΔE: 0.00000699
  [VQE] Iteration:   45 | Energy:  -4.30251546 Ha | Rel ΔE: 0.00000431
  [VQE] Iteration:   46 | Energy:  -4.30253462 Ha | Rel ΔE: 0.00000445
  [VQE] Iteration:   47 | Energy:  -4.30254701 Ha | Rel ΔE: 0.00000288
  [VQE] Iteration:   48 | Energy:  -4.30255566 Ha | Rel ΔE: 0.00000201
  [VQE] Iteration:   49 | Energy:  -4.30256620 Ha | Rel ΔE: 0.00000245
  [VQE] Iteration:   50 | Energy:  -4.30258528 Ha | Rel ΔE: 0.00000443
  [VQE] Iteration:   51 | Energy:  -4.30259791 Ha | Rel ΔE: 0.00000294
  [VQE] Iteration:   52 | Energy:  -4.30261218 Ha | Rel ΔE: 0.00000332
  [VQE] Iteration:   53 | Energy:  -4.30262364 Ha | Rel ΔE: 0.00000266
  [VQE] Iteration:   54 | Energy:  -4.30263507 Ha | Rel ΔE: 0.00000266
  [VQE] Iteration:   55 | Energy:  -4.30264074 Ha | Rel ΔE: 0.00000132
  [VQE] Iteration:   56 | Energy:  -4.30265152 Ha | Rel ΔE: 0.00000251
  [VQE] Iteration:   57 | Energy:  -4.30265902 Ha | Rel ΔE: 0.00000174
  [VQE] Iteration:   58 | Energy:  -4.30266815 Ha | Rel ΔE: 0.00000212
  [VQE] Iteration:   59 | Energy:  -4.30267671 Ha | Rel ΔE: 0.00000199
  [VQE] Iteration:   60 | Energy:  -4.30268314 Ha | Rel ΔE: 0.00000149
  [VQE] Iteration:   61 | Energy:  -4.30269135 Ha | Rel ΔE: 0.00000191
  [VQE] Iteration:   62 | Energy:  -4.30270253 Ha | Rel ΔE: 0.00000260
  [VQE] Iteration:   63 | Energy:  -4.30271058 Ha | Rel ΔE: 0.00000187
  [VQE] Iteration:   64 | Energy:  -4.30271936 Ha | Rel ΔE: 0.00000204
  [VQE] Iteration:   65 | Energy:  -4.30272407 Ha | Rel ΔE: 0.00000109
  [VQE] Iteration:   66 | Energy:  -4.30273321 Ha | Rel ΔE: 0.00000213
  [VQE] Iteration:   67 | Energy:  -4.30273830 Ha | Rel ΔE: 0.00000118
  [VQE] Iteration:   68 | Energy:  -4.30274982 Ha | Rel ΔE: 0.00000268
  [VQE] Iteration:   69 | Energy:  -4.30275512 Ha | Rel ΔE: 0.00000123
  [VQE] Iteration:   70 | Energy:  -4.30276008 Ha | Rel ΔE: 0.00000115
  [VQE] Iteration:   71 | Energy:  -4.30276811 Ha | Rel ΔE: 0.00000187
  [VQE] Iteration:   72 | Energy:  -4.30277781 Ha | Rel ΔE: 0.00000225
  [VQE] Iteration:   73 | Energy:  -4.30278534 Ha | Rel ΔE: 0.00000175
  [VQE] Iteration:   74 | Energy:  -4.30279207 Ha | Rel ΔE: 0.00000157
  [VQE] Iteration:   75 | Energy:  -4.30279655 Ha | Rel ΔE: 0.00000104
  [VQE] Iteration:   76 | Energy:  -4.30280209 Ha | Rel ΔE: 0.00000129
  [VQE] Iteration:   77 | Energy:  -4.30281135 Ha | Rel ΔE: 0.00000215
  [VQE] Iteration:   78 | Energy:  -4.30281759 Ha | Rel ΔE: 0.00000145
  [VQE] Iteration:   79 | Energy:  -4.30282346 Ha | Rel ΔE: 0.00000137
  [VQE] Iteration:   80 | Energy:  -4.30283091 Ha | Rel ΔE: 0.00000173
  [VQE] Iteration:   81 | Energy:  -4.30283638 Ha | Rel ΔE: 0.00000127
  [VQE] Iteration:   82 | Energy:  -4.30283806 Ha | Rel ΔE: 0.00000039
  [VQE Converged] Rel ΔE (3.924e-07) is below threshold (1e-06)!
  [*] VQE Complete! Final Energy: -4.30283806 Ha
[DIIS] Extrapolating density (coeffs: [-1.22  0.7   1.4   0.11])
[Iteration 10] Embedding total energy = -692.55355494 Ha

>> [PennyLane] Initiating Native CPU Pipeline...
  [*] Bridged 999 Pauli terms on 12 qubits.
  [*] Launching Native Adjoint L-BFGS-B Optimization...
  --- Starting VQE Optimization Step ---
  [VQE] Iteration:    0 | Energy:  -3.12761557 Ha | Rel ΔE: N/A
  [VQE] Iteration:    1 | Energy:  -3.30992926 Ha | Rel ΔE: 0.05508084
  [VQE] Iteration:    2 | Energy:  -3.75385885 Ha | Rel ΔE: 0.11825953
  [VQE] Iteration:    3 | Energy:  -3.99212830 Ha | Rel ΔE: 0.05968482
  [VQE] Iteration:    4 | Energy:  -4.08128744 Ha | Rel ΔE: 0.02184584
  [VQE] Iteration:    5 | Energy:  -4.25427627 Ha | Rel ΔE: 0.04066234
  [VQE] Iteration:    6 | Energy:  -4.26669406 Ha | Rel ΔE: 0.00291040
  [VQE] Iteration:    7 | Energy:  -4.29397413 Ha | Rel ΔE: 0.00635310
  [VQE] Iteration:    8 | Energy:  -4.29667766 Ha | Rel ΔE: 0.00062921
  [VQE] Iteration:    9 | Energy:  -4.29897142 Ha | Rel ΔE: 0.00053356
  [VQE] Iteration:   10 | Energy:  -4.30006213 Ha | Rel ΔE: 0.00025365
  [VQE] Iteration:   11 | Energy:  -4.30111904 Ha | Rel ΔE: 0.00024573
  [VQE] Iteration:   12 | Energy:  -4.30240189 Ha | Rel ΔE: 0.00029817
  [VQE] Iteration:   13 | Energy:  -4.30387329 Ha | Rel ΔE: 0.00034188
  [VQE] Iteration:   14 | Energy:  -4.30560050 Ha | Rel ΔE: 0.00040115
  [VQE] Iteration:   15 | Energy:  -4.30682122 Ha | Rel ΔE: 0.00028344
  [VQE] Iteration:   16 | Energy:  -4.30825492 Ha | Rel ΔE: 0.00033278
  [VQE] Iteration:   17 | Energy:  -4.30880212 Ha | Rel ΔE: 0.00012700
  [VQE] Iteration:   18 | Energy:  -4.30998831 Ha | Rel ΔE: 0.00027522
  [VQE] Iteration:   19 | Energy:  -4.31050895 Ha | Rel ΔE: 0.00012078
  [VQE] Iteration:   20 | Energy:  -4.31205358 Ha | Rel ΔE: 0.00035821
  [VQE] Iteration:   21 | Energy:  -4.31254377 Ha | Rel ΔE: 0.00011367
  [VQE] Iteration:   22 | Energy:  -4.31292899 Ha | Rel ΔE: 0.00008932
  [VQE] Iteration:   23 | Energy:  -4.31329243 Ha | Rel ΔE: 0.00008426
  [VQE] Iteration:   24 | Energy:  -4.31359405 Ha | Rel ΔE: 0.00006992
  [VQE] Iteration:   25 | Energy:  -4.31379209 Ha | Rel ΔE: 0.00004591
  [VQE] Iteration:   26 | Energy:  -4.31396613 Ha | Rel ΔE: 0.00004034
  [VQE] Iteration:   27 | Energy:  -4.31408675 Ha | Rel ΔE: 0.00002796
  [VQE] Iteration:   28 | Energy:  -4.31423062 Ha | Rel ΔE: 0.00003335
  [VQE] Iteration:   29 | Energy:  -4.31440400 Ha | Rel ΔE: 0.00004019
  [VQE] Iteration:   30 | Energy:  -4.31450505 Ha | Rel ΔE: 0.00002342
  [VQE] Iteration:   31 | Energy:  -4.31459927 Ha | Rel ΔE: 0.00002184
  [VQE] Iteration:   32 | Energy:  -4.31470523 Ha | Rel ΔE: 0.00002456
  [VQE] Iteration:   33 | Energy:  -4.31474639 Ha | Rel ΔE: 0.00000954
  [VQE] Iteration:   34 | Energy:  -4.31479023 Ha | Rel ΔE: 0.00001016
  [VQE] Iteration:   35 | Energy:  -4.31485617 Ha | Rel ΔE: 0.00001528
  [VQE] Iteration:   36 | Energy:  -4.31490024 Ha | Rel ΔE: 0.00001021
  [VQE] Iteration:   37 | Energy:  -4.31495988 Ha | Rel ΔE: 0.00001382
  [VQE] Iteration:   38 | Energy:  -4.31502838 Ha | Rel ΔE: 0.00001587
  [VQE] Iteration:   39 | Energy:  -4.31505318 Ha | Rel ΔE: 0.00000575
  [VQE] Iteration:   40 | Energy:  -4.31507405 Ha | Rel ΔE: 0.00000484
  [VQE] Iteration:   41 | Energy:  -4.31509546 Ha | Rel ΔE: 0.00000496
  [VQE] Iteration:   42 | Energy:  -4.31512278 Ha | Rel ΔE: 0.00000633
  [VQE] Iteration:   43 | Energy:  -4.31515155 Ha | Rel ΔE: 0.00000667
  [VQE] Iteration:   44 | Energy:  -4.31517439 Ha | Rel ΔE: 0.00000529
  [VQE] Iteration:   45 | Energy:  -4.31518931 Ha | Rel ΔE: 0.00000346
  [VQE] Iteration:   46 | Energy:  -4.31519896 Ha | Rel ΔE: 0.00000223
  [VQE] Iteration:   47 | Energy:  -4.31522733 Ha | Rel ΔE: 0.00000658
  [VQE] Iteration:   48 | Energy:  -4.31522567 Ha | Rel ΔE: 0.00000039
  [VQE Converged] Rel ΔE (3.852e-07) is below threshold (1e-06)!
  [VQE] Iteration:   49 | Energy:  -4.31523976 Ha | Rel ΔE: 0.00000327
  [VQE] Iteration:   50 | Energy:  -4.31525156 Ha | Rel ΔE: 0.00000273
  [VQE] Iteration:   51 | Energy:  -4.31526642 Ha | Rel ΔE: 0.00000344
  [VQE] Iteration:   52 | Energy:  -4.31527561 Ha | Rel ΔE: 0.00000213
  [VQE] Iteration:   53 | Energy:  -4.31528532 Ha | Rel ΔE: 0.00000225
  [VQE] Iteration:   54 | Energy:  -4.31529742 Ha | Rel ΔE: 0.00000280
  [VQE] Iteration:   55 | Energy:  -4.31530493 Ha | Rel ΔE: 0.00000174
  [VQE] Iteration:   56 | Energy:  -4.31531533 Ha | Rel ΔE: 0.00000241
  [VQE] Iteration:   57 | Energy:  -4.31532375 Ha | Rel ΔE: 0.00000195
  [VQE] Iteration:   58 | Energy:  -4.31533443 Ha | Rel ΔE: 0.00000247
  [VQE] Iteration:   59 | Energy:  -4.31533809 Ha | Rel ΔE: 0.00000085
  [VQE Converged] Rel ΔE (8.472e-07) is below threshold (1e-06)!
  [*] VQE Complete! Final Energy: -4.31533809 Ha
[DIIS] Extrapolating density (coeffs: [ 1.27  0.47 -0.79  0.04])
[Iteration 11] Embedding total energy = -692.55806027 Ha

>> [PennyLane] Initiating Native CPU Pipeline...
  [*] Bridged 999 Pauli terms on 12 qubits.
  [*] Launching Native Adjoint L-BFGS-B Optimization...
  --- Starting VQE Optimization Step ---
  [VQE] Iteration:    0 | Energy:  -3.15222967 Ha | Rel ΔE: N/A
  [VQE] Iteration:    1 | Energy:  -3.33169419 Ha | Rel ΔE: 0.05386584
  [VQE] Iteration:    2 | Energy:  -3.81113751 Ha | Rel ΔE: 0.12580058
  [VQE] Iteration:    3 | Energy:  -4.04924877 Ha | Rel ΔE: 0.05880381
  [VQE] Iteration:    4 | Energy:  -4.05787707 Ha | Rel ΔE: 0.00212631
  [VQE] Iteration:    5 | Energy:  -4.23175215 Ha | Rel ΔE: 0.04108820
  [VQE] Iteration:    6 | Energy:  -4.21440503 Ha | Rel ΔE: 0.00409928
  [VQE] Iteration:    7 | Energy:  -4.26105634 Ha | Rel ΔE: 0.01094830
  [VQE] Iteration:    8 | Energy:  -4.26947740 Ha | Rel ΔE: 0.00197238
  [VQE] Iteration:    9 | Energy:  -4.27236836 Ha | Rel ΔE: 0.00067666
  [VQE] Iteration:   10 | Energy:  -4.27399621 Ha | Rel ΔE: 0.00038087
  [VQE] Iteration:   11 | Energy:  -4.27542587 Ha | Rel ΔE: 0.00033439
  [VQE] Iteration:   12 | Energy:  -4.27687884 Ha | Rel ΔE: 0.00033973
  [VQE] Iteration:   13 | Energy:  -4.27826521 Ha | Rel ΔE: 0.00032405
  [VQE] Iteration:   14 | Energy:  -4.27966962 Ha | Rel ΔE: 0.00032816
  [VQE] Iteration:   15 | Energy:  -4.28042776 Ha | Rel ΔE: 0.00017712
  [VQE] Iteration:   16 | Energy:  -4.28202841 Ha | Rel ΔE: 0.00037381
  [VQE] Iteration:   17 | Energy:  -4.28308450 Ha | Rel ΔE: 0.00024657
  [VQE] Iteration:   18 | Energy:  -4.28424332 Ha | Rel ΔE: 0.00027048
  [VQE] Iteration:   19 | Energy:  -4.28544238 Ha | Rel ΔE: 0.00027980
  [VQE] Iteration:   20 | Energy:  -4.28584726 Ha | Rel ΔE: 0.00009447
  [VQE] Iteration:   21 | Energy:  -4.28641823 Ha | Rel ΔE: 0.00013320
  [VQE] Iteration:   22 | Energy:  -4.28662666 Ha | Rel ΔE: 0.00004862
  [VQE] Iteration:   23 | Energy:  -4.28693074 Ha | Rel ΔE: 0.00007093
  [VQE] Iteration:   24 | Energy:  -4.28715509 Ha | Rel ΔE: 0.00005233
  [VQE] Iteration:   25 | Energy:  -4.28735203 Ha | Rel ΔE: 0.00004594
  [VQE] Iteration:   26 | Energy:  -4.28744818 Ha | Rel ΔE: 0.00002243
  [VQE] Iteration:   27 | Energy:  -4.28756038 Ha | Rel ΔE: 0.00002617
  [VQE] Iteration:   28 | Energy:  -4.28768939 Ha | Rel ΔE: 0.00003009
  [VQE] Iteration:   29 | Energy:  -4.28782026 Ha | Rel ΔE: 0.00003052
  [VQE] Iteration:   30 | Energy:  -4.28790436 Ha | Rel ΔE: 0.00001961
  [VQE] Iteration:   31 | Energy:  -4.28797154 Ha | Rel ΔE: 0.00001567
  [VQE] Iteration:   32 | Energy:  -4.28801183 Ha | Rel ΔE: 0.00000940
  [VQE] Iteration:   33 | Energy:  -4.28805944 Ha | Rel ΔE: 0.00001110
  [VQE] Iteration:   34 | Energy:  -4.28815465 Ha | Rel ΔE: 0.00002220
  [VQE] Iteration:   35 | Energy:  -4.28817972 Ha | Rel ΔE: 0.00000585
  [VQE] Iteration:   36 | Energy:  -4.28822239 Ha | Rel ΔE: 0.00000995
  [VQE] Iteration:   37 | Energy:  -4.28824325 Ha | Rel ΔE: 0.00000486
  [VQE] Iteration:   38 | Energy:  -4.28825814 Ha | Rel ΔE: 0.00000347
  [VQE] Iteration:   39 | Energy:  -4.28828375 Ha | Rel ΔE: 0.00000597
  [VQE] Iteration:   40 | Energy:  -4.28828952 Ha | Rel ΔE: 0.00000135
  [VQE] Iteration:   41 | Energy:  -4.28832422 Ha | Rel ΔE: 0.00000809
  [VQE] Iteration:   42 | Energy:  -4.28833237 Ha | Rel ΔE: 0.00000190
  [VQE] Iteration:   43 | Energy:  -4.28834433 Ha | Rel ΔE: 0.00000279
  [VQE] Iteration:   44 | Energy:  -4.28835556 Ha | Rel ΔE: 0.00000262
  [VQE] Iteration:   45 | Energy:  -4.28836876 Ha | Rel ΔE: 0.00000308
  [VQE] Iteration:   46 | Energy:  -4.28837766 Ha | Rel ΔE: 0.00000208
  [VQE] Iteration:   47 | Energy:  -4.28838685 Ha | Rel ΔE: 0.00000214
  [VQE] Iteration:   48 | Energy:  -4.28839534 Ha | Rel ΔE: 0.00000198
  [VQE] Iteration:   49 | Energy:  -4.28840375 Ha | Rel ΔE: 0.00000196
  [VQE] Iteration:   50 | Energy:  -4.28841458 Ha | Rel ΔE: 0.00000252
  [VQE] Iteration:   51 | Energy:  -4.28842169 Ha | Rel ΔE: 0.00000166
  [VQE] Iteration:   52 | Energy:  -4.28843402 Ha | Rel ΔE: 0.00000288
  [VQE] Iteration:   53 | Energy:  -4.28843961 Ha | Rel ΔE: 0.00000130
  [VQE] Iteration:   54 | Energy:  -4.28844595 Ha | Rel ΔE: 0.00000148
  [VQE] Iteration:   55 | Energy:  -4.28844927 Ha | Rel ΔE: 0.00000078
  [VQE Converged] Rel ΔE (7.751e-07) is below threshold (1e-06)!
  [*] VQE Complete! Final Energy: -4.28844927 Ha
[DIIS] Extrapolating density (coeffs: [0.38 0.35 0.25 0.02])
[Iteration 12] Embedding total energy = -692.54123629 Ha

>> [PennyLane] Initiating Native CPU Pipeline...
  [*] Bridged 999 Pauli terms on 12 qubits.
  [*] Launching Native Adjoint L-BFGS-B Optimization...
  --- Starting VQE Optimization Step ---
  [VQE] Iteration:    0 | Energy:  -3.13785804 Ha | Rel ΔE: N/A
  [VQE] Iteration:    1 | Energy:  -3.31889744 Ha | Rel ΔE: 0.05454806
  [VQE] Iteration:    2 | Energy:  -3.77631451 Ha | Rel ΔE: 0.12112791
  [VQE] Iteration:    3 | Energy:  -4.01789589 Ha | Rel ΔE: 0.06012634
  [VQE] Iteration:    4 | Energy:  -4.05921704 Ha | Rel ΔE: 0.01017959
  [VQE] Iteration:    5 | Energy:  -4.23885523 Ha | Rel ΔE: 0.04237894
  [VQE] Iteration:    6 | Energy:  -4.23407405 Ha | Rel ΔE: 0.00112794
  [VQE] Iteration:    7 | Energy:  -4.27168819 Ha | Rel ΔE: 0.00880545
  [VQE] Iteration:    8 | Energy:  -4.28322862 Ha | Rel ΔE: 0.00269433
  [VQE] Iteration:    9 | Energy:  -4.28629929 Ha | Rel ΔE: 0.00071639
  [VQE] Iteration:   10 | Energy:  -4.28767762 Ha | Rel ΔE: 0.00032146
  [VQE] Iteration:   11 | Energy:  -4.28917933 Ha | Rel ΔE: 0.00035012
  [VQE] Iteration:   12 | Energy:  -4.29036451 Ha | Rel ΔE: 0.00027624
  [VQE] Iteration:   13 | Energy:  -4.29207601 Ha | Rel ΔE: 0.00039876
  [VQE] Iteration:   14 | Energy:  -4.29376216 Ha | Rel ΔE: 0.00039270
  [VQE] Iteration:   15 | Energy:  -4.29549669 Ha | Rel ΔE: 0.00040380
  [VQE] Iteration:   16 | Energy:  -4.29624037 Ha | Rel ΔE: 0.00017310
  [VQE] Iteration:   17 | Energy:  -4.29697488 Ha | Rel ΔE: 0.00017094
  [VQE] Iteration:   18 | Energy:  -4.29857009 Ha | Rel ΔE: 0.00037110
  [VQE] Iteration:   19 | Energy:  -4.29957471 Ha | Rel ΔE: 0.00023366
  [VQE] Iteration:   20 | Energy:  -4.30103803 Ha | Rel ΔE: 0.00034022
  [VQE] Iteration:   21 | Energy:  -4.30141347 Ha | Rel ΔE: 0.00008728
  [VQE] Iteration:   22 | Energy:  -4.30165831 Ha | Rel ΔE: 0.00005692
  [VQE] Iteration:   23 | Energy:  -4.30196534 Ha | Rel ΔE: 0.00007137
  [VQE] Iteration:   24 | Energy:  -4.30223974 Ha | Rel ΔE: 0.00006378
  [VQE] Iteration:   25 | Energy:  -4.30240168 Ha | Rel ΔE: 0.00003764
  [VQE] Iteration:   26 | Energy:  -4.30254879 Ha | Rel ΔE: 0.00003419
  [VQE] Iteration:   27 | Energy:  -4.30269548 Ha | Rel ΔE: 0.00003409
  [VQE] Iteration:   28 | Energy:  -4.30285118 Ha | Rel ΔE: 0.00003619
  [VQE] Iteration:   29 | Energy:  -4.30295961 Ha | Rel ΔE: 0.00002520
  [VQE] Iteration:   30 | Energy:  -4.30305962 Ha | Rel ΔE: 0.00002324
  [VQE] Iteration:   31 | Energy:  -4.30314129 Ha | Rel ΔE: 0.00001898
  [VQE] Iteration:   32 | Energy:  -4.30321437 Ha | Rel ΔE: 0.00001698
  [VQE] Iteration:   33 | Energy:  -4.30327501 Ha | Rel ΔE: 0.00001409
  [VQE] Iteration:   34 | Energy:  -4.30332170 Ha | Rel ΔE: 0.00001085
  [VQE] Iteration:   35 | Energy:  -4.30337060 Ha | Rel ΔE: 0.00001136
  [VQE] Iteration:   36 | Energy:  -4.30343818 Ha | Rel ΔE: 0.00001570
  [VQE] Iteration:   37 | Energy:  -4.30348489 Ha | Rel ΔE: 0.00001085
  [VQE] Iteration:   38 | Energy:  -4.30352353 Ha | Rel ΔE: 0.00000898
  [VQE] Iteration:   39 | Energy:  -4.30354130 Ha | Rel ΔE: 0.00000413
  [VQE] Iteration:   40 | Energy:  -4.30355519 Ha | Rel ΔE: 0.00000323
  [VQE] Iteration:   41 | Energy:  -4.30358401 Ha | Rel ΔE: 0.00000670
  [VQE] Iteration:   42 | Energy:  -4.30361317 Ha | Rel ΔE: 0.00000678
  [VQE] Iteration:   43 | Energy:  -4.30363874 Ha | Rel ΔE: 0.00000594
  [VQE] Iteration:   44 | Energy:  -4.30364892 Ha | Rel ΔE: 0.00000237
  [VQE] Iteration:   45 | Energy:  -4.30365825 Ha | Rel ΔE: 0.00000217
  [VQE] Iteration:   46 | Energy:  -4.30367008 Ha | Rel ΔE: 0.00000275
  [VQE] Iteration:   47 | Energy:  -4.30368513 Ha | Rel ΔE: 0.00000350
  [VQE] Iteration:   48 | Energy:  -4.30370404 Ha | Rel ΔE: 0.00000439
  [VQE] Iteration:   49 | Energy:  -4.30371362 Ha | Rel ΔE: 0.00000223
  [VQE] Iteration:   50 | Energy:  -4.30372466 Ha | Rel ΔE: 0.00000256
  [VQE] Iteration:   51 | Energy:  -4.30373357 Ha | Rel ΔE: 0.00000207
  [VQE] Iteration:   52 | Energy:  -4.30373997 Ha | Rel ΔE: 0.00000149
  [VQE] Iteration:   53 | Energy:  -4.30375058 Ha | Rel ΔE: 0.00000246
  [VQE] Iteration:   54 | Energy:  -4.30376115 Ha | Rel ΔE: 0.00000246
  [VQE] Iteration:   55 | Energy:  -4.30376760 Ha | Rel ΔE: 0.00000150
  [VQE] Iteration:   56 | Energy:  -4.30377649 Ha | Rel ΔE: 0.00000207
  [VQE] Iteration:   57 | Energy:  -4.30378144 Ha | Rel ΔE: 0.00000115
  [VQE] Iteration:   58 | Energy:  -4.30378811 Ha | Rel ΔE: 0.00000155
  [VQE] Iteration:   59 | Energy:  -4.30379546 Ha | Rel ΔE: 0.00000171
  [VQE] Iteration:   60 | Energy:  -4.30380012 Ha | Rel ΔE: 0.00000108
  [VQE] Iteration:   61 | Energy:  -4.30381471 Ha | Rel ΔE: 0.00000339
  [VQE] Iteration:   62 | Energy:  -4.30380118 Ha | Rel ΔE: 0.00000314
  [VQE] Iteration:   63 | Energy:  -4.30381990 Ha | Rel ΔE: 0.00000435
  [VQE] Iteration:   64 | Energy:  -4.30382869 Ha | Rel ΔE: 0.00000204
  [VQE] Iteration:   65 | Energy:  -4.30383610 Ha | Rel ΔE: 0.00000172
  [VQE] Iteration:   66 | Energy:  -4.30384287 Ha | Rel ΔE: 0.00000157
  [VQE] Iteration:   67 | Energy:  -4.30385045 Ha | Rel ΔE: 0.00000176
  [VQE] Iteration:   68 | Energy:  -4.30385904 Ha | Rel ΔE: 0.00000200
  [VQE] Iteration:   69 | Energy:  -4.30386294 Ha | Rel ΔE: 0.00000091
  [VQE Converged] Rel ΔE (9.056e-07) is below threshold (1e-06)!
  [*] VQE Complete! Final Energy: -4.30386294 Ha
[DIIS] Extrapolating density (coeffs: [0.17 0.35 0.48 0.  ])
[Iteration 13] Embedding total energy = -692.54990770 Ha

>> [PennyLane] Initiating Native CPU Pipeline...
  [*] Bridged 999 Pauli terms on 12 qubits.
  [*] Launching Native Adjoint L-BFGS-B Optimization...
  --- Starting VQE Optimization Step ---
  [VQE] Iteration:    0 | Energy:  -3.14122393 Ha | Rel ΔE: N/A
  [VQE] Iteration:    1 | Energy:  -3.32190618 Ha | Rel ΔE: 0.05439114
  [VQE] Iteration:    2 | Energy:  -3.78620758 Ha | Rel ΔE: 0.12262967
  [VQE] Iteration:    3 | Energy:  -4.02670221 Ha | Rel ΔE: 0.05972496
  [VQE] Iteration:    4 | Energy:  -4.05990838 Ha | Rel ΔE: 0.00817905
  [VQE] Iteration:    5 | Energy:  -4.23749522 Ha | Rel ΔE: 0.04190845
  [VQE] Iteration:    6 | Energy:  -4.22948540 Ha | Rel ΔE: 0.00189023
  [VQE] Iteration:    7 | Energy:  -4.26933631 Ha | Rel ΔE: 0.00933422
  [VQE] Iteration:    8 | Energy:  -4.28004996 Ha | Rel ΔE: 0.00250316
  [VQE] Iteration:    9 | Energy:  -4.28304917 Ha | Rel ΔE: 0.00070025
  [VQE] Iteration:   10 | Energy:  -4.28445799 Ha | Rel ΔE: 0.00032882
  [VQE] Iteration:   11 | Energy:  -4.28600479 Ha | Rel ΔE: 0.00036090
  [VQE] Iteration:   12 | Energy:  -4.28722643 Ha | Rel ΔE: 0.00028495
  [VQE] Iteration:   13 | Energy:  -4.28902641 Ha | Rel ΔE: 0.00041967
  [VQE] Iteration:   14 | Energy:  -4.29063705 Ha | Rel ΔE: 0.00037538
  [VQE] Iteration:   15 | Energy:  -4.29223748 Ha | Rel ΔE: 0.00037287
  [VQE] Iteration:   16 | Energy:  -4.29288417 Ha | Rel ΔE: 0.00015064
  [VQE] Iteration:   17 | Energy:  -4.29372410 Ha | Rel ΔE: 0.00019562
  [VQE] Iteration:   18 | Energy:  -4.29552421 Ha | Rel ΔE: 0.00041907
  [VQE] Iteration:   19 | Energy:  -4.29636372 Ha | Rel ΔE: 0.00019540
  [VQE] Iteration:   20 | Energy:  -4.29753596 Ha | Rel ΔE: 0.00027277
  [VQE] Iteration:   21 | Energy:  -4.29788774 Ha | Rel ΔE: 0.00008185
  [VQE] Iteration:   22 | Energy:  -4.29817354 Ha | Rel ΔE: 0.00006649
  [VQE] Iteration:   23 | Energy:  -4.29841908 Ha | Rel ΔE: 0.00005712
  [VQE] Iteration:   24 | Energy:  -4.29869683 Ha | Rel ΔE: 0.00006461
  [VQE] Iteration:   25 | Energy:  -4.29886922 Ha | Rel ΔE: 0.00004010
  [VQE] Iteration:   26 | Energy:  -4.29901726 Ha | Rel ΔE: 0.00003444
  [VQE] Iteration:   27 | Energy:  -4.29910030 Ha | Rel ΔE: 0.00001932
  [VQE] Iteration:   28 | Energy:  -4.29930334 Ha | Rel ΔE: 0.00004723
  [VQE] Iteration:   29 | Energy:  -4.29938047 Ha | Rel ΔE: 0.00001794
  [VQE] Iteration:   30 | Energy:  -4.29949269 Ha | Rel ΔE: 0.00002610
  [VQE] Iteration:   31 | Energy:  -4.29960775 Ha | Rel ΔE: 0.00002676
  [VQE] Iteration:   32 | Energy:  -4.29967189 Ha | Rel ΔE: 0.00001492
  [VQE] Iteration:   33 | Energy:  -4.29972839 Ha | Rel ΔE: 0.00001314
  [VQE] Iteration:   34 | Energy:  -4.29976698 Ha | Rel ΔE: 0.00000897
  [VQE] Iteration:   35 | Energy:  -4.29981565 Ha | Rel ΔE: 0.00001132
  [VQE] Iteration:   36 | Energy:  -4.29987717 Ha | Rel ΔE: 0.00001431
  [VQE] Iteration:   37 | Energy:  -4.29993162 Ha | Rel ΔE: 0.00001266
  [VQE] Iteration:   38 | Energy:  -4.29996824 Ha | Rel ΔE: 0.00000852
  [VQE] Iteration:   39 | Energy:  -4.29998578 Ha | Rel ΔE: 0.00000408
  [VQE] Iteration:   40 | Energy:  -4.30000430 Ha | Rel ΔE: 0.00000431
  [VQE] Iteration:   41 | Energy:  -4.30002798 Ha | Rel ΔE: 0.00000551
  [VQE] Iteration:   42 | Energy:  -4.30005240 Ha | Rel ΔE: 0.00000568
  [VQE] Iteration:   43 | Energy:  -4.30007238 Ha | Rel ΔE: 0.00000465
  [VQE] Iteration:   44 | Energy:  -4.30008386 Ha | Rel ΔE: 0.00000267
  [VQE] Iteration:   45 | Energy:  -4.30009152 Ha | Rel ΔE: 0.00000178
  [VQE] Iteration:   46 | Energy:  -4.30010323 Ha | Rel ΔE: 0.00000272
  [VQE] Iteration:   47 | Energy:  -4.30011770 Ha | Rel ΔE: 0.00000337
  [VQE] Iteration:   48 | Energy:  -4.30013247 Ha | Rel ΔE: 0.00000343
  [VQE] Iteration:   49 | Energy:  -4.30014722 Ha | Rel ΔE: 0.00000343
  [VQE] Iteration:   50 | Energy:  -4.30015780 Ha | Rel ΔE: 0.00000246
  [VQE] Iteration:   51 | Energy:  -4.30016537 Ha | Rel ΔE: 0.00000176
  [VQE] Iteration:   52 | Energy:  -4.30017432 Ha | Rel ΔE: 0.00000208
  [VQE] Iteration:   53 | Energy:  -4.30018267 Ha | Rel ΔE: 0.00000194
  [VQE] Iteration:   54 | Energy:  -4.30019071 Ha | Rel ΔE: 0.00000187
  [VQE] Iteration:   55 | Energy:  -4.30019984 Ha | Rel ΔE: 0.00000212
  [VQE] Iteration:   56 | Energy:  -4.30020531 Ha | Rel ΔE: 0.00000127
  [VQE] Iteration:   57 | Energy:  -4.30021189 Ha | Rel ΔE: 0.00000153
  [VQE] Iteration:   58 | Energy:  -4.30022063 Ha | Rel ΔE: 0.00000203
  [VQE] Iteration:   59 | Energy:  -4.30022704 Ha | Rel ΔE: 0.00000149
  [VQE] Iteration:   60 | Energy:  -4.30023318 Ha | Rel ΔE: 0.00000143
  [VQE] Iteration:   61 | Energy:  -4.30024655 Ha | Rel ΔE: 0.00000311
  [VQE] Iteration:   62 | Energy:  -4.30025052 Ha | Rel ΔE: 0.00000092
  [VQE Converged] Rel ΔE (9.236e-07) is below threshold (1e-06)!
  [*] VQE Complete! Final Energy: -4.30025052 Ha
[DIIS] Extrapolating density (coeffs: [ 0.1   0.31  0.58 -0.  ])
[Iteration 14] Embedding total energy = -692.54766575 Ha

>> [PennyLane] Initiating Native CPU Pipeline...
  [*] Bridged 999 Pauli terms on 12 qubits.
  [*] Launching Native Adjoint L-BFGS-B Optimization...
  --- Starting VQE Optimization Step ---
  [VQE] Iteration:    0 | Energy:  -3.14131748 Ha | Rel ΔE: N/A
  [VQE] Iteration:    1 | Energy:  -3.32198043 Ha | Rel ΔE: 0.05438411
  [VQE] Iteration:    2 | Energy:  -3.78587908 Ha | Rel ΔE: 0.12253393
  [VQE] Iteration:    3 | Energy:  -4.02671561 Ha | Rel ΔE: 0.05980967
  [VQE] Iteration:    4 | Energy:  -4.05866192 Ha | Rel ΔE: 0.00787114
  [VQE] Iteration:    5 | Energy:  -4.23681789 Ha | Rel ΔE: 0.04204948
  [VQE] Iteration:    6 | Energy:  -4.22798914 Ha | Rel ΔE: 0.00208381
  [VQE] Iteration:    7 | Energy:  -4.26905938 Ha | Rel ΔE: 0.00962044
  [VQE] Iteration:    8 | Energy:  -4.27988832 Ha | Rel ΔE: 0.00253019
  [VQE] Iteration:    9 | Energy:  -4.28289248 Ha | Rel ΔE: 0.00070143
  [VQE] Iteration:   10 | Energy:  -4.28430336 Ha | Rel ΔE: 0.00032931
  [VQE] Iteration:   11 | Energy:  -4.28585551 Ha | Rel ΔE: 0.00036216
  [VQE] Iteration:   12 | Energy:  -4.28707388 Ha | Rel ΔE: 0.00028420
  [VQE] Iteration:   13 | Energy:  -4.28887372 Ha | Rel ΔE: 0.00041965
  [VQE] Iteration:   14 | Energy:  -4.29048483 Ha | Rel ΔE: 0.00037551
  [VQE] Iteration:   15 | Energy:  -4.29208621 Ha | Rel ΔE: 0.00037310
  [VQE] Iteration:   16 | Energy:  -4.29273842 Ha | Rel ΔE: 0.00015193
  [VQE] Iteration:   17 | Energy:  -4.29355821 Ha | Rel ΔE: 0.00019093
  [VQE] Iteration:   18 | Energy:  -4.29536512 Ha | Rel ΔE: 0.00042066
  [VQE] Iteration:   19 | Energy:  -4.29624426 Ha | Rel ΔE: 0.00020463
  [VQE] Iteration:   20 | Energy:  -4.29738724 Ha | Rel ΔE: 0.00026597
  [VQE] Iteration:   21 | Energy:  -4.29774500 Ha | Rel ΔE: 0.00008324
  [VQE] Iteration:   22 | Energy:  -4.29804482 Ha | Rel ΔE: 0.00006976
  [VQE] Iteration:   23 | Energy:  -4.29828907 Ha | Rel ΔE: 0.00005683
  [VQE] Iteration:   24 | Energy:  -4.29855756 Ha | Rel ΔE: 0.00006246
  [VQE] Iteration:   25 | Energy:  -4.29874527 Ha | Rel ΔE: 0.00004367
  [VQE] Iteration:   26 | Energy:  -4.29888649 Ha | Rel ΔE: 0.00003285
  [VQE] Iteration:   27 | Energy:  -4.29896825 Ha | Rel ΔE: 0.00001902
  [VQE] Iteration:   28 | Energy:  -4.29916794 Ha | Rel ΔE: 0.00004645
  [VQE] Iteration:   29 | Energy:  -4.29924205 Ha | Rel ΔE: 0.00001724
  [VQE] Iteration:   30 | Energy:  -4.29935658 Ha | Rel ΔE: 0.00002664
  [VQE] Iteration:   31 | Energy:  -4.29946991 Ha | Rel ΔE: 0.00002636
  [VQE] Iteration:   32 | Energy:  -4.29954388 Ha | Rel ΔE: 0.00001721
  [VQE] Iteration:   33 | Energy:  -4.29959250 Ha | Rel ΔE: 0.00001131
  [VQE] Iteration:   34 | Energy:  -4.29963596 Ha | Rel ΔE: 0.00001011
  [VQE] Iteration:   35 | Energy:  -4.29968572 Ha | Rel ΔE: 0.00001157
  [VQE] Iteration:   36 | Energy:  -4.29975532 Ha | Rel ΔE: 0.00001619
  [VQE] Iteration:   37 | Energy:  -4.29980776 Ha | Rel ΔE: 0.00001220
  [VQE] Iteration:   38 | Energy:  -4.29984133 Ha | Rel ΔE: 0.00000781
  [VQE] Iteration:   39 | Energy:  -4.29985740 Ha | Rel ΔE: 0.00000374
  [VQE] Iteration:   40 | Energy:  -4.29987646 Ha | Rel ΔE: 0.00000443
  [VQE] Iteration:   41 | Energy:  -4.29990054 Ha | Rel ΔE: 0.00000560
  [VQE] Iteration:   42 | Energy:  -4.29992574 Ha | Rel ΔE: 0.00000586
  [VQE] Iteration:   43 | Energy:  -4.29994210 Ha | Rel ΔE: 0.00000380
  [VQE] Iteration:   44 | Energy:  -4.29995380 Ha | Rel ΔE: 0.00000272
  [VQE] Iteration:   45 | Energy:  -4.29996078 Ha | Rel ΔE: 0.00000162
  [VQE] Iteration:   46 | Energy:  -4.29997170 Ha | Rel ΔE: 0.00000254
  [VQE] Iteration:   47 | Energy:  -4.29998387 Ha | Rel ΔE: 0.00000283
  [VQE] Iteration:   48 | Energy:  -4.29999956 Ha | Rel ΔE: 0.00000365
  [VQE] Iteration:   49 | Energy:  -4.30001293 Ha | Rel ΔE: 0.00000311
  [VQE] Iteration:   50 | Energy:  -4.30002302 Ha | Rel ΔE: 0.00000235
  [VQE] Iteration:   51 | Energy:  -4.30003396 Ha | Rel ΔE: 0.00000255
  [VQE] Iteration:   52 | Energy:  -4.30004553 Ha | Rel ΔE: 0.00000269
  [VQE] Iteration:   53 | Energy:  -4.30005191 Ha | Rel ΔE: 0.00000148
  [VQE] Iteration:   54 | Energy:  -4.30005975 Ha | Rel ΔE: 0.00000182
  [VQE] Iteration:   55 | Energy:  -4.30006633 Ha | Rel ΔE: 0.00000153
  [VQE] Iteration:   56 | Energy:  -4.30007201 Ha | Rel ΔE: 0.00000132
  [VQE] Iteration:   57 | Energy:  -4.30008167 Ha | Rel ΔE: 0.00000225
  [VQE] Iteration:   58 | Energy:  -4.30008656 Ha | Rel ΔE: 0.00000114
  [VQE] Iteration:   59 | Energy:  -4.30009237 Ha | Rel ΔE: 0.00000135
  [VQE] Iteration:   60 | Energy:  -4.30010523 Ha | Rel ΔE: 0.00000299
  [VQE] Iteration:   61 | Energy:  -4.30011139 Ha | Rel ΔE: 0.00000143
  [VQE] Iteration:   62 | Energy:  -4.30011810 Ha | Rel ΔE: 0.00000156
  [VQE] Iteration:   63 | Energy:  -4.30012621 Ha | Rel ΔE: 0.00000189
  [VQE] Iteration:   64 | Energy:  -4.30013196 Ha | Rel ΔE: 0.00000134
  [VQE] Iteration:   65 | Energy:  -4.30014161 Ha | Rel ΔE: 0.00000224
  [VQE] Iteration:   66 | Energy:  -4.30014646 Ha | Rel ΔE: 0.00000113
  [VQE] Iteration:   67 | Energy:  -4.30015373 Ha | Rel ΔE: 0.00000169
  [VQE] Iteration:   68 | Energy:  -4.30015803 Ha | Rel ΔE: 0.00000100
  [VQE Converged] Rel ΔE (9.982e-07) is below threshold (1e-06)!
  [*] VQE Complete! Final Energy: -4.30015803 Ha
[DIIS] Extrapolating density (coeffs: [0.07 0.28 0.66 0.  ])
[Iteration 15] Embedding total energy = -692.54855697 Ha

>> [PennyLane] Initiating Native CPU Pipeline...
  [*] Bridged 999 Pauli terms on 12 qubits.
  [*] Launching Native Adjoint L-BFGS-B Optimization...
  --- Starting VQE Optimization Step ---
  [VQE] Iteration:    0 | Energy:  -3.14104682 Ha | Rel ΔE: N/A
  [VQE] Iteration:    1 | Energy:  -3.32174219 Ha | Rel ΔE: 0.05439777
  [VQE] Iteration:    2 | Energy:  -3.78534420 Ha | Rel ΔE: 0.12247288
  [VQE] Iteration:    3 | Energy:  -4.02612957 Ha | Rel ΔE: 0.05980567
  [VQE] Iteration:    4 | Energy:  -4.05908765 Ha | Rel ΔE: 0.00811958
  [VQE] Iteration:    5 | Energy:  -4.23716931 Ha | Rel ΔE: 0.04202845
  [VQE] Iteration:    6 | Energy:  -4.22886222 Ha | Rel ΔE: 0.00196053
  [VQE] Iteration:    7 | Energy:  -4.26932977 Ha | Rel ΔE: 0.00947866
  [VQE] Iteration:    8 | Energy:  -4.28017206 Ha | Rel ΔE: 0.00253314
  [VQE] Iteration:    9 | Energy:  -4.28317868 Ha | Rel ΔE: 0.00070196
  [VQE] Iteration:   10 | Energy:  -4.28458600 Ha | Rel ΔE: 0.00032846
  [VQE] Iteration:   11 | Energy:  -4.28613384 Ha | Rel ΔE: 0.00036113
  [VQE] Iteration:   12 | Energy:  -4.28735064 Ha | Rel ΔE: 0.00028381
  [VQE] Iteration:   13 | Energy:  -4.28914686 Ha | Rel ΔE: 0.00041878
  [VQE] Iteration:   14 | Energy:  -4.29076237 Ha | Rel ΔE: 0.00037651
  [VQE] Iteration:   15 | Energy:  -4.29237534 Ha | Rel ΔE: 0.00037578
  [VQE] Iteration:   16 | Energy:  -4.29302762 Ha | Rel ΔE: 0.00015194
  [VQE] Iteration:   17 | Energy:  -4.29385439 Ha | Rel ΔE: 0.00019255
  [VQE] Iteration:   18 | Energy:  -4.29564682 Ha | Rel ΔE: 0.00041726
  [VQE] Iteration:   19 | Energy:  -4.29654065 Ha | Rel ΔE: 0.00020804
  [VQE] Iteration:   20 | Energy:  -4.29768975 Ha | Rel ΔE: 0.00026737
  [VQE] Iteration:   21 | Energy:  -4.29804887 Ha | Rel ΔE: 0.00008355
  [VQE] Iteration:   22 | Energy:  -4.29833921 Ha | Rel ΔE: 0.00006755
  [VQE] Iteration:   23 | Energy:  -4.29858779 Ha | Rel ΔE: 0.00005783
  [VQE] Iteration:   24 | Energy:  -4.29885830 Ha | Rel ΔE: 0.00006293
  [VQE] Iteration:   25 | Energy:  -4.29904086 Ha | Rel ΔE: 0.00004246
  [VQE] Iteration:   26 | Energy:  -4.29918663 Ha | Rel ΔE: 0.00003391
  [VQE] Iteration:   27 | Energy:  -4.29927073 Ha | Rel ΔE: 0.00001956
  [VQE] Iteration:   28 | Energy:  -4.29946355 Ha | Rel ΔE: 0.00004485
  [VQE] Iteration:   29 | Energy:  -4.29953898 Ha | Rel ΔE: 0.00001754
  [VQE] Iteration:   30 | Energy:  -4.29965096 Ha | Rel ΔE: 0.00002604
  [VQE] Iteration:   31 | Energy:  -4.29976400 Ha | Rel ΔE: 0.00002629
  [VQE] Iteration:   32 | Energy:  -4.29984000 Ha | Rel ΔE: 0.00001768
  [VQE] Iteration:   33 | Energy:  -4.29988792 Ha | Rel ΔE: 0.00001114
  [VQE] Iteration:   34 | Energy:  -4.29993294 Ha | Rel ΔE: 0.00001047
  [VQE] Iteration:   35 | Energy:  -4.29998158 Ha | Rel ΔE: 0.00001131
  [VQE] Iteration:   36 | Energy:  -4.30005009 Ha | Rel ΔE: 0.00001593
  [VQE] Iteration:   37 | Energy:  -4.30010544 Ha | Rel ΔE: 0.00001287
  [VQE] Iteration:   38 | Energy:  -4.30013890 Ha | Rel ΔE: 0.00000778
  [VQE] Iteration:   39 | Energy:  -4.30015578 Ha | Rel ΔE: 0.00000392
  [VQE] Iteration:   40 | Energy:  -4.30017591 Ha | Rel ΔE: 0.00000468
  [VQE] Iteration:   41 | Energy:  -4.30019784 Ha | Rel ΔE: 0.00000510
  [VQE] Iteration:   42 | Energy:  -4.30022093 Ha | Rel ΔE: 0.00000537
  [VQE] Iteration:   43 | Energy:  -4.30024136 Ha | Rel ΔE: 0.00000475
  [VQE] Iteration:   44 | Energy:  -4.30025178 Ha | Rel ΔE: 0.00000242
  [VQE] Iteration:   45 | Energy:  -4.30026145 Ha | Rel ΔE: 0.00000225
  [VQE] Iteration:   46 | Energy:  -4.30027402 Ha | Rel ΔE: 0.00000292
  [VQE] Iteration:   47 | Energy:  -4.30028598 Ha | Rel ΔE: 0.00000278
  [VQE] Iteration:   48 | Energy:  -4.30029989 Ha | Rel ΔE: 0.00000323
  [VQE] Iteration:   49 | Energy:  -4.30031526 Ha | Rel ΔE: 0.00000357
  [VQE] Iteration:   50 | Energy:  -4.30032804 Ha | Rel ΔE: 0.00000297
  [VQE] Iteration:   51 | Energy:  -4.30033370 Ha | Rel ΔE: 0.00000132
  [VQE] Iteration:   52 | Energy:  -4.30034463 Ha | Rel ΔE: 0.00000254
  [VQE] Iteration:   53 | Energy:  -4.30035362 Ha | Rel ΔE: 0.00000209
  [VQE] Iteration:   54 | Energy:  -4.30036238 Ha | Rel ΔE: 0.00000204
  [VQE] Iteration:   55 | Energy:  -4.30036869 Ha | Rel ΔE: 0.00000147
  [VQE] Iteration:   56 | Energy:  -4.30037448 Ha | Rel ΔE: 0.00000135
  [VQE] Iteration:   57 | Energy:  -4.30038291 Ha | Rel ΔE: 0.00000196
  [VQE] Iteration:   58 | Energy:  -4.30039035 Ha | Rel ΔE: 0.00000173
  [VQE] Iteration:   59 | Energy:  -4.30039953 Ha | Rel ΔE: 0.00000213
  [VQE] Iteration:   60 | Energy:  -4.30040449 Ha | Rel ΔE: 0.00000115
  [VQE] Iteration:   61 | Energy:  -4.30041108 Ha | Rel ΔE: 0.00000153
  [VQE] Iteration:   62 | Energy:  -4.30041912 Ha | Rel ΔE: 0.00000187
  [VQE] Iteration:   63 | Energy:  -4.30042832 Ha | Rel ΔE: 0.00000214
  [VQE] Iteration:   64 | Energy:  -4.30043562 Ha | Rel ΔE: 0.00000170
  [VQE] Iteration:   65 | Energy:  -4.30044287 Ha | Rel ΔE: 0.00000169
  [VQE] Iteration:   66 | Energy:  -4.30044870 Ha | Rel ΔE: 0.00000136
  [VQE] Iteration:   67 | Energy:  -4.30045477 Ha | Rel ΔE: 0.00000141
  [VQE] Iteration:   68 | Energy:  -4.30046109 Ha | Rel ΔE: 0.00000147
  [VQE] Iteration:   69 | Energy:  -4.30046621 Ha | Rel ΔE: 0.00000119
  [VQE] Iteration:   70 | Energy:  -4.30047297 Ha | Rel ΔE: 0.00000157
  [VQE] Iteration:   71 | Energy:  -4.30047993 Ha | Rel ΔE: 0.00000162
  [VQE] Iteration:   72 | Energy:  -4.30048556 Ha | Rel ΔE: 0.00000131
  [VQE] Iteration:   73 | Energy:  -4.30049020 Ha | Rel ΔE: 0.00000108
  [VQE] Iteration:   74 | Energy:  -4.30049358 Ha | Rel ΔE: 0.00000079
  [VQE Converged] Rel ΔE (7.864e-07) is below threshold (1e-06)!
  [*] VQE Complete! Final Energy: -4.30049358 Ha
[DIIS] Extrapolating density (coeffs: [ 0.05  0.27  0.68 -0.  ])
[Iteration 16] Embedding total energy = -692.54960755 Ha

>> [PennyLane] Initiating Native CPU Pipeline...
  [*] Bridged 999 Pauli terms on 12 qubits.
  [*] Launching Native Adjoint L-BFGS-B Optimization...
  --- Starting VQE Optimization Step ---
  [VQE] Iteration:    0 | Energy:  -3.14112975 Ha | Rel ΔE: N/A
  [VQE] Iteration:    1 | Energy:  -3.32181552 Ha | Rel ΔE: 0.05439368
  [VQE] Iteration:    2 | Energy:  -3.78552860 Ha | Rel ΔE: 0.12249626
  [VQE] Iteration:    3 | Energy:  -4.02631661 Ha | Rel ΔE: 0.05980354
  [VQE] Iteration:    4 | Energy:  -4.05900091 Ha | Rel ΔE: 0.00805230
  [VQE] Iteration:    5 | Energy:  -4.23708365 Ha | Rel ΔE: 0.04202956
  [VQE] Iteration:    6 | Energy:  -4.22864329 Ha | Rel ΔE: 0.00199202
  [VQE] Iteration:    7 | Energy:  -4.26925412 Ha | Rel ΔE: 0.00951240
  [VQE] Iteration:    8 | Energy:  -4.28008757 Ha | Rel ΔE: 0.00253113
  [VQE] Iteration:    9 | Energy:  -4.28309321 Ha | Rel ΔE: 0.00070174
  [VQE] Iteration:   10 | Energy:  -4.28450158 Ha | Rel ΔE: 0.00032871
  [VQE] Iteration:   11 | Energy:  -4.28605062 Ha | Rel ΔE: 0.00036141
  [VQE] Iteration:   12 | Energy:  -4.28726804 Ha | Rel ΔE: 0.00028396
  [VQE] Iteration:   13 | Energy:  -4.28906550 Ha | Rel ΔE: 0.00041908
  [VQE] Iteration:   14 | Energy:  -4.29067959 Ha | Rel ΔE: 0.00037618
  [VQE] Iteration:   15 | Energy:  -4.29228891 Ha | Rel ΔE: 0.00037493
  [VQE] Iteration:   16 | Energy:  -4.29294068 Ha | Rel ΔE: 0.00015183
  [VQE] Iteration:   17 | Energy:  -4.29376650 Ha | Rel ΔE: 0.00019233
  [VQE] Iteration:   18 | Energy:  -4.29556410 Ha | Rel ΔE: 0.00041848
  [VQE] Iteration:   19 | Energy:  -4.29645099 Ha | Rel ΔE: 0.00020642
  [VQE] Iteration:   20 | Energy:  -4.29759879 Ha | Rel ΔE: 0.00026708
  [VQE] Iteration:   21 | Energy:  -4.29795731 Ha | Rel ΔE: 0.00008342
  [VQE] Iteration:   22 | Energy:  -4.29825006 Ha | Rel ΔE: 0.00006811
  [VQE] Iteration:   23 | Energy:  -4.29849729 Ha | Rel ΔE: 0.00005752
  [VQE] Iteration:   24 | Energy:  -4.29876753 Ha | Rel ΔE: 0.00006286
  [VQE] Iteration:   25 | Energy:  -4.29895115 Ha | Rel ΔE: 0.00004271
  [VQE] Iteration:   26 | Energy:  -4.29909582 Ha | Rel ΔE: 0.00003365
  [VQE] Iteration:   27 | Energy:  -4.29917811 Ha | Rel ΔE: 0.00001914
  [VQE] Iteration:   28 | Energy:  -4.29937403 Ha | Rel ΔE: 0.00004557
  [VQE] Iteration:   29 | Energy:  -4.29944886 Ha | Rel ΔE: 0.00001740
  [VQE] Iteration:   30 | Energy:  -4.29956172 Ha | Rel ΔE: 0.00002625
  [VQE] Iteration:   31 | Energy:  -4.29967578 Ha | Rel ΔE: 0.00002653
  [VQE] Iteration:   32 | Energy:  -4.29974912 Ha | Rel ΔE: 0.00001706
  [VQE] Iteration:   33 | Energy:  -4.29979879 Ha | Rel ΔE: 0.00001155
  [VQE] Iteration:   34 | Energy:  -4.29984193 Ha | Rel ΔE: 0.00001003
  [VQE] Iteration:   35 | Energy:  -4.29989128 Ha | Rel ΔE: 0.00001148
  [VQE] Iteration:   36 | Energy:  -4.29995997 Ha | Rel ΔE: 0.00001598
  [VQE] Iteration:   37 | Energy:  -4.30001374 Ha | Rel ΔE: 0.00001250
  [VQE] Iteration:   38 | Energy:  -4.30004838 Ha | Rel ΔE: 0.00000806
  [VQE] Iteration:   39 | Energy:  -4.30006544 Ha | Rel ΔE: 0.00000397
  [VQE] Iteration:   40 | Energy:  -4.30008458 Ha | Rel ΔE: 0.00000445
  [VQE] Iteration:   41 | Energy:  -4.30010915 Ha | Rel ΔE: 0.00000571
  [VQE] Iteration:   42 | Energy:  -4.30013274 Ha | Rel ΔE: 0.00000549
  [VQE] Iteration:   43 | Energy:  -4.30015160 Ha | Rel ΔE: 0.00000439
  [VQE] Iteration:   44 | Energy:  -4.30016226 Ha | Rel ΔE: 0.00000248
  [VQE] Iteration:   45 | Energy:  -4.30017060 Ha | Rel ΔE: 0.00000194
  [VQE] Iteration:   46 | Energy:  -4.30018282 Ha | Rel ΔE: 0.00000284
  [VQE] Iteration:   47 | Energy:  -4.30019712 Ha | Rel ΔE: 0.00000333
  [VQE] Iteration:   48 | Energy:  -4.30021208 Ha | Rel ΔE: 0.00000348
  [VQE] Iteration:   49 | Energy:  -4.30022800 Ha | Rel ΔE: 0.00000370
  [VQE] Iteration:   50 | Energy:  -4.30023694 Ha | Rel ΔE: 0.00000208
  [VQE] Iteration:   51 | Energy:  -4.30024636 Ha | Rel ΔE: 0.00000219
  [VQE] Iteration:   52 | Energy:  -4.30025605 Ha | Rel ΔE: 0.00000225
  [VQE] Iteration:   53 | Energy:  -4.30026334 Ha | Rel ΔE: 0.00000170
  [VQE] Iteration:   54 | Energy:  -4.30027158 Ha | Rel ΔE: 0.00000192
  [VQE] Iteration:   55 | Energy:  -4.30027830 Ha | Rel ΔE: 0.00000156
  [VQE] Iteration:   56 | Energy:  -4.30028369 Ha | Rel ΔE: 0.00000125
  [VQE] Iteration:   57 | Energy:  -4.30029064 Ha | Rel ΔE: 0.00000162
  [VQE] Iteration:   58 | Energy:  -4.30029791 Ha | Rel ΔE: 0.00000169
  [VQE] Iteration:   59 | Energy:  -4.30030655 Ha | Rel ΔE: 0.00000201
  [VQE] Iteration:   60 | Energy:  -4.30031287 Ha | Rel ΔE: 0.00000147
  [VQE] Iteration:   61 | Energy:  -4.30031934 Ha | Rel ΔE: 0.00000151
  [VQE] Iteration:   62 | Energy:  -4.30032904 Ha | Rel ΔE: 0.00000225
  [VQE] Iteration:   63 | Energy:  -4.30033865 Ha | Rel ΔE: 0.00000223
  [VQE] Iteration:   64 | Energy:  -4.30034529 Ha | Rel ΔE: 0.00000155
  [VQE] Iteration:   65 | Energy:  -4.30035386 Ha | Rel ΔE: 0.00000199
  [VQE] Iteration:   66 | Energy:  -4.30035872 Ha | Rel ΔE: 0.00000113
  [VQE] Iteration:   67 | Energy:  -4.30036282 Ha | Rel ΔE: 0.00000095
  [VQE Converged] Rel ΔE (9.524e-07) is below threshold (1e-06)!
  [*] VQE Complete! Final Energy: -4.30036282 Ha
[DIIS] Extrapolating density (coeffs: [0.06 0.23 0.72 0.  ])
[Iteration 17] Embedding total energy = -692.54910396 Ha

>> [PennyLane] Initiating Native CPU Pipeline...
  [*] Bridged 999 Pauli terms on 12 qubits.
  [*] Launching Native Adjoint L-BFGS-B Optimization...
  --- Starting VQE Optimization Step ---
  [VQE] Iteration:    0 | Energy:  -3.14111795 Ha | Rel ΔE: N/A
  [VQE] Iteration:    1 | Energy:  -3.32180526 Ha | Rel ΔE: 0.05439431
  [VQE] Iteration:    2 | Energy:  -3.78551542 Ha | Rel ΔE: 0.12249591
  [VQE] Iteration:    3 | Energy:  -4.02629718 Ha | Rel ΔE: 0.05980228
  [VQE] Iteration:    4 | Energy:  -4.05903297 Ha | Rel ΔE: 0.00806492
  [VQE] Iteration:    5 | Energy:  -4.23710702 Ha | Rel ΔE: 0.04202727
  [VQE] Iteration:    6 | Energy:  -4.22869379 Ha | Rel ΔE: 0.00198561
  [VQE] Iteration:    7 | Energy:  -4.26926881 Ha | Rel ΔE: 0.00950397
  [VQE] Iteration:    8 | Energy:  -4.28010094 Ha | Rel ΔE: 0.00253081
  [VQE] Iteration:    9 | Energy:  -4.28310665 Ha | Rel ΔE: 0.00070176
  [VQE] Iteration:   10 | Energy:  -4.28451484 Ha | Rel ΔE: 0.00032867
  [VQE] Iteration:   11 | Energy:  -4.28606361 Ha | Rel ΔE: 0.00036135
  [VQE] Iteration:   12 | Energy:  -4.28728102 Ha | Rel ΔE: 0.00028396
  [VQE] Iteration:   13 | Energy:  -4.28907833 Ha | Rel ΔE: 0.00041904
  [VQE] Iteration:   14 | Energy:  -4.29069256 Ha | Rel ΔE: 0.00037622
  [VQE] Iteration:   15 | Energy:  -4.29230229 Ha | Rel ΔE: 0.00037503
  [VQE] Iteration:   16 | Energy:  -4.29295400 Ha | Rel ΔE: 0.00015181
  [VQE] Iteration:   17 | Energy:  -4.29378036 Ha | Rel ΔE: 0.00019245
  [VQE] Iteration:   18 | Energy:  -4.29557723 Ha | Rel ΔE: 0.00041831
  [VQE] Iteration:   19 | Energy:  -4.29646407 Ha | Rel ΔE: 0.00020641
  [VQE] Iteration:   20 | Energy:  -4.29761264 Ha | Rel ΔE: 0.00026726
  [VQE] Iteration:   21 | Energy:  -4.29797110 Ha | Rel ΔE: 0.00008340
  [VQE] Iteration:   22 | Energy:  -4.29826328 Ha | Rel ΔE: 0.00006798
  [VQE] Iteration:   23 | Energy:  -4.29851069 Ha | Rel ΔE: 0.00005756
  [VQE] Iteration:   24 | Energy:  -4.29878116 Ha | Rel ΔE: 0.00006292
  [VQE] Iteration:   25 | Energy:  -4.29896431 Ha | Rel ΔE: 0.00004260
  [VQE] Iteration:   26 | Energy:  -4.29910926 Ha | Rel ΔE: 0.00003372
  [VQE] Iteration:   27 | Energy:  -4.29919096 Ha | Rel ΔE: 0.00001900
  [VQE] Iteration:   28 | Energy:  -4.29938726 Ha | Rel ΔE: 0.00004566
  [VQE] Iteration:   29 | Energy:  -4.29946205 Ha | Rel ΔE: 0.00001739
  [VQE] Iteration:   30 | Energy:  -4.29957481 Ha | Rel ΔE: 0.00002623
  [VQE] Iteration:   31 | Energy:  -4.29968930 Ha | Rel ΔE: 0.00002663
  [VQE] Iteration:   32 | Energy:  -4.29976162 Ha | Rel ΔE: 0.00001682
  [VQE] Iteration:   33 | Energy:  -4.29981211 Ha | Rel ΔE: 0.00001174
  [VQE] Iteration:   34 | Energy:  -4.29985454 Ha | Rel ΔE: 0.00000987
  [VQE] Iteration:   35 | Energy:  -4.29990402 Ha | Rel ΔE: 0.00001151
  [VQE] Iteration:   36 | Energy:  -4.29997218 Ha | Rel ΔE: 0.00001585
  [VQE] Iteration:   37 | Energy:  -4.30002610 Ha | Rel ΔE: 0.00001254
  [VQE] Iteration:   38 | Energy:  -4.30006115 Ha | Rel ΔE: 0.00000815
  [VQE] Iteration:   39 | Energy:  -4.30007862 Ha | Rel ΔE: 0.00000406
  [VQE] Iteration:   40 | Energy:  -4.30009748 Ha | Rel ΔE: 0.00000439
  [VQE] Iteration:   41 | Energy:  -4.30012266 Ha | Rel ΔE: 0.00000586
  [VQE] Iteration:   42 | Energy:  -4.30014615 Ha | Rel ΔE: 0.00000546
  [VQE] Iteration:   43 | Energy:  -4.30016493 Ha | Rel ΔE: 0.00000437
  [VQE] Iteration:   44 | Energy:  -4.30017554 Ha | Rel ΔE: 0.00000247
  [VQE] Iteration:   45 | Energy:  -4.30018415 Ha | Rel ΔE: 0.00000200
  [VQE] Iteration:   46 | Energy:  -4.30019568 Ha | Rel ΔE: 0.00000268
  [VQE] Iteration:   47 | Energy:  -4.30021088 Ha | Rel ΔE: 0.00000354
  [VQE] Iteration:   48 | Energy:  -4.30022704 Ha | Rel ΔE: 0.00000376
  [VQE] Iteration:   49 | Energy:  -4.30024212 Ha | Rel ΔE: 0.00000351
  [VQE] Iteration:   50 | Energy:  -4.30025193 Ha | Rel ΔE: 0.00000228
  [VQE] Iteration:   51 | Energy:  -4.30026083 Ha | Rel ΔE: 0.00000207
  [VQE] Iteration:   52 | Energy:  -4.30026925 Ha | Rel ΔE: 0.00000196
  [VQE] Iteration:   53 | Energy:  -4.30027792 Ha | Rel ΔE: 0.00000202
  [VQE] Iteration:   54 | Energy:  -4.30028565 Ha | Rel ΔE: 0.00000180
  [VQE] Iteration:   55 | Energy:  -4.30029114 Ha | Rel ΔE: 0.00000128
  [VQE] Iteration:   56 | Energy:  -4.30029762 Ha | Rel ΔE: 0.00000151
  [VQE] Iteration:   57 | Energy:  -4.30030423 Ha | Rel ΔE: 0.00000154
  [VQE] Iteration:   58 | Energy:  -4.30031347 Ha | Rel ΔE: 0.00000215
  [VQE] Iteration:   59 | Energy:  -4.30032145 Ha | Rel ΔE: 0.00000186
  [VQE] Iteration:   60 | Energy:  -4.30032708 Ha | Rel ΔE: 0.00000131
  [VQE] Iteration:   61 | Energy:  -4.30033656 Ha | Rel ΔE: 0.00000221
  [VQE] Iteration:   62 | Energy:  -4.30034212 Ha | Rel ΔE: 0.00000129
  [VQE] Iteration:   63 | Energy:  -4.30035013 Ha | Rel ΔE: 0.00000186
  [VQE] Iteration:   64 | Energy:  -4.30035779 Ha | Rel ΔE: 0.00000178
  [VQE] Iteration:   65 | Energy:  -4.30036380 Ha | Rel ΔE: 0.00000140
  [VQE] Iteration:   66 | Energy:  -4.30037336 Ha | Rel ΔE: 0.00000222
  [VQE] Iteration:   67 | Energy:  -4.30037888 Ha | Rel ΔE: 0.00000128
  [VQE] Iteration:   68 | Energy:  -4.30038599 Ha | Rel ΔE: 0.00000165
  [VQE] Iteration:   69 | Energy:  -4.30039063 Ha | Rel ΔE: 0.00000108
  [VQE] Iteration:   70 | Energy:  -4.30039631 Ha | Rel ΔE: 0.00000132
  [VQE] Iteration:   71 | Energy:  -4.30040068 Ha | Rel ΔE: 0.00000102
  [VQE] Iteration:   72 | Energy:  -4.30040873 Ha | Rel ΔE: 0.00000187
  [VQE] Iteration:   73 | Energy:  -4.30041189 Ha | Rel ΔE: 0.00000074
  [VQE Converged] Rel ΔE (7.364e-07) is below threshold (1e-06)!
  [*] VQE Complete! Final Energy: -4.30041189 Ha
[DIIS] Extrapolating density (coeffs: [ 0.14  0.47  0.39 -0.  ])
[Iteration 18] Embedding total energy = -692.54993109 Ha

>> [PennyLane] Initiating Native CPU Pipeline...
  [*] Bridged 999 Pauli terms on 12 qubits.
  [*] Launching Native Adjoint L-BFGS-B Optimization...
  --- Starting VQE Optimization Step ---
  [VQE] Iteration:    0 | Energy:  -3.14111665 Ha | Rel ΔE: N/A
  [VQE] Iteration:    1 | Energy:  -3.32180384 Ha | Rel ΔE: 0.05439430
  [VQE] Iteration:    2 | Energy:  -3.78549159 Ha | Rel ΔE: 0.12249076
  [VQE] Iteration:    3 | Energy:  -4.02628362 Ha | Rel ΔE: 0.05980503
  [VQE] Iteration:    4 | Energy:  -4.05899870 Ha | Rel ΔE: 0.00805989
  [VQE] Iteration:    5 | Energy:  -4.23708908 Ha | Rel ΔE: 0.04203130
  [VQE] Iteration:    6 | Energy:  -4.22866202 Ha | Rel ΔE: 0.00198888
  [VQE] Iteration:    7 | Energy:  -4.26926327 Ha | Rel ΔE: 0.00951013
  [VQE] Iteration:    8 | Energy:  -4.28009989 Ha | Rel ΔE: 0.00253186
  [VQE] Iteration:    9 | Energy:  -4.28310576 Ha | Rel ΔE: 0.00070180
  [VQE] Iteration:   10 | Energy:  -4.28451399 Ha | Rel ΔE: 0.00032868
  [VQE] Iteration:   11 | Energy:  -4.28606290 Ha | Rel ΔE: 0.00036138
  [VQE] Iteration:   12 | Energy:  -4.28728016 Ha | Rel ΔE: 0.00028392
  [VQE] Iteration:   13 | Energy:  -4.28907742 Ha | Rel ΔE: 0.00041903
  [VQE] Iteration:   14 | Energy:  -4.29069176 Ha | Rel ΔE: 0.00037624
  [VQE] Iteration:   15 | Energy:  -4.29230172 Ha | Rel ΔE: 0.00037508
  [VQE] Iteration:   16 | Energy:  -4.29295365 Ha | Rel ΔE: 0.00015186
  [VQE] Iteration:   17 | Energy:  -4.29377935 Ha | Rel ΔE: 0.00019230
  [VQE] Iteration:   18 | Energy:  -4.29557623 Ha | Rel ΔE: 0.00041831
  [VQE] Iteration:   19 | Energy:  -4.29646479 Ha | Rel ΔE: 0.00020681
  [VQE] Iteration:   20 | Energy:  -4.29761240 Ha | Rel ΔE: 0.00026704
  [VQE] Iteration:   21 | Energy:  -4.29797113 Ha | Rel ΔE: 0.00008346
  [VQE] Iteration:   22 | Energy:  -4.29826367 Ha | Rel ΔE: 0.00006806
  [VQE] Iteration:   23 | Energy:  -4.29851112 Ha | Rel ΔE: 0.00005757
  [VQE] Iteration:   24 | Energy:  -4.29878127 Ha | Rel ΔE: 0.00006284
  [VQE] Iteration:   25 | Energy:  -4.29896496 Ha | Rel ΔE: 0.00004273
  [VQE] Iteration:   26 | Energy:  -4.29910971 Ha | Rel ΔE: 0.00003367
  [VQE] Iteration:   27 | Energy:  -4.29919289 Ha | Rel ΔE: 0.00001935
  [VQE] Iteration:   28 | Energy:  -4.29938775 Ha | Rel ΔE: 0.00004532
  [VQE] Iteration:   29 | Energy:  -4.29946277 Ha | Rel ΔE: 0.00001745
  [VQE] Iteration:   30 | Energy:  -4.29957547 Ha | Rel ΔE: 0.00002621
  [VQE] Iteration:   31 | Energy:  -4.29968898 Ha | Rel ΔE: 0.00002640
  [VQE] Iteration:   32 | Energy:  -4.29976368 Ha | Rel ΔE: 0.00001737
  [VQE] Iteration:   33 | Energy:  -4.29981237 Ha | Rel ΔE: 0.00001132
  [VQE] Iteration:   34 | Energy:  -4.29985647 Ha | Rel ΔE: 0.00001026
  [VQE] Iteration:   35 | Energy:  -4.29990555 Ha | Rel ΔE: 0.00001141
  [VQE] Iteration:   36 | Energy:  -4.29997444 Ha | Rel ΔE: 0.00001602
  [VQE] Iteration:   37 | Energy:  -4.30002851 Ha | Rel ΔE: 0.00001257
  [VQE] Iteration:   38 | Energy:  -4.30006263 Ha | Rel ΔE: 0.00000793
  [VQE] Iteration:   39 | Energy:  -4.30007930 Ha | Rel ΔE: 0.00000388
  [VQE] Iteration:   40 | Energy:  -4.30009901 Ha | Rel ΔE: 0.00000458
  [VQE] Iteration:   41 | Energy:  -4.30012232 Ha | Rel ΔE: 0.00000542
  [VQE] Iteration:   42 | Energy:  -4.30014557 Ha | Rel ΔE: 0.00000541
  [VQE] Iteration:   43 | Energy:  -4.30016538 Ha | Rel ΔE: 0.00000461
  [VQE] Iteration:   44 | Energy:  -4.30017583 Ha | Rel ΔE: 0.00000243
  [VQE] Iteration:   45 | Energy:  -4.30018370 Ha | Rel ΔE: 0.00000183
  [VQE] Iteration:   46 | Energy:  -4.30019723 Ha | Rel ΔE: 0.00000315
  [VQE] Iteration:   47 | Energy:  -4.30020949 Ha | Rel ΔE: 0.00000285
  [VQE] Iteration:   48 | Energy:  -4.30022330 Ha | Rel ΔE: 0.00000321
  [VQE] Iteration:   49 | Energy:  -4.30024180 Ha | Rel ΔE: 0.00000430
  [VQE] Iteration:   50 | Energy:  -4.30024996 Ha | Rel ΔE: 0.00000190
  [VQE] Iteration:   51 | Energy:  -4.30025743 Ha | Rel ΔE: 0.00000174
  [VQE] Iteration:   52 | Energy:  -4.30026889 Ha | Rel ΔE: 0.00000266
  [VQE] Iteration:   53 | Energy:  -4.30027571 Ha | Rel ΔE: 0.00000159
  [VQE] Iteration:   54 | Energy:  -4.30027902 Ha | Rel ΔE: 0.00000077
  [VQE Converged] Rel ΔE (7.696e-07) is below threshold (1e-06)!
  [*] VQE Complete! Final Energy: -4.30027902 Ha
[DIIS] Extrapolating density (coeffs: [0.09 0.47 0.44 0.  ])
[Iteration 19] Embedding total energy = -692.54232459 Ha

>> [PennyLane] Initiating Native CPU Pipeline...
  [*] Bridged 999 Pauli terms on 12 qubits.
  [*] Launching Native Adjoint L-BFGS-B Optimization...
  --- Starting VQE Optimization Step ---
  [VQE] Iteration:    0 | Energy:  -3.14111742 Ha | Rel ΔE: N/A
  [VQE] Iteration:    1 | Energy:  -3.32180472 Ha | Rel ΔE: 0.05439432
  [VQE] Iteration:    2 | Energy:  -3.78550833 Ha | Rel ΔE: 0.12249441
  [VQE] Iteration:    3 | Energy:  -4.02629292 Ha | Rel ΔE: 0.05980305
  [VQE] Iteration:    4 | Energy:  -4.05902315 Ha | Rel ΔE: 0.00806357
  [VQE] Iteration:    5 | Energy:  -4.23710199 Ha | Rel ΔE: 0.04202845
  [VQE] Iteration:    6 | Energy:  -4.22868548 Ha | Rel ΔE: 0.00198638
  [VQE] Iteration:    7 | Energy:  -4.26926730 Ha | Rel ΔE: 0.00950557
  [VQE] Iteration:    8 | Energy:  -4.28010074 Ha | Rel ΔE: 0.00253112
  [VQE] Iteration:    9 | Energy:  -4.28310650 Ha | Rel ΔE: 0.00070177
  [VQE] Iteration:   10 | Energy:  -4.28451471 Ha | Rel ΔE: 0.00032867
  [VQE] Iteration:   11 | Energy:  -4.28606352 Ha | Rel ΔE: 0.00036136
  [VQE] Iteration:   12 | Energy:  -4.28728088 Ha | Rel ΔE: 0.00028395
  [VQE] Iteration:   13 | Energy:  -4.28907818 Ha | Rel ΔE: 0.00041904
  [VQE] Iteration:   14 | Energy:  -4.29069244 Ha | Rel ΔE: 0.00037622
  [VQE] Iteration:   15 | Energy:  -4.29230223 Ha | Rel ΔE: 0.00037504
  [VQE] Iteration:   16 | Energy:  -4.29295401 Ha | Rel ΔE: 0.00015183
  [VQE] Iteration:   17 | Energy:  -4.29378016 Ha | Rel ΔE: 0.00019241
  [VQE] Iteration:   18 | Energy:  -4.29557704 Ha | Rel ΔE: 0.00041831
  [VQE] Iteration:   19 | Energy:  -4.29646429 Ha | Rel ΔE: 0.00020651
  [VQE] Iteration:   20 | Energy:  -4.29761267 Ha | Rel ΔE: 0.00026721
  [VQE] Iteration:   21 | Energy:  -4.29797120 Ha | Rel ΔE: 0.00008342
  [VQE] Iteration:   22 | Energy:  -4.29826349 Ha | Rel ΔE: 0.00006800
  [VQE] Iteration:   23 | Energy:  -4.29851091 Ha | Rel ΔE: 0.00005756
  [VQE] Iteration:   24 | Energy:  -4.29878129 Ha | Rel ΔE: 0.00006290
  [VQE] Iteration:   25 | Energy:  -4.29896460 Ha | Rel ΔE: 0.00004264
  [VQE] Iteration:   26 | Energy:  -4.29910949 Ha | Rel ΔE: 0.00003370
  [VQE] Iteration:   27 | Energy:  -4.29919156 Ha | Rel ΔE: 0.00001909
  [VQE] Iteration:   28 | Energy:  -4.29938751 Ha | Rel ΔE: 0.00004557
  [VQE] Iteration:   29 | Energy:  -4.29946235 Ha | Rel ΔE: 0.00001741
  [VQE] Iteration:   30 | Energy:  -4.29957510 Ha | Rel ΔE: 0.00002622
  [VQE] Iteration:   31 | Energy:  -4.29968935 Ha | Rel ΔE: 0.00002657
  [VQE] Iteration:   32 | Energy:  -4.29976229 Ha | Rel ΔE: 0.00001697
  [VQE] Iteration:   33 | Energy:  -4.29981230 Ha | Rel ΔE: 0.00001163
  [VQE] Iteration:   34 | Energy:  -4.29985516 Ha | Rel ΔE: 0.00000997
  [VQE] Iteration:   35 | Energy:  -4.29990454 Ha | Rel ΔE: 0.00001148
  [VQE] Iteration:   36 | Energy:  -4.29997304 Ha | Rel ΔE: 0.00001593
  [VQE] Iteration:   37 | Energy:  -4.30002691 Ha | Rel ΔE: 0.00001253
  [VQE] Iteration:   38 | Energy:  -4.30006177 Ha | Rel ΔE: 0.00000811
  [VQE] Iteration:   39 | Energy:  -4.30007903 Ha | Rel ΔE: 0.00000401
  [VQE] Iteration:   40 | Energy:  -4.30009806 Ha | Rel ΔE: 0.00000442
  [VQE] Iteration:   41 | Energy:  -4.30012298 Ha | Rel ΔE: 0.00000580
  [VQE] Iteration:   42 | Energy:  -4.30014643 Ha | Rel ΔE: 0.00000545
  [VQE] Iteration:   43 | Energy:  -4.30016528 Ha | Rel ΔE: 0.00000438
  [VQE] Iteration:   44 | Energy:  -4.30017592 Ha | Rel ΔE: 0.00000247
  [VQE] Iteration:   45 | Energy:  -4.30018453 Ha | Rel ΔE: 0.00000200
  [VQE] Iteration:   46 | Energy:  -4.30019641 Ha | Rel ΔE: 0.00000276
  [VQE] Iteration:   47 | Energy:  -4.30021125 Ha | Rel ΔE: 0.00000345
  [VQE] Iteration:   48 | Energy:  -4.30022701 Ha | Rel ΔE: 0.00000366
  [VQE] Iteration:   49 | Energy:  -4.30024221 Ha | Rel ΔE: 0.00000353
  [VQE] Iteration:   50 | Energy:  -4.30025129 Ha | Rel ΔE: 0.00000211
  [VQE] Iteration:   51 | Energy:  -4.30026046 Ha | Rel ΔE: 0.00000213
  [VQE] Iteration:   52 | Energy:  -4.30026919 Ha | Rel ΔE: 0.00000203
  [VQE] Iteration:   53 | Energy:  -4.30027726 Ha | Rel ΔE: 0.00000188
  [VQE] Iteration:   54 | Energy:  -4.30028204 Ha | Rel ΔE: 0.00000111
  [VQE] Iteration:   55 | Energy:  -4.30029105 Ha | Rel ΔE: 0.00000210
  [VQE] Iteration:   56 | Energy:  -4.30029482 Ha | Rel ΔE: 0.00000088
  [VQE Converged] Rel ΔE (8.769e-07) is below threshold (1e-06)!
  [*] VQE Complete! Final Energy: -4.30029482 Ha
[DIIS] Extrapolating density (coeffs: [ 0.26  0.3   0.45 -0.  ])
[Iteration 20] Embedding total energy = -692.54238469 Ha

>> [PennyLane] Initiating Native CPU Pipeline...
  [*] Bridged 999 Pauli terms on 12 qubits.
  [*] Launching Native Adjoint L-BFGS-B Optimization...
  --- Starting VQE Optimization Step ---
  [VQE] Iteration:    0 | Energy:  -3.14111911 Ha | Rel ΔE: N/A
  [VQE] Iteration:    1 | Energy:  -3.32180606 Ha | Rel ΔE: 0.05439419
  [VQE] Iteration:    2 | Energy:  -3.78550190 Ha | Rel ΔE: 0.12249257
  [VQE] Iteration:    3 | Energy:  -4.02629167 Ha | Rel ΔE: 0.05980435
  [VQE] Iteration:    4 | Energy:  -4.05900488 Ha | Rel ΔE: 0.00805941
  [VQE] Iteration:    5 | Energy:  -4.23709120 Ha | Rel ΔE: 0.04203033
  [VQE] Iteration:    6 | Energy:  -4.22866344 Ha | Rel ΔE: 0.00198904
  [VQE] Iteration:    7 | Energy:  -4.26926270 Ha | Rel ΔE: 0.00950966
  [VQE] Iteration:    8 | Energy:  -4.28009802 Ha | Rel ΔE: 0.00253156
  [VQE] Iteration:    9 | Energy:  -4.28310383 Ha | Rel ΔE: 0.00070178
  [VQE] Iteration:   10 | Energy:  -4.28451206 Ha | Rel ΔE: 0.00032868
  [VQE] Iteration:   11 | Energy:  -4.28606097 Ha | Rel ΔE: 0.00036138
  [VQE] Iteration:   12 | Energy:  -4.28727828 Ha | Rel ΔE: 0.00028394
  [VQE] Iteration:   13 | Energy:  -4.28907558 Ha | Rel ΔE: 0.00041904
  [VQE] Iteration:   14 | Energy:  -4.29068986 Ha | Rel ΔE: 0.00037623
  [VQE] Iteration:   15 | Energy:  -4.29229969 Ha | Rel ΔE: 0.00037505
  [VQE] Iteration:   16 | Energy:  -4.29295155 Ha | Rel ΔE: 0.00015184
  [VQE] Iteration:   17 | Energy:  -4.29377741 Ha | Rel ΔE: 0.00019234
  [VQE] Iteration:   18 | Energy:  -4.29557439 Ha | Rel ΔE: 0.00041833
  [VQE] Iteration:   19 | Energy:  -4.29646249 Ha | Rel ΔE: 0.00020670
  [VQE] Iteration:   20 | Energy:  -4.29761020 Ha | Rel ΔE: 0.00026706
  [VQE] Iteration:   21 | Energy:  -4.29796885 Ha | Rel ΔE: 0.00008345
  [VQE] Iteration:   22 | Energy:  -4.29826135 Ha | Rel ΔE: 0.00006805
  [VQE] Iteration:   23 | Energy:  -4.29850877 Ha | Rel ΔE: 0.00005756
  [VQE] Iteration:   24 | Energy:  -4.29877898 Ha | Rel ΔE: 0.00006286
  [VQE] Iteration:   25 | Energy:  -4.29896256 Ha | Rel ΔE: 0.00004271
  [VQE] Iteration:   26 | Energy:  -4.29910734 Ha | Rel ΔE: 0.00003368
  [VQE] Iteration:   27 | Energy:  -4.29919016 Ha | Rel ΔE: 0.00001926
  [VQE] Iteration:   28 | Energy:  -4.29938539 Ha | Rel ΔE: 0.00004541
  [VQE] Iteration:   29 | Energy:  -4.29946034 Ha | Rel ΔE: 0.00001743
  [VQE] Iteration:   30 | Energy:  -4.29957308 Ha | Rel ΔE: 0.00002622
  [VQE] Iteration:   31 | Energy:  -4.29968683 Ha | Rel ΔE: 0.00002646
  [VQE] Iteration:   32 | Energy:  -4.29976096 Ha | Rel ΔE: 0.00001724
  [VQE] Iteration:   33 | Energy:  -4.29981006 Ha | Rel ΔE: 0.00001142
  [VQE] Iteration:   34 | Energy:  -4.29985376 Ha | Rel ΔE: 0.00001016
  [VQE] Iteration:   35 | Energy:  -4.29990295 Ha | Rel ΔE: 0.00001144
  [VQE] Iteration:   36 | Energy:  -4.29997181 Ha | Rel ΔE: 0.00001601
  [VQE] Iteration:   37 | Energy:  -4.30002573 Ha | Rel ΔE: 0.00001254
  [VQE] Iteration:   38 | Energy:  -4.30006011 Ha | Rel ΔE: 0.00000799
  [VQE] Iteration:   39 | Energy:  -4.30007695 Ha | Rel ΔE: 0.00000392
  [VQE] Iteration:   40 | Energy:  -4.30009643 Ha | Rel ΔE: 0.00000453
  [VQE] Iteration:   41 | Energy:  -4.30012033 Ha | Rel ΔE: 0.00000556
  [VQE] Iteration:   42 | Energy:  -4.30014372 Ha | Rel ΔE: 0.00000544
  [VQE] Iteration:   43 | Energy:  -4.30016307 Ha | Rel ΔE: 0.00000450
  [VQE] Iteration:   44 | Energy:  -4.30017363 Ha | Rel ΔE: 0.00000246
  [VQE] Iteration:   45 | Energy:  -4.30018177 Ha | Rel ΔE: 0.00000189
  [VQE] Iteration:   46 | Energy:  -4.30019476 Ha | Rel ΔE: 0.00000302
  [VQE] Iteration:   47 | Energy:  -4.30020783 Ha | Rel ΔE: 0.00000304
  [VQE] Iteration:   48 | Energy:  -4.30022216 Ha | Rel ΔE: 0.00000333
  [VQE] Iteration:   49 | Energy:  -4.30023958 Ha | Rel ΔE: 0.00000405
  [VQE] Iteration:   50 | Energy:  -4.30024790 Ha | Rel ΔE: 0.00000193
  [VQE] Iteration:   51 | Energy:  -4.30025634 Ha | Rel ΔE: 0.00000196
  [VQE] Iteration:   52 | Energy:  -4.30026786 Ha | Rel ΔE: 0.00000268
  [VQE] Iteration:   53 | Energy:  -4.30027467 Ha | Rel ΔE: 0.00000158
  [VQE] Iteration:   54 | Energy:  -4.30028401 Ha | Rel ΔE: 0.00000217
  [VQE] Iteration:   55 | Energy:  -4.30029038 Ha | Rel ΔE: 0.00000148
  [VQE] Iteration:   56 | Energy:  -4.30029556 Ha | Rel ΔE: 0.00000120
  [VQE] Iteration:   57 | Energy:  -4.30030364 Ha | Rel ΔE: 0.00000188
  [VQE] Iteration:   58 | Energy:  -4.30031070 Ha | Rel ΔE: 0.00000164
  [VQE] Iteration:   59 | Energy:  -4.30031852 Ha | Rel ΔE: 0.00000182
  [VQE] Iteration:   60 | Energy:  -4.30032712 Ha | Rel ΔE: 0.00000200
  [VQE] Iteration:   61 | Energy:  -4.30033437 Ha | Rel ΔE: 0.00000169
  [VQE] Iteration:   62 | Energy:  -4.30034282 Ha | Rel ΔE: 0.00000197
  [VQE] Iteration:   63 | Energy:  -4.30035133 Ha | Rel ΔE: 0.00000198
  [VQE] Iteration:   64 | Energy:  -4.30035991 Ha | Rel ΔE: 0.00000200
  [VQE] Iteration:   65 | Energy:  -4.30036674 Ha | Rel ΔE: 0.00000159
  [VQE] Iteration:   66 | Energy:  -4.30037277 Ha | Rel ΔE: 0.00000140
  [VQE] Iteration:   67 | Energy:  -4.30037881 Ha | Rel ΔE: 0.00000140
  [VQE] Iteration:   68 | Energy:  -4.30038499 Ha | Rel ΔE: 0.00000144
  [VQE] Iteration:   69 | Energy:  -4.30039213 Ha | Rel ΔE: 0.00000166
  [VQE] Iteration:   70 | Energy:  -4.30039783 Ha | Rel ΔE: 0.00000133
  [VQE] Iteration:   71 | Energy:  -4.30040262 Ha | Rel ΔE: 0.00000111
  [VQE] Iteration:   72 | Energy:  -4.30040645 Ha | Rel ΔE: 0.00000089
  [VQE Converged] Rel ΔE (8.910e-07) is below threshold (1e-06)!
  [*] VQE Complete! Final Energy: -4.30040645 Ha
[DIIS] Extrapolating density (coeffs: [0.31 0.36 0.33 0.  ])
[Iteration 21] Embedding total energy = -692.54960575 Ha

>> [PennyLane] Initiating Native CPU Pipeline...
  [*] Bridged 999 Pauli terms on 12 qubits.
  [*] Launching Native Adjoint L-BFGS-B Optimization...
  --- Starting VQE Optimization Step ---
  [VQE] Iteration:    0 | Energy:  -3.14111698 Ha | Rel ΔE: N/A
  [VQE] Iteration:    1 | Energy:  -3.32180426 Ha | Rel ΔE: 0.05439432
  [VQE] Iteration:    2 | Energy:  -3.78550250 Ha | Rel ΔE: 0.12249318
  [VQE] Iteration:    3 | Energy:  -4.02628946 Ha | Rel ΔE: 0.05980369
  [VQE] Iteration:    4 | Energy:  -4.05901607 Ha | Rel ΔE: 0.00806269
  [VQE] Iteration:    5 | Energy:  -4.23709824 Ha | Rel ΔE: 0.04202928
  [VQE] Iteration:    6 | Energy:  -4.22867865 Ha | Rel ΔE: 0.00198711
  [VQE] Iteration:    7 | Energy:  -4.26926628 Ha | Rel ΔE: 0.00950693
  [VQE] Iteration:    8 | Energy:  -4.28010073 Ha | Rel ΔE: 0.00253135
  [VQE] Iteration:    9 | Energy:  -4.28310652 Ha | Rel ΔE: 0.00070178
  [VQE] Iteration:   10 | Energy:  -4.28451473 Ha | Rel ΔE: 0.00032867
  [VQE] Iteration:   11 | Energy:  -4.28606356 Ha | Rel ΔE: 0.00036137
  [VQE] Iteration:   12 | Energy:  -4.28728089 Ha | Rel ΔE: 0.00028394
  [VQE] Iteration:   13 | Energy:  -4.28907817 Ha | Rel ΔE: 0.00041904
  [VQE] Iteration:   14 | Energy:  -4.29069247 Ha | Rel ΔE: 0.00037623
  [VQE] Iteration:   15 | Energy:  -4.29230233 Ha | Rel ΔE: 0.00037506
  [VQE] Iteration:   16 | Energy:  -4.29295415 Ha | Rel ΔE: 0.00015184
  [VQE] Iteration:   17 | Energy:  -4.29378018 Ha | Rel ΔE: 0.00019238
  [VQE] Iteration:   18 | Energy:  -4.29557704 Ha | Rel ΔE: 0.00041830
  [VQE] Iteration:   19 | Energy:  -4.29646479 Ha | Rel ΔE: 0.00020663
  [VQE] Iteration:   20 | Energy:  -4.29761287 Ha | Rel ΔE: 0.00026714
  [VQE] Iteration:   21 | Energy:  -4.29797147 Ha | Rel ΔE: 0.00008343
  [VQE] Iteration:   22 | Energy:  -4.29826382 Ha | Rel ΔE: 0.00006802
  [VQE] Iteration:   23 | Energy:  -4.29851126 Ha | Rel ΔE: 0.00005756
  [VQE] Iteration:   24 | Energy:  -4.29878156 Ha | Rel ΔE: 0.00006288
  [VQE] Iteration:   25 | Energy:  -4.29896498 Ha | Rel ΔE: 0.00004267
  [VQE] Iteration:   26 | Energy:  -4.29910984 Ha | Rel ΔE: 0.00003369
  [VQE] Iteration:   27 | Energy:  -4.29919229 Ha | Rel ΔE: 0.00001918
  [VQE] Iteration:   28 | Energy:  -4.29938785 Ha | Rel ΔE: 0.00004549
  [VQE] Iteration:   29 | Energy:  -4.29946275 Ha | Rel ΔE: 0.00001742
  [VQE] Iteration:   30 | Energy:  -4.29957548 Ha | Rel ΔE: 0.00002622
  [VQE] Iteration:   31 | Energy:  -4.29968948 Ha | Rel ΔE: 0.00002651
  [VQE] Iteration:   32 | Energy:  -4.29976304 Ha | Rel ΔE: 0.00001711
  [VQE] Iteration:   33 | Energy:  -4.29981258 Ha | Rel ΔE: 0.00001152
  [VQE] Iteration:   34 | Energy:  -4.29985586 Ha | Rel ΔE: 0.00001007
  [VQE] Iteration:   35 | Energy:  -4.29990514 Ha | Rel ΔE: 0.00001146
  [VQE] Iteration:   36 | Energy:  -4.29997387 Ha | Rel ΔE: 0.00001598
  [VQE] Iteration:   37 | Energy:  -4.30002775 Ha | Rel ΔE: 0.00001253
  [VQE] Iteration:   38 | Energy:  -4.30006239 Ha | Rel ΔE: 0.00000806
  [VQE] Iteration:   39 | Energy:  -4.30007945 Ha | Rel ΔE: 0.00000397
  [VQE] Iteration:   40 | Energy:  -4.30009869 Ha | Rel ΔE: 0.00000448
  [VQE] Iteration:   41 | Energy:  -4.30012316 Ha | Rel ΔE: 0.00000569
  [VQE] Iteration:   42 | Energy:  -4.30014659 Ha | Rel ΔE: 0.00000545
  [VQE] Iteration:   43 | Energy:  -4.30016562 Ha | Rel ΔE: 0.00000442
  [VQE] Iteration:   44 | Energy:  -4.30017625 Ha | Rel ΔE: 0.00000247
  [VQE] Iteration:   45 | Energy:  -4.30018471 Ha | Rel ΔE: 0.00000197
  [VQE] Iteration:   46 | Energy:  -4.30019709 Ha | Rel ΔE: 0.00000288
  [VQE] Iteration:   47 | Energy:  -4.30021111 Ha | Rel ΔE: 0.00000326
  [VQE] Iteration:   48 | Energy:  -4.30022624 Ha | Rel ΔE: 0.00000352
  [VQE] Iteration:   49 | Energy:  -4.30024231 Ha | Rel ΔE: 0.00000374
  [VQE] Iteration:   50 | Energy:  -4.30025098 Ha | Rel ΔE: 0.00000201
  [VQE] Iteration:   51 | Energy:  -4.30025997 Ha | Rel ΔE: 0.00000209
  [VQE] Iteration:   52 | Energy:  -4.30027003 Ha | Rel ΔE: 0.00000234
  [VQE] Iteration:   53 | Energy:  -4.30027733 Ha | Rel ΔE: 0.00000170
  [VQE] Iteration:   54 | Energy:  -4.30028481 Ha | Rel ΔE: 0.00000174
  [VQE] Iteration:   55 | Energy:  -4.30029229 Ha | Rel ΔE: 0.00000174
  [VQE] Iteration:   56 | Energy:  -4.30029651 Ha | Rel ΔE: 0.00000098
  [VQE Converged] Rel ΔE (9.822e-07) is below threshold (1e-06)!
  [*] VQE Complete! Final Energy: -4.30029651 Ha
[DIIS] Extrapolating density (coeffs: [ 0.31  0.35  0.34 -0.  ])
[Iteration 22] Embedding total energy = -692.54262731 Ha

>> [PennyLane] Initiating Native CPU Pipeline...
  [*] Bridged 999 Pauli terms on 12 qubits.
  [*] Launching Native Adjoint L-BFGS-B Optimization...
  --- Starting VQE Optimization Step ---
  [VQE] Iteration:    0 | Energy:  -3.14111833 Ha | Rel ΔE: N/A
  [VQE] Iteration:    1 | Energy:  -3.32180541 Ha | Rel ΔE: 0.05439424
  [VQE] Iteration:    2 | Energy:  -3.78550317 Ha | Rel ΔE: 0.12249303
  [VQE] Iteration:    3 | Energy:  -4.02629137 Ha | Rel ΔE: 0.05980397
  [VQE] Iteration:    4 | Energy:  -4.05901079 Ha | Rel ΔE: 0.00806094
  [VQE] Iteration:    5 | Energy:  -4.23709476 Ha | Rel ΔE: 0.04202974
  [VQE] Iteration:    6 | Energy:  -4.22867095 Ha | Rel ΔE: 0.00198811
  [VQE] Iteration:    7 | Energy:  -4.26926434 Ha | Rel ΔE: 0.00950829
  [VQE] Iteration:    8 | Energy:  -4.28009912 Ha | Rel ΔE: 0.00253143
  [VQE] Iteration:    9 | Energy:  -4.28310492 Ha | Rel ΔE: 0.00070178
  [VQE] Iteration:   10 | Energy:  -4.28451314 Ha | Rel ΔE: 0.00032868
  [VQE] Iteration:   11 | Energy:  -4.28606201 Ha | Rel ΔE: 0.00036137
  [VQE] Iteration:   12 | Energy:  -4.28727934 Ha | Rel ΔE: 0.00028394
  [VQE] Iteration:   13 | Energy:  -4.28907663 Ha | Rel ΔE: 0.00041904
  [VQE] Iteration:   14 | Energy:  -4.29069091 Ha | Rel ΔE: 0.00037623
  [VQE] Iteration:   15 | Energy:  -4.29230074 Ha | Rel ΔE: 0.00037505
  [VQE] Iteration:   16 | Energy:  -4.29295258 Ha | Rel ΔE: 0.00015184
  [VQE] Iteration:   17 | Energy:  -4.29377853 Ha | Rel ΔE: 0.00019236
  [VQE] Iteration:   18 | Energy:  -4.29557547 Ha | Rel ΔE: 0.00041832
  [VQE] Iteration:   19 | Energy:  -4.29646334 Ha | Rel ΔE: 0.00020665
  [VQE] Iteration:   20 | Energy:  -4.29761125 Ha | Rel ΔE: 0.00026710
  [VQE] Iteration:   21 | Energy:  -4.29796987 Ha | Rel ΔE: 0.00008344
  [VQE] Iteration:   22 | Energy:  -4.29826229 Ha | Rel ΔE: 0.00006803
  [VQE] Iteration:   23 | Energy:  -4.29850972 Ha | Rel ΔE: 0.00005756
  [VQE] Iteration:   24 | Energy:  -4.29877998 Ha | Rel ΔE: 0.00006287
  [VQE] Iteration:   25 | Energy:  -4.29896348 Ha | Rel ΔE: 0.00004268
  [VQE] Iteration:   26 | Energy:  -4.29910830 Ha | Rel ΔE: 0.00003369
  [VQE] Iteration:   27 | Energy:  -4.29919089 Ha | Rel ΔE: 0.00001921
  [VQE] Iteration:   28 | Energy:  -4.29938633 Ha | Rel ΔE: 0.00004546
  [VQE] Iteration:   29 | Energy:  -4.29946125 Ha | Rel ΔE: 0.00001743
  [VQE] Iteration:   30 | Energy:  -4.29957398 Ha | Rel ΔE: 0.00002622
  [VQE] Iteration:   31 | Energy:  -4.29968788 Ha | Rel ΔE: 0.00002649
  [VQE] Iteration:   32 | Energy:  -4.29976167 Ha | Rel ΔE: 0.00001716
  [VQE] Iteration:   33 | Energy:  -4.29981103 Ha | Rel ΔE: 0.00001148
  [VQE] Iteration:   34 | Energy:  -4.29985449 Ha | Rel ΔE: 0.00001011
  [VQE] Iteration:   35 | Energy:  -4.29990373 Ha | Rel ΔE: 0.00001145
  [VQE] Iteration:   36 | Energy:  -4.29997252 Ha | Rel ΔE: 0.00001600
  [VQE] Iteration:   37 | Energy:  -4.30002641 Ha | Rel ΔE: 0.00001253
  [VQE] Iteration:   38 | Energy:  -4.30006095 Ha | Rel ΔE: 0.00000803
  [VQE] Iteration:   39 | Energy:  -4.30007791 Ha | Rel ΔE: 0.00000395
  [VQE] Iteration:   40 | Energy:  -4.30009725 Ha | Rel ΔE: 0.00000450
  [VQE] Iteration:   41 | Energy:  -4.30012149 Ha | Rel ΔE: 0.00000564
  [VQE] Iteration:   42 | Energy:  -4.30014492 Ha | Rel ΔE: 0.00000545
  [VQE] Iteration:   43 | Energy:  -4.30016406 Ha | Rel ΔE: 0.00000445
  [VQE] Iteration:   44 | Energy:  -4.30017467 Ha | Rel ΔE: 0.00000247
  [VQE] Iteration:   45 | Energy:  -4.30018300 Ha | Rel ΔE: 0.00000194
  [VQE] Iteration:   46 | Energy:  -4.30019562 Ha | Rel ΔE: 0.00000294
  [VQE] Iteration:   47 | Energy:  -4.30020925 Ha | Rel ΔE: 0.00000317
  [VQE] Iteration:   48 | Energy:  -4.30022403 Ha | Rel ΔE: 0.00000344
  [VQE] Iteration:   49 | Energy:  -4.30024064 Ha | Rel ΔE: 0.00000386
  [VQE] Iteration:   50 | Energy:  -4.30024918 Ha | Rel ΔE: 0.00000198
  [VQE] Iteration:   51 | Energy:  -4.30025801 Ha | Rel ΔE: 0.00000205
  [VQE] Iteration:   52 | Energy:  -4.30026875 Ha | Rel ΔE: 0.00000250
  [VQE] Iteration:   53 | Energy:  -4.30027579 Ha | Rel ΔE: 0.00000164
  [VQE] Iteration:   54 | Energy:  -4.30028456 Ha | Rel ΔE: 0.00000204
  [VQE] Iteration:   55 | Energy:  -4.30029122 Ha | Rel ΔE: 0.00000155
  [VQE] Iteration:   56 | Energy:  -4.30029621 Ha | Rel ΔE: 0.00000116
  [VQE] Iteration:   57 | Energy:  -4.30030411 Ha | Rel ΔE: 0.00000184
  [VQE] Iteration:   58 | Energy:  -4.30031069 Ha | Rel ΔE: 0.00000153
  [VQE] Iteration:   59 | Energy:  -4.30031877 Ha | Rel ΔE: 0.00000188
  [VQE] Iteration:   60 | Energy:  -4.30032552 Ha | Rel ΔE: 0.00000157
  [VQE] Iteration:   61 | Energy:  -4.30033147 Ha | Rel ΔE: 0.00000138
  [VQE] Iteration:   62 | Energy:  -4.30034252 Ha | Rel ΔE: 0.00000257
  [VQE] Iteration:   63 | Energy:  -4.30034883 Ha | Rel ΔE: 0.00000147
  [VQE] Iteration:   64 | Energy:  -4.30035792 Ha | Rel ΔE: 0.00000212
  [VQE] Iteration:   65 | Energy:  -4.30036349 Ha | Rel ΔE: 0.00000129
  [VQE] Iteration:   66 | Energy:  -4.30036934 Ha | Rel ΔE: 0.00000136
  [VQE] Iteration:   67 | Energy:  -4.30037210 Ha | Rel ΔE: 0.00000064
  [VQE Converged] Rel ΔE (6.422e-07) is below threshold (1e-06)!
  [*] VQE Complete! Final Energy: -4.30037210 Ha
[DIIS] Extrapolating density (coeffs: [0.33 0.33 0.33 0.  ])
[Iteration 23] Embedding total energy = -692.54867750 Ha

>> [PennyLane] Initiating Native CPU Pipeline...
  [*] Bridged 999 Pauli terms on 12 qubits.
  [*] Launching Native Adjoint L-BFGS-B Optimization...
  --- Starting VQE Optimization Step ---
  [VQE] Iteration:    0 | Energy:  -3.14111775 Ha | Rel ΔE: N/A
  [VQE] Iteration:    1 | Energy:  -3.32180492 Ha | Rel ΔE: 0.05439428
  [VQE] Iteration:    2 | Energy:  -3.78550348 Ha | Rel ΔE: 0.12249323
  [VQE] Iteration:    3 | Energy:  -4.02629088 Ha | Rel ΔE: 0.05980378
  [VQE] Iteration:    4 | Energy:  -4.05901394 Ha | Rel ΔE: 0.00806183
  [VQE] Iteration:    5 | Energy:  -4.23709676 Ha | Rel ΔE: 0.04202944
  [VQE] Iteration:    6 | Energy:  -4.22867504 Ha | Rel ΔE: 0.00198762
  [VQE] Iteration:    7 | Energy:  -4.26926535 Ha | Rel ΔE: 0.00950756
  [VQE] Iteration:    8 | Energy:  -4.28009988 Ha | Rel ΔE: 0.00253137
  [VQE] Iteration:    9 | Energy:  -4.28310567 Ha | Rel ΔE: 0.00070178
  [VQE] Iteration:   10 | Energy:  -4.28451388 Ha | Rel ΔE: 0.00032867
  [VQE] Iteration:   11 | Energy:  -4.28606273 Ha | Rel ΔE: 0.00036137
  [VQE] Iteration:   12 | Energy:  -4.28728007 Ha | Rel ΔE: 0.00028394
  [VQE] Iteration:   13 | Energy:  -4.28907736 Ha | Rel ΔE: 0.00041904
  [VQE] Iteration:   14 | Energy:  -4.29069164 Ha | Rel ΔE: 0.00037623
  [VQE] Iteration:   15 | Energy:  -4.29230148 Ha | Rel ΔE: 0.00037505
  [VQE] Iteration:   16 | Energy:  -4.29295331 Ha | Rel ΔE: 0.00015184
  [VQE] Iteration:   17 | Energy:  -4.29377931 Ha | Rel ΔE: 0.00019237
  [VQE] Iteration:   18 | Energy:  -4.29557621 Ha | Rel ΔE: 0.00041831
  [VQE] Iteration:   19 | Energy:  -4.29646400 Ha | Rel ΔE: 0.00020663
  [VQE] Iteration:   20 | Energy:  -4.29761200 Ha | Rel ΔE: 0.00026712
  [VQE] Iteration:   21 | Energy:  -4.29797060 Ha | Rel ΔE: 0.00008343
  [VQE] Iteration:   22 | Energy:  -4.29826298 Ha | Rel ΔE: 0.00006802
  [VQE] Iteration:   23 | Energy:  -4.29851041 Ha | Rel ΔE: 0.00005756
  [VQE] Iteration:   24 | Energy:  -4.29878070 Ha | Rel ΔE: 0.00006288
  [VQE] Iteration:   25 | Energy:  -4.29896415 Ha | Rel ΔE: 0.00004267
  [VQE] Iteration:   26 | Energy:  -4.29910899 Ha | Rel ΔE: 0.00003369
  [VQE] Iteration:   27 | Energy:  -4.29919149 Ha | Rel ΔE: 0.00001919
  [VQE] Iteration:   28 | Energy:  -4.29938701 Ha | Rel ΔE: 0.00004548
  [VQE] Iteration:   29 | Energy:  -4.29946192 Ha | Rel ΔE: 0.00001742
  [VQE] Iteration:   30 | Energy:  -4.29957465 Ha | Rel ΔE: 0.00002622
  [VQE] Iteration:   31 | Energy:  -4.29968862 Ha | Rel ΔE: 0.00002651
  [VQE] Iteration:   32 | Energy:  -4.29976225 Ha | Rel ΔE: 0.00001712
  [VQE] Iteration:   33 | Energy:  -4.29981173 Ha | Rel ΔE: 0.00001151
  [VQE] Iteration:   34 | Energy:  -4.29985507 Ha | Rel ΔE: 0.00001008
  [VQE] Iteration:   35 | Energy:  -4.29990434 Ha | Rel ΔE: 0.00001146
  [VQE] Iteration:   36 | Energy:  -4.29997309 Ha | Rel ΔE: 0.00001599
  [VQE] Iteration:   37 | Energy:  -4.30002697 Ha | Rel ΔE: 0.00001253
  [VQE] Iteration:   38 | Energy:  -4.30006157 Ha | Rel ΔE: 0.00000805
  [VQE] Iteration:   39 | Energy:  -4.30007860 Ha | Rel ΔE: 0.00000396
  [VQE] Iteration:   40 | Energy:  -4.30009787 Ha | Rel ΔE: 0.00000448
  [VQE] Iteration:   41 | Energy:  -4.30012227 Ha | Rel ΔE: 0.00000567
  [VQE] Iteration:   42 | Energy:  -4.30014570 Ha | Rel ΔE: 0.00000545
  [VQE] Iteration:   43 | Energy:  -4.30016476 Ha | Rel ΔE: 0.00000443
  [VQE] Iteration:   44 | Energy:  -4.30017539 Ha | Rel ΔE: 0.00000247
  [VQE] Iteration:   45 | Energy:  -4.30018380 Ha | Rel ΔE: 0.00000196
  [VQE] Iteration:   46 | Energy:  -4.30019626 Ha | Rel ΔE: 0.00000290
  [VQE] Iteration:   47 | Energy:  -4.30021015 Ha | Rel ΔE: 0.00000323
  [VQE] Iteration:   48 | Energy:  -4.30022516 Ha | Rel ΔE: 0.00000349
  [VQE] Iteration:   49 | Energy:  -4.30024141 Ha | Rel ΔE: 0.00000378
  [VQE] Iteration:   50 | Energy:  -4.30025003 Ha | Rel ΔE: 0.00000200
  [VQE] Iteration:   51 | Energy:  -4.30025898 Ha | Rel ΔE: 0.00000208
  [VQE] Iteration:   52 | Energy:  -4.30026928 Ha | Rel ΔE: 0.00000239
  [VQE] Iteration:   53 | Energy:  -4.30027648 Ha | Rel ΔE: 0.00000168
  [VQE] Iteration:   54 | Energy:  -4.30028456 Ha | Rel ΔE: 0.00000188
  [VQE] Iteration:   55 | Energy:  -4.30029163 Ha | Rel ΔE: 0.00000164
  [VQE] Iteration:   56 | Energy:  -4.30029615 Ha | Rel ΔE: 0.00000105
  [VQE] Iteration:   57 | Energy:  -4.30030356 Ha | Rel ΔE: 0.00000172
  [VQE] Iteration:   58 | Energy:  -4.30030900 Ha | Rel ΔE: 0.00000127
  [VQE] Iteration:   59 | Energy:  -4.30031871 Ha | Rel ΔE: 0.00000226
  [VQE] Iteration:   60 | Energy:  -4.30032437 Ha | Rel ΔE: 0.00000131
  [VQE] Iteration:   61 | Energy:  -4.30033029 Ha | Rel ΔE: 0.00000138
  [VQE] Iteration:   62 | Energy:  -4.30034012 Ha | Rel ΔE: 0.00000229
  [VQE] Iteration:   63 | Energy:  -4.30033843 Ha | Rel ΔE: 0.00000039
  [VQE Converged] Rel ΔE (3.933e-07) is below threshold (1e-06)!
  [VQE] Iteration:   64 | Energy:  -4.30034663 Ha | Rel ΔE: 0.00000191
  [VQE] Iteration:   65 | Energy:  -4.30035640 Ha | Rel ΔE: 0.00000227
  [VQE] Iteration:   66 | Energy:  -4.30036368 Ha | Rel ΔE: 0.00000169
  [VQE] Iteration:   67 | Energy:  -4.30036994 Ha | Rel ΔE: 0.00000145
  [VQE] Iteration:   68 | Energy:  -4.30037554 Ha | Rel ΔE: 0.00000130
  [VQE] Iteration:   69 | Energy:  -4.30038115 Ha | Rel ΔE: 0.00000131
  [VQE] Iteration:   70 | Energy:  -4.30038792 Ha | Rel ΔE: 0.00000157
  [VQE] Iteration:   71 | Energy:  -4.30039372 Ha | Rel ΔE: 0.00000135
  [VQE] Iteration:   72 | Energy:  -4.30040071 Ha | Rel ΔE: 0.00000163
  [VQE] Iteration:   73 | Energy:  -4.30040670 Ha | Rel ΔE: 0.00000139
  [VQE] Iteration:   74 | Energy:  -4.30041106 Ha | Rel ΔE: 0.00000101
  [VQE] Iteration:   75 | Energy:  -4.30041480 Ha | Rel ΔE: 0.00000087
  [VQE Converged] Rel ΔE (8.711e-07) is below threshold (1e-06)!
  [*] VQE Complete! Final Energy: -4.30041480 Ha
[DIIS] Extrapolating density (coeffs: [ 0.33  0.33  0.33 -0.  ])
[Iteration 24] Embedding total energy = -692.55016114 Ha

>> [PennyLane] Initiating Native CPU Pipeline...
  [*] Bridged 999 Pauli terms on 12 qubits.
  [*] Launching Native Adjoint L-BFGS-B Optimization...
  --- Starting VQE Optimization Step ---
  [VQE] Iteration:    0 | Energy:  -3.14111799 Ha | Rel ΔE: N/A
  [VQE] Iteration:    1 | Energy:  -3.32180512 Ha | Rel ΔE: 0.05439426
  [VQE] Iteration:    2 | Energy:  -3.78550243 Ha | Rel ΔE: 0.12249294
  [VQE] Iteration:    3 | Energy:  -4.02629063 Ha | Rel ΔE: 0.05980398
  [VQE] Iteration:    4 | Energy:  -4.05901092 Ha | Rel ΔE: 0.00806115
  [VQE] Iteration:    5 | Energy:  -4.23709503 Ha | Rel ΔE: 0.04202977
  [VQE] Iteration:    6 | Energy:  -4.22867176 Ha | Rel ΔE: 0.00198798
  [VQE] Iteration:    7 | Energy:  -4.26926461 Ha | Rel ΔE: 0.00950816
  [VQE] Iteration:    8 | Energy:  -4.28009944 Ha | Rel ΔE: 0.00253144
  [VQE] Iteration:    9 | Energy:  -4.28310524 Ha | Rel ΔE: 0.00070178
  [VQE] Iteration:   10 | Energy:  -4.28451347 Ha | Rel ΔE: 0.00032868
  [VQE] Iteration:   11 | Energy:  -4.28606233 Ha | Rel ΔE: 0.00036137
  [VQE] Iteration:   12 | Energy:  -4.28727966 Ha | Rel ΔE: 0.00028394
  [VQE] Iteration:   13 | Energy:  -4.28907695 Ha | Rel ΔE: 0.00041904
  [VQE] Iteration:   14 | Energy:  -4.29069123 Ha | Rel ΔE: 0.00037623
  [VQE] Iteration:   15 | Energy:  -4.29230107 Ha | Rel ΔE: 0.00037505
  [VQE] Iteration:   16 | Energy:  -4.29295291 Ha | Rel ΔE: 0.00015184
  [VQE] Iteration:   17 | Energy:  -4.29377886 Ha | Rel ΔE: 0.00019236
  [VQE] Iteration:   18 | Energy:  -4.29557578 Ha | Rel ΔE: 0.00041832
  [VQE] Iteration:   19 | Energy:  -4.29646366 Ha | Rel ΔE: 0.00020665
  [VQE] Iteration:   20 | Energy:  -4.29761159 Ha | Rel ΔE: 0.00026711
  [VQE] Iteration:   21 | Energy:  -4.29797021 Ha | Rel ΔE: 0.00008344
  [VQE] Iteration:   22 | Energy:  -4.29826263 Ha | Rel ΔE: 0.00006803
  [VQE] Iteration:   23 | Energy:  -4.29851006 Ha | Rel ΔE: 0.00005756
  [VQE] Iteration:   24 | Energy:  -4.29878033 Ha | Rel ΔE: 0.00006287
  [VQE] Iteration:   25 | Energy:  -4.29896382 Ha | Rel ΔE: 0.00004268
  [VQE] Iteration:   26 | Energy:  -4.29910864 Ha | Rel ΔE: 0.00003369
  [VQE] Iteration:   27 | Energy:  -4.29919124 Ha | Rel ΔE: 0.00001921
  [VQE] Iteration:   28 | Energy:  -4.29938667 Ha | Rel ΔE: 0.00004546
  [VQE] Iteration:   29 | Energy:  -4.29946159 Ha | Rel ΔE: 0.00001743
  [VQE] Iteration:   30 | Energy:  -4.29957433 Ha | Rel ΔE: 0.00002622
  [VQE] Iteration:   31 | Energy:  -4.29968823 Ha | Rel ΔE: 0.00002649
  [VQE] Iteration:   32 | Energy:  -4.29976202 Ha | Rel ΔE: 0.00001716
  [VQE] Iteration:   33 | Energy:  -4.29981138 Ha | Rel ΔE: 0.00001148
  [VQE] Iteration:   34 | Energy:  -4.29985483 Ha | Rel ΔE: 0.00001011
  [VQE] Iteration:   35 | Energy:  -4.29990407 Ha | Rel ΔE: 0.00001145
  [VQE] Iteration:   36 | Energy:  -4.29997287 Ha | Rel ΔE: 0.00001600
  [VQE] Iteration:   37 | Energy:  -4.30002676 Ha | Rel ΔE: 0.00001253
  [VQE] Iteration:   38 | Energy:  -4.30006129 Ha | Rel ΔE: 0.00000803
  [VQE] Iteration:   39 | Energy:  -4.30007826 Ha | Rel ΔE: 0.00000395
  [VQE] Iteration:   40 | Energy:  -4.30009760 Ha | Rel ΔE: 0.00000450
  [VQE] Iteration:   41 | Energy:  -4.30012185 Ha | Rel ΔE: 0.00000564
  [VQE] Iteration:   42 | Energy:  -4.30014527 Ha | Rel ΔE: 0.00000545
  [VQE] Iteration:   43 | Energy:  -4.30016441 Ha | Rel ΔE: 0.00000445
  [VQE] Iteration:   44 | Energy:  -4.30017502 Ha | Rel ΔE: 0.00000247
  [VQE] Iteration:   45 | Energy:  -4.30018336 Ha | Rel ΔE: 0.00000194
  [VQE] Iteration:   46 | Energy:  -4.30019598 Ha | Rel ΔE: 0.00000293
  [VQE] Iteration:   47 | Energy:  -4.30020961 Ha | Rel ΔE: 0.00000317
  [VQE] Iteration:   48 | Energy:  -4.30022441 Ha | Rel ΔE: 0.00000344
  [VQE] Iteration:   49 | Energy:  -4.30024101 Ha | Rel ΔE: 0.00000386
  [VQE] Iteration:   50 | Energy:  -4.30024954 Ha | Rel ΔE: 0.00000198
  [VQE] Iteration:   51 | Energy:  -4.30025836 Ha | Rel ΔE: 0.00000205
  [VQE] Iteration:   52 | Energy:  -4.30026907 Ha | Rel ΔE: 0.00000249
  [VQE] Iteration:   53 | Energy:  -4.30027613 Ha | Rel ΔE: 0.00000164
  [VQE] Iteration:   54 | Energy:  -4.30028485 Ha | Rel ΔE: 0.00000203
  [VQE] Iteration:   55 | Energy:  -4.30029154 Ha | Rel ΔE: 0.00000156
  [VQE] Iteration:   56 | Energy:  -4.30029645 Ha | Rel ΔE: 0.00000114
  [VQE] Iteration:   57 | Energy:  -4.30030435 Ha | Rel ΔE: 0.00000184
  [VQE] Iteration:   58 | Energy:  -4.30031076 Ha | Rel ΔE: 0.00000149
  [VQE] Iteration:   59 | Energy:  -4.30031899 Ha | Rel ΔE: 0.00000191
  [VQE] Iteration:   60 | Energy:  -4.30032555 Ha | Rel ΔE: 0.00000153
  [VQE] Iteration:   61 | Energy:  -4.30033144 Ha | Rel ΔE: 0.00000137
  [VQE] Iteration:   62 | Energy:  -4.30034259 Ha | Rel ΔE: 0.00000259
  [VQE] Iteration:   63 | Energy:  -4.30034580 Ha | Rel ΔE: 0.00000075
  [VQE Converged] Rel ΔE (7.478e-07) is below threshold (1e-06)!
  [*] VQE Complete! Final Energy: -4.30034580 Ha
[DIIS] Extrapolating density (coeffs: [0.33 0.33 0.33 0.  ])
[Iteration 25] Embedding total energy = -692.54890282 Ha

>> [PennyLane] Initiating Native CPU Pipeline...
  [*] Bridged 999 Pauli terms on 12 qubits.
  [*] Launching Native Adjoint L-BFGS-B Optimization...
  --- Starting VQE Optimization Step ---
  [VQE] Iteration:    0 | Energy:  -3.14111782 Ha | Rel ΔE: N/A
  [VQE] Iteration:    1 | Energy:  -3.32180499 Ha | Rel ΔE: 0.05439427
  [VQE] Iteration:    2 | Energy:  -3.78550360 Ha | Rel ΔE: 0.12249324
  [VQE] Iteration:    3 | Energy:  -4.02629103 Ha | Rel ΔE: 0.05980378
  [VQE] Iteration:    4 | Energy:  -4.05901370 Ha | Rel ΔE: 0.00806173
  [VQE] Iteration:    5 | Energy:  -4.23709662 Ha | Rel ΔE: 0.04202947
  [VQE] Iteration:    6 | Energy:  -4.22867475 Ha | Rel ΔE: 0.00198765
  [VQE] Iteration:    7 | Energy:  -4.26926527 Ha | Rel ΔE: 0.00950761
  [VQE] Iteration:    8 | Energy:  -4.28009979 Ha | Rel ΔE: 0.00253137
  [VQE] Iteration:    9 | Energy:  -4.28310559 Ha | Rel ΔE: 0.00070178
  [VQE] Iteration:   10 | Energy:  -4.28451380 Ha | Rel ΔE: 0.00032868
  [VQE] Iteration:   11 | Energy:  -4.28606265 Ha | Rel ΔE: 0.00036137
  [VQE] Iteration:   12 | Energy:  -4.28727999 Ha | Rel ΔE: 0.00028394
  [VQE] Iteration:   13 | Energy:  -4.28907728 Ha | Rel ΔE: 0.00041904
  [VQE] Iteration:   14 | Energy:  -4.29069156 Ha | Rel ΔE: 0.00037623
  [VQE] Iteration:   15 | Energy:  -4.29230139 Ha | Rel ΔE: 0.00037505
  [VQE] Iteration:   16 | Energy:  -4.29295322 Ha | Rel ΔE: 0.00015184
  [VQE] Iteration:   17 | Energy:  -4.29377922 Ha | Rel ΔE: 0.00019237
  [VQE] Iteration:   18 | Energy:  -4.29557613 Ha | Rel ΔE: 0.00041831
  [VQE] Iteration:   19 | Energy:  -4.29646390 Ha | Rel ΔE: 0.00020663
  [VQE] Iteration:   20 | Energy:  -4.29761191 Ha | Rel ΔE: 0.00026713
  [VQE] Iteration:   21 | Energy:  -4.29797051 Ha | Rel ΔE: 0.00008343
  [VQE] Iteration:   22 | Energy:  -4.29826290 Ha | Rel ΔE: 0.00006802
  [VQE] Iteration:   23 | Energy:  -4.29851033 Ha | Rel ΔE: 0.00005756
  [VQE] Iteration:   24 | Energy:  -4.29878061 Ha | Rel ΔE: 0.00006288
  [VQE] Iteration:   25 | Energy:  -4.29896407 Ha | Rel ΔE: 0.00004267
  [VQE] Iteration:   26 | Energy:  -4.29910890 Ha | Rel ΔE: 0.00003369
  [VQE] Iteration:   27 | Energy:  -4.29919140 Ha | Rel ΔE: 0.00001919
  [VQE] Iteration:   28 | Energy:  -4.29938693 Ha | Rel ΔE: 0.00004548
  [VQE] Iteration:   29 | Energy:  -4.29946183 Ha | Rel ΔE: 0.00001742
  [VQE] Iteration:   30 | Energy:  -4.29957457 Ha | Rel ΔE: 0.00002622
  [VQE] Iteration:   31 | Energy:  -4.29968854 Ha | Rel ΔE: 0.00002651
  [VQE] Iteration:   32 | Energy:  -4.29976217 Ha | Rel ΔE: 0.00001712
  [VQE] Iteration:   33 | Energy:  -4.29981165 Ha | Rel ΔE: 0.00001151
  [VQE] Iteration:   34 | Energy:  -4.29985499 Ha | Rel ΔE: 0.00001008
  [VQE] Iteration:   35 | Energy:  -4.29990426 Ha | Rel ΔE: 0.00001146
  [VQE] Iteration:   36 | Energy:  -4.29997301 Ha | Rel ΔE: 0.00001599
  [VQE] Iteration:   37 | Energy:  -4.30002689 Ha | Rel ΔE: 0.00001253
  [VQE] Iteration:   38 | Energy:  -4.30006149 Ha | Rel ΔE: 0.00000805
  [VQE] Iteration:   39 | Energy:  -4.30007851 Ha | Rel ΔE: 0.00000396
  [VQE] Iteration:   40 | Energy:  -4.30009779 Ha | Rel ΔE: 0.00000448
  [VQE] Iteration:   41 | Energy:  -4.30012218 Ha | Rel ΔE: 0.00000567
  [VQE] Iteration:   42 | Energy:  -4.30014562 Ha | Rel ΔE: 0.00000545
  [VQE] Iteration:   43 | Energy:  -4.30016468 Ha | Rel ΔE: 0.00000443
  [VQE] Iteration:   44 | Energy:  -4.30017530 Ha | Rel ΔE: 0.00000247
  [VQE] Iteration:   45 | Energy:  -4.30018372 Ha | Rel ΔE: 0.00000196
  [VQE] Iteration:   46 | Energy:  -4.30019617 Ha | Rel ΔE: 0.00000290
  [VQE] Iteration:   47 | Energy:  -4.30021006 Ha | Rel ΔE: 0.00000323
  [VQE] Iteration:   48 | Energy:  -4.30022507 Ha | Rel ΔE: 0.00000349
  [VQE] Iteration:   49 | Energy:  -4.30024132 Ha | Rel ΔE: 0.00000378
  [VQE] Iteration:   50 | Energy:  -4.30024995 Ha | Rel ΔE: 0.00000201
  [VQE] Iteration:   51 | Energy:  -4.30025890 Ha | Rel ΔE: 0.00000208
  [VQE] Iteration:   52 | Energy:  -4.30026919 Ha | Rel ΔE: 0.00000239
  [VQE] Iteration:   53 | Energy:  -4.30027640 Ha | Rel ΔE: 0.00000167
  [VQE] Iteration:   54 | Energy:  -4.30028449 Ha | Rel ΔE: 0.00000188
  [VQE] Iteration:   55 | Energy:  -4.30029155 Ha | Rel ΔE: 0.00000164
  [VQE] Iteration:   56 | Energy:  -4.30029608 Ha | Rel ΔE: 0.00000105
  [VQE] Iteration:   57 | Energy:  -4.30030350 Ha | Rel ΔE: 0.00000172
  [VQE] Iteration:   58 | Energy:  -4.30030896 Ha | Rel ΔE: 0.00000127
  [VQE] Iteration:   59 | Energy:  -4.30031864 Ha | Rel ΔE: 0.00000225
  [VQE] Iteration:   60 | Energy:  -4.30032430 Ha | Rel ΔE: 0.00000132
  [VQE] Iteration:   61 | Energy:  -4.30033022 Ha | Rel ΔE: 0.00000138
  [VQE] Iteration:   62 | Energy:  -4.30034008 Ha | Rel ΔE: 0.00000229
  [VQE] Iteration:   63 | Energy:  -4.30033830 Ha | Rel ΔE: 0.00000041
  [VQE Converged] Rel ΔE (4.129e-07) is below threshold (1e-06)!
  [VQE] Iteration:   64 | Energy:  -4.30034658 Ha | Rel ΔE: 0.00000193
  [VQE] Iteration:   65 | Energy:  -4.30035632 Ha | Rel ΔE: 0.00000226
  [VQE] Iteration:   66 | Energy:  -4.30036361 Ha | Rel ΔE: 0.00000169
  [VQE] Iteration:   67 | Energy:  -4.30036986 Ha | Rel ΔE: 0.00000145
  [VQE] Iteration:   68 | Energy:  -4.30037546 Ha | Rel ΔE: 0.00000130
  [VQE] Iteration:   69 | Energy:  -4.30038108 Ha | Rel ΔE: 0.00000131
  [VQE] Iteration:   70 | Energy:  -4.30038783 Ha | Rel ΔE: 0.00000157
  [VQE] Iteration:   71 | Energy:  -4.30039364 Ha | Rel ΔE: 0.00000135
  [VQE] Iteration:   72 | Energy:  -4.30040063 Ha | Rel ΔE: 0.00000162
  [VQE] Iteration:   73 | Energy:  -4.30040662 Ha | Rel ΔE: 0.00000139
  [VQE] Iteration:   74 | Energy:  -4.30041097 Ha | Rel ΔE: 0.00000101
  [VQE] Iteration:   75 | Energy:  -4.30041471 Ha | Rel ΔE: 0.00000087
  [VQE Converged] Rel ΔE (8.710e-07) is below threshold (1e-06)!
  [*] VQE Complete! Final Energy: -4.30041471 Ha
[DIIS] Extrapolating density (coeffs: [ 0.33  0.33  0.33 -0.  ])
[Iteration 26] Embedding total energy = -692.55016267 Ha

>> [PennyLane] Initiating Native CPU Pipeline...
  [*] Bridged 999 Pauli terms on 12 qubits.
  [*] Launching Native Adjoint L-BFGS-B Optimization...
  --- Starting VQE Optimization Step ---
  [VQE] Iteration:    0 | Energy:  -3.14111796 Ha | Rel ΔE: N/A
  [VQE] Iteration:    1 | Energy:  -3.32180510 Ha | Rel ΔE: 0.05439426
  [VQE] Iteration:    2 | Energy:  -3.78550296 Ha | Rel ΔE: 0.12249307
  [VQE] Iteration:    3 | Energy:  -4.02629087 Ha | Rel ΔE: 0.05980390
  [VQE] Iteration:    4 | Energy:  -4.05901192 Ha | Rel ΔE: 0.00806134
  [VQE] Iteration:    5 | Energy:  -4.23709560 Ha | Rel ΔE: 0.04202966
  [VQE] Iteration:    6 | Energy:  -4.22867276 Ha | Rel ΔE: 0.00198788
  [VQE] Iteration:    7 | Energy:  -4.26926483 Ha | Rel ΔE: 0.00950798
  [VQE] Iteration:    8 | Energy:  -4.28009954 Ha | Rel ΔE: 0.00253142
  [VQE] Iteration:    9 | Energy:  -4.28310534 Ha | Rel ΔE: 0.00070178
  [VQE] Iteration:   10 | Energy:  -4.28451356 Ha | Rel ΔE: 0.00032868
  [VQE] Iteration:   11 | Energy:  -4.28606242 Ha | Rel ΔE: 0.00036137
  [VQE] Iteration:   12 | Energy:  -4.28727975 Ha | Rel ΔE: 0.00028394
  [VQE] Iteration:   13 | Energy:  -4.28907704 Ha | Rel ΔE: 0.00041904
  [VQE] Iteration:   14 | Energy:  -4.29069132 Ha | Rel ΔE: 0.00037623
  [VQE] Iteration:   15 | Energy:  -4.29230116 Ha | Rel ΔE: 0.00037505
  [VQE] Iteration:   16 | Energy:  -4.29295300 Ha | Rel ΔE: 0.00015184
  [VQE] Iteration:   17 | Energy:  -4.29377897 Ha | Rel ΔE: 0.00019236
  [VQE] Iteration:   18 | Energy:  -4.29557588 Ha | Rel ΔE: 0.00041832
  [VQE] Iteration:   19 | Energy:  -4.29646372 Ha | Rel ΔE: 0.00020664
  [VQE] Iteration:   20 | Energy:  -4.29761168 Ha | Rel ΔE: 0.00026712
  [VQE] Iteration:   21 | Energy:  -4.29797029 Ha | Rel ΔE: 0.00008344
  [VQE] Iteration:   22 | Energy:  -4.29826270 Ha | Rel ΔE: 0.00006803
  [VQE] Iteration:   23 | Energy:  -4.29851013 Ha | Rel ΔE: 0.00005756
  [VQE] Iteration:   24 | Energy:  -4.29878040 Ha | Rel ΔE: 0.00006287
  [VQE] Iteration:   25 | Energy:  -4.29896388 Ha | Rel ΔE: 0.00004268
  [VQE] Iteration:   26 | Energy:  -4.29910871 Ha | Rel ΔE: 0.00003369
  [VQE] Iteration:   27 | Energy:  -4.29919127 Ha | Rel ΔE: 0.00001920
  [VQE] Iteration:   28 | Energy:  -4.29938674 Ha | Rel ΔE: 0.00004546
  [VQE] Iteration:   29 | Energy:  -4.29946165 Ha | Rel ΔE: 0.00001742
  [VQE] Iteration:   30 | Energy:  -4.29957438 Ha | Rel ΔE: 0.00002622
  [VQE] Iteration:   31 | Energy:  -4.29968831 Ha | Rel ΔE: 0.00002650
  [VQE] Iteration:   32 | Energy:  -4.29976204 Ha | Rel ΔE: 0.00001715
  [VQE] Iteration:   33 | Energy:  -4.29981145 Ha | Rel ΔE: 0.00001149
  [VQE] Iteration:   34 | Energy:  -4.29985485 Ha | Rel ΔE: 0.00001010
  [VQE] Iteration:   35 | Energy:  -4.29990411 Ha | Rel ΔE: 0.00001145
  [VQE] Iteration:   36 | Energy:  -4.29997289 Ha | Rel ΔE: 0.00001600
  [VQE] Iteration:   37 | Energy:  -4.30002677 Ha | Rel ΔE: 0.00001253
  [VQE] Iteration:   38 | Energy:  -4.30006133 Ha | Rel ΔE: 0.00000804
  [VQE] Iteration:   39 | Energy:  -4.30007832 Ha | Rel ΔE: 0.00000395
  [VQE] Iteration:   40 | Energy:  -4.30009764 Ha | Rel ΔE: 0.00000449
  [VQE] Iteration:   41 | Energy:  -4.30012194 Ha | Rel ΔE: 0.00000565
  [VQE] Iteration:   42 | Energy:  -4.30014537 Ha | Rel ΔE: 0.00000545
  [VQE] Iteration:   43 | Energy:  -4.30016447 Ha | Rel ΔE: 0.00000444
  [VQE] Iteration:   44 | Energy:  -4.30017509 Ha | Rel ΔE: 0.00000247
  [VQE] Iteration:   45 | Energy:  -4.30018346 Ha | Rel ΔE: 0.00000195
  [VQE] Iteration:   46 | Energy:  -4.30019602 Ha | Rel ΔE: 0.00000292
  [VQE] Iteration:   47 | Energy:  -4.30020975 Ha | Rel ΔE: 0.00000319
  [VQE] Iteration:   48 | Energy:  -4.30022462 Ha | Rel ΔE: 0.00000346
  [VQE] Iteration:   49 | Energy:  -4.30024109 Ha | Rel ΔE: 0.00000383
  [VQE] Iteration:   50 | Energy:  -4.30024966 Ha | Rel ΔE: 0.00000199
  [VQE] Iteration:   51 | Energy:  -4.30025853 Ha | Rel ΔE: 0.00000206
  [VQE] Iteration:   52 | Energy:  -4.30026909 Ha | Rel ΔE: 0.00000246
  [VQE] Iteration:   53 | Energy:  -4.30027620 Ha | Rel ΔE: 0.00000165
  [VQE] Iteration:   54 | Energy:  -4.30028473 Ha | Rel ΔE: 0.00000198
  [VQE] Iteration:   55 | Energy:  -4.30029153 Ha | Rel ΔE: 0.00000158
  [VQE] Iteration:   56 | Energy:  -4.30029632 Ha | Rel ΔE: 0.00000111
  [VQE] Iteration:   57 | Energy:  -4.30030407 Ha | Rel ΔE: 0.00000180
  [VQE] Iteration:   58 | Energy:  -4.30031013 Ha | Rel ΔE: 0.00000141
  [VQE] Iteration:   59 | Energy:  -4.30031884 Ha | Rel ΔE: 0.00000203
  [VQE] Iteration:   60 | Energy:  -4.30032497 Ha | Rel ΔE: 0.00000143
  [VQE] Iteration:   61 | Energy:  -4.30033083 Ha | Rel ΔE: 0.00000136
  [VQE] Iteration:   62 | Energy:  -4.30034164 Ha | Rel ΔE: 0.00000251
  [VQE] Iteration:   63 | Energy:  -4.30033988 Ha | Rel ΔE: 0.00000041
  [VQE Converged] Rel ΔE (4.093e-07) is below threshold (1e-06)!
  [VQE] Iteration:   64 | Energy:  -4.30034830 Ha | Rel ΔE: 0.00000196
  [VQE] Iteration:   65 | Energy:  -4.30035690 Ha | Rel ΔE: 0.00000200
  [VQE] Iteration:   66 | Energy:  -4.30036411 Ha | Rel ΔE: 0.00000168
  [VQE] Iteration:   67 | Energy:  -4.30037000 Ha | Rel ΔE: 0.00000137
  [VQE] Iteration:   68 | Energy:  -4.30037598 Ha | Rel ΔE: 0.00000139
  [VQE] Iteration:   69 | Energy:  -4.30038204 Ha | Rel ΔE: 0.00000141
  [VQE] Iteration:   70 | Energy:  -4.30038827 Ha | Rel ΔE: 0.00000145
  [VQE] Iteration:   71 | Energy:  -4.30039418 Ha | Rel ΔE: 0.00000137
  [VQE] Iteration:   72 | Energy:  -4.30040116 Ha | Rel ΔE: 0.00000162
  [VQE] Iteration:   73 | Energy:  -4.30040651 Ha | Rel ΔE: 0.00000124
  [VQE] Iteration:   74 | Energy:  -4.30041074 Ha | Rel ΔE: 0.00000098
  [VQE Converged] Rel ΔE (9.839e-07) is below threshold (1e-06)!
  [*] VQE Complete! Final Energy: -4.30041074 Ha
[DIIS] Extrapolating density (coeffs: [0.33 0.33 0.33 0.  ])
[Iteration 27] Embedding total energy = -692.55027158 Ha

>> [PennyLane] Initiating Native CPU Pipeline...
  [*] Bridged 999 Pauli terms on 12 qubits.
  [*] Launching Native Adjoint L-BFGS-B Optimization...
  --- Starting VQE Optimization Step ---
  [VQE] Iteration:    0 | Energy:  -3.14111784 Ha | Rel ΔE: N/A
  [VQE] Iteration:    1 | Energy:  -3.32180500 Ha | Rel ΔE: 0.05439427
  [VQE] Iteration:    2 | Energy:  -3.78550317 Ha | Rel ΔE: 0.12249314
  [VQE] Iteration:    3 | Energy:  -4.02629083 Ha | Rel ΔE: 0.05980384
  [VQE] Iteration:    4 | Energy:  -4.05901289 Ha | Rel ΔE: 0.00806158
  [VQE] Iteration:    5 | Energy:  -4.23709617 Ha | Rel ΔE: 0.04202956
  [VQE] Iteration:    6 | Energy:  -4.22867392 Ha | Rel ΔE: 0.00198774
  [VQE] Iteration:    7 | Energy:  -4.26926509 Ha | Rel ΔE: 0.00950777
  [VQE] Iteration:    8 | Energy:  -4.28009972 Ha | Rel ΔE: 0.00253140
  [VQE] Iteration:    9 | Energy:  -4.28310551 Ha | Rel ΔE: 0.00070178
  [VQE] Iteration:   10 | Energy:  -4.28451373 Ha | Rel ΔE: 0.00032868
  [VQE] Iteration:   11 | Energy:  -4.28606259 Ha | Rel ΔE: 0.00036137
  [VQE] Iteration:   12 | Energy:  -4.28727992 Ha | Rel ΔE: 0.00028394
  [VQE] Iteration:   13 | Energy:  -4.28907721 Ha | Rel ΔE: 0.00041904
  [VQE] Iteration:   14 | Energy:  -4.29069149 Ha | Rel ΔE: 0.00037623
  [VQE] Iteration:   15 | Energy:  -4.29230133 Ha | Rel ΔE: 0.00037505
  [VQE] Iteration:   16 | Energy:  -4.29295316 Ha | Rel ΔE: 0.00015184
  [VQE] Iteration:   17 | Energy:  -4.29377915 Ha | Rel ΔE: 0.00019237
  [VQE] Iteration:   18 | Energy:  -4.29557605 Ha | Rel ΔE: 0.00041832
  [VQE] Iteration:   19 | Energy:  -4.29646386 Ha | Rel ΔE: 0.00020664
  [VQE] Iteration:   20 | Energy:  -4.29761185 Ha | Rel ΔE: 0.00026712
  [VQE] Iteration:   21 | Energy:  -4.29797045 Ha | Rel ΔE: 0.00008344
  [VQE] Iteration:   22 | Energy:  -4.29826285 Ha | Rel ΔE: 0.00006803
  [VQE] Iteration:   23 | Energy:  -4.29851028 Ha | Rel ΔE: 0.00005756
  [VQE] Iteration:   24 | Energy:  -4.29878056 Ha | Rel ΔE: 0.00006287
  [VQE] Iteration:   25 | Energy:  -4.29896402 Ha | Rel ΔE: 0.00004268
  [VQE] Iteration:   26 | Energy:  -4.29910886 Ha | Rel ΔE: 0.00003369
  [VQE] Iteration:   27 | Energy:  -4.29919139 Ha | Rel ΔE: 0.00001920
  [VQE] Iteration:   28 | Energy:  -4.29938688 Ha | Rel ΔE: 0.00004547
  [VQE] Iteration:   29 | Energy:  -4.29946179 Ha | Rel ΔE: 0.00001742
  [VQE] Iteration:   30 | Energy:  -4.29957453 Ha | Rel ΔE: 0.00002622
  [VQE] Iteration:   31 | Energy:  -4.29968847 Ha | Rel ΔE: 0.00002650
  [VQE] Iteration:   32 | Energy:  -4.29976215 Ha | Rel ΔE: 0.00001714
  [VQE] Iteration:   33 | Energy:  -4.29981160 Ha | Rel ΔE: 0.00001150
  [VQE] Iteration:   34 | Energy:  -4.29985497 Ha | Rel ΔE: 0.00001009
  [VQE] Iteration:   35 | Energy:  -4.29990423 Ha | Rel ΔE: 0.00001146
  [VQE] Iteration:   36 | Energy:  -4.29997300 Ha | Rel ΔE: 0.00001599
  [VQE] Iteration:   37 | Energy:  -4.30002688 Ha | Rel ΔE: 0.00001253
  [VQE] Iteration:   38 | Energy:  -4.30006146 Ha | Rel ΔE: 0.00000804
  [VQE] Iteration:   39 | Energy:  -4.30007847 Ha | Rel ΔE: 0.00000395
  [VQE] Iteration:   40 | Energy:  -4.30009776 Ha | Rel ΔE: 0.00000449
  [VQE] Iteration:   41 | Energy:  -4.30012211 Ha | Rel ΔE: 0.00000566
  [VQE] Iteration:   42 | Energy:  -4.30014554 Ha | Rel ΔE: 0.00000545
  [VQE] Iteration:   43 | Energy:  -4.30016463 Ha | Rel ΔE: 0.00000444
  [VQE] Iteration:   44 | Energy:  -4.30017525 Ha | Rel ΔE: 0.00000247
  [VQE] Iteration:   45 | Energy:  -4.30018364 Ha | Rel ΔE: 0.00000195
  [VQE] Iteration:   46 | Energy:  -4.30019615 Ha | Rel ΔE: 0.00000291
  [VQE] Iteration:   47 | Energy:  -4.30020996 Ha | Rel ΔE: 0.00000321
  [VQE] Iteration:   48 | Energy:  -4.30022490 Ha | Rel ΔE: 0.00000347
  [VQE] Iteration:   49 | Energy:  -4.30024126 Ha | Rel ΔE: 0.00000380
  [VQE] Iteration:   50 | Energy:  -4.30024985 Ha | Rel ΔE: 0.00000200
  [VQE] Iteration:   51 | Energy:  -4.30025877 Ha | Rel ΔE: 0.00000207
  [VQE] Iteration:   52 | Energy:  -4.30026920 Ha | Rel ΔE: 0.00000243
  [VQE] Iteration:   53 | Energy:  -4.30027635 Ha | Rel ΔE: 0.00000166
  [VQE] Iteration:   54 | Energy:  -4.30028467 Ha | Rel ΔE: 0.00000194
  [VQE] Iteration:   55 | Energy:  -4.30029160 Ha | Rel ΔE: 0.00000161
  [VQE] Iteration:   56 | Energy:  -4.30029625 Ha | Rel ΔE: 0.00000108
  [VQE] Iteration:   57 | Energy:  -4.30030385 Ha | Rel ΔE: 0.00000177
  [VQE] Iteration:   58 | Energy:  -4.30030953 Ha | Rel ΔE: 0.00000132
  [VQE] Iteration:   59 | Energy:  -4.30031877 Ha | Rel ΔE: 0.00000215
  [VQE] Iteration:   60 | Energy:  -4.30032459 Ha | Rel ΔE: 0.00000135
  [VQE] Iteration:   61 | Energy:  -4.30033046 Ha | Rel ΔE: 0.00000136
  [VQE] Iteration:   62 | Energy:  -4.30034075 Ha | Rel ΔE: 0.00000240
  [VQE] Iteration:   63 | Energy:  -4.30033804 Ha | Rel ΔE: 0.00000063
  [VQE Converged] Rel ΔE (6.305e-07) is below threshold (1e-06)!
  [VQE] Iteration:   64 | Energy:  -4.30034717 Ha | Rel ΔE: 0.00000212
  [VQE] Iteration:   65 | Energy:  -4.30035651 Ha | Rel ΔE: 0.00000217
  [VQE] Iteration:   66 | Energy:  -4.30036377 Ha | Rel ΔE: 0.00000169
  [VQE] Iteration:   67 | Energy:  -4.30036993 Ha | Rel ΔE: 0.00000143
  [VQE] Iteration:   68 | Energy:  -4.30037566 Ha | Rel ΔE: 0.00000133
  [VQE] Iteration:   69 | Energy:  -4.30038143 Ha | Rel ΔE: 0.00000134
  [VQE] Iteration:   70 | Energy:  -4.30038797 Ha | Rel ΔE: 0.00000152
  [VQE] Iteration:   71 | Energy:  -4.30039385 Ha | Rel ΔE: 0.00000137
  [VQE] Iteration:   72 | Energy:  -4.30040075 Ha | Rel ΔE: 0.00000161
  [VQE] Iteration:   73 | Energy:  -4.30040655 Ha | Rel ΔE: 0.00000135
  [VQE] Iteration:   74 | Energy:  -4.30041080 Ha | Rel ΔE: 0.00000099
  [VQE Converged] Rel ΔE (9.872e-07) is below threshold (1e-06)!
  [*] VQE Complete! Final Energy: -4.30041080 Ha
[DIIS] Extrapolating density (coeffs: [ 0.33  0.33  0.33 -0.  ])
[Iteration 28] Embedding total energy = -692.55021443 Ha

>> [PennyLane] Initiating Native CPU Pipeline...
  [*] Bridged 999 Pauli terms on 12 qubits.
  [*] Launching Native Adjoint L-BFGS-B Optimization...
  --- Starting VQE Optimization Step ---
  [VQE] Iteration:    0 | Energy:  -3.14111794 Ha | Rel ΔE: N/A
  [VQE] Iteration:    1 | Energy:  -3.32180509 Ha | Rel ΔE: 0.05439426
  [VQE] Iteration:    2 | Energy:  -3.78550309 Ha | Rel ΔE: 0.12249310
  [VQE] Iteration:    3 | Energy:  -4.02629092 Ha | Rel ΔE: 0.05980388
  [VQE] Iteration:    4 | Energy:  -4.05901221 Ha | Rel ΔE: 0.00806139
  [VQE] Iteration:    5 | Energy:  -4.23709576 Ha | Rel ΔE: 0.04202963
  [VQE] Iteration:    6 | Energy:  -4.22867308 Ha | Rel ΔE: 0.00198784
  [VQE] Iteration:    7 | Energy:  -4.26926490 Ha | Rel ΔE: 0.00950792
  [VQE] Iteration:    8 | Energy:  -4.28009958 Ha | Rel ΔE: 0.00253141
  [VQE] Iteration:    9 | Energy:  -4.28310537 Ha | Rel ΔE: 0.00070178
  [VQE] Iteration:   10 | Energy:  -4.28451359 Ha | Rel ΔE: 0.00032868
  [VQE] Iteration:   11 | Energy:  -4.28606245 Ha | Rel ΔE: 0.00036137
  [VQE] Iteration:   12 | Energy:  -4.28727978 Ha | Rel ΔE: 0.00028394
  [VQE] Iteration:   13 | Energy:  -4.28907707 Ha | Rel ΔE: 0.00041904
  [VQE] Iteration:   14 | Energy:  -4.29069135 Ha | Rel ΔE: 0.00037623
  [VQE] Iteration:   15 | Energy:  -4.29230119 Ha | Rel ΔE: 0.00037505
  [VQE] Iteration:   16 | Energy:  -4.29295302 Ha | Rel ΔE: 0.00015184
  [VQE] Iteration:   17 | Energy:  -4.29377900 Ha | Rel ΔE: 0.00019237
  [VQE] Iteration:   18 | Energy:  -4.29557591 Ha | Rel ΔE: 0.00041832
  [VQE] Iteration:   19 | Energy:  -4.29646374 Ha | Rel ΔE: 0.00020664
  [VQE] Iteration:   20 | Energy:  -4.29761171 Ha | Rel ΔE: 0.00026712
  [VQE] Iteration:   21 | Energy:  -4.29797032 Ha | Rel ΔE: 0.00008344
  [VQE] Iteration:   22 | Energy:  -4.29826272 Ha | Rel ΔE: 0.00006803
  [VQE] Iteration:   23 | Energy:  -4.29851015 Ha | Rel ΔE: 0.00005756
  [VQE] Iteration:   24 | Energy:  -4.29878042 Ha | Rel ΔE: 0.00006287
  [VQE] Iteration:   25 | Energy:  -4.29896390 Ha | Rel ΔE: 0.00004268
  [VQE] Iteration:   26 | Energy:  -4.29910873 Ha | Rel ΔE: 0.00003369
  [VQE] Iteration:   27 | Energy:  -4.29919128 Ha | Rel ΔE: 0.00001920
  [VQE] Iteration:   28 | Energy:  -4.29938676 Ha | Rel ΔE: 0.00004547
  [VQE] Iteration:   29 | Energy:  -4.29946167 Ha | Rel ΔE: 0.00001742
  [VQE] Iteration:   30 | Energy:  -4.29957441 Ha | Rel ΔE: 0.00002622
  [VQE] Iteration:   31 | Energy:  -4.29968834 Ha | Rel ΔE: 0.00002650
  [VQE] Iteration:   32 | Energy:  -4.29976205 Ha | Rel ΔE: 0.00001714
  [VQE] Iteration:   33 | Energy:  -4.29981147 Ha | Rel ΔE: 0.00001149
  [VQE] Iteration:   34 | Energy:  -4.29985487 Ha | Rel ΔE: 0.00001009
  [VQE] Iteration:   35 | Energy:  -4.29990412 Ha | Rel ΔE: 0.00001146
  [VQE] Iteration:   36 | Energy:  -4.29997290 Ha | Rel ΔE: 0.00001599
  [VQE] Iteration:   37 | Energy:  -4.30002678 Ha | Rel ΔE: 0.00001253
  [VQE] Iteration:   38 | Energy:  -4.30006135 Ha | Rel ΔE: 0.00000804
  [VQE] Iteration:   39 | Energy:  -4.30007834 Ha | Rel ΔE: 0.00000395
  [VQE] Iteration:   40 | Energy:  -4.30009765 Ha | Rel ΔE: 0.00000449
  [VQE] Iteration:   41 | Energy:  -4.30012197 Ha | Rel ΔE: 0.00000566
  [VQE] Iteration:   42 | Energy:  -4.30014540 Ha | Rel ΔE: 0.00000545
  [VQE] Iteration:   43 | Energy:  -4.30016450 Ha | Rel ΔE: 0.00000444
  [VQE] Iteration:   44 | Energy:  -4.30017512 Ha | Rel ΔE: 0.00000247
  [VQE] Iteration:   45 | Energy:  -4.30018349 Ha | Rel ΔE: 0.00000195
  [VQE] Iteration:   46 | Energy:  -4.30019603 Ha | Rel ΔE: 0.00000292
  [VQE] Iteration:   47 | Energy:  -4.30020979 Ha | Rel ΔE: 0.00000320
  [VQE] Iteration:   48 | Energy:  -4.30022469 Ha | Rel ΔE: 0.00000346
  [VQE] Iteration:   49 | Energy:  -4.30024112 Ha | Rel ΔE: 0.00000382
  [VQE] Iteration:   50 | Energy:  -4.30024970 Ha | Rel ΔE: 0.00000199
  [VQE] Iteration:   51 | Energy:  -4.30025859 Ha | Rel ΔE: 0.00000207
  [VQE] Iteration:   52 | Energy:  -4.30026910 Ha | Rel ΔE: 0.00000244
  [VQE] Iteration:   53 | Energy:  -4.30027623 Ha | Rel ΔE: 0.00000166
  [VQE] Iteration:   54 | Energy:  -4.30028469 Ha | Rel ΔE: 0.00000197
  [VQE] Iteration:   55 | Energy:  -4.30029152 Ha | Rel ΔE: 0.00000159
  [VQE] Iteration:   56 | Energy:  -4.30029627 Ha | Rel ΔE: 0.00000110
  [VQE] Iteration:   57 | Energy:  -4.30030398 Ha | Rel ΔE: 0.00000179
  [VQE] Iteration:   58 | Energy:  -4.30030991 Ha | Rel ΔE: 0.00000138
  [VQE] Iteration:   59 | Energy:  -4.30031879 Ha | Rel ΔE: 0.00000206
  [VQE] Iteration:   60 | Energy:  -4.30032481 Ha | Rel ΔE: 0.00000140
  [VQE] Iteration:   61 | Energy:  -4.30033066 Ha | Rel ΔE: 0.00000136
  [VQE] Iteration:   62 | Energy:  -4.30034132 Ha | Rel ΔE: 0.00000248
  [VQE] Iteration:   63 | Energy:  -4.30033886 Ha | Rel ΔE: 0.00000057
  [VQE Converged] Rel ΔE (5.704e-07) is below threshold (1e-06)!
  [VQE] Iteration:   64 | Energy:  -4.30034784 Ha | Rel ΔE: 0.00000209
  [VQE] Iteration:   65 | Energy:  -4.30035670 Ha | Rel ΔE: 0.00000206
  [VQE] Iteration:   66 | Energy:  -4.30036392 Ha | Rel ΔE: 0.00000168
  [VQE] Iteration:   67 | Energy:  -4.30036992 Ha | Rel ΔE: 0.00000140
  [VQE] Iteration:   68 | Energy:  -4.30037581 Ha | Rel ΔE: 0.00000137
  [VQE] Iteration:   69 | Energy:  -4.30038175 Ha | Rel ΔE: 0.00000138
  [VQE] Iteration:   70 | Energy:  -4.30038810 Ha | Rel ΔE: 0.00000148
  [VQE] Iteration:   71 | Energy:  -4.30039401 Ha | Rel ΔE: 0.00000137
  [VQE] Iteration:   72 | Energy:  -4.30040094 Ha | Rel ΔE: 0.00000161
  [VQE] Iteration:   73 | Energy:  -4.30040649 Ha | Rel ΔE: 0.00000129
  [VQE] Iteration:   74 | Energy:  -4.30041073 Ha | Rel ΔE: 0.00000099
  [VQE Converged] Rel ΔE (9.854e-07) is below threshold (1e-06)!
  [*] VQE Complete! Final Energy: -4.30041073 Ha
[DIIS] Extrapolating density (coeffs: [0.33 0.33 0.33 0.  ])
[Iteration 29] Embedding total energy = -692.55024772 Ha

>> [PennyLane] Initiating Native CPU Pipeline...
  [*] Bridged 999 Pauli terms on 12 qubits.
  [*] Launching Native Adjoint L-BFGS-B Optimization...
  --- Starting VQE Optimization Step ---
  [VQE] Iteration:    0 | Energy:  -3.14111786 Ha | Rel ΔE: N/A
  [VQE] Iteration:    1 | Energy:  -3.32180502 Ha | Rel ΔE: 0.05439427
  [VQE] Iteration:    2 | Energy:  -3.78550319 Ha | Rel ΔE: 0.12249314
  [VQE] Iteration:    3 | Energy:  -4.02629087 Ha | Rel ΔE: 0.05980385
  [VQE] Iteration:    4 | Energy:  -4.05901282 Ha | Rel ΔE: 0.00806155
  [VQE] Iteration:    5 | Energy:  -4.23709612 Ha | Rel ΔE: 0.04202956
  [VQE] Iteration:    6 | Energy:  -4.22867381 Ha | Rel ΔE: 0.00198776
  [VQE] Iteration:    7 | Energy:  -4.26926507 Ha | Rel ΔE: 0.00950779
  [VQE] Iteration:    8 | Energy:  -4.28009969 Ha | Rel ΔE: 0.00253140
  [VQE] Iteration:    9 | Energy:  -4.28310549 Ha | Rel ΔE: 0.00070178
  [VQE] Iteration:   10 | Energy:  -4.28451371 Ha | Rel ΔE: 0.00032868
  [VQE] Iteration:   11 | Energy:  -4.28606256 Ha | Rel ΔE: 0.00036137
  [VQE] Iteration:   12 | Energy:  -4.28727989 Ha | Rel ΔE: 0.00028394
  [VQE] Iteration:   13 | Energy:  -4.28907718 Ha | Rel ΔE: 0.00041904
  [VQE] Iteration:   14 | Energy:  -4.29069147 Ha | Rel ΔE: 0.00037623
  [VQE] Iteration:   15 | Energy:  -4.29230130 Ha | Rel ΔE: 0.00037505
  [VQE] Iteration:   16 | Energy:  -4.29295314 Ha | Rel ΔE: 0.00015184
  [VQE] Iteration:   17 | Energy:  -4.29377912 Ha | Rel ΔE: 0.00019237
  [VQE] Iteration:   18 | Energy:  -4.29557603 Ha | Rel ΔE: 0.00041832
  [VQE] Iteration:   19 | Energy:  -4.29646384 Ha | Rel ΔE: 0.00020664
  [VQE] Iteration:   20 | Energy:  -4.29761182 Ha | Rel ΔE: 0.00026712
  [VQE] Iteration:   21 | Energy:  -4.29797043 Ha | Rel ΔE: 0.00008344
  [VQE] Iteration:   22 | Energy:  -4.29826283 Ha | Rel ΔE: 0.00006803
  [VQE] Iteration:   23 | Energy:  -4.29851026 Ha | Rel ΔE: 0.00005756
  [VQE] Iteration:   24 | Energy:  -4.29878054 Ha | Rel ΔE: 0.00006287
  [VQE] Iteration:   25 | Energy:  -4.29896400 Ha | Rel ΔE: 0.00004268
  [VQE] Iteration:   26 | Energy:  -4.29910884 Ha | Rel ΔE: 0.00003369
  [VQE] Iteration:   27 | Energy:  -4.29919137 Ha | Rel ΔE: 0.00001920
  [VQE] Iteration:   28 | Energy:  -4.29938686 Ha | Rel ΔE: 0.00004547
  [VQE] Iteration:   29 | Energy:  -4.29946177 Ha | Rel ΔE: 0.00001742
  [VQE] Iteration:   30 | Energy:  -4.29957451 Ha | Rel ΔE: 0.00002622
  [VQE] Iteration:   31 | Energy:  -4.29968845 Ha | Rel ΔE: 0.00002650
  [VQE] Iteration:   32 | Energy:  -4.29976213 Ha | Rel ΔE: 0.00001714
  [VQE] Iteration:   33 | Energy:  -4.29981158 Ha | Rel ΔE: 0.00001150
  [VQE] Iteration:   34 | Energy:  -4.29985495 Ha | Rel ΔE: 0.00001009
  [VQE] Iteration:   35 | Energy:  -4.29990421 Ha | Rel ΔE: 0.00001146
  [VQE] Iteration:   36 | Energy:  -4.29997298 Ha | Rel ΔE: 0.00001599
  [VQE] Iteration:   37 | Energy:  -4.30002686 Ha | Rel ΔE: 0.00001253
  [VQE] Iteration:   38 | Energy:  -4.30006144 Ha | Rel ΔE: 0.00000804
  [VQE] Iteration:   39 | Energy:  -4.30007845 Ha | Rel ΔE: 0.00000395
  [VQE] Iteration:   40 | Energy:  -4.30009774 Ha | Rel ΔE: 0.00000449
  [VQE] Iteration:   41 | Energy:  -4.30012209 Ha | Rel ΔE: 0.00000566
  [VQE] Iteration:   42 | Energy:  -4.30014552 Ha | Rel ΔE: 0.00000545
  [VQE] Iteration:   43 | Energy:  -4.30016460 Ha | Rel ΔE: 0.00000444
  [VQE] Iteration:   44 | Energy:  -4.30017523 Ha | Rel ΔE: 0.00000247
  [VQE] Iteration:   45 | Energy:  -4.30018362 Ha | Rel ΔE: 0.00000195
  [VQE] Iteration:   46 | Energy:  -4.30019613 Ha | Rel ΔE: 0.00000291
  [VQE] Iteration:   47 | Energy:  -4.30020993 Ha | Rel ΔE: 0.00000321
  [VQE] Iteration:   48 | Energy:  -4.30022487 Ha | Rel ΔE: 0.00000347
  [VQE] Iteration:   49 | Energy:  -4.30024124 Ha | Rel ΔE: 0.00000381
  [VQE] Iteration:   50 | Energy:  -4.30024983 Ha | Rel ΔE: 0.00000200
  [VQE] Iteration:   51 | Energy:  -4.30025874 Ha | Rel ΔE: 0.00000207
  [VQE] Iteration:   52 | Energy:  -4.30026918 Ha | Rel ΔE: 0.00000243
  [VQE] Iteration:   53 | Energy:  -4.30027633 Ha | Rel ΔE: 0.00000166
  [VQE] Iteration:   54 | Energy:  -4.30028467 Ha | Rel ΔE: 0.00000194
  [VQE] Iteration:   55 | Energy:  -4.30029158 Ha | Rel ΔE: 0.00000161
  [VQE] Iteration:   56 | Energy:  -4.30029624 Ha | Rel ΔE: 0.00000108
  [VQE] Iteration:   57 | Energy:  -4.30030386 Ha | Rel ΔE: 0.00000177
  [VQE] Iteration:   58 | Energy:  -4.30030956 Ha | Rel ΔE: 0.00000133
  [VQE] Iteration:   59 | Energy:  -4.30031876 Ha | Rel ΔE: 0.00000214
  [VQE] Iteration:   60 | Energy:  -4.30032460 Ha | Rel ΔE: 0.00000136
  [VQE] Iteration:   61 | Energy:  -4.30033046 Ha | Rel ΔE: 0.00000136
  [VQE] Iteration:   62 | Energy:  -4.30034080 Ha | Rel ΔE: 0.00000240
  [VQE] Iteration:   63 | Energy:  -4.30033806 Ha | Rel ΔE: 0.00000064
  [VQE Converged] Rel ΔE (6.378e-07) is below threshold (1e-06)!
  [VQE] Iteration:   64 | Energy:  -4.30034722 Ha | Rel ΔE: 0.00000213
  [VQE] Iteration:   65 | Energy:  -4.30035651 Ha | Rel ΔE: 0.00000216
  [VQE] Iteration:   66 | Energy:  -4.30036377 Ha | Rel ΔE: 0.00000169
  [VQE] Iteration:   67 | Energy:  -4.30036991 Ha | Rel ΔE: 0.00000143
  [VQE] Iteration:   68 | Energy:  -4.30037566 Ha | Rel ΔE: 0.00000134
  [VQE] Iteration:   69 | Energy:  -4.30038145 Ha | Rel ΔE: 0.00000135
  [VQE] Iteration:   70 | Energy:  -4.30038796 Ha | Rel ΔE: 0.00000152
  [VQE] Iteration:   71 | Energy:  -4.30039385 Ha | Rel ΔE: 0.00000137
  [VQE] Iteration:   72 | Energy:  -4.30040075 Ha | Rel ΔE: 0.00000161
  [VQE] Iteration:   73 | Energy:  -4.30040653 Ha | Rel ΔE: 0.00000134
  [VQE] Iteration:   74 | Energy:  -4.30041078 Ha | Rel ΔE: 0.00000099
  [VQE Converged] Rel ΔE (9.865e-07) is below threshold (1e-06)!
  [*] VQE Complete! Final Energy: -4.30041078 Ha
[DIIS] Extrapolating density (coeffs: [ 0.33  0.33  0.33 -0.  ])
[Iteration 30] Embedding total energy = -692.55021531 Ha

>> [PennyLane] Initiating Native CPU Pipeline...
  [*] Bridged 999 Pauli terms on 12 qubits.
  [*] Launching Native Adjoint L-BFGS-B Optimization...
  --- Starting VQE Optimization Step ---
  [VQE] Iteration:    0 | Energy:  -3.14111791 Ha | Rel ΔE: N/A
  [VQE] Iteration:    1 | Energy:  -3.32180506 Ha | Rel ΔE: 0.05439427
  [VQE] Iteration:    2 | Energy:  -3.78550308 Ha | Rel ΔE: 0.12249310
  [VQE] Iteration:    3 | Energy:  -4.02629088 Ha | Rel ΔE: 0.05980387
  [VQE] Iteration:    4 | Energy:  -4.05901236 Ha | Rel ΔE: 0.00806144
  [VQE] Iteration:    5 | Energy:  -4.23709585 Ha | Rel ΔE: 0.04202961
  [VQE] Iteration:    6 | Energy:  -4.22867327 Ha | Rel ΔE: 0.00198782
  [VQE] Iteration:    7 | Energy:  -4.26926495 Ha | Rel ΔE: 0.00950788
  [VQE] Iteration:    8 | Energy:  -4.28009961 Ha | Rel ΔE: 0.00253141
  [VQE] Iteration:    9 | Energy:  -4.28310541 Ha | Rel ΔE: 0.00070178
  [VQE] Iteration:   10 | Energy:  -4.28451363 Ha | Rel ΔE: 0.00032868
  [VQE] Iteration:   11 | Energy:  -4.28606249 Ha | Rel ΔE: 0.00036137
  [VQE] Iteration:   12 | Energy:  -4.28727982 Ha | Rel ΔE: 0.00028394
  [VQE] Iteration:   13 | Energy:  -4.28907711 Ha | Rel ΔE: 0.00041904
  [VQE] Iteration:   14 | Energy:  -4.29069139 Ha | Rel ΔE: 0.00037623
  [VQE] Iteration:   15 | Energy:  -4.29230123 Ha | Rel ΔE: 0.00037505
  [VQE] Iteration:   16 | Energy:  -4.29295306 Ha | Rel ΔE: 0.00015184
  [VQE] Iteration:   17 | Energy:  -4.29377904 Ha | Rel ΔE: 0.00019237
  [VQE] Iteration:   18 | Energy:  -4.29557595 Ha | Rel ΔE: 0.00041832
  [VQE] Iteration:   19 | Energy:  -4.29646377 Ha | Rel ΔE: 0.00020664
  [VQE] Iteration:   20 | Energy:  -4.29761174 Ha | Rel ΔE: 0.00026712
  [VQE] Iteration:   21 | Energy:  -4.29797035 Ha | Rel ΔE: 0.00008344
  [VQE] Iteration:   22 | Energy:  -4.29826276 Ha | Rel ΔE: 0.00006803
  [VQE] Iteration:   23 | Energy:  -4.29851019 Ha | Rel ΔE: 0.00005756
  [VQE] Iteration:   24 | Energy:  -4.29878046 Ha | Rel ΔE: 0.00006287
  [VQE] Iteration:   25 | Energy:  -4.29896394 Ha | Rel ΔE: 0.00004268
  [VQE] Iteration:   26 | Energy:  -4.29910877 Ha | Rel ΔE: 0.00003369
  [VQE] Iteration:   27 | Energy:  -4.29919131 Ha | Rel ΔE: 0.00001920
  [VQE] Iteration:   28 | Energy:  -4.29938679 Ha | Rel ΔE: 0.00004547
  [VQE] Iteration:   29 | Energy:  -4.29946170 Ha | Rel ΔE: 0.00001742
  [VQE] Iteration:   30 | Energy:  -4.29957444 Ha | Rel ΔE: 0.00002622
  [VQE] Iteration:   31 | Energy:  -4.29968837 Ha | Rel ΔE: 0.00002650
  [VQE] Iteration:   32 | Energy:  -4.29976208 Ha | Rel ΔE: 0.00001714
  [VQE] Iteration:   33 | Energy:  -4.29981151 Ha | Rel ΔE: 0.00001149
  [VQE] Iteration:   34 | Energy:  -4.29985490 Ha | Rel ΔE: 0.00001009
  [VQE] Iteration:   35 | Energy:  -4.29990416 Ha | Rel ΔE: 0.00001146
  [VQE] Iteration:   36 | Energy:  -4.29997293 Ha | Rel ΔE: 0.00001599
  [VQE] Iteration:   37 | Energy:  -4.30002681 Ha | Rel ΔE: 0.00001253
  [VQE] Iteration:   38 | Energy:  -4.30006138 Ha | Rel ΔE: 0.00000804
  [VQE] Iteration:   39 | Energy:  -4.30007838 Ha | Rel ΔE: 0.00000395
  [VQE] Iteration:   40 | Energy:  -4.30009768 Ha | Rel ΔE: 0.00000449
  [VQE] Iteration:   41 | Energy:  -4.30012201 Ha | Rel ΔE: 0.00000566
  [VQE] Iteration:   42 | Energy:  -4.30014544 Ha | Rel ΔE: 0.00000545
  [VQE] Iteration:   43 | Energy:  -4.30016453 Ha | Rel ΔE: 0.00000444
  [VQE] Iteration:   44 | Energy:  -4.30017515 Ha | Rel ΔE: 0.00000247
  [VQE] Iteration:   45 | Energy:  -4.30018353 Ha | Rel ΔE: 0.00000195
  [VQE] Iteration:   46 | Energy:  -4.30019607 Ha | Rel ΔE: 0.00000291
  [VQE] Iteration:   47 | Energy:  -4.30020983 Ha | Rel ΔE: 0.00000320
  [VQE] Iteration:   48 | Energy:  -4.30022474 Ha | Rel ΔE: 0.00000347
  [VQE] Iteration:   49 | Energy:  -4.30024116 Ha | Rel ΔE: 0.00000382
  [VQE] Iteration:   50 | Energy:  -4.30024974 Ha | Rel ΔE: 0.00000200
  [VQE] Iteration:   51 | Energy:  -4.30025863 Ha | Rel ΔE: 0.00000207
  [VQE] Iteration:   52 | Energy:  -4.30026913 Ha | Rel ΔE: 0.00000244
  [VQE] Iteration:   53 | Energy:  -4.30027626 Ha | Rel ΔE: 0.00000166
  [VQE] Iteration:   54 | Energy:  -4.30028470 Ha | Rel ΔE: 0.00000196
  [VQE] Iteration:   55 | Energy:  -4.30029155 Ha | Rel ΔE: 0.00000159
  [VQE] Iteration:   56 | Energy:  -4.30029628 Ha | Rel ΔE: 0.00000110
  [VQE] Iteration:   57 | Energy:  -4.30030396 Ha | Rel ΔE: 0.00000179
  [VQE] Iteration:   58 | Energy:  -4.30030984 Ha | Rel ΔE: 0.00000137
  [VQE] Iteration:   59 | Energy:  -4.30031879 Ha | Rel ΔE: 0.00000208
  [VQE] Iteration:   60 | Energy:  -4.30032477 Ha | Rel ΔE: 0.00000139
  [VQE] Iteration:   61 | Energy:  -4.30033062 Ha | Rel ΔE: 0.00000136
  [VQE] Iteration:   62 | Energy:  -4.30034121 Ha | Rel ΔE: 0.00000246
  [VQE] Iteration:   63 | Energy:  -4.30033857 Ha | Rel ΔE: 0.00000061
  [VQE Converged] Rel ΔE (6.124e-07) is below threshold (1e-06)!
  [VQE] Iteration:   64 | Energy:  -4.30034769 Ha | Rel ΔE: 0.00000212
  [VQE] Iteration:   65 | Energy:  -4.30035666 Ha | Rel ΔE: 0.00000209
  [VQE] Iteration:   66 | Energy:  -4.30036388 Ha | Rel ΔE: 0.00000168
  [VQE] Iteration:   67 | Energy:  -4.30036993 Ha | Rel ΔE: 0.00000141
  [VQE] Iteration:   68 | Energy:  -4.30037578 Ha | Rel ΔE: 0.00000136
  [VQE] Iteration:   69 | Energy:  -4.30038168 Ha | Rel ΔE: 0.00000137
  [VQE] Iteration:   70 | Energy:  -4.30038807 Ha | Rel ΔE: 0.00000149
  [VQE] Iteration:   71 | Energy:  -4.30039397 Ha | Rel ΔE: 0.00000137
  [VQE] Iteration:   72 | Energy:  -4.30040089 Ha | Rel ΔE: 0.00000161
  [VQE] Iteration:   73 | Energy:  -4.30040650 Ha | Rel ΔE: 0.00000131
  [VQE] Iteration:   74 | Energy:  -4.30041074 Ha | Rel ΔE: 0.00000098
  [VQE Converged] Rel ΔE (9.850e-07) is below threshold (1e-06)!
  [*] VQE Complete! Final Energy: -4.30041074 Ha
[DIIS] Extrapolating density (coeffs: [0.33 0.33 0.33 0.  ])
[Iteration 31] Embedding total energy = -692.55023742 Ha

>> [PennyLane] Initiating Native CPU Pipeline...
  [*] Bridged 999 Pauli terms on 12 qubits.
  [*] Launching Native Adjoint L-BFGS-B Optimization...
  --- Starting VQE Optimization Step ---
  [VQE] Iteration:    0 | Energy:  -3.14111789 Ha | Rel ΔE: N/A
  [VQE] Iteration:    1 | Energy:  -3.32180504 Ha | Rel ΔE: 0.05439427
  [VQE] Iteration:    2 | Energy:  -3.78550316 Ha | Rel ΔE: 0.12249313
  [VQE] Iteration:    3 | Energy:  -4.02629089 Ha | Rel ΔE: 0.05980386
  [VQE] Iteration:    4 | Energy:  -4.05901265 Ha | Rel ΔE: 0.00806151
  [VQE] Iteration:    5 | Energy:  -4.23709602 Ha | Rel ΔE: 0.04202958
  [VQE] Iteration:    6 | Energy:  -4.22867361 Ha | Rel ΔE: 0.00198778
  [VQE] Iteration:    7 | Energy:  -4.26926502 Ha | Rel ΔE: 0.00950782
  [VQE] Iteration:    8 | Energy:  -4.28009966 Ha | Rel ΔE: 0.00253140
  [VQE] Iteration:    9 | Energy:  -4.28310546 Ha | Rel ΔE: 0.00070178
  [VQE] Iteration:   10 | Energy:  -4.28451367 Ha | Rel ΔE: 0.00032868
  [VQE] Iteration:   11 | Energy:  -4.28606253 Ha | Rel ΔE: 0.00036137
  [VQE] Iteration:   12 | Energy:  -4.28727986 Ha | Rel ΔE: 0.00028394
  [VQE] Iteration:   13 | Energy:  -4.28907715 Ha | Rel ΔE: 0.00041904
  [VQE] Iteration:   14 | Energy:  -4.29069143 Ha | Rel ΔE: 0.00037623
  [VQE] Iteration:   15 | Energy:  -4.29230127 Ha | Rel ΔE: 0.00037505
  [VQE] Iteration:   16 | Energy:  -4.29295310 Ha | Rel ΔE: 0.00015184
  [VQE] Iteration:   17 | Energy:  -4.29377909 Ha | Rel ΔE: 0.00019237
  [VQE] Iteration:   18 | Energy:  -4.29557600 Ha | Rel ΔE: 0.00041832
  [VQE] Iteration:   19 | Energy:  -4.29646381 Ha | Rel ΔE: 0.00020664
  [VQE] Iteration:   20 | Energy:  -4.29761179 Ha | Rel ΔE: 0.00026712
  [VQE] Iteration:   21 | Energy:  -4.29797040 Ha | Rel ΔE: 0.00008344
  [VQE] Iteration:   22 | Energy:  -4.29826280 Ha | Rel ΔE: 0.00006803
  [VQE] Iteration:   23 | Energy:  -4.29851023 Ha | Rel ΔE: 0.00005756
  [VQE] Iteration:   24 | Energy:  -4.29878050 Ha | Rel ΔE: 0.00006287
  [VQE] Iteration:   25 | Energy:  -4.29896397 Ha | Rel ΔE: 0.00004268
  [VQE] Iteration:   26 | Energy:  -4.29910880 Ha | Rel ΔE: 0.00003369
  [VQE] Iteration:   27 | Energy:  -4.29919134 Ha | Rel ΔE: 0.00001920
  [VQE] Iteration:   28 | Energy:  -4.29938683 Ha | Rel ΔE: 0.00004547
  [VQE] Iteration:   29 | Energy:  -4.29946174 Ha | Rel ΔE: 0.00001742
  [VQE] Iteration:   30 | Energy:  -4.29957448 Ha | Rel ΔE: 0.00002622
  [VQE] Iteration:   31 | Energy:  -4.29968842 Ha | Rel ΔE: 0.00002650
  [VQE] Iteration:   32 | Energy:  -4.29976211 Ha | Rel ΔE: 0.00001714
  [VQE] Iteration:   33 | Energy:  -4.29981155 Ha | Rel ΔE: 0.00001150
  [VQE] Iteration:   34 | Energy:  -4.29985493 Ha | Rel ΔE: 0.00001009
  [VQE] Iteration:   35 | Energy:  -4.29990419 Ha | Rel ΔE: 0.00001146
  [VQE] Iteration:   36 | Energy:  -4.29997295 Ha | Rel ΔE: 0.00001599
  [VQE] Iteration:   37 | Energy:  -4.30002684 Ha | Rel ΔE: 0.00001253
  [VQE] Iteration:   38 | Energy:  -4.30006141 Ha | Rel ΔE: 0.00000804
  [VQE] Iteration:   39 | Energy:  -4.30007842 Ha | Rel ΔE: 0.00000395
  [VQE] Iteration:   40 | Energy:  -4.30009772 Ha | Rel ΔE: 0.00000449
  [VQE] Iteration:   41 | Energy:  -4.30012206 Ha | Rel ΔE: 0.00000566
  [VQE] Iteration:   42 | Energy:  -4.30014549 Ha | Rel ΔE: 0.00000545
  [VQE] Iteration:   43 | Energy:  -4.30016457 Ha | Rel ΔE: 0.00000444
  [VQE] Iteration:   44 | Energy:  -4.30017519 Ha | Rel ΔE: 0.00000247
  [VQE] Iteration:   45 | Energy:  -4.30018358 Ha | Rel ΔE: 0.00000195
  [VQE] Iteration:   46 | Energy:  -4.30019610 Ha | Rel ΔE: 0.00000291
  [VQE] Iteration:   47 | Energy:  -4.30020989 Ha | Rel ΔE: 0.00000321
  [VQE] Iteration:   48 | Energy:  -4.30022482 Ha | Rel ΔE: 0.00000347
  [VQE] Iteration:   49 | Energy:  -4.30024120 Ha | Rel ΔE: 0.00000381
  [VQE] Iteration:   50 | Energy:  -4.30024979 Ha | Rel ΔE: 0.00000200
  [VQE] Iteration:   51 | Energy:  -4.30025870 Ha | Rel ΔE: 0.00000207
  [VQE] Iteration:   52 | Energy:  -4.30026915 Ha | Rel ΔE: 0.00000243
  [VQE] Iteration:   53 | Energy:  -4.30027630 Ha | Rel ΔE: 0.00000166
  [VQE] Iteration:   54 | Energy:  -4.30028467 Ha | Rel ΔE: 0.00000195
  [VQE] Iteration:   55 | Energy:  -4.30029156 Ha | Rel ΔE: 0.00000160
  [VQE] Iteration:   56 | Energy:  -4.30029625 Ha | Rel ΔE: 0.00000109
  [VQE] Iteration:   57 | Energy:  -4.30030389 Ha | Rel ΔE: 0.00000178
  [VQE] Iteration:   58 | Energy:  -4.30030965 Ha | Rel ΔE: 0.00000134
  [VQE] Iteration:   59 | Energy:  -4.30031877 Ha | Rel ΔE: 0.00000212
  [VQE] Iteration:   60 | Energy:  -4.30032465 Ha | Rel ΔE: 0.00000137
  [VQE] Iteration:   61 | Energy:  -4.30033051 Ha | Rel ΔE: 0.00000136
  [VQE] Iteration:   62 | Energy:  -4.30034093 Ha | Rel ΔE: 0.00000242
  [VQE] Iteration:   63 | Energy:  -4.30033816 Ha | Rel ΔE: 0.00000065
  [VQE Converged] Rel ΔE (6.452e-07) is below threshold (1e-06)!
  [VQE] Iteration:   64 | Energy:  -4.30034736 Ha | Rel ΔE: 0.00000214
  [VQE] Iteration:   65 | Energy:  -4.30035655 Ha | Rel ΔE: 0.00000214
  [VQE] Iteration:   66 | Energy:  -4.30036380 Ha | Rel ΔE: 0.00000169
  [VQE] Iteration:   67 | Energy:  -4.30036991 Ha | Rel ΔE: 0.00000142
  [VQE] Iteration:   68 | Energy:  -4.30037569 Ha | Rel ΔE: 0.00000134
  [VQE] Iteration:   69 | Energy:  -4.30038151 Ha | Rel ΔE: 0.00000135
  [VQE] Iteration:   70 | Energy:  -4.30038799 Ha | Rel ΔE: 0.00000151
  [VQE] Iteration:   71 | Energy:  -4.30039388 Ha | Rel ΔE: 0.00000137
  [VQE] Iteration:   72 | Energy:  -4.30040078 Ha | Rel ΔE: 0.00000161
  [VQE] Iteration:   73 | Energy:  -4.30040652 Ha | Rel ΔE: 0.00000133
  [VQE] Iteration:   74 | Energy:  -4.30041075 Ha | Rel ΔE: 0.00000099
  [VQE Converged] Rel ΔE (9.853e-07) is below threshold (1e-06)!
  [*] VQE Complete! Final Energy: -4.30041075 Ha
[DIIS] Extrapolating density (coeffs: [ 0.33  0.33  0.33 -0.  ])
[Iteration 32] Embedding total energy = -692.55022278 Ha

>> [PennyLane] Initiating Native CPU Pipeline...
  [*] Bridged 999 Pauli terms on 12 qubits.
  [*] Launching Native Adjoint L-BFGS-B Optimization...
  --- Starting VQE Optimization Step ---
  [VQE] Iteration:    0 | Energy:  -3.14111790 Ha | Rel ΔE: N/A
  [VQE] Iteration:    1 | Energy:  -3.32180505 Ha | Rel ΔE: 0.05439427
  [VQE] Iteration:    2 | Energy:  -3.78550311 Ha | Rel ΔE: 0.12249311
  [VQE] Iteration:    3 | Energy:  -4.02629088 Ha | Rel ΔE: 0.05980387
  [VQE] Iteration:    4 | Energy:  -4.05901246 Ha | Rel ΔE: 0.00806146
  [VQE] Iteration:    5 | Energy:  -4.23709591 Ha | Rel ΔE: 0.04202960
  [VQE] Iteration:    6 | Energy:  -4.22867339 Ha | Rel ΔE: 0.00198780
  [VQE] Iteration:    7 | Energy:  -4.26926497 Ha | Rel ΔE: 0.00950786
  [VQE] Iteration:    8 | Energy:  -4.28009963 Ha | Rel ΔE: 0.00253140
  [VQE] Iteration:    9 | Energy:  -4.28310543 Ha | Rel ΔE: 0.00070178
  [VQE] Iteration:   10 | Energy:  -4.28451365 Ha | Rel ΔE: 0.00032868
  [VQE] Iteration:   11 | Energy:  -4.28606250 Ha | Rel ΔE: 0.00036137
  [VQE] Iteration:   12 | Energy:  -4.28727983 Ha | Rel ΔE: 0.00028394
  [VQE] Iteration:   13 | Energy:  -4.28907712 Ha | Rel ΔE: 0.00041904
  [VQE] Iteration:   14 | Energy:  -4.29069141 Ha | Rel ΔE: 0.00037623
  [VQE] Iteration:   15 | Energy:  -4.29230124 Ha | Rel ΔE: 0.00037505
  [VQE] Iteration:   16 | Energy:  -4.29295308 Ha | Rel ΔE: 0.00015184
  [VQE] Iteration:   17 | Energy:  -4.29377906 Ha | Rel ΔE: 0.00019237
  [VQE] Iteration:   18 | Energy:  -4.29557597 Ha | Rel ΔE: 0.00041832
  [VQE] Iteration:   19 | Energy:  -4.29646379 Ha | Rel ΔE: 0.00020664
  [VQE] Iteration:   20 | Energy:  -4.29761176 Ha | Rel ΔE: 0.00026712
  [VQE] Iteration:   21 | Energy:  -4.29797037 Ha | Rel ΔE: 0.00008344
  [VQE] Iteration:   22 | Energy:  -4.29826277 Ha | Rel ΔE: 0.00006803
  [VQE] Iteration:   23 | Energy:  -4.29851020 Ha | Rel ΔE: 0.00005756
  [VQE] Iteration:   24 | Energy:  -4.29878048 Ha | Rel ΔE: 0.00006287
  [VQE] Iteration:   25 | Energy:  -4.29896395 Ha | Rel ΔE: 0.00004268
  [VQE] Iteration:   26 | Energy:  -4.29910878 Ha | Rel ΔE: 0.00003369
  [VQE] Iteration:   27 | Energy:  -4.29919132 Ha | Rel ΔE: 0.00001920
  [VQE] Iteration:   28 | Energy:  -4.29938681 Ha | Rel ΔE: 0.00004547
  [VQE] Iteration:   29 | Energy:  -4.29946172 Ha | Rel ΔE: 0.00001742
  [VQE] Iteration:   30 | Energy:  -4.29957445 Ha | Rel ΔE: 0.00002622
  [VQE] Iteration:   31 | Energy:  -4.29968839 Ha | Rel ΔE: 0.00002650
  [VQE] Iteration:   32 | Energy:  -4.29976209 Ha | Rel ΔE: 0.00001714
  [VQE] Iteration:   33 | Energy:  -4.29981152 Ha | Rel ΔE: 0.00001150
  [VQE] Iteration:   34 | Energy:  -4.29985491 Ha | Rel ΔE: 0.00001009
  [VQE] Iteration:   35 | Energy:  -4.29990417 Ha | Rel ΔE: 0.00001146
  [VQE] Iteration:   36 | Energy:  -4.29997294 Ha | Rel ΔE: 0.00001599
  [VQE] Iteration:   37 | Energy:  -4.30002682 Ha | Rel ΔE: 0.00001253
  [VQE] Iteration:   38 | Energy:  -4.30006139 Ha | Rel ΔE: 0.00000804
  [VQE] Iteration:   39 | Energy:  -4.30007839 Ha | Rel ΔE: 0.00000395
  [VQE] Iteration:   40 | Energy:  -4.30009770 Ha | Rel ΔE: 0.00000449
  [VQE] Iteration:   41 | Energy:  -4.30012203 Ha | Rel ΔE: 0.00000566
  [VQE] Iteration:   42 | Energy:  -4.30014546 Ha | Rel ΔE: 0.00000545
  [VQE] Iteration:   43 | Energy:  -4.30016455 Ha | Rel ΔE: 0.00000444
  [VQE] Iteration:   44 | Energy:  -4.30017517 Ha | Rel ΔE: 0.00000247
  [VQE] Iteration:   45 | Energy:  -4.30018355 Ha | Rel ΔE: 0.00000195
  [VQE] Iteration:   46 | Energy:  -4.30019608 Ha | Rel ΔE: 0.00000291
  [VQE] Iteration:   47 | Energy:  -4.30020985 Ha | Rel ΔE: 0.00000320
  [VQE] Iteration:   48 | Energy:  -4.30022477 Ha | Rel ΔE: 0.00000347
  [VQE] Iteration:   49 | Energy:  -4.30024117 Ha | Rel ΔE: 0.00000381
  [VQE] Iteration:   50 | Energy:  -4.30024976 Ha | Rel ΔE: 0.00000200
  [VQE] Iteration:   51 | Energy:  -4.30025866 Ha | Rel ΔE: 0.00000207
  [VQE] Iteration:   52 | Energy:  -4.30026914 Ha | Rel ΔE: 0.00000244
  [VQE] Iteration:   53 | Energy:  -4.30027628 Ha | Rel ΔE: 0.00000166
  [VQE] Iteration:   54 | Energy:  -4.30028469 Ha | Rel ΔE: 0.00000196
  [VQE] Iteration:   55 | Energy:  -4.30029155 Ha | Rel ΔE: 0.00000160
  [VQE] Iteration:   56 | Energy:  -4.30029627 Ha | Rel ΔE: 0.00000110
  [VQE] Iteration:   57 | Energy:  -4.30030394 Ha | Rel ΔE: 0.00000178
  [VQE] Iteration:   58 | Energy:  -4.30030978 Ha | Rel ΔE: 0.00000136
  [VQE] Iteration:   59 | Energy:  -4.30031878 Ha | Rel ΔE: 0.00000209
  [VQE] Iteration:   60 | Energy:  -4.30032473 Ha | Rel ΔE: 0.00000138
  [VQE] Iteration:   61 | Energy:  -4.30033058 Ha | Rel ΔE: 0.00000136
  [VQE] Iteration:   62 | Energy:  -4.30034111 Ha | Rel ΔE: 0.00000245
  [VQE] Iteration:   63 | Energy:  -4.30033839 Ha | Rel ΔE: 0.00000063
  [VQE Converged] Rel ΔE (6.322e-07) is below threshold (1e-06)!
  [VQE] Iteration:   64 | Energy:  -4.30034757 Ha | Rel ΔE: 0.00000213
  [VQE] Iteration:   65 | Energy:  -4.30035661 Ha | Rel ΔE: 0.00000210
  [VQE] Iteration:   66 | Energy:  -4.30036385 Ha | Rel ΔE: 0.00000168
  [VQE] Iteration:   67 | Energy:  -4.30036992 Ha | Rel ΔE: 0.00000141
  [VQE] Iteration:   68 | Energy:  -4.30037575 Ha | Rel ΔE: 0.00000136
  [VQE] Iteration:   69 | Energy:  -4.30038162 Ha | Rel ΔE: 0.00000136
  [VQE] Iteration:   70 | Energy:  -4.30038804 Ha | Rel ΔE: 0.00000149
  [VQE] Iteration:   71 | Energy:  -4.30039394 Ha | Rel ΔE: 0.00000137
  [VQE] Iteration:   72 | Energy:  -4.30040085 Ha | Rel ΔE: 0.00000161
  [VQE] Iteration:   73 | Energy:  -4.30040651 Ha | Rel ΔE: 0.00000132
  [VQE] Iteration:   74 | Energy:  -4.30041074 Ha | Rel ΔE: 0.00000098
  [VQE Converged] Rel ΔE (9.848e-07) is below threshold (1e-06)!
  [*] VQE Complete! Final Energy: -4.30041074 Ha
[DIIS] Extrapolating density (coeffs: [0.33 0.33 0.33 0.  ])
[Iteration 33] Embedding total energy = -692.55023275 Ha

>> [PennyLane] Initiating Native CPU Pipeline...
  [*] Bridged 999 Pauli terms on 12 qubits.
  [*] Launching Native Adjoint L-BFGS-B Optimization...
  --- Starting VQE Optimization Step ---
  [VQE] Iteration:    0 | Energy:  -3.14111789 Ha | Rel ΔE: N/A
  [VQE] Iteration:    1 | Energy:  -3.32180504 Ha | Rel ΔE: 0.05439427
  [VQE] Iteration:    2 | Energy:  -3.78550315 Ha | Rel ΔE: 0.12249313
  [VQE] Iteration:    3 | Energy:  -4.02629088 Ha | Rel ΔE: 0.05980386
  [VQE] Iteration:    4 | Energy:  -4.05901262 Ha | Rel ΔE: 0.00806150
  [VQE] Iteration:    5 | Energy:  -4.23709600 Ha | Rel ΔE: 0.04202958
  [VQE] Iteration:    6 | Energy:  -4.22867357 Ha | Rel ΔE: 0.00198778
  [VQE] Iteration:    7 | Energy:  -4.26926501 Ha | Rel ΔE: 0.00950783
  [VQE] Iteration:    8 | Energy:  -4.28009966 Ha | Rel ΔE: 0.00253140
  [VQE] Iteration:    9 | Energy:  -4.28310545 Ha | Rel ΔE: 0.00070178
  [VQE] Iteration:   10 | Energy:  -4.28451367 Ha | Rel ΔE: 0.00032868
  [VQE] Iteration:   11 | Energy:  -4.28606253 Ha | Rel ΔE: 0.00036137
  [VQE] Iteration:   12 | Energy:  -4.28727986 Ha | Rel ΔE: 0.00028394
  [VQE] Iteration:   13 | Energy:  -4.28907715 Ha | Rel ΔE: 0.00041904
  [VQE] Iteration:   14 | Energy:  -4.29069143 Ha | Rel ΔE: 0.00037623
  [VQE] Iteration:   15 | Energy:  -4.29230127 Ha | Rel ΔE: 0.00037505
  [VQE] Iteration:   16 | Energy:  -4.29295310 Ha | Rel ΔE: 0.00015184
  [VQE] Iteration:   17 | Energy:  -4.29377908 Ha | Rel ΔE: 0.00019237
  [VQE] Iteration:   18 | Energy:  -4.29557599 Ha | Rel ΔE: 0.00041832
  [VQE] Iteration:   19 | Energy:  -4.29646381 Ha | Rel ΔE: 0.00020664
  [VQE] Iteration:   20 | Energy:  -4.29761179 Ha | Rel ΔE: 0.00026712
  [VQE] Iteration:   21 | Energy:  -4.29797039 Ha | Rel ΔE: 0.00008344
  [VQE] Iteration:   22 | Energy:  -4.29826279 Ha | Rel ΔE: 0.00006803
  [VQE] Iteration:   23 | Energy:  -4.29851022 Ha | Rel ΔE: 0.00005756
  [VQE] Iteration:   24 | Energy:  -4.29878050 Ha | Rel ΔE: 0.00006287
  [VQE] Iteration:   25 | Energy:  -4.29896397 Ha | Rel ΔE: 0.00004268
  [VQE] Iteration:   26 | Energy:  -4.29910880 Ha | Rel ΔE: 0.00003369
  [VQE] Iteration:   27 | Energy:  -4.29919134 Ha | Rel ΔE: 0.00001920
  [VQE] Iteration:   28 | Energy:  -4.29938683 Ha | Rel ΔE: 0.00004547
  [VQE] Iteration:   29 | Energy:  -4.29946174 Ha | Rel ΔE: 0.00001742
  [VQE] Iteration:   30 | Energy:  -4.29957447 Ha | Rel ΔE: 0.00002622
  [VQE] Iteration:   31 | Energy:  -4.29968842 Ha | Rel ΔE: 0.00002650
  [VQE] Iteration:   32 | Energy:  -4.29976211 Ha | Rel ΔE: 0.00001714
  [VQE] Iteration:   33 | Energy:  -4.29981154 Ha | Rel ΔE: 0.00001150
  [VQE] Iteration:   34 | Energy:  -4.29985493 Ha | Rel ΔE: 0.00001009
  [VQE] Iteration:   35 | Energy:  -4.29990419 Ha | Rel ΔE: 0.00001146
  [VQE] Iteration:   36 | Energy:  -4.29997295 Ha | Rel ΔE: 0.00001599
  [VQE] Iteration:   37 | Energy:  -4.30002684 Ha | Rel ΔE: 0.00001253
  [VQE] Iteration:   38 | Energy:  -4.30006141 Ha | Rel ΔE: 0.00000804
  [VQE] Iteration:   39 | Energy:  -4.30007841 Ha | Rel ΔE: 0.00000395
  [VQE] Iteration:   40 | Energy:  -4.30009772 Ha | Rel ΔE: 0.00000449
  [VQE] Iteration:   41 | Energy:  -4.30012205 Ha | Rel ΔE: 0.00000566
  [VQE] Iteration:   42 | Energy:  -4.30014548 Ha | Rel ΔE: 0.00000545
  [VQE] Iteration:   43 | Energy:  -4.30016457 Ha | Rel ΔE: 0.00000444
  [VQE] Iteration:   44 | Energy:  -4.30017519 Ha | Rel ΔE: 0.00000247
  [VQE] Iteration:   45 | Energy:  -4.30018358 Ha | Rel ΔE: 0.00000195
  [VQE] Iteration:   46 | Energy:  -4.30019610 Ha | Rel ΔE: 0.00000291
  [VQE] Iteration:   47 | Energy:  -4.30020989 Ha | Rel ΔE: 0.00000321
  [VQE] Iteration:   48 | Energy:  -4.30022481 Ha | Rel ΔE: 0.00000347
  [VQE] Iteration:   49 | Energy:  -4.30024120 Ha | Rel ΔE: 0.00000381
  [VQE] Iteration:   50 | Energy:  -4.30024979 Ha | Rel ΔE: 0.00000200
  [VQE] Iteration:   51 | Energy:  -4.30025869 Ha | Rel ΔE: 0.00000207
  [VQE] Iteration:   52 | Energy:  -4.30026915 Ha | Rel ΔE: 0.00000243
  [VQE] Iteration:   53 | Energy:  -4.30027630 Ha | Rel ΔE: 0.00000166
  [VQE] Iteration:   54 | Energy:  -4.30028468 Ha | Rel ΔE: 0.00000195
  [VQE] Iteration:   55 | Energy:  -4.30029156 Ha | Rel ΔE: 0.00000160
  [VQE] Iteration:   56 | Energy:  -4.30029626 Ha | Rel ΔE: 0.00000109
  [VQE] Iteration:   57 | Energy:  -4.30030390 Ha | Rel ΔE: 0.00000178
  [VQE] Iteration:   58 | Energy:  -4.30030968 Ha | Rel ΔE: 0.00000134
  [VQE] Iteration:   59 | Energy:  -4.30031877 Ha | Rel ΔE: 0.00000211
  [VQE] Iteration:   60 | Energy:  -4.30032467 Ha | Rel ΔE: 0.00000137
  [VQE] Iteration:   61 | Energy:  -4.30033052 Ha | Rel ΔE: 0.00000136
  [VQE] Iteration:   62 | Energy:  -4.30034097 Ha | Rel ΔE: 0.00000243
  [VQE] Iteration:   63 | Energy:  -4.30033819 Ha | Rel ΔE: 0.00000064
  [VQE Converged] Rel ΔE (6.450e-07) is below threshold (1e-06)!
  [VQE] Iteration:   64 | Energy:  -4.30034740 Ha | Rel ΔE: 0.00000214
  [VQE] Iteration:   65 | Energy:  -4.30035656 Ha | Rel ΔE: 0.00000213
  [VQE] Iteration:   66 | Energy:  -4.30036381 Ha | Rel ΔE: 0.00000169
  [VQE] Iteration:   67 | Energy:  -4.30036991 Ha | Rel ΔE: 0.00000142
  [VQE] Iteration:   68 | Energy:  -4.30037570 Ha | Rel ΔE: 0.00000135
  [VQE] Iteration:   69 | Energy:  -4.30038153 Ha | Rel ΔE: 0.00000136
  [VQE] Iteration:   70 | Energy:  -4.30038800 Ha | Rel ΔE: 0.00000150
  [VQE] Iteration:   71 | Energy:  -4.30039389 Ha | Rel ΔE: 0.00000137
  [VQE] Iteration:   72 | Energy:  -4.30040079 Ha | Rel ΔE: 0.00000161
  [VQE] Iteration:   73 | Energy:  -4.30040652 Ha | Rel ΔE: 0.00000133
  [VQE] Iteration:   74 | Energy:  -4.30041075 Ha | Rel ΔE: 0.00000099
  [VQE Converged] Rel ΔE (9.851e-07) is below threshold (1e-06)!
  [*] VQE Complete! Final Energy: -4.30041075 Ha
[DIIS] Extrapolating density (coeffs: [ 0.33  0.33  0.33 -0.  ])
[Iteration 34] Embedding total energy = -692.55022526 Ha

>> [PennyLane] Initiating Native CPU Pipeline...
  [*] Bridged 999 Pauli terms on 12 qubits.
  [*] Launching Native Adjoint L-BFGS-B Optimization...
  --- Starting VQE Optimization Step ---
  [VQE] Iteration:    0 | Energy:  -3.14111790 Ha | Rel ΔE: N/A
  [VQE] Iteration:    1 | Energy:  -3.32180505 Ha | Rel ΔE: 0.05439427
  [VQE] Iteration:    2 | Energy:  -3.78550312 Ha | Rel ΔE: 0.12249312
  [VQE] Iteration:    3 | Energy:  -4.02629088 Ha | Rel ΔE: 0.05980387
  [VQE] Iteration:    4 | Energy:  -4.05901250 Ha | Rel ΔE: 0.00806147
  [VQE] Iteration:    5 | Energy:  -4.23709593 Ha | Rel ΔE: 0.04202960
  [VQE] Iteration:    6 | Energy:  -4.22867343 Ha | Rel ΔE: 0.00198780
  [VQE] Iteration:    7 | Energy:  -4.26926498 Ha | Rel ΔE: 0.00950785
  [VQE] Iteration:    8 | Energy:  -4.28009964 Ha | Rel ΔE: 0.00253140
  [VQE] Iteration:    9 | Energy:  -4.28310543 Ha | Rel ΔE: 0.00070178
  [VQE] Iteration:   10 | Energy:  -4.28451365 Ha | Rel ΔE: 0.00032868
  [VQE] Iteration:   11 | Energy:  -4.28606251 Ha | Rel ΔE: 0.00036137
  [VQE] Iteration:   12 | Energy:  -4.28727984 Ha | Rel ΔE: 0.00028394
  [VQE] Iteration:   13 | Energy:  -4.28907713 Ha | Rel ΔE: 0.00041904
  [VQE] Iteration:   14 | Energy:  -4.29069141 Ha | Rel ΔE: 0.00037623
  [VQE] Iteration:   15 | Energy:  -4.29230125 Ha | Rel ΔE: 0.00037505
  [VQE] Iteration:   16 | Energy:  -4.29295308 Ha | Rel ΔE: 0.00015184
  [VQE] Iteration:   17 | Energy:  -4.29377906 Ha | Rel ΔE: 0.00019237
  [VQE] Iteration:   18 | Energy:  -4.29557597 Ha | Rel ΔE: 0.00041832
  [VQE] Iteration:   19 | Energy:  -4.29646379 Ha | Rel ΔE: 0.00020664
  [VQE] Iteration:   20 | Energy:  -4.29761177 Ha | Rel ΔE: 0.00026712
  [VQE] Iteration:   21 | Energy:  -4.29797037 Ha | Rel ΔE: 0.00008344
  [VQE] Iteration:   22 | Energy:  -4.29826278 Ha | Rel ΔE: 0.00006803
  [VQE] Iteration:   23 | Energy:  -4.29851020 Ha | Rel ΔE: 0.00005756
  [VQE] Iteration:   24 | Energy:  -4.29878048 Ha | Rel ΔE: 0.00006287
  [VQE] Iteration:   25 | Energy:  -4.29896395 Ha | Rel ΔE: 0.00004268
  [VQE] Iteration:   26 | Energy:  -4.29910878 Ha | Rel ΔE: 0.00003369
  [VQE] Iteration:   27 | Energy:  -4.29919133 Ha | Rel ΔE: 0.00001920
  [VQE] Iteration:   28 | Energy:  -4.29938681 Ha | Rel ΔE: 0.00004547
  [VQE] Iteration:   29 | Energy:  -4.29946172 Ha | Rel ΔE: 0.00001742
  [VQE] Iteration:   30 | Energy:  -4.29957446 Ha | Rel ΔE: 0.00002622
  [VQE] Iteration:   31 | Energy:  -4.29968840 Ha | Rel ΔE: 0.00002650
  [VQE] Iteration:   32 | Energy:  -4.29976209 Ha | Rel ΔE: 0.00001714
  [VQE] Iteration:   33 | Energy:  -4.29981152 Ha | Rel ΔE: 0.00001150
  [VQE] Iteration:   34 | Energy:  -4.29985491 Ha | Rel ΔE: 0.00001009
  [VQE] Iteration:   35 | Energy:  -4.29990417 Ha | Rel ΔE: 0.00001146
  [VQE] Iteration:   36 | Energy:  -4.29997294 Ha | Rel ΔE: 0.00001599
  [VQE] Iteration:   37 | Energy:  -4.30002682 Ha | Rel ΔE: 0.00001253
  [VQE] Iteration:   38 | Energy:  -4.30006140 Ha | Rel ΔE: 0.00000804
  [VQE] Iteration:   39 | Energy:  -4.30007840 Ha | Rel ΔE: 0.00000395
  [VQE] Iteration:   40 | Energy:  -4.30009770 Ha | Rel ΔE: 0.00000449
  [VQE] Iteration:   41 | Energy:  -4.30012203 Ha | Rel ΔE: 0.00000566
  [VQE] Iteration:   42 | Energy:  -4.30014546 Ha | Rel ΔE: 0.00000545
  [VQE] Iteration:   43 | Energy:  -4.30016455 Ha | Rel ΔE: 0.00000444
  [VQE] Iteration:   44 | Energy:  -4.30017517 Ha | Rel ΔE: 0.00000247
  [VQE] Iteration:   45 | Energy:  -4.30018356 Ha | Rel ΔE: 0.00000195
  [VQE] Iteration:   46 | Energy:  -4.30019608 Ha | Rel ΔE: 0.00000291
  [VQE] Iteration:   47 | Energy:  -4.30020986 Ha | Rel ΔE: 0.00000320
  [VQE] Iteration:   48 | Energy:  -4.30022478 Ha | Rel ΔE: 0.00000347
  [VQE] Iteration:   49 | Energy:  -4.30024118 Ha | Rel ΔE: 0.00000381
  [VQE] Iteration:   50 | Energy:  -4.30024976 Ha | Rel ΔE: 0.00000200
  [VQE] Iteration:   51 | Energy:  -4.30025866 Ha | Rel ΔE: 0.00000207
  [VQE] Iteration:   52 | Energy:  -4.30026914 Ha | Rel ΔE: 0.00000244
  [VQE] Iteration:   53 | Energy:  -4.30027628 Ha | Rel ΔE: 0.00000166
  [VQE] Iteration:   54 | Energy:  -4.30028468 Ha | Rel ΔE: 0.00000195
  [VQE] Iteration:   55 | Energy:  -4.30029156 Ha | Rel ΔE: 0.00000160
  [VQE] Iteration:   56 | Energy:  -4.30029626 Ha | Rel ΔE: 0.00000110
  [VQE] Iteration:   57 | Energy:  -4.30030393 Ha | Rel ΔE: 0.00000178
  [VQE] Iteration:   58 | Energy:  -4.30030975 Ha | Rel ΔE: 0.00000135
  [VQE] Iteration:   59 | Energy:  -4.30031878 Ha | Rel ΔE: 0.00000210
  [VQE] Iteration:   60 | Energy:  -4.30032471 Ha | Rel ΔE: 0.00000138
  [VQE] Iteration:   61 | Energy:  -4.30033057 Ha | Rel ΔE: 0.00000136
  [VQE] Iteration:   62 | Energy:  -4.30034107 Ha | Rel ΔE: 0.00000244
  [VQE] Iteration:   63 | Energy:  -4.30033834 Ha | Rel ΔE: 0.00000064
  [VQE Converged] Rel ΔE (6.366e-07) is below threshold (1e-06)!
  [VQE] Iteration:   64 | Energy:  -4.30034753 Ha | Rel ΔE: 0.00000214
  [VQE] Iteration:   65 | Energy:  -4.30035660 Ha | Rel ΔE: 0.00000211
  [VQE] Iteration:   66 | Energy:  -4.30036384 Ha | Rel ΔE: 0.00000168
  [VQE] Iteration:   67 | Energy:  -4.30036992 Ha | Rel ΔE: 0.00000141
  [VQE] Iteration:   68 | Energy:  -4.30037574 Ha | Rel ΔE: 0.00000135
  [VQE] Iteration:   69 | Energy:  -4.30038160 Ha | Rel ΔE: 0.00000136
  [VQE] Iteration:   70 | Energy:  -4.30038803 Ha | Rel ΔE: 0.00000150
  [VQE] Iteration:   71 | Energy:  -4.30039392 Ha | Rel ΔE: 0.00000137
  [VQE] Iteration:   72 | Energy:  -4.30040083 Ha | Rel ΔE: 0.00000161
  [VQE] Iteration:   73 | Energy:  -4.30040651 Ha | Rel ΔE: 0.00000132
  [VQE] Iteration:   74 | Energy:  -4.30041074 Ha | Rel ΔE: 0.00000098
  [VQE Converged] Rel ΔE (9.848e-07) is below threshold (1e-06)!
  [*] VQE Complete! Final Energy: -4.30041074 Ha
[DIIS] Extrapolating density (coeffs: [0.33 0.33 0.33 0.  ])
[Iteration 35] Embedding total energy = -692.55023195 Ha

>> [PennyLane] Initiating Native CPU Pipeline...
  [*] Bridged 999 Pauli terms on 12 qubits.
  [*] Launching Native Adjoint L-BFGS-B Optimization...
  --- Starting VQE Optimization Step ---
  [VQE] Iteration:    0 | Energy:  -3.14111789 Ha | Rel ΔE: N/A
  [VQE] Iteration:    1 | Energy:  -3.32180504 Ha | Rel ΔE: 0.05439427
  [VQE] Iteration:    2 | Energy:  -3.78550314 Ha | Rel ΔE: 0.12249312
  [VQE] Iteration:    3 | Energy:  -4.02629088 Ha | Rel ΔE: 0.05980386
  [VQE] Iteration:    4 | Energy:  -4.05901258 Ha | Rel ΔE: 0.00806149
  [VQE] Iteration:    5 | Energy:  -4.23709598 Ha | Rel ΔE: 0.04202959
  [VQE] Iteration:    6 | Energy:  -4.22867353 Ha | Rel ΔE: 0.00198779
  [VQE] Iteration:    7 | Energy:  -4.26926500 Ha | Rel ΔE: 0.00950784
  [VQE] Iteration:    8 | Energy:  -4.28009965 Ha | Rel ΔE: 0.00253140
  [VQE] Iteration:    9 | Energy:  -4.28310545 Ha | Rel ΔE: 0.00070178
  [VQE] Iteration:   10 | Energy:  -4.28451366 Ha | Rel ΔE: 0.00032868
  [VQE] Iteration:   11 | Energy:  -4.28606252 Ha | Rel ΔE: 0.00036137
  [VQE] Iteration:   12 | Energy:  -4.28727985 Ha | Rel ΔE: 0.00028394
  [VQE] Iteration:   13 | Energy:  -4.28907714 Ha | Rel ΔE: 0.00041904
  [VQE] Iteration:   14 | Energy:  -4.29069143 Ha | Rel ΔE: 0.00037623
  [VQE] Iteration:   15 | Energy:  -4.29230126 Ha | Rel ΔE: 0.00037505
  [VQE] Iteration:   16 | Energy:  -4.29295310 Ha | Rel ΔE: 0.00015184
  [VQE] Iteration:   17 | Energy:  -4.29377908 Ha | Rel ΔE: 0.00019237
  [VQE] Iteration:   18 | Energy:  -4.29557599 Ha | Rel ΔE: 0.00041832
  [VQE] Iteration:   19 | Energy:  -4.29646380 Ha | Rel ΔE: 0.00020664
  [VQE] Iteration:   20 | Energy:  -4.29761178 Ha | Rel ΔE: 0.00026712
  [VQE] Iteration:   21 | Energy:  -4.29797039 Ha | Rel ΔE: 0.00008344
  [VQE] Iteration:   22 | Energy:  -4.29826279 Ha | Rel ΔE: 0.00006803
  [VQE] Iteration:   23 | Energy:  -4.29851022 Ha | Rel ΔE: 0.00005756
  [VQE] Iteration:   24 | Energy:  -4.29878050 Ha | Rel ΔE: 0.00006287
  [VQE] Iteration:   25 | Energy:  -4.29896397 Ha | Rel ΔE: 0.00004268
  [VQE] Iteration:   26 | Energy:  -4.29910880 Ha | Rel ΔE: 0.00003369
  [VQE] Iteration:   27 | Energy:  -4.29919134 Ha | Rel ΔE: 0.00001920
  [VQE] Iteration:   28 | Energy:  -4.29938682 Ha | Rel ΔE: 0.00004547
  [VQE] Iteration:   29 | Energy:  -4.29946173 Ha | Rel ΔE: 0.00001742
  [VQE] Iteration:   30 | Energy:  -4.29957447 Ha | Rel ΔE: 0.00002622
  [VQE] Iteration:   31 | Energy:  -4.29968841 Ha | Rel ΔE: 0.00002650
  [VQE] Iteration:   32 | Energy:  -4.29976210 Ha | Rel ΔE: 0.00001714
  [VQE] Iteration:   33 | Energy:  -4.29981154 Ha | Rel ΔE: 0.00001150
  [VQE] Iteration:   34 | Energy:  -4.29985492 Ha | Rel ΔE: 0.00001009
  [VQE] Iteration:   35 | Energy:  -4.29990418 Ha | Rel ΔE: 0.00001146
  [VQE] Iteration:   36 | Energy:  -4.29997295 Ha | Rel ΔE: 0.00001599
  [VQE] Iteration:   37 | Energy:  -4.30002683 Ha | Rel ΔE: 0.00001253
  [VQE] Iteration:   38 | Energy:  -4.30006141 Ha | Rel ΔE: 0.00000804
  [VQE] Iteration:   39 | Energy:  -4.30007841 Ha | Rel ΔE: 0.00000395
  [VQE] Iteration:   40 | Energy:  -4.30009771 Ha | Rel ΔE: 0.00000449
  [VQE] Iteration:   41 | Energy:  -4.30012205 Ha | Rel ΔE: 0.00000566
  [VQE] Iteration:   42 | Energy:  -4.30014548 Ha | Rel ΔE: 0.00000545
  [VQE] Iteration:   43 | Energy:  -4.30016457 Ha | Rel ΔE: 0.00000444
  [VQE] Iteration:   44 | Energy:  -4.30017519 Ha | Rel ΔE: 0.00000247
  [VQE] Iteration:   45 | Energy:  -4.30018357 Ha | Rel ΔE: 0.00000195
  [VQE] Iteration:   46 | Energy:  -4.30019609 Ha | Rel ΔE: 0.00000291
  [VQE] Iteration:   47 | Energy:  -4.30020988 Ha | Rel ΔE: 0.00000321
  [VQE] Iteration:   48 | Energy:  -4.30022480 Ha | Rel ΔE: 0.00000347
  [VQE] Iteration:   49 | Energy:  -4.30024119 Ha | Rel ΔE: 0.00000381
  [VQE] Iteration:   50 | Energy:  -4.30024978 Ha | Rel ΔE: 0.00000200
  [VQE] Iteration:   51 | Energy:  -4.30025868 Ha | Rel ΔE: 0.00000207
  [VQE] Iteration:   52 | Energy:  -4.30026915 Ha | Rel ΔE: 0.00000243
  [VQE] Iteration:   53 | Energy:  -4.30027629 Ha | Rel ΔE: 0.00000166
  [VQE] Iteration:   54 | Energy:  -4.30028468 Ha | Rel ΔE: 0.00000195
  [VQE] Iteration:   55 | Energy:  -4.30029156 Ha | Rel ΔE: 0.00000160
  [VQE] Iteration:   56 | Energy:  -4.30029626 Ha | Rel ΔE: 0.00000109
  [VQE] Iteration:   57 | Energy:  -4.30030391 Ha | Rel ΔE: 0.00000178
  [VQE] Iteration:   58 | Energy:  -4.30030970 Ha | Rel ΔE: 0.00000135
  [VQE] Iteration:   59 | Energy:  -4.30031877 Ha | Rel ΔE: 0.00000211
  [VQE] Iteration:   60 | Energy:  -4.30032468 Ha | Rel ΔE: 0.00000137
  [VQE] Iteration:   61 | Energy:  -4.30033054 Ha | Rel ΔE: 0.00000136
  [VQE] Iteration:   62 | Energy:  -4.30034100 Ha | Rel ΔE: 0.00000243
  [VQE] Iteration:   63 | Energy:  -4.30033823 Ha | Rel ΔE: 0.00000064
  [VQE Converged] Rel ΔE (6.437e-07) is below threshold (1e-06)!
  [VQE] Iteration:   64 | Energy:  -4.30034744 Ha | Rel ΔE: 0.00000214
  [VQE] Iteration:   65 | Energy:  -4.30035657 Ha | Rel ΔE: 0.00000212
  [VQE] Iteration:   66 | Energy:  -4.30036381 Ha | Rel ΔE: 0.00000168
  [VQE] Iteration:   67 | Energy:  -4.30036991 Ha | Rel ΔE: 0.00000142
  [VQE] Iteration:   68 | Energy:  -4.30037571 Ha | Rel ΔE: 0.00000135
  [VQE] Iteration:   69 | Energy:  -4.30038155 Ha | Rel ΔE: 0.00000136
  [VQE] Iteration:   70 | Energy:  -4.30038801 Ha | Rel ΔE: 0.00000150
  [VQE] Iteration:   71 | Energy:  -4.30039390 Ha | Rel ΔE: 0.00000137
  [VQE] Iteration:   72 | Energy:  -4.30040081 Ha | Rel ΔE: 0.00000161
  [VQE] Iteration:   73 | Energy:  -4.30040651 Ha | Rel ΔE: 0.00000133
  [VQE] Iteration:   74 | Energy:  -4.30041075 Ha | Rel ΔE: 0.00000098
  [VQE Converged] Rel ΔE (9.850e-07) is below threshold (1e-06)!
  [*] VQE Complete! Final Energy: -4.30041075 Ha
[DIIS] Extrapolating density (coeffs: [ 0.33  0.33  0.33 -0.  ])
[Iteration 36] Embedding total energy = -692.55022725 Ha

>> [PennyLane] Initiating Native CPU Pipeline...
  [*] Bridged 999 Pauli terms on 12 qubits.
  [*] Launching Native Adjoint L-BFGS-B Optimization...
  --- Starting VQE Optimization Step ---
  [VQE] Iteration:    0 | Energy:  -3.14111790 Ha | Rel ΔE: N/A
  [VQE] Iteration:    1 | Energy:  -3.32180505 Ha | Rel ΔE: 0.05439427
  [VQE] Iteration:    2 | Energy:  -3.78550313 Ha | Rel ΔE: 0.12249312
  [VQE] Iteration:    3 | Energy:  -4.02629088 Ha | Rel ΔE: 0.05980386
  [VQE] Iteration:    4 | Energy:  -4.05901253 Ha | Rel ΔE: 0.00806148
  [VQE] Iteration:    5 | Energy:  -4.23709595 Ha | Rel ΔE: 0.04202959
  [VQE] Iteration:    6 | Energy:  -4.22867347 Ha | Rel ΔE: 0.00198780
  [VQE] Iteration:    7 | Energy:  -4.26926499 Ha | Rel ΔE: 0.00950785
  [VQE] Iteration:    8 | Energy:  -4.28009964 Ha | Rel ΔE: 0.00253140
  [VQE] Iteration:    9 | Energy:  -4.28310544 Ha | Rel ΔE: 0.00070178
  [VQE] Iteration:   10 | Energy:  -4.28451366 Ha | Rel ΔE: 0.00032868
  [VQE] Iteration:   11 | Energy:  -4.28606252 Ha | Rel ΔE: 0.00036137
  [VQE] Iteration:   12 | Energy:  -4.28727984 Ha | Rel ΔE: 0.00028394
  [VQE] Iteration:   13 | Energy:  -4.28907713 Ha | Rel ΔE: 0.00041904
  [VQE] Iteration:   14 | Energy:  -4.29069142 Ha | Rel ΔE: 0.00037623
  [VQE] Iteration:   15 | Energy:  -4.29230125 Ha | Rel ΔE: 0.00037505
  [VQE] Iteration:   16 | Energy:  -4.29295309 Ha | Rel ΔE: 0.00015184
  [VQE] Iteration:   17 | Energy:  -4.29377907 Ha | Rel ΔE: 0.00019237
  [VQE] Iteration:   18 | Energy:  -4.29557598 Ha | Rel ΔE: 0.00041832
  [VQE] Iteration:   19 | Energy:  -4.29646380 Ha | Rel ΔE: 0.00020664
  [VQE] Iteration:   20 | Energy:  -4.29761177 Ha | Rel ΔE: 0.00026712
  [VQE] Iteration:   21 | Energy:  -4.29797038 Ha | Rel ΔE: 0.00008344
  [VQE] Iteration:   22 | Energy:  -4.29826278 Ha | Rel ΔE: 0.00006803
  [VQE] Iteration:   23 | Energy:  -4.29851021 Ha | Rel ΔE: 0.00005756
  [VQE] Iteration:   24 | Energy:  -4.29878049 Ha | Rel ΔE: 0.00006287
  [VQE] Iteration:   25 | Energy:  -4.29896396 Ha | Rel ΔE: 0.00004268
  [VQE] Iteration:   26 | Energy:  -4.29910879 Ha | Rel ΔE: 0.00003369
  [VQE] Iteration:   27 | Energy:  -4.29919133 Ha | Rel ΔE: 0.00001920
  [VQE] Iteration:   28 | Energy:  -4.29938682 Ha | Rel ΔE: 0.00004547
  [VQE] Iteration:   29 | Energy:  -4.29946173 Ha | Rel ΔE: 0.00001742
  [VQE] Iteration:   30 | Energy:  -4.29957446 Ha | Rel ΔE: 0.00002622
  [VQE] Iteration:   31 | Energy:  -4.29968840 Ha | Rel ΔE: 0.00002650
  [VQE] Iteration:   32 | Energy:  -4.29976210 Ha | Rel ΔE: 0.00001714
  [VQE] Iteration:   33 | Energy:  -4.29981153 Ha | Rel ΔE: 0.00001150
  [VQE] Iteration:   34 | Energy:  -4.29985492 Ha | Rel ΔE: 0.00001009
  [VQE] Iteration:   35 | Energy:  -4.29990417 Ha | Rel ΔE: 0.00001146
  [VQE] Iteration:   36 | Energy:  -4.29997294 Ha | Rel ΔE: 0.00001599
  [VQE] Iteration:   37 | Energy:  -4.30002683 Ha | Rel ΔE: 0.00001253
  [VQE] Iteration:   38 | Energy:  -4.30006140 Ha | Rel ΔE: 0.00000804
  [VQE] Iteration:   39 | Energy:  -4.30007840 Ha | Rel ΔE: 0.00000395
  [VQE] Iteration:   40 | Energy:  -4.30009770 Ha | Rel ΔE: 0.00000449
  [VQE] Iteration:   41 | Energy:  -4.30012204 Ha | Rel ΔE: 0.00000566
  [VQE] Iteration:   42 | Energy:  -4.30014547 Ha | Rel ΔE: 0.00000545
  [VQE] Iteration:   43 | Energy:  -4.30016456 Ha | Rel ΔE: 0.00000444
  [VQE] Iteration:   44 | Energy:  -4.30017518 Ha | Rel ΔE: 0.00000247
  [VQE] Iteration:   45 | Energy:  -4.30018356 Ha | Rel ΔE: 0.00000195
  [VQE] Iteration:   46 | Energy:  -4.30019609 Ha | Rel ΔE: 0.00000291
  [VQE] Iteration:   47 | Energy:  -4.30020987 Ha | Rel ΔE: 0.00000320
  [VQE] Iteration:   48 | Energy:  -4.30022479 Ha | Rel ΔE: 0.00000347
  [VQE] Iteration:   49 | Energy:  -4.30024118 Ha | Rel ΔE: 0.00000381
  [VQE] Iteration:   50 | Energy:  -4.30024977 Ha | Rel ΔE: 0.00000200
  [VQE] Iteration:   51 | Energy:  -4.30025867 Ha | Rel ΔE: 0.00000207
  [VQE] Iteration:   52 | Energy:  -4.30026915 Ha | Rel ΔE: 0.00000244
  [VQE] Iteration:   53 | Energy:  -4.30027629 Ha | Rel ΔE: 0.00000166
  [VQE] Iteration:   54 | Energy:  -4.30028468 Ha | Rel ΔE: 0.00000195
  [VQE] Iteration:   55 | Energy:  -4.30029156 Ha | Rel ΔE: 0.00000160
  [VQE] Iteration:   56 | Energy:  -4.30029626 Ha | Rel ΔE: 0.00000109
  [VQE] Iteration:   57 | Energy:  -4.30030392 Ha | Rel ΔE: 0.00000178
  [VQE] Iteration:   58 | Energy:  -4.30030973 Ha | Rel ΔE: 0.00000135
  [VQE] Iteration:   59 | Energy:  -4.30031878 Ha | Rel ΔE: 0.00000210
  [VQE] Iteration:   60 | Energy:  -4.30032470 Ha | Rel ΔE: 0.00000138
  [VQE] Iteration:   61 | Energy:  -4.30033056 Ha | Rel ΔE: 0.00000136
  [VQE] Iteration:   62 | Energy:  -4.30034104 Ha | Rel ΔE: 0.00000244
  [VQE] Iteration:   63 | Energy:  -4.30033829 Ha | Rel ΔE: 0.00000064
  [VQE Converged] Rel ΔE (6.403e-07) is below threshold (1e-06)!
  [VQE] Iteration:   64 | Energy:  -4.30034749 Ha | Rel ΔE: 0.00000214
  [VQE] Iteration:   65 | Energy:  -4.30035659 Ha | Rel ΔE: 0.00000212
  [VQE] Iteration:   66 | Energy:  -4.30036383 Ha | Rel ΔE: 0.00000168
  [VQE] Iteration:   67 | Energy:  -4.30036992 Ha | Rel ΔE: 0.00000142
  [VQE] Iteration:   68 | Energy:  -4.30037573 Ha | Rel ΔE: 0.00000135
  [VQE] Iteration:   69 | Energy:  -4.30038158 Ha | Rel ΔE: 0.00000136
  [VQE] Iteration:   70 | Energy:  -4.30038802 Ha | Rel ΔE: 0.00000150
  [VQE] Iteration:   71 | Energy:  -4.30039391 Ha | Rel ΔE: 0.00000137
  [VQE] Iteration:   72 | Energy:  -4.30040082 Ha | Rel ΔE: 0.00000161
  [VQE] Iteration:   73 | Energy:  -4.30040651 Ha | Rel ΔE: 0.00000132
  [VQE] Iteration:   74 | Energy:  -4.30041075 Ha | Rel ΔE: 0.00000098
  [VQE Converged] Rel ΔE (9.849e-07) is below threshold (1e-06)!
  [*] VQE Complete! Final Energy: -4.30041075 Ha
[DIIS] Extrapolating density (coeffs: [0.33 0.33 0.33 0.  ])
[Iteration 37] Embedding total energy = -692.55022916 Ha

>> [PennyLane] Initiating Native CPU Pipeline...
  [*] Bridged 999 Pauli terms on 12 qubits.
  [*] Launching Native Adjoint L-BFGS-B Optimization...
  --- Starting VQE Optimization Step ---
  [VQE] Iteration:    0 | Energy:  -3.14111789 Ha | Rel ΔE: N/A
  [VQE] Iteration:    1 | Energy:  -3.32180504 Ha | Rel ΔE: 0.05439427
  [VQE] Iteration:    2 | Energy:  -3.78550314 Ha | Rel ΔE: 0.12249312
  [VQE] Iteration:    3 | Energy:  -4.02629088 Ha | Rel ΔE: 0.05980386
  [VQE] Iteration:    4 | Energy:  -4.05901257 Ha | Rel ΔE: 0.00806149
  [VQE] Iteration:    5 | Energy:  -4.23709598 Ha | Rel ΔE: 0.04202959
  [VQE] Iteration:    6 | Energy:  -4.22867352 Ha | Rel ΔE: 0.00198779
  [VQE] Iteration:    7 | Energy:  -4.26926500 Ha | Rel ΔE: 0.00950784
  [VQE] Iteration:    8 | Energy:  -4.28009965 Ha | Rel ΔE: 0.00253140
  [VQE] Iteration:    9 | Energy:  -4.28310545 Ha | Rel ΔE: 0.00070178
  [VQE] Iteration:   10 | Energy:  -4.28451366 Ha | Rel ΔE: 0.00032868
  [VQE] Iteration:   11 | Energy:  -4.28606252 Ha | Rel ΔE: 0.00036137
  [VQE] Iteration:   12 | Energy:  -4.28727985 Ha | Rel ΔE: 0.00028394
  [VQE] Iteration:   13 | Energy:  -4.28907714 Ha | Rel ΔE: 0.00041904
  [VQE] Iteration:   14 | Energy:  -4.29069142 Ha | Rel ΔE: 0.00037623
  [VQE] Iteration:   15 | Energy:  -4.29230126 Ha | Rel ΔE: 0.00037505
  [VQE] Iteration:   16 | Energy:  -4.29295309 Ha | Rel ΔE: 0.00015184
  [VQE] Iteration:   17 | Energy:  -4.29377908 Ha | Rel ΔE: 0.00019237
  [VQE] Iteration:   18 | Energy:  -4.29557598 Ha | Rel ΔE: 0.00041832
  [VQE] Iteration:   19 | Energy:  -4.29646380 Ha | Rel ΔE: 0.00020664
  [VQE] Iteration:   20 | Energy:  -4.29761178 Ha | Rel ΔE: 0.00026712
  [VQE] Iteration:   21 | Energy:  -4.29797039 Ha | Rel ΔE: 0.00008344
  [VQE] Iteration:   22 | Energy:  -4.29826279 Ha | Rel ΔE: 0.00006803
  [VQE] Iteration:   23 | Energy:  -4.29851022 Ha | Rel ΔE: 0.00005756
  [VQE] Iteration:   24 | Energy:  -4.29878049 Ha | Rel ΔE: 0.00006287
  [VQE] Iteration:   25 | Energy:  -4.29896396 Ha | Rel ΔE: 0.00004268
  [VQE] Iteration:   26 | Energy:  -4.29910880 Ha | Rel ΔE: 0.00003369
  [VQE] Iteration:   27 | Energy:  -4.29919133 Ha | Rel ΔE: 0.00001920
  [VQE] Iteration:   28 | Energy:  -4.29938682 Ha | Rel ΔE: 0.00004547
  [VQE] Iteration:   29 | Energy:  -4.29946173 Ha | Rel ΔE: 0.00001742
  [VQE] Iteration:   30 | Energy:  -4.29957447 Ha | Rel ΔE: 0.00002622
  [VQE] Iteration:   31 | Energy:  -4.29968841 Ha | Rel ΔE: 0.00002650
  [VQE] Iteration:   32 | Energy:  -4.29976210 Ha | Rel ΔE: 0.00001714
  [VQE] Iteration:   33 | Energy:  -4.29981154 Ha | Rel ΔE: 0.00001150
  [VQE] Iteration:   34 | Energy:  -4.29985492 Ha | Rel ΔE: 0.00001009
  [VQE] Iteration:   35 | Energy:  -4.29990418 Ha | Rel ΔE: 0.00001146
  [VQE] Iteration:   36 | Energy:  -4.29997295 Ha | Rel ΔE: 0.00001599
  [VQE] Iteration:   37 | Energy:  -4.30002683 Ha | Rel ΔE: 0.00001253
  [VQE] Iteration:   38 | Energy:  -4.30006141 Ha | Rel ΔE: 0.00000804
  [VQE] Iteration:   39 | Energy:  -4.30007841 Ha | Rel ΔE: 0.00000395
  [VQE] Iteration:   40 | Energy:  -4.30009771 Ha | Rel ΔE: 0.00000449
  [VQE] Iteration:   41 | Energy:  -4.30012205 Ha | Rel ΔE: 0.00000566
  [VQE] Iteration:   42 | Energy:  -4.30014547 Ha | Rel ΔE: 0.00000545
  [VQE] Iteration:   43 | Energy:  -4.30016456 Ha | Rel ΔE: 0.00000444
  [VQE] Iteration:   44 | Energy:  -4.30017518 Ha | Rel ΔE: 0.00000247
  [VQE] Iteration:   45 | Energy:  -4.30018357 Ha | Rel ΔE: 0.00000195
  [VQE] Iteration:   46 | Energy:  -4.30019609 Ha | Rel ΔE: 0.00000291
  [VQE] Iteration:   47 | Energy:  -4.30020988 Ha | Rel ΔE: 0.00000321
  [VQE] Iteration:   48 | Energy:  -4.30022480 Ha | Rel ΔE: 0.00000347
  [VQE] Iteration:   49 | Energy:  -4.30024119 Ha | Rel ΔE: 0.00000381
  [VQE] Iteration:   50 | Energy:  -4.30024978 Ha | Rel ΔE: 0.00000200
  [VQE] Iteration:   51 | Energy:  -4.30025868 Ha | Rel ΔE: 0.00000207
  [VQE] Iteration:   52 | Energy:  -4.30026915 Ha | Rel ΔE: 0.00000243
  [VQE] Iteration:   53 | Energy:  -4.30027629 Ha | Rel ΔE: 0.00000166
  [VQE] Iteration:   54 | Energy:  -4.30028468 Ha | Rel ΔE: 0.00000195
  [VQE] Iteration:   55 | Energy:  -4.30029156 Ha | Rel ΔE: 0.00000160
  [VQE] Iteration:   56 | Energy:  -4.30029626 Ha | Rel ΔE: 0.00000109
  [VQE] Iteration:   57 | Energy:  -4.30030391 Ha | Rel ΔE: 0.00000178
  [VQE] Iteration:   58 | Energy:  -4.30030971 Ha | Rel ΔE: 0.00000135
  [VQE] Iteration:   59 | Energy:  -4.30031877 Ha | Rel ΔE: 0.00000211
  [VQE] Iteration:   60 | Energy:  -4.30032468 Ha | Rel ΔE: 0.00000137
  [VQE] Iteration:   61 | Energy:  -4.30033054 Ha | Rel ΔE: 0.00000136
  [VQE] Iteration:   62 | Energy:  -4.30034101 Ha | Rel ΔE: 0.00000243
  [VQE] Iteration:   63 | Energy:  -4.30033824 Ha | Rel ΔE: 0.00000064
  [VQE Converged] Rel ΔE (6.431e-07) is below threshold (1e-06)!
  [VQE] Iteration:   64 | Energy:  -4.30034745 Ha | Rel ΔE: 0.00000214
  [VQE] Iteration:   65 | Energy:  -4.30035657 Ha | Rel ΔE: 0.00000212
  [VQE] Iteration:   66 | Energy:  -4.30036382 Ha | Rel ΔE: 0.00000168
  [VQE] Iteration:   67 | Energy:  -4.30036991 Ha | Rel ΔE: 0.00000142
  [VQE] Iteration:   68 | Energy:  -4.30037572 Ha | Rel ΔE: 0.00000135
  [VQE] Iteration:   69 | Energy:  -4.30038156 Ha | Rel ΔE: 0.00000136
  [VQE] Iteration:   70 | Energy:  -4.30038801 Ha | Rel ΔE: 0.00000150
  [VQE] Iteration:   71 | Energy:  -4.30039390 Ha | Rel ΔE: 0.00000137
  [VQE] Iteration:   72 | Energy:  -4.30040081 Ha | Rel ΔE: 0.00000161
  [VQE] Iteration:   73 | Energy:  -4.30040651 Ha | Rel ΔE: 0.00000133
  [VQE] Iteration:   74 | Energy:  -4.30041075 Ha | Rel ΔE: 0.00000098
  [VQE Converged] Rel ΔE (9.849e-07) is below threshold (1e-06)!
  [*] VQE Complete! Final Energy: -4.30041075 Ha
[DIIS] Extrapolating density (coeffs: [ 0.33  0.33  0.33 -0.  ])
[Iteration 38] Embedding total energy = -692.55022691 Ha

>> [PennyLane] Initiating Native CPU Pipeline...
  [*] Bridged 999 Pauli terms on 12 qubits.
  [*] Launching Native Adjoint L-BFGS-B Optimization...
  --- Starting VQE Optimization Step ---
  [VQE] Iteration:    0 | Energy:  -3.14111789 Ha | Rel ΔE: N/A
  [VQE] Iteration:    1 | Energy:  -3.32180504 Ha | Rel ΔE: 0.05439427
  [VQE] Iteration:    2 | Energy:  -3.78550313 Ha | Rel ΔE: 0.12249312
  [VQE] Iteration:    3 | Energy:  -4.02629088 Ha | Rel ΔE: 0.05980386
  [VQE] Iteration:    4 | Energy:  -4.05901254 Ha | Rel ΔE: 0.00806148
  [VQE] Iteration:    5 | Energy:  -4.23709596 Ha | Rel ΔE: 0.04202959
  [VQE] Iteration:    6 | Energy:  -4.22867349 Ha | Rel ΔE: 0.00198779
  [VQE] Iteration:    7 | Energy:  -4.26926499 Ha | Rel ΔE: 0.00950784
  [VQE] Iteration:    8 | Energy:  -4.28009964 Ha | Rel ΔE: 0.00253140
  [VQE] Iteration:    9 | Energy:  -4.28310544 Ha | Rel ΔE: 0.00070178
  [VQE] Iteration:   10 | Energy:  -4.28451366 Ha | Rel ΔE: 0.00032868
  [VQE] Iteration:   11 | Energy:  -4.28606252 Ha | Rel ΔE: 0.00036137
  [VQE] Iteration:   12 | Energy:  -4.28727985 Ha | Rel ΔE: 0.00028394
  [VQE] Iteration:   13 | Energy:  -4.28907714 Ha | Rel ΔE: 0.00041904
  [VQE] Iteration:   14 | Energy:  -4.29069142 Ha | Rel ΔE: 0.00037623
  [VQE] Iteration:   15 | Energy:  -4.29230126 Ha | Rel ΔE: 0.00037505
  [VQE] Iteration:   16 | Energy:  -4.29295309 Ha | Rel ΔE: 0.00015184
  [VQE] Iteration:   17 | Energy:  -4.29377907 Ha | Rel ΔE: 0.00019237
  [VQE] Iteration:   18 | Energy:  -4.29557598 Ha | Rel ΔE: 0.00041832
  [VQE] Iteration:   19 | Energy:  -4.29646380 Ha | Rel ΔE: 0.00020664
  [VQE] Iteration:   20 | Energy:  -4.29761177 Ha | Rel ΔE: 0.00026712
  [VQE] Iteration:   21 | Energy:  -4.29797038 Ha | Rel ΔE: 0.00008344
  [VQE] Iteration:   22 | Energy:  -4.29826278 Ha | Rel ΔE: 0.00006803
  [VQE] Iteration:   23 | Energy:  -4.29851021 Ha | Rel ΔE: 0.00005756
  [VQE] Iteration:   24 | Energy:  -4.29878049 Ha | Rel ΔE: 0.00006287
  [VQE] Iteration:   25 | Energy:  -4.29896396 Ha | Rel ΔE: 0.00004268
  [VQE] Iteration:   26 | Energy:  -4.29910879 Ha | Rel ΔE: 0.00003369
  [VQE] Iteration:   27 | Energy:  -4.29919133 Ha | Rel ΔE: 0.00001920
  [VQE] Iteration:   28 | Energy:  -4.29938682 Ha | Rel ΔE: 0.00004547
  [VQE] Iteration:   29 | Energy:  -4.29946173 Ha | Rel ΔE: 0.00001742
  [VQE] Iteration:   30 | Energy:  -4.29957446 Ha | Rel ΔE: 0.00002622
  [VQE] Iteration:   31 | Energy:  -4.29968840 Ha | Rel ΔE: 0.00002650
  [VQE] Iteration:   32 | Energy:  -4.29976210 Ha | Rel ΔE: 0.00001714
  [VQE] Iteration:   33 | Energy:  -4.29981153 Ha | Rel ΔE: 0.00001150
  [VQE] Iteration:   34 | Energy:  -4.29985492 Ha | Rel ΔE: 0.00001009
  [VQE] Iteration:   35 | Energy:  -4.29990418 Ha | Rel ΔE: 0.00001146
  [VQE] Iteration:   36 | Energy:  -4.29997295 Ha | Rel ΔE: 0.00001599
  [VQE] Iteration:   37 | Energy:  -4.30002683 Ha | Rel ΔE: 0.00001253
  [VQE] Iteration:   38 | Energy:  -4.30006140 Ha | Rel ΔE: 0.00000804
  [VQE] Iteration:   39 | Energy:  -4.30007840 Ha | Rel ΔE: 0.00000395
  [VQE] Iteration:   40 | Energy:  -4.30009771 Ha | Rel ΔE: 0.00000449
  [VQE] Iteration:   41 | Energy:  -4.30012204 Ha | Rel ΔE: 0.00000566
  [VQE] Iteration:   42 | Energy:  -4.30014547 Ha | Rel ΔE: 0.00000545
  [VQE] Iteration:   43 | Energy:  -4.30016456 Ha | Rel ΔE: 0.00000444
  [VQE] Iteration:   44 | Energy:  -4.30017518 Ha | Rel ΔE: 0.00000247
  [VQE] Iteration:   45 | Energy:  -4.30018357 Ha | Rel ΔE: 0.00000195
  [VQE] Iteration:   46 | Energy:  -4.30019609 Ha | Rel ΔE: 0.00000291
  [VQE] Iteration:   47 | Energy:  -4.30020987 Ha | Rel ΔE: 0.00000321
  [VQE] Iteration:   48 | Energy:  -4.30022479 Ha | Rel ΔE: 0.00000347
  [VQE] Iteration:   49 | Energy:  -4.30024119 Ha | Rel ΔE: 0.00000381
  [VQE] Iteration:   50 | Energy:  -4.30024977 Ha | Rel ΔE: 0.00000200
  [VQE] Iteration:   51 | Energy:  -4.30025867 Ha | Rel ΔE: 0.00000207
  [VQE] Iteration:   52 | Energy:  -4.30026915 Ha | Rel ΔE: 0.00000244
  [VQE] Iteration:   53 | Energy:  -4.30027629 Ha | Rel ΔE: 0.00000166
  [VQE] Iteration:   54 | Energy:  -4.30028468 Ha | Rel ΔE: 0.00000195
  [VQE] Iteration:   55 | Energy:  -4.30029156 Ha | Rel ΔE: 0.00000160
  [VQE] Iteration:   56 | Energy:  -4.30029626 Ha | Rel ΔE: 0.00000109
  [VQE] Iteration:   57 | Energy:  -4.30030392 Ha | Rel ΔE: 0.00000178
  [VQE] Iteration:   58 | Energy:  -4.30030972 Ha | Rel ΔE: 0.00000135
  [VQE] Iteration:   59 | Energy:  -4.30031878 Ha | Rel ΔE: 0.00000211
  [VQE] Iteration:   60 | Energy:  -4.30032469 Ha | Rel ΔE: 0.00000138
  [VQE] Iteration:   61 | Energy:  -4.30033055 Ha | Rel ΔE: 0.00000136
  [VQE] Iteration:   62 | Energy:  -4.30034103 Ha | Rel ΔE: 0.00000244
  [VQE] Iteration:   63 | Energy:  -4.30033827 Ha | Rel ΔE: 0.00000064
  [VQE Converged] Rel ΔE (6.412e-07) is below threshold (1e-06)!
  [VQE] Iteration:   64 | Energy:  -4.30034748 Ha | Rel ΔE: 0.00000214
  [VQE] Iteration:   65 | Energy:  -4.30035658 Ha | Rel ΔE: 0.00000212
  [VQE] Iteration:   66 | Energy:  -4.30036382 Ha | Rel ΔE: 0.00000168
  [VQE] Iteration:   67 | Energy:  -4.30036991 Ha | Rel ΔE: 0.00000142
  [VQE] Iteration:   68 | Energy:  -4.30037572 Ha | Rel ΔE: 0.00000135
  [VQE] Iteration:   69 | Energy:  -4.30038157 Ha | Rel ΔE: 0.00000136
  [VQE] Iteration:   70 | Energy:  -4.30038802 Ha | Rel ΔE: 0.00000150
  [VQE] Iteration:   71 | Energy:  -4.30039391 Ha | Rel ΔE: 0.00000137
  [VQE] Iteration:   72 | Energy:  -4.30040082 Ha | Rel ΔE: 0.00000161
  [VQE] Iteration:   73 | Energy:  -4.30040651 Ha | Rel ΔE: 0.00000132
  [VQE] Iteration:   74 | Energy:  -4.30041075 Ha | Rel ΔE: 0.00000098
  [VQE Converged] Rel ΔE (9.849e-07) is below threshold (1e-06)!
  [*] VQE Complete! Final Energy: -4.30041075 Ha
[DIIS] Extrapolating density (coeffs: [0.33 0.33 0.33 0.  ])
[Iteration 39] Embedding total energy = -692.55022892 Ha

>> [PennyLane] Initiating Native CPU Pipeline...
  [*] Bridged 999 Pauli terms on 12 qubits.
  [*] Launching Native Adjoint L-BFGS-B Optimization...
  --- Starting VQE Optimization Step ---
  [VQE] Iteration:    0 | Energy:  -3.14111789 Ha | Rel ΔE: N/A
  [VQE] Iteration:    1 | Energy:  -3.32180504 Ha | Rel ΔE: 0.05439427
  [VQE] Iteration:    2 | Energy:  -3.78550314 Ha | Rel ΔE: 0.12249312
  [VQE] Iteration:    3 | Energy:  -4.02629088 Ha | Rel ΔE: 0.05980386
  [VQE] Iteration:    4 | Energy:  -4.05901257 Ha | Rel ΔE: 0.00806149
  [VQE] Iteration:    5 | Energy:  -4.23709597 Ha | Rel ΔE: 0.04202959
  [VQE] Iteration:    6 | Energy:  -4.22867352 Ha | Rel ΔE: 0.00198779
  [VQE] Iteration:    7 | Energy:  -4.26926500 Ha | Rel ΔE: 0.00950784
  [VQE] Iteration:    8 | Energy:  -4.28009965 Ha | Rel ΔE: 0.00253140
  [VQE] Iteration:    9 | Energy:  -4.28310544 Ha | Rel ΔE: 0.00070178
  [VQE] Iteration:   10 | Energy:  -4.28451366 Ha | Rel ΔE: 0.00032868
  [VQE] Iteration:   11 | Energy:  -4.28606252 Ha | Rel ΔE: 0.00036137
  [VQE] Iteration:   12 | Energy:  -4.28727985 Ha | Rel ΔE: 0.00028394
  [VQE] Iteration:   13 | Energy:  -4.28907714 Ha | Rel ΔE: 0.00041904
  [VQE] Iteration:   14 | Energy:  -4.29069142 Ha | Rel ΔE: 0.00037623
  [VQE] Iteration:   15 | Energy:  -4.29230126 Ha | Rel ΔE: 0.00037505
  [VQE] Iteration:   16 | Energy:  -4.29295309 Ha | Rel ΔE: 0.00015184
  [VQE] Iteration:   17 | Energy:  -4.29377907 Ha | Rel ΔE: 0.00019237
  [VQE] Iteration:   18 | Energy:  -4.29557598 Ha | Rel ΔE: 0.00041832
  [VQE] Iteration:   19 | Energy:  -4.29646380 Ha | Rel ΔE: 0.00020664
  [VQE] Iteration:   20 | Energy:  -4.29761178 Ha | Rel ΔE: 0.00026712
  [VQE] Iteration:   21 | Energy:  -4.29797039 Ha | Rel ΔE: 0.00008344
  [VQE] Iteration:   22 | Energy:  -4.29826279 Ha | Rel ΔE: 0.00006803
  [VQE] Iteration:   23 | Energy:  -4.29851022 Ha | Rel ΔE: 0.00005756
  [VQE] Iteration:   24 | Energy:  -4.29878049 Ha | Rel ΔE: 0.00006287
  [VQE] Iteration:   25 | Energy:  -4.29896396 Ha | Rel ΔE: 0.00004268
  [VQE] Iteration:   26 | Energy:  -4.29910880 Ha | Rel ΔE: 0.00003369
  [VQE] Iteration:   27 | Energy:  -4.29919133 Ha | Rel ΔE: 0.00001920
  [VQE] Iteration:   28 | Energy:  -4.29938682 Ha | Rel ΔE: 0.00004547
  [VQE] Iteration:   29 | Energy:  -4.29946173 Ha | Rel ΔE: 0.00001742
  [VQE] Iteration:   30 | Energy:  -4.29957447 Ha | Rel ΔE: 0.00002622
  [VQE] Iteration:   31 | Energy:  -4.29968841 Ha | Rel ΔE: 0.00002650
  [VQE] Iteration:   32 | Energy:  -4.29976210 Ha | Rel ΔE: 0.00001714
  [VQE] Iteration:   33 | Energy:  -4.29981154 Ha | Rel ΔE: 0.00001150
  [VQE] Iteration:   34 | Energy:  -4.29985492 Ha | Rel ΔE: 0.00001009
  [VQE] Iteration:   35 | Energy:  -4.29990418 Ha | Rel ΔE: 0.00001146
  [VQE] Iteration:   36 | Energy:  -4.29997295 Ha | Rel ΔE: 0.00001599
  [VQE] Iteration:   37 | Energy:  -4.30002683 Ha | Rel ΔE: 0.00001253
  [VQE] Iteration:   38 | Energy:  -4.30006141 Ha | Rel ΔE: 0.00000804
  [VQE] Iteration:   39 | Energy:  -4.30007841 Ha | Rel ΔE: 0.00000395
  [VQE] Iteration:   40 | Energy:  -4.30009771 Ha | Rel ΔE: 0.00000449
  [VQE] Iteration:   41 | Energy:  -4.30012205 Ha | Rel ΔE: 0.00000566
  [VQE] Iteration:   42 | Energy:  -4.30014547 Ha | Rel ΔE: 0.00000545
  [VQE] Iteration:   43 | Energy:  -4.30016456 Ha | Rel ΔE: 0.00000444
  [VQE] Iteration:   44 | Energy:  -4.30017518 Ha | Rel ΔE: 0.00000247
  [VQE] Iteration:   45 | Energy:  -4.30018357 Ha | Rel ΔE: 0.00000195
  [VQE] Iteration:   46 | Energy:  -4.30019609 Ha | Rel ΔE: 0.00000291
  [VQE] Iteration:   47 | Energy:  -4.30020988 Ha | Rel ΔE: 0.00000321
  [VQE] Iteration:   48 | Energy:  -4.30022480 Ha | Rel ΔE: 0.00000347
  [VQE] Iteration:   49 | Energy:  -4.30024119 Ha | Rel ΔE: 0.00000381
  [VQE] Iteration:   50 | Energy:  -4.30024978 Ha | Rel ΔE: 0.00000200
  [VQE] Iteration:   51 | Energy:  -4.30025868 Ha | Rel ΔE: 0.00000207
  [VQE] Iteration:   52 | Energy:  -4.30026915 Ha | Rel ΔE: 0.00000243
  [VQE] Iteration:   53 | Energy:  -4.30027629 Ha | Rel ΔE: 0.00000166
  [VQE] Iteration:   54 | Energy:  -4.30028468 Ha | Rel ΔE: 0.00000195
  [VQE] Iteration:   55 | Energy:  -4.30029156 Ha | Rel ΔE: 0.00000160
  [VQE] Iteration:   56 | Energy:  -4.30029626 Ha | Rel ΔE: 0.00000109
  [VQE] Iteration:   57 | Energy:  -4.30030391 Ha | Rel ΔE: 0.00000178
  [VQE] Iteration:   58 | Energy:  -4.30030971 Ha | Rel ΔE: 0.00000135
  [VQE] Iteration:   59 | Energy:  -4.30031877 Ha | Rel ΔE: 0.00000211
  [VQE] Iteration:   60 | Energy:  -4.30032468 Ha | Rel ΔE: 0.00000137
  [VQE] Iteration:   61 | Energy:  -4.30033054 Ha | Rel ΔE: 0.00000136
  [VQE] Iteration:   62 | Energy:  -4.30034101 Ha | Rel ΔE: 0.00000243
  [VQE] Iteration:   63 | Energy:  -4.30033824 Ha | Rel ΔE: 0.00000064
  [VQE Converged] Rel ΔE (6.429e-07) is below threshold (1e-06)!
  [VQE] Iteration:   64 | Energy:  -4.30034745 Ha | Rel ΔE: 0.00000214
  [VQE] Iteration:   65 | Energy:  -4.30035658 Ha | Rel ΔE: 0.00000212
  [VQE] Iteration:   66 | Energy:  -4.30036382 Ha | Rel ΔE: 0.00000168
  [VQE] Iteration:   67 | Energy:  -4.30036991 Ha | Rel ΔE: 0.00000142
  [VQE] Iteration:   68 | Energy:  -4.30037572 Ha | Rel ΔE: 0.00000135
  [VQE] Iteration:   69 | Energy:  -4.30038156 Ha | Rel ΔE: 0.00000136
  [VQE] Iteration:   70 | Energy:  -4.30038801 Ha | Rel ΔE: 0.00000150
  [VQE] Iteration:   71 | Energy:  -4.30039390 Ha | Rel ΔE: 0.00000137
  [VQE] Iteration:   72 | Energy:  -4.30040081 Ha | Rel ΔE: 0.00000161
  [VQE] Iteration:   73 | Energy:  -4.30040651 Ha | Rel ΔE: 0.00000133
  [VQE] Iteration:   74 | Energy:  -4.30041075 Ha | Rel ΔE: 0.00000098
  [VQE Converged] Rel ΔE (9.849e-07) is below threshold (1e-06)!
  [*] VQE Complete! Final Energy: -4.30041075 Ha
[DIIS] Extrapolating density (coeffs: [ 0.33  0.33  0.33 -0.  ])
[Iteration 40] Embedding total energy = -692.55022864 Ha
[Converged] change 2.709e-07 < 1e-06

=== DFT Embedding + VQE Results ===
=== GROUND STATE ENERGY ===
 
* Electronic ground state energy (Hartree): -1805.240753128058
  - computed part:      -3.295237224564
  - ActiveSpaceTransformer extracted energy part: -1801.945515903494
~ Nuclear repulsion energy (Hartree): 1112.690524483842
> Total ground state energy (Hartree): -692.550228644216
 
=== MEASURED OBSERVABLES ===
 
  0:  # Particles: 6.000 S: 0.591 S^2: 0.940 M: 0.000

================ PROFILING SUMMARY ================
DFT (Energy Evaluator) time   : 302.25 s
Classical Embedding Overhead  : 7251.38 s
Active Space (Quantum) time   : 26521.42 s
  --> Pure VQE Callback Time  : 33271.33 s
--------------------------------------------------
Total measured time           : 34075.05 s

Memory snapshots (RSS, MB):
DFT_start_MB                  :  8536.89 MB
DFT_end_MB                    :  8537.04 MB
Embedding_start_MB            :  8537.04 MB
Embedding_end_MB              :  8537.04 MB
Active Space_start_MB         :  8537.04 MB
Active Space_end_MB           :  8537.08 MB
==================================================
Job finished at: Mon Jun  8 02:54:59 IST 2026
