timestamp, utilization.gpu [%], memory.used [MiB], memory.total [MiB]
2026/06/10 08:22:02.739, 0 %, 0 MiB, 81920 MiB
2026/06/10 08:22:02.745, 2 %, 0 MiB, 81920 MiB
2026/06/10 08:22:07.752, 0 %, 0 MiB, 81920 MiB
2026/06/10 08:22:07.752, 0 %, 0 MiB, 81920 MiB
2026/06/10 08:22:12.753, 0 %, 0 MiB, 81920 MiB
2026/06/10 08:22:12.753, 0 %, 0 MiB, 81920 MiB
2026/06/10 08:22:17.754, 0 %, 0 MiB, 81920 MiB
2026/06/10 08:22:17.754, 0 %, 0 MiB, 81920 MiB
2026/06/10 08:22:22.755, 0 %, 0 MiB, 81920 MiB
2026/06/10 08:22:22.755, 0 %, 0 MiB, 81920 MiB
2026/06/10 08:22:27.756, 0 %, 0 MiB, 81920 MiB
2026/06/10 08:22:27.756, 0 %, 0 MiB, 81920 MiB
2026/06/10 08:22:32.757, 0 %, 0 MiB, 81920 MiB
2026/06/10 08:22:32.757, 0 %, 0 MiB, 81920 MiB
2026/06/10 08:22:37.757, 0 %, 0 MiB, 81920 MiB
2026/06/10 08:22:37.758, 0 %, 0 MiB, 81920 MiB
2026/06/10 08:22:42.758, 0 %, 0 MiB, 81920 MiB
2026/06/10 08:22:42.758, 0 %, 0 MiB, 81920 MiB
2026/06/10 08:22:47.759, 0 %, 0 MiB, 81920 MiB
2026/06/10 08:22:47.759, 0 %, 0 MiB, 81920 MiB
2026/06/10 08:22:52.760, 0 %, 0 MiB, 81920 MiB
2026/06/10 08:22:52.760, 0 %, 0 MiB, 81920 MiB
2026/06/10 08:22:57.761, 0 %, 0 MiB, 81920 MiB
2026/06/10 08:22:57.761, 0 %, 0 MiB, 81920 MiB
2026/06/10 08:23:02.761, 0 %, 0 MiB, 81920 MiB
2026/06/10 08:23:02.762, 0 %, 0 MiB, 81920 MiB
2026/06/10 08:23:07.762, 0 %, 0 MiB, 81920 MiB
2026/06/10 08:23:07.763, 0 %, 0 MiB, 81920 MiB
2026/06/10 08:23:12.763, 0 %, 0 MiB, 81920 MiB
2026/06/10 08:23:12.764, 0 %, 0 MiB, 81920 MiB
2026/06/10 08:23:17.764, 0 %, 0 MiB, 81920 MiB
2026/06/10 08:23:17.764, 0 %, 0 MiB, 81920 MiB
2026/06/10 08:23:22.765, 0 %, 0 MiB, 81920 MiB
2026/06/10 08:23:22.765, 0 %, 0 MiB, 81920 MiB
2026/06/10 08:23:27.766, 0 %, 0 MiB, 81920 MiB
2026/06/10 08:23:27.766, 0 %, 0 MiB, 81920 MiB
2026/06/10 08:23:32.767, 0 %, 0 MiB, 81920 MiB
2026/06/10 08:23:32.767, 0 %, 0 MiB, 81920 MiB
2026/06/10 08:23:37.768, 0 %, 0 MiB, 81920 MiB
2026/06/10 08:23:37.768, 0 %, 0 MiB, 81920 MiB
2026/06/10 08:23:42.769, 0 %, 423 MiB, 81920 MiB
2026/06/10 08:23:42.769, 0 %, 0 MiB, 81920 MiB
2026/06/10 08:23:47.770, 0 %, 425 MiB, 81920 MiB
2026/06/10 08:23:47.770, 0 %, 0 MiB, 81920 MiB
2026/06/10 08:23:52.771, 0 %, 435 MiB, 81920 MiB
2026/06/10 08:23:52.771, 0 %, 0 MiB, 81920 MiB
2026/06/10 08:23:57.772, 4 %, 501 MiB, 81920 MiB
2026/06/10 08:23:57.772, 0 %, 0 MiB, 81920 MiB
2026/06/10 08:24:02.772, 19 %, 453 MiB, 81920 MiB
2026/06/10 08:24:02.772, 0 %, 0 MiB, 81920 MiB
2026/06/10 08:24:07.779, 0 %, 463 MiB, 81920 MiB
2026/06/10 08:24:07.779, 0 %, 0 MiB, 81920 MiB
2026/06/10 08:24:12.828, 0 %, 463 MiB, 81920 MiB
2026/06/10 08:24:12.828, 0 %, 0 MiB, 81920 MiB
2026/06/10 08:24:17.829, 0 %, 463 MiB, 81920 MiB
2026/06/10 08:24:17.829, 0 %, 0 MiB, 81920 MiB
2026/06/10 08:24:22.830, 0 %, 463 MiB, 81920 MiB
2026/06/10 08:24:22.830, 0 %, 0 MiB, 81920 MiB
2026/06/10 08:24:27.831, 0 %, 463 MiB, 81920 MiB
2026/06/10 08:24:27.831, 0 %, 0 MiB, 81920 MiB
2026/06/10 08:24:32.831, 0 %, 463 MiB, 81920 MiB
2026/06/10 08:24:32.832, 0 %, 0 MiB, 81920 MiB
2026/06/10 08:24:37.832, 0 %, 463 MiB, 81920 MiB
2026/06/10 08:24:37.833, 0 %, 0 MiB, 81920 MiB
2026/06/10 08:24:42.833, 0 %, 463 MiB, 81920 MiB
2026/06/10 08:24:42.834, 0 %, 0 MiB, 81920 MiB
2026/06/10 08:24:47.835, 0 %, 463 MiB, 81920 MiB
2026/06/10 08:24:47.835, 0 %, 0 MiB, 81920 MiB
2026/06/10 08:24:52.836, 0 %, 463 MiB, 81920 MiB
2026/06/10 08:24:52.836, 0 %, 0 MiB, 81920 MiB
2026/06/10 08:24:57.837, 0 %, 463 MiB, 81920 MiB
2026/06/10 08:24:57.837, 0 %, 0 MiB, 81920 MiB
2026/06/10 08:25:02.838, 0 %, 463 MiB, 81920 MiB
2026/06/10 08:25:02.838, 0 %, 0 MiB, 81920 MiB
2026/06/10 08:25:07.839, 0 %, 463 MiB, 81920 MiB
2026/06/10 08:25:07.839, 0 %, 0 MiB, 81920 MiB
2026/06/10 08:25:12.840, 0 %, 463 MiB, 81920 MiB
2026/06/10 08:25:12.840, 0 %, 0 MiB, 81920 MiB
2026/06/10 08:25:17.841, 0 %, 463 MiB, 81920 MiB
2026/06/10 08:25:17.841, 0 %, 0 MiB, 81920 MiB
2026/06/10 08:25:22.842, 0 %, 463 MiB, 81920 MiB
2026/06/10 08:25:22.842, 0 %, 0 MiB, 81920 MiB
2026/06/10 08:25:27.843, 0 %, 463 MiB, 81920 MiB
2026/06/10 08:25:27.843, 0 %, 0 MiB, 81920 MiB
2026/06/10 08:25:32.844, 0 %, 463 MiB, 81920 MiB
2026/06/10 08:25:32.844, 0 %, 0 MiB, 81920 MiB
2026/06/10 08:25:37.845, 0 %, 463 MiB, 81920 MiB
2026/06/10 08:25:37.845, 0 %, 0 MiB, 81920 MiB
2026/06/10 08:25:42.846, 0 %, 463 MiB, 81920 MiB
2026/06/10 08:25:42.847, 0 %, 0 MiB, 81920 MiB
2026/06/10 08:25:47.847, 0 %, 463 MiB, 81920 MiB
2026/06/10 08:25:47.848, 0 %, 0 MiB, 81920 MiB
2026/06/10 08:25:52.849, 0 %, 463 MiB, 81920 MiB
2026/06/10 08:25:52.849, 0 %, 0 MiB, 81920 MiB
2026/06/10 08:25:57.850, 0 %, 463 MiB, 81920 MiB
2026/06/10 08:25:57.850, 0 %, 0 MiB, 81920 MiB
2026/06/10 08:26:02.851, 0 %, 463 MiB, 81920 MiB
2026/06/10 08:26:02.851, 0 %, 0 MiB, 81920 MiB
2026/06/10 08:26:07.852, 0 %, 463 MiB, 81920 MiB
2026/06/10 08:26:07.852, 0 %, 0 MiB, 81920 MiB
2026/06/10 08:26:12.853, 0 %, 463 MiB, 81920 MiB
2026/06/10 08:26:12.853, 0 %, 0 MiB, 81920 MiB
2026/06/10 08:26:17.854, 0 %, 463 MiB, 81920 MiB
2026/06/10 08:26:17.854, 0 %, 0 MiB, 81920 MiB
2026/06/10 08:26:22.855, 0 %, 463 MiB, 81920 MiB
2026/06/10 08:26:22.855, 0 %, 0 MiB, 81920 MiB
2026/06/10 08:26:27.856, 0 %, 463 MiB, 81920 MiB
2026/06/10 08:26:27.856, 0 %, 0 MiB, 81920 MiB
2026/06/10 08:26:32.857, 0 %, 463 MiB, 81920 MiB
2026/06/10 08:26:32.857, 0 %, 0 MiB, 81920 MiB
2026/06/10 08:26:37.858, 0 %, 463 MiB, 81920 MiB
2026/06/10 08:26:37.859, 0 %, 0 MiB, 81920 MiB
2026/06/10 08:26:42.860, 0 %, 463 MiB, 81920 MiB
2026/06/10 08:26:42.860, 0 %, 0 MiB, 81920 MiB
2026/06/10 08:26:47.861, 0 %, 463 MiB, 81920 MiB
2026/06/10 08:26:47.861, 0 %, 0 MiB, 81920 MiB
2026/06/10 08:26:52.862, 0 %, 463 MiB, 81920 MiB
2026/06/10 08:26:52.862, 0 %, 0 MiB, 81920 MiB
2026/06/10 08:26:57.863, 0 %, 463 MiB, 81920 MiB
2026/06/10 08:26:57.863, 0 %, 0 MiB, 81920 MiB
2026/06/10 08:27:02.865, 0 %, 463 MiB, 81920 MiB
2026/06/10 08:27:02.866, 0 %, 0 MiB, 81920 MiB
2026/06/10 08:27:07.867, 0 %, 463 MiB, 81920 MiB
2026/06/10 08:27:07.867, 0 %, 0 MiB, 81920 MiB
2026/06/10 08:27:12.868, 0 %, 463 MiB, 81920 MiB
2026/06/10 08:27:12.868, 0 %, 0 MiB, 81920 MiB
2026/06/10 08:27:17.869, 0 %, 463 MiB, 81920 MiB
2026/06/10 08:27:17.869, 0 %, 0 MiB, 81920 MiB
2026/06/10 08:27:22.870, 0 %, 463 MiB, 81920 MiB
2026/06/10 08:27:22.870, 0 %, 0 MiB, 81920 MiB
2026/06/10 08:27:27.871, 0 %, 463 MiB, 81920 MiB
2026/06/10 08:27:27.871, 0 %, 0 MiB, 81920 MiB
2026/06/10 08:27:32.872, 0 %, 463 MiB, 81920 MiB
2026/06/10 08:27:32.872, 0 %, 0 MiB, 81920 MiB
2026/06/10 08:27:37.873, 0 %, 463 MiB, 81920 MiB
2026/06/10 08:27:37.873, 0 %, 0 MiB, 81920 MiB
2026/06/10 08:27:42.875, 0 %, 463 MiB, 81920 MiB
2026/06/10 08:27:42.875, 0 %, 0 MiB, 81920 MiB
2026/06/10 08:27:47.876, 0 %, 463 MiB, 81920 MiB
2026/06/10 08:27:47.876, 0 %, 0 MiB, 81920 MiB
2026/06/10 08:27:52.877, 0 %, 463 MiB, 81920 MiB
2026/06/10 08:27:52.877, 0 %, 0 MiB, 81920 MiB
2026/06/10 08:27:57.878, 0 %, 463 MiB, 81920 MiB
2026/06/10 08:27:57.879, 0 %, 0 MiB, 81920 MiB
2026/06/10 08:28:02.880, 0 %, 463 MiB, 81920 MiB
2026/06/10 08:28:02.880, 0 %, 0 MiB, 81920 MiB
2026/06/10 08:28:07.881, 0 %, 463 MiB, 81920 MiB
2026/06/10 08:28:07.881, 0 %, 0 MiB, 81920 MiB
2026/06/10 08:28:12.882, 0 %, 463 MiB, 81920 MiB
2026/06/10 08:28:12.882, 0 %, 0 MiB, 81920 MiB
2026/06/10 08:28:17.883, 0 %, 463 MiB, 81920 MiB
2026/06/10 08:28:17.883, 0 %, 0 MiB, 81920 MiB
2026/06/10 08:28:22.884, 0 %, 463 MiB, 81920 MiB
2026/06/10 08:28:22.884, 0 %, 0 MiB, 81920 MiB
2026/06/10 08:28:27.885, 0 %, 463 MiB, 81920 MiB
2026/06/10 08:28:27.885, 0 %, 0 MiB, 81920 MiB
2026/06/10 08:28:32.886, 0 %, 463 MiB, 81920 MiB
2026/06/10 08:28:32.886, 0 %, 0 MiB, 81920 MiB
2026/06/10 08:28:37.887, 0 %, 463 MiB, 81920 MiB
2026/06/10 08:28:37.887, 0 %, 0 MiB, 81920 MiB
2026/06/10 08:28:42.888, 0 %, 463 MiB, 81920 MiB
2026/06/10 08:28:42.889, 0 %, 0 MiB, 81920 MiB
2026/06/10 08:28:47.889, 0 %, 463 MiB, 81920 MiB
2026/06/10 08:28:47.890, 0 %, 0 MiB, 81920 MiB
2026/06/10 08:28:52.891, 0 %, 463 MiB, 81920 MiB
2026/06/10 08:28:52.891, 0 %, 0 MiB, 81920 MiB
2026/06/10 08:28:57.892, 0 %, 463 MiB, 81920 MiB
2026/06/10 08:28:57.892, 0 %, 0 MiB, 81920 MiB
2026/06/10 08:29:02.893, 0 %, 463 MiB, 81920 MiB
2026/06/10 08:29:02.894, 0 %, 0 MiB, 81920 MiB
2026/06/10 08:29:07.894, 0 %, 463 MiB, 81920 MiB
2026/06/10 08:29:07.895, 0 %, 0 MiB, 81920 MiB
2026/06/10 08:29:12.895, 0 %, 463 MiB, 81920 MiB
2026/06/10 08:29:12.896, 0 %, 0 MiB, 81920 MiB
2026/06/10 08:29:17.896, 0 %, 463 MiB, 81920 MiB
2026/06/10 08:29:17.897, 0 %, 0 MiB, 81920 MiB
2026/06/10 08:29:22.897, 0 %, 463 MiB, 81920 MiB
2026/06/10 08:29:22.897, 0 %, 0 MiB, 81920 MiB
2026/06/10 08:29:27.898, 0 %, 463 MiB, 81920 MiB
2026/06/10 08:29:27.899, 0 %, 0 MiB, 81920 MiB
2026/06/10 08:29:32.900, 0 %, 463 MiB, 81920 MiB
2026/06/10 08:29:32.900, 0 %, 0 MiB, 81920 MiB
2026/06/10 08:29:37.900, 0 %, 463 MiB, 81920 MiB
2026/06/10 08:29:37.901, 0 %, 0 MiB, 81920 MiB
2026/06/10 08:29:42.901, 0 %, 463 MiB, 81920 MiB
2026/06/10 08:29:42.902, 0 %, 0 MiB, 81920 MiB
2026/06/10 08:29:47.902, 0 %, 463 MiB, 81920 MiB
2026/06/10 08:29:47.902, 0 %, 0 MiB, 81920 MiB
2026/06/10 08:29:52.903, 0 %, 463 MiB, 81920 MiB
2026/06/10 08:29:52.903, 0 %, 0 MiB, 81920 MiB
2026/06/10 08:29:57.904, 4 %, 531 MiB, 81920 MiB
2026/06/10 08:29:57.904, 0 %, 0 MiB, 81920 MiB
2026/06/10 08:30:02.905, 15 %, 497 MiB, 81920 MiB
2026/06/10 08:30:02.905, 0 %, 0 MiB, 81920 MiB
2026/06/10 08:30:07.906, 0 %, 497 MiB, 81920 MiB
2026/06/10 08:30:07.906, 0 %, 0 MiB, 81920 MiB
2026/06/10 08:30:12.907, 0 %, 497 MiB, 81920 MiB
2026/06/10 08:30:12.907, 0 %, 0 MiB, 81920 MiB
2026/06/10 08:30:17.908, 0 %, 497 MiB, 81920 MiB
2026/06/10 08:30:17.908, 0 %, 0 MiB, 81920 MiB
2026/06/10 08:30:22.909, 0 %, 497 MiB, 81920 MiB
2026/06/10 08:30:22.909, 0 %, 0 MiB, 81920 MiB
2026/06/10 08:30:27.910, 0 %, 497 MiB, 81920 MiB
2026/06/10 08:30:27.910, 0 %, 0 MiB, 81920 MiB
2026/06/10 08:30:32.911, 0 %, 497 MiB, 81920 MiB
2026/06/10 08:30:32.911, 0 %, 0 MiB, 81920 MiB
2026/06/10 08:30:37.912, 0 %, 497 MiB, 81920 MiB
2026/06/10 08:30:37.912, 0 %, 0 MiB, 81920 MiB
2026/06/10 08:30:42.913, 0 %, 497 MiB, 81920 MiB
2026/06/10 08:30:42.913, 0 %, 0 MiB, 81920 MiB
2026/06/10 08:30:47.914, 0 %, 497 MiB, 81920 MiB
2026/06/10 08:30:47.914, 0 %, 0 MiB, 81920 MiB
2026/06/10 08:30:52.915, 0 %, 497 MiB, 81920 MiB
2026/06/10 08:30:52.915, 0 %, 0 MiB, 81920 MiB
2026/06/10 08:30:57.916, 0 %, 497 MiB, 81920 MiB
2026/06/10 08:30:57.917, 0 %, 0 MiB, 81920 MiB
2026/06/10 08:31:02.917, 0 %, 497 MiB, 81920 MiB
2026/06/10 08:31:02.918, 0 %, 0 MiB, 81920 MiB
2026/06/10 08:31:07.919, 0 %, 497 MiB, 81920 MiB
2026/06/10 08:31:07.919, 0 %, 0 MiB, 81920 MiB
2026/06/10 08:31:12.920, 0 %, 497 MiB, 81920 MiB
2026/06/10 08:31:12.920, 0 %, 0 MiB, 81920 MiB
2026/06/10 08:31:17.921, 0 %, 497 MiB, 81920 MiB
2026/06/10 08:31:17.921, 0 %, 0 MiB, 81920 MiB
2026/06/10 08:31:22.922, 0 %, 497 MiB, 81920 MiB
2026/06/10 08:31:22.922, 0 %, 0 MiB, 81920 MiB
2026/06/10 08:31:27.923, 0 %, 497 MiB, 81920 MiB
2026/06/10 08:31:27.923, 0 %, 0 MiB, 81920 MiB
2026/06/10 08:31:32.924, 0 %, 497 MiB, 81920 MiB
2026/06/10 08:31:32.924, 0 %, 0 MiB, 81920 MiB
2026/06/10 08:31:37.925, 0 %, 497 MiB, 81920 MiB
2026/06/10 08:31:37.925, 0 %, 0 MiB, 81920 MiB
2026/06/10 08:31:42.926, 0 %, 497 MiB, 81920 MiB
2026/06/10 08:31:42.926, 0 %, 0 MiB, 81920 MiB
2026/06/10 08:31:47.927, 0 %, 497 MiB, 81920 MiB
2026/06/10 08:31:47.927, 0 %, 0 MiB, 81920 MiB
2026/06/10 08:31:52.928, 0 %, 497 MiB, 81920 MiB
2026/06/10 08:31:52.929, 0 %, 0 MiB, 81920 MiB
2026/06/10 08:31:57.930, 0 %, 497 MiB, 81920 MiB
2026/06/10 08:31:57.930, 0 %, 0 MiB, 81920 MiB
2026/06/10 08:32:02.931, 0 %, 497 MiB, 81920 MiB
2026/06/10 08:32:02.931, 0 %, 0 MiB, 81920 MiB
2026/06/10 08:32:07.932, 0 %, 497 MiB, 81920 MiB
2026/06/10 08:32:07.932, 0 %, 0 MiB, 81920 MiB
2026/06/10 08:32:12.933, 0 %, 497 MiB, 81920 MiB
2026/06/10 08:32:12.933, 0 %, 0 MiB, 81920 MiB
2026/06/10 08:32:17.934, 0 %, 497 MiB, 81920 MiB
2026/06/10 08:32:17.934, 0 %, 0 MiB, 81920 MiB
2026/06/10 08:32:22.935, 0 %, 497 MiB, 81920 MiB
2026/06/10 08:32:22.935, 0 %, 0 MiB, 81920 MiB
2026/06/10 08:32:27.936, 0 %, 497 MiB, 81920 MiB
2026/06/10 08:32:27.936, 0 %, 0 MiB, 81920 MiB
2026/06/10 08:32:32.937, 0 %, 497 MiB, 81920 MiB
2026/06/10 08:32:32.937, 0 %, 0 MiB, 81920 MiB
2026/06/10 08:32:37.938, 0 %, 497 MiB, 81920 MiB
2026/06/10 08:32:37.938, 0 %, 0 MiB, 81920 MiB
2026/06/10 08:32:42.939, 0 %, 497 MiB, 81920 MiB
2026/06/10 08:32:42.940, 0 %, 0 MiB, 81920 MiB
2026/06/10 08:32:47.940, 0 %, 497 MiB, 81920 MiB
2026/06/10 08:32:47.941, 0 %, 0 MiB, 81920 MiB
2026/06/10 08:32:52.942, 0 %, 497 MiB, 81920 MiB
2026/06/10 08:32:52.942, 0 %, 0 MiB, 81920 MiB
2026/06/10 08:32:57.943, 0 %, 497 MiB, 81920 MiB
2026/06/10 08:32:57.943, 0 %, 0 MiB, 81920 MiB
2026/06/10 08:33:02.944, 0 %, 497 MiB, 81920 MiB
2026/06/10 08:33:02.944, 0 %, 0 MiB, 81920 MiB
2026/06/10 08:33:07.945, 0 %, 497 MiB, 81920 MiB
2026/06/10 08:33:07.945, 0 %, 0 MiB, 81920 MiB
2026/06/10 08:33:12.946, 0 %, 497 MiB, 81920 MiB
2026/06/10 08:33:12.946, 0 %, 0 MiB, 81920 MiB
2026/06/10 08:33:17.947, 0 %, 497 MiB, 81920 MiB
2026/06/10 08:33:17.947, 0 %, 0 MiB, 81920 MiB
2026/06/10 08:33:22.948, 0 %, 497 MiB, 81920 MiB
2026/06/10 08:33:22.948, 0 %, 0 MiB, 81920 MiB
2026/06/10 08:33:27.949, 0 %, 497 MiB, 81920 MiB
2026/06/10 08:33:27.949, 0 %, 0 MiB, 81920 MiB
2026/06/10 08:33:32.950, 0 %, 497 MiB, 81920 MiB
2026/06/10 08:33:32.950, 0 %, 0 MiB, 81920 MiB
2026/06/10 08:33:37.951, 0 %, 497 MiB, 81920 MiB
2026/06/10 08:33:37.951, 0 %, 0 MiB, 81920 MiB
2026/06/10 08:33:42.952, 0 %, 497 MiB, 81920 MiB
2026/06/10 08:33:42.952, 0 %, 0 MiB, 81920 MiB
2026/06/10 08:33:47.953, 0 %, 497 MiB, 81920 MiB
2026/06/10 08:33:47.953, 0 %, 0 MiB, 81920 MiB
2026/06/10 08:33:52.954, 0 %, 497 MiB, 81920 MiB
2026/06/10 08:33:52.955, 0 %, 0 MiB, 81920 MiB
2026/06/10 08:33:57.955, 0 %, 497 MiB, 81920 MiB
2026/06/10 08:33:57.956, 0 %, 0 MiB, 81920 MiB
2026/06/10 08:34:02.956, 0 %, 497 MiB, 81920 MiB
2026/06/10 08:34:02.957, 0 %, 0 MiB, 81920 MiB
2026/06/10 08:34:07.958, 0 %, 497 MiB, 81920 MiB
2026/06/10 08:34:07.958, 0 %, 0 MiB, 81920 MiB
2026/06/10 08:34:12.959, 0 %, 497 MiB, 81920 MiB
2026/06/10 08:34:12.959, 0 %, 0 MiB, 81920 MiB
2026/06/10 08:34:17.960, 0 %, 497 MiB, 81920 MiB
2026/06/10 08:34:17.960, 0 %, 0 MiB, 81920 MiB
2026/06/10 08:34:22.961, 0 %, 497 MiB, 81920 MiB
2026/06/10 08:34:22.961, 0 %, 0 MiB, 81920 MiB
2026/06/10 08:34:27.962, 0 %, 497 MiB, 81920 MiB
2026/06/10 08:34:27.962, 0 %, 0 MiB, 81920 MiB
2026/06/10 08:34:32.963, 0 %, 497 MiB, 81920 MiB
2026/06/10 08:34:32.963, 0 %, 0 MiB, 81920 MiB
2026/06/10 08:34:37.964, 0 %, 497 MiB, 81920 MiB
2026/06/10 08:34:37.964, 0 %, 0 MiB, 81920 MiB
2026/06/10 08:34:42.965, 0 %, 497 MiB, 81920 MiB
2026/06/10 08:34:42.965, 0 %, 0 MiB, 81920 MiB
2026/06/10 08:34:47.966, 0 %, 497 MiB, 81920 MiB
2026/06/10 08:34:47.966, 0 %, 0 MiB, 81920 MiB
2026/06/10 08:34:52.967, 0 %, 497 MiB, 81920 MiB
2026/06/10 08:34:52.968, 0 %, 0 MiB, 81920 MiB
2026/06/10 08:34:57.968, 0 %, 497 MiB, 81920 MiB
2026/06/10 08:34:57.969, 0 %, 0 MiB, 81920 MiB
2026/06/10 08:35:02.970, 0 %, 497 MiB, 81920 MiB
2026/06/10 08:35:02.970, 0 %, 0 MiB, 81920 MiB
2026/06/10 08:35:07.971, 0 %, 497 MiB, 81920 MiB
2026/06/10 08:35:07.971, 0 %, 0 MiB, 81920 MiB
2026/06/10 08:35:12.972, 0 %, 497 MiB, 81920 MiB
2026/06/10 08:35:12.972, 0 %, 0 MiB, 81920 MiB
2026/06/10 08:35:17.973, 0 %, 497 MiB, 81920 MiB
2026/06/10 08:35:17.973, 0 %, 0 MiB, 81920 MiB
2026/06/10 08:35:22.974, 0 %, 497 MiB, 81920 MiB
2026/06/10 08:35:22.974, 0 %, 0 MiB, 81920 MiB
2026/06/10 08:35:27.975, 0 %, 497 MiB, 81920 MiB
2026/06/10 08:35:27.975, 0 %, 0 MiB, 81920 MiB
2026/06/10 08:35:32.976, 0 %, 497 MiB, 81920 MiB
2026/06/10 08:35:32.976, 0 %, 0 MiB, 81920 MiB
2026/06/10 08:35:37.977, 0 %, 497 MiB, 81920 MiB
2026/06/10 08:35:37.977, 0 %, 0 MiB, 81920 MiB
2026/06/10 08:35:42.978, 0 %, 497 MiB, 81920 MiB
2026/06/10 08:35:42.978, 0 %, 0 MiB, 81920 MiB
2026/06/10 08:35:47.979, 0 %, 497 MiB, 81920 MiB
2026/06/10 08:35:47.979, 0 %, 0 MiB, 81920 MiB
2026/06/10 08:35:52.980, 0 %, 497 MiB, 81920 MiB
2026/06/10 08:35:52.980, 0 %, 0 MiB, 81920 MiB
2026/06/10 08:35:57.981, 0 %, 497 MiB, 81920 MiB
2026/06/10 08:35:57.982, 0 %, 0 MiB, 81920 MiB
2026/06/10 08:36:02.983, 0 %, 497 MiB, 81920 MiB
2026/06/10 08:36:02.983, 0 %, 0 MiB, 81920 MiB
2026/06/10 08:36:07.984, 0 %, 497 MiB, 81920 MiB
2026/06/10 08:36:07.984, 0 %, 0 MiB, 81920 MiB
2026/06/10 08:36:12.985, 0 %, 497 MiB, 81920 MiB
2026/06/10 08:36:12.985, 0 %, 0 MiB, 81920 MiB
2026/06/10 08:36:17.986, 0 %, 497 MiB, 81920 MiB
2026/06/10 08:36:17.986, 0 %, 0 MiB, 81920 MiB
2026/06/10 08:36:22.987, 0 %, 497 MiB, 81920 MiB
2026/06/10 08:36:22.987, 0 %, 0 MiB, 81920 MiB
2026/06/10 08:36:27.988, 0 %, 497 MiB, 81920 MiB
2026/06/10 08:36:27.988, 0 %, 0 MiB, 81920 MiB
2026/06/10 08:36:32.989, 0 %, 497 MiB, 81920 MiB
2026/06/10 08:36:32.989, 0 %, 0 MiB, 81920 MiB
2026/06/10 08:36:37.990, 0 %, 497 MiB, 81920 MiB
2026/06/10 08:36:37.990, 0 %, 0 MiB, 81920 MiB
2026/06/10 08:36:42.991, 0 %, 497 MiB, 81920 MiB
2026/06/10 08:36:42.992, 0 %, 0 MiB, 81920 MiB
2026/06/10 08:36:47.993, 0 %, 497 MiB, 81920 MiB
2026/06/10 08:36:47.993, 0 %, 0 MiB, 81920 MiB
2026/06/10 08:36:52.994, 0 %, 497 MiB, 81920 MiB
2026/06/10 08:36:52.994, 0 %, 0 MiB, 81920 MiB
2026/06/10 08:36:57.995, 0 %, 497 MiB, 81920 MiB
2026/06/10 08:36:57.995, 0 %, 0 MiB, 81920 MiB
2026/06/10 08:37:02.996, 0 %, 497 MiB, 81920 MiB
2026/06/10 08:37:02.996, 0 %, 0 MiB, 81920 MiB
2026/06/10 08:37:07.997, 0 %, 497 MiB, 81920 MiB
2026/06/10 08:37:07.997, 0 %, 0 MiB, 81920 MiB
2026/06/10 08:37:12.998, 0 %, 497 MiB, 81920 MiB
2026/06/10 08:37:12.998, 0 %, 0 MiB, 81920 MiB
2026/06/10 08:37:17.999, 0 %, 497 MiB, 81920 MiB
2026/06/10 08:37:17.999, 0 %, 0 MiB, 81920 MiB
2026/06/10 08:37:23.000, 0 %, 497 MiB, 81920 MiB
2026/06/10 08:37:23.000, 0 %, 0 MiB, 81920 MiB
2026/06/10 08:37:28.001, 0 %, 497 MiB, 81920 MiB
2026/06/10 08:37:28.001, 0 %, 0 MiB, 81920 MiB
2026/06/10 08:37:33.002, 0 %, 497 MiB, 81920 MiB
2026/06/10 08:37:33.002, 0 %, 0 MiB, 81920 MiB
2026/06/10 08:37:38.003, 0 %, 497 MiB, 81920 MiB
2026/06/10 08:37:38.003, 0 %, 0 MiB, 81920 MiB
2026/06/10 08:37:43.004, 0 %, 497 MiB, 81920 MiB
2026/06/10 08:37:43.004, 0 %, 0 MiB, 81920 MiB
2026/06/10 08:37:48.005, 0 %, 497 MiB, 81920 MiB
2026/06/10 08:37:48.005, 0 %, 0 MiB, 81920 MiB
2026/06/10 08:37:53.006, 0 %, 497 MiB, 81920 MiB
2026/06/10 08:37:53.006, 0 %, 0 MiB, 81920 MiB
2026/06/10 08:37:58.007, 0 %, 497 MiB, 81920 MiB
2026/06/10 08:37:58.007, 0 %, 0 MiB, 81920 MiB
2026/06/10 08:38:03.008, 0 %, 497 MiB, 81920 MiB
2026/06/10 08:38:03.008, 0 %, 0 MiB, 81920 MiB
2026/06/10 08:38:08.009, 0 %, 497 MiB, 81920 MiB
2026/06/10 08:38:08.009, 0 %, 0 MiB, 81920 MiB
2026/06/10 08:38:13.010, 0 %, 497 MiB, 81920 MiB
2026/06/10 08:38:13.010, 0 %, 0 MiB, 81920 MiB
2026/06/10 08:38:18.011, 0 %, 497 MiB, 81920 MiB
2026/06/10 08:38:18.011, 0 %, 0 MiB, 81920 MiB
2026/06/10 08:38:23.011, 0 %, 497 MiB, 81920 MiB
2026/06/10 08:38:23.012, 0 %, 0 MiB, 81920 MiB
2026/06/10 08:38:28.012, 0 %, 497 MiB, 81920 MiB
2026/06/10 08:38:28.012, 0 %, 0 MiB, 81920 MiB
2026/06/10 08:38:33.013, 0 %, 497 MiB, 81920 MiB
2026/06/10 08:38:33.013, 0 %, 0 MiB, 81920 MiB
2026/06/10 08:38:38.014, 0 %, 497 MiB, 81920 MiB
2026/06/10 08:38:38.014, 0 %, 0 MiB, 81920 MiB
2026/06/10 08:38:43.015, 0 %, 497 MiB, 81920 MiB
2026/06/10 08:38:43.015, 0 %, 0 MiB, 81920 MiB
2026/06/10 08:38:48.016, 0 %, 497 MiB, 81920 MiB
2026/06/10 08:38:48.016, 0 %, 0 MiB, 81920 MiB
2026/06/10 08:38:53.017, 0 %, 497 MiB, 81920 MiB
2026/06/10 08:38:53.017, 0 %, 0 MiB, 81920 MiB
2026/06/10 08:38:58.018, 0 %, 497 MiB, 81920 MiB
2026/06/10 08:38:58.018, 0 %, 0 MiB, 81920 MiB
2026/06/10 08:39:03.019, 0 %, 497 MiB, 81920 MiB
2026/06/10 08:39:03.019, 0 %, 0 MiB, 81920 MiB
2026/06/10 08:39:08.020, 0 %, 497 MiB, 81920 MiB
2026/06/10 08:39:08.020, 0 %, 0 MiB, 81920 MiB
2026/06/10 08:39:13.021, 0 %, 497 MiB, 81920 MiB
2026/06/10 08:39:13.021, 0 %, 0 MiB, 81920 MiB
2026/06/10 08:39:18.022, 0 %, 497 MiB, 81920 MiB
2026/06/10 08:39:18.022, 0 %, 0 MiB, 81920 MiB
2026/06/10 08:39:23.023, 0 %, 497 MiB, 81920 MiB
2026/06/10 08:39:23.023, 0 %, 0 MiB, 81920 MiB
2026/06/10 08:39:28.024, 0 %, 497 MiB, 81920 MiB
2026/06/10 08:39:28.024, 0 %, 0 MiB, 81920 MiB
2026/06/10 08:39:33.025, 0 %, 497 MiB, 81920 MiB
2026/06/10 08:39:33.025, 0 %, 0 MiB, 81920 MiB
2026/06/10 08:39:38.026, 0 %, 497 MiB, 81920 MiB
2026/06/10 08:39:38.026, 0 %, 0 MiB, 81920 MiB
2026/06/10 08:39:43.027, 0 %, 497 MiB, 81920 MiB
2026/06/10 08:39:43.027, 0 %, 0 MiB, 81920 MiB
2026/06/10 08:39:48.027, 0 %, 497 MiB, 81920 MiB
2026/06/10 08:39:48.028, 0 %, 0 MiB, 81920 MiB
2026/06/10 08:39:53.028, 0 %, 497 MiB, 81920 MiB
2026/06/10 08:39:53.029, 0 %, 0 MiB, 81920 MiB
2026/06/10 08:39:58.029, 0 %, 497 MiB, 81920 MiB
2026/06/10 08:39:58.029, 0 %, 0 MiB, 81920 MiB
2026/06/10 08:40:03.030, 0 %, 497 MiB, 81920 MiB
2026/06/10 08:40:03.030, 0 %, 0 MiB, 81920 MiB
2026/06/10 08:40:08.031, 0 %, 497 MiB, 81920 MiB
2026/06/10 08:40:08.031, 0 %, 0 MiB, 81920 MiB
2026/06/10 08:40:13.032, 0 %, 497 MiB, 81920 MiB
2026/06/10 08:40:13.032, 0 %, 0 MiB, 81920 MiB
2026/06/10 08:40:18.033, 0 %, 497 MiB, 81920 MiB
2026/06/10 08:40:18.033, 0 %, 0 MiB, 81920 MiB
2026/06/10 08:40:23.034, 0 %, 497 MiB, 81920 MiB
2026/06/10 08:40:23.034, 0 %, 0 MiB, 81920 MiB
2026/06/10 08:40:28.035, 0 %, 497 MiB, 81920 MiB
2026/06/10 08:40:28.035, 0 %, 0 MiB, 81920 MiB
2026/06/10 08:40:33.036, 0 %, 497 MiB, 81920 MiB
2026/06/10 08:40:33.036, 0 %, 0 MiB, 81920 MiB
2026/06/10 08:40:38.037, 0 %, 497 MiB, 81920 MiB
2026/06/10 08:40:38.037, 0 %, 0 MiB, 81920 MiB
2026/06/10 08:40:43.038, 0 %, 497 MiB, 81920 MiB
2026/06/10 08:40:43.038, 0 %, 0 MiB, 81920 MiB
2026/06/10 08:40:48.039, 0 %, 497 MiB, 81920 MiB
2026/06/10 08:40:48.039, 0 %, 0 MiB, 81920 MiB
2026/06/10 08:40:53.040, 0 %, 497 MiB, 81920 MiB
2026/06/10 08:40:53.040, 0 %, 0 MiB, 81920 MiB
2026/06/10 08:40:58.041, 0 %, 497 MiB, 81920 MiB
2026/06/10 08:40:58.041, 0 %, 0 MiB, 81920 MiB
2026/06/10 08:41:03.042, 0 %, 497 MiB, 81920 MiB
2026/06/10 08:41:03.042, 0 %, 0 MiB, 81920 MiB
2026/06/10 08:41:08.043, 0 %, 497 MiB, 81920 MiB
2026/06/10 08:41:08.043, 0 %, 0 MiB, 81920 MiB
2026/06/10 08:41:13.044, 0 %, 497 MiB, 81920 MiB
2026/06/10 08:41:13.044, 0 %, 0 MiB, 81920 MiB
2026/06/10 08:41:18.045, 0 %, 497 MiB, 81920 MiB
2026/06/10 08:41:18.045, 0 %, 0 MiB, 81920 MiB
2026/06/10 08:41:23.046, 0 %, 497 MiB, 81920 MiB
2026/06/10 08:41:23.046, 0 %, 0 MiB, 81920 MiB
2026/06/10 08:41:28.047, 0 %, 497 MiB, 81920 MiB
2026/06/10 08:41:28.047, 0 %, 0 MiB, 81920 MiB
2026/06/10 08:41:33.047, 0 %, 497 MiB, 81920 MiB
2026/06/10 08:41:33.047, 0 %, 0 MiB, 81920 MiB
2026/06/10 08:41:38.048, 0 %, 497 MiB, 81920 MiB
2026/06/10 08:41:38.048, 0 %, 0 MiB, 81920 MiB
2026/06/10 08:41:43.050, 0 %, 497 MiB, 81920 MiB
2026/06/10 08:41:43.050, 0 %, 0 MiB, 81920 MiB
2026/06/10 08:41:48.050, 0 %, 497 MiB, 81920 MiB
2026/06/10 08:41:48.051, 0 %, 0 MiB, 81920 MiB
2026/06/10 08:41:53.051, 0 %, 497 MiB, 81920 MiB
2026/06/10 08:41:53.051, 0 %, 0 MiB, 81920 MiB
2026/06/10 08:41:58.052, 0 %, 497 MiB, 81920 MiB
2026/06/10 08:41:58.053, 0 %, 0 MiB, 81920 MiB
2026/06/10 08:42:03.053, 0 %, 497 MiB, 81920 MiB
2026/06/10 08:42:03.053, 0 %, 0 MiB, 81920 MiB
2026/06/10 08:42:08.054, 0 %, 497 MiB, 81920 MiB
2026/06/10 08:42:08.054, 0 %, 0 MiB, 81920 MiB
2026/06/10 08:42:13.055, 0 %, 497 MiB, 81920 MiB
2026/06/10 08:42:13.055, 0 %, 0 MiB, 81920 MiB
2026/06/10 08:42:18.056, 0 %, 497 MiB, 81920 MiB
2026/06/10 08:42:18.056, 0 %, 0 MiB, 81920 MiB
2026/06/10 08:42:23.057, 0 %, 497 MiB, 81920 MiB
2026/06/10 08:42:23.057, 0 %, 0 MiB, 81920 MiB
2026/06/10 08:42:28.057, 0 %, 497 MiB, 81920 MiB
2026/06/10 08:42:28.058, 0 %, 0 MiB, 81920 MiB
2026/06/10 08:42:33.058, 0 %, 497 MiB, 81920 MiB
2026/06/10 08:42:33.058, 0 %, 0 MiB, 81920 MiB
2026/06/10 08:42:38.059, 0 %, 497 MiB, 81920 MiB
2026/06/10 08:42:38.059, 0 %, 0 MiB, 81920 MiB
2026/06/10 08:42:43.060, 0 %, 497 MiB, 81920 MiB
2026/06/10 08:42:43.060, 0 %, 0 MiB, 81920 MiB
2026/06/10 08:42:48.061, 0 %, 497 MiB, 81920 MiB
2026/06/10 08:42:48.061, 0 %, 0 MiB, 81920 MiB
2026/06/10 08:42:53.061, 0 %, 497 MiB, 81920 MiB
2026/06/10 08:42:53.061, 0 %, 0 MiB, 81920 MiB
2026/06/10 08:42:58.062, 0 %, 497 MiB, 81920 MiB
2026/06/10 08:42:58.062, 0 %, 0 MiB, 81920 MiB
2026/06/10 08:43:03.063, 0 %, 497 MiB, 81920 MiB
2026/06/10 08:43:03.063, 0 %, 0 MiB, 81920 MiB
2026/06/10 08:43:08.064, 0 %, 497 MiB, 81920 MiB
2026/06/10 08:43:08.064, 0 %, 0 MiB, 81920 MiB
2026/06/10 08:43:13.065, 0 %, 497 MiB, 81920 MiB
2026/06/10 08:43:13.065, 0 %, 0 MiB, 81920 MiB
2026/06/10 08:43:18.066, 0 %, 497 MiB, 81920 MiB
2026/06/10 08:43:18.066, 0 %, 0 MiB, 81920 MiB
2026/06/10 08:43:23.067, 0 %, 497 MiB, 81920 MiB
2026/06/10 08:43:23.067, 0 %, 0 MiB, 81920 MiB
2026/06/10 08:43:28.068, 0 %, 497 MiB, 81920 MiB
2026/06/10 08:43:28.068, 0 %, 0 MiB, 81920 MiB
2026/06/10 08:43:33.068, 0 %, 497 MiB, 81920 MiB
2026/06/10 08:43:33.069, 0 %, 0 MiB, 81920 MiB
2026/06/10 08:43:38.069, 0 %, 497 MiB, 81920 MiB
2026/06/10 08:43:38.069, 0 %, 0 MiB, 81920 MiB
2026/06/10 08:43:43.071, 0 %, 531 MiB, 81920 MiB
2026/06/10 08:43:43.071, 0 %, 0 MiB, 81920 MiB
2026/06/10 08:43:48.071, 21 %, 567 MiB, 81920 MiB
2026/06/10 08:43:48.072, 0 %, 0 MiB, 81920 MiB
2026/06/10 08:43:53.072, 0 %, 531 MiB, 81920 MiB
2026/06/10 08:43:53.072, 0 %, 0 MiB, 81920 MiB
2026/06/10 08:43:58.073, 0 %, 531 MiB, 81920 MiB
2026/06/10 08:43:58.073, 0 %, 0 MiB, 81920 MiB
2026/06/10 08:44:03.074, 0 %, 531 MiB, 81920 MiB
2026/06/10 08:44:03.074, 0 %, 0 MiB, 81920 MiB
2026/06/10 08:44:08.075, 0 %, 531 MiB, 81920 MiB
2026/06/10 08:44:08.075, 0 %, 0 MiB, 81920 MiB
2026/06/10 08:44:13.076, 0 %, 531 MiB, 81920 MiB
2026/06/10 08:44:13.076, 0 %, 0 MiB, 81920 MiB
2026/06/10 08:44:18.076, 0 %, 531 MiB, 81920 MiB
2026/06/10 08:44:18.077, 0 %, 0 MiB, 81920 MiB
2026/06/10 08:44:23.077, 0 %, 531 MiB, 81920 MiB
2026/06/10 08:44:23.078, 0 %, 0 MiB, 81920 MiB
2026/06/10 08:44:28.078, 0 %, 531 MiB, 81920 MiB
2026/06/10 08:44:28.078, 0 %, 0 MiB, 81920 MiB
2026/06/10 08:44:33.079, 0 %, 531 MiB, 81920 MiB
2026/06/10 08:44:33.079, 0 %, 0 MiB, 81920 MiB
2026/06/10 08:44:38.079, 0 %, 531 MiB, 81920 MiB
2026/06/10 08:44:38.079, 0 %, 0 MiB, 81920 MiB
2026/06/10 08:44:43.080, 0 %, 531 MiB, 81920 MiB
2026/06/10 08:44:43.080, 0 %, 0 MiB, 81920 MiB
2026/06/10 08:44:48.081, 0 %, 531 MiB, 81920 MiB
2026/06/10 08:44:48.081, 0 %, 0 MiB, 81920 MiB
2026/06/10 08:44:53.081, 0 %, 531 MiB, 81920 MiB
2026/06/10 08:44:53.082, 0 %, 0 MiB, 81920 MiB
2026/06/10 08:44:58.082, 0 %, 531 MiB, 81920 MiB
2026/06/10 08:44:58.082, 0 %, 0 MiB, 81920 MiB
2026/06/10 08:45:03.083, 0 %, 531 MiB, 81920 MiB
2026/06/10 08:45:03.083, 0 %, 0 MiB, 81920 MiB
2026/06/10 08:45:08.084, 0 %, 531 MiB, 81920 MiB
2026/06/10 08:45:08.084, 0 %, 0 MiB, 81920 MiB
2026/06/10 08:45:13.084, 0 %, 531 MiB, 81920 MiB
2026/06/10 08:45:13.085, 0 %, 0 MiB, 81920 MiB
2026/06/10 08:45:18.085, 0 %, 531 MiB, 81920 MiB
2026/06/10 08:45:18.085, 0 %, 0 MiB, 81920 MiB
2026/06/10 08:45:23.086, 0 %, 531 MiB, 81920 MiB
2026/06/10 08:45:23.086, 0 %, 0 MiB, 81920 MiB
2026/06/10 08:45:28.087, 0 %, 531 MiB, 81920 MiB
2026/06/10 08:45:28.087, 0 %, 0 MiB, 81920 MiB
2026/06/10 08:45:33.088, 0 %, 531 MiB, 81920 MiB
2026/06/10 08:45:33.088, 0 %, 0 MiB, 81920 MiB
2026/06/10 08:45:38.088, 0 %, 531 MiB, 81920 MiB
2026/06/10 08:45:38.089, 0 %, 0 MiB, 81920 MiB
2026/06/10 08:45:43.089, 0 %, 531 MiB, 81920 MiB
2026/06/10 08:45:43.089, 0 %, 0 MiB, 81920 MiB
2026/06/10 08:45:48.090, 0 %, 531 MiB, 81920 MiB
2026/06/10 08:45:48.090, 0 %, 0 MiB, 81920 MiB
2026/06/10 08:45:53.091, 0 %, 531 MiB, 81920 MiB
2026/06/10 08:45:53.091, 0 %, 0 MiB, 81920 MiB
2026/06/10 08:45:58.092, 0 %, 531 MiB, 81920 MiB
2026/06/10 08:45:58.092, 0 %, 0 MiB, 81920 MiB
2026/06/10 08:46:03.092, 0 %, 531 MiB, 81920 MiB
2026/06/10 08:46:03.092, 0 %, 0 MiB, 81920 MiB
2026/06/10 08:46:08.093, 0 %, 531 MiB, 81920 MiB
2026/06/10 08:46:08.093, 0 %, 0 MiB, 81920 MiB
2026/06/10 08:46:13.094, 0 %, 531 MiB, 81920 MiB
2026/06/10 08:46:13.094, 0 %, 0 MiB, 81920 MiB
2026/06/10 08:46:18.095, 0 %, 531 MiB, 81920 MiB
2026/06/10 08:46:18.095, 0 %, 0 MiB, 81920 MiB
2026/06/10 08:46:23.095, 0 %, 531 MiB, 81920 MiB
2026/06/10 08:46:23.095, 0 %, 0 MiB, 81920 MiB
2026/06/10 08:46:28.096, 0 %, 531 MiB, 81920 MiB
2026/06/10 08:46:28.096, 0 %, 0 MiB, 81920 MiB
2026/06/10 08:46:33.097, 0 %, 531 MiB, 81920 MiB
2026/06/10 08:46:33.097, 0 %, 0 MiB, 81920 MiB
2026/06/10 08:46:38.098, 0 %, 531 MiB, 81920 MiB
2026/06/10 08:46:38.098, 0 %, 0 MiB, 81920 MiB
2026/06/10 08:46:43.099, 0 %, 531 MiB, 81920 MiB
2026/06/10 08:46:43.099, 0 %, 0 MiB, 81920 MiB
2026/06/10 08:46:48.100, 0 %, 531 MiB, 81920 MiB
2026/06/10 08:46:48.100, 0 %, 0 MiB, 81920 MiB
2026/06/10 08:46:53.100, 0 %, 531 MiB, 81920 MiB
2026/06/10 08:46:53.100, 0 %, 0 MiB, 81920 MiB
2026/06/10 08:46:58.101, 0 %, 531 MiB, 81920 MiB
2026/06/10 08:46:58.101, 0 %, 0 MiB, 81920 MiB
2026/06/10 08:47:03.102, 0 %, 531 MiB, 81920 MiB
2026/06/10 08:47:03.102, 0 %, 0 MiB, 81920 MiB
2026/06/10 08:47:08.102, 0 %, 531 MiB, 81920 MiB
2026/06/10 08:47:08.103, 0 %, 0 MiB, 81920 MiB
2026/06/10 08:47:13.103, 0 %, 531 MiB, 81920 MiB
2026/06/10 08:47:13.103, 0 %, 0 MiB, 81920 MiB
2026/06/10 08:47:18.104, 0 %, 531 MiB, 81920 MiB
2026/06/10 08:47:18.104, 0 %, 0 MiB, 81920 MiB
2026/06/10 08:47:23.105, 0 %, 531 MiB, 81920 MiB
2026/06/10 08:47:23.105, 0 %, 0 MiB, 81920 MiB
2026/06/10 08:47:28.106, 0 %, 531 MiB, 81920 MiB
2026/06/10 08:47:28.106, 0 %, 0 MiB, 81920 MiB
2026/06/10 08:47:33.107, 0 %, 531 MiB, 81920 MiB
2026/06/10 08:47:33.107, 0 %, 0 MiB, 81920 MiB
2026/06/10 08:47:38.108, 0 %, 531 MiB, 81920 MiB
2026/06/10 08:47:38.108, 0 %, 0 MiB, 81920 MiB
2026/06/10 08:47:43.108, 0 %, 531 MiB, 81920 MiB
2026/06/10 08:47:43.108, 0 %, 0 MiB, 81920 MiB
2026/06/10 08:47:48.109, 0 %, 531 MiB, 81920 MiB
2026/06/10 08:47:48.109, 0 %, 0 MiB, 81920 MiB
2026/06/10 08:47:53.110, 0 %, 531 MiB, 81920 MiB
2026/06/10 08:47:53.110, 0 %, 0 MiB, 81920 MiB
2026/06/10 08:47:58.111, 0 %, 531 MiB, 81920 MiB
2026/06/10 08:47:58.111, 0 %, 0 MiB, 81920 MiB
2026/06/10 08:48:03.112, 0 %, 531 MiB, 81920 MiB
2026/06/10 08:48:03.112, 0 %, 0 MiB, 81920 MiB
2026/06/10 08:48:08.112, 0 %, 531 MiB, 81920 MiB
2026/06/10 08:48:08.113, 0 %, 0 MiB, 81920 MiB
2026/06/10 08:48:13.113, 0 %, 531 MiB, 81920 MiB
2026/06/10 08:48:13.113, 0 %, 0 MiB, 81920 MiB
2026/06/10 08:48:18.114, 0 %, 531 MiB, 81920 MiB
2026/06/10 08:48:18.114, 0 %, 0 MiB, 81920 MiB
2026/06/10 08:48:23.115, 0 %, 531 MiB, 81920 MiB
2026/06/10 08:48:23.115, 0 %, 0 MiB, 81920 MiB
2026/06/10 08:48:28.116, 0 %, 531 MiB, 81920 MiB
2026/06/10 08:48:28.116, 0 %, 0 MiB, 81920 MiB
2026/06/10 08:48:33.117, 0 %, 531 MiB, 81920 MiB
2026/06/10 08:48:33.117, 0 %, 0 MiB, 81920 MiB
2026/06/10 08:48:38.117, 0 %, 531 MiB, 81920 MiB
2026/06/10 08:48:38.118, 0 %, 0 MiB, 81920 MiB
2026/06/10 08:48:43.118, 0 %, 531 MiB, 81920 MiB
2026/06/10 08:48:43.118, 0 %, 0 MiB, 81920 MiB
2026/06/10 08:48:48.119, 0 %, 531 MiB, 81920 MiB
2026/06/10 08:48:48.119, 0 %, 0 MiB, 81920 MiB
2026/06/10 08:48:53.120, 0 %, 531 MiB, 81920 MiB
2026/06/10 08:48:53.120, 0 %, 0 MiB, 81920 MiB
2026/06/10 08:48:58.121, 0 %, 531 MiB, 81920 MiB
2026/06/10 08:48:58.121, 0 %, 0 MiB, 81920 MiB
2026/06/10 08:49:03.121, 0 %, 531 MiB, 81920 MiB
2026/06/10 08:49:03.122, 0 %, 0 MiB, 81920 MiB
2026/06/10 08:49:08.122, 0 %, 531 MiB, 81920 MiB
2026/06/10 08:49:08.122, 0 %, 0 MiB, 81920 MiB
2026/06/10 08:49:13.123, 0 %, 531 MiB, 81920 MiB
2026/06/10 08:49:13.123, 0 %, 0 MiB, 81920 MiB
2026/06/10 08:49:18.124, 0 %, 531 MiB, 81920 MiB
2026/06/10 08:49:18.124, 0 %, 0 MiB, 81920 MiB
2026/06/10 08:49:23.125, 0 %, 531 MiB, 81920 MiB
2026/06/10 08:49:23.125, 0 %, 0 MiB, 81920 MiB
2026/06/10 08:49:28.125, 0 %, 531 MiB, 81920 MiB
2026/06/10 08:49:28.126, 0 %, 0 MiB, 81920 MiB
2026/06/10 08:49:33.126, 0 %, 531 MiB, 81920 MiB
2026/06/10 08:49:33.126, 0 %, 0 MiB, 81920 MiB
2026/06/10 08:49:38.127, 0 %, 531 MiB, 81920 MiB
2026/06/10 08:49:38.127, 0 %, 0 MiB, 81920 MiB
2026/06/10 08:49:43.128, 0 %, 531 MiB, 81920 MiB
2026/06/10 08:49:43.128, 0 %, 0 MiB, 81920 MiB
2026/06/10 08:49:48.129, 0 %, 531 MiB, 81920 MiB
2026/06/10 08:49:48.129, 0 %, 0 MiB, 81920 MiB
2026/06/10 08:49:53.130, 0 %, 531 MiB, 81920 MiB
2026/06/10 08:49:53.130, 0 %, 0 MiB, 81920 MiB
2026/06/10 08:49:58.130, 0 %, 531 MiB, 81920 MiB
2026/06/10 08:49:58.130, 0 %, 0 MiB, 81920 MiB
2026/06/10 08:50:03.131, 0 %, 531 MiB, 81920 MiB
2026/06/10 08:50:03.131, 0 %, 0 MiB, 81920 MiB
2026/06/10 08:50:08.132, 0 %, 531 MiB, 81920 MiB
2026/06/10 08:50:08.132, 0 %, 0 MiB, 81920 MiB
2026/06/10 08:50:13.133, 0 %, 531 MiB, 81920 MiB
2026/06/10 08:50:13.133, 0 %, 0 MiB, 81920 MiB
2026/06/10 08:50:18.134, 0 %, 531 MiB, 81920 MiB
2026/06/10 08:50:18.134, 0 %, 0 MiB, 81920 MiB
2026/06/10 08:50:23.134, 0 %, 531 MiB, 81920 MiB
2026/06/10 08:50:23.134, 0 %, 0 MiB, 81920 MiB
2026/06/10 08:50:28.135, 0 %, 531 MiB, 81920 MiB
2026/06/10 08:50:28.135, 0 %, 0 MiB, 81920 MiB
2026/06/10 08:50:33.136, 0 %, 531 MiB, 81920 MiB
2026/06/10 08:50:33.136, 0 %, 0 MiB, 81920 MiB
2026/06/10 08:50:38.137, 0 %, 531 MiB, 81920 MiB
2026/06/10 08:50:38.137, 0 %, 0 MiB, 81920 MiB
2026/06/10 08:50:43.137, 0 %, 531 MiB, 81920 MiB
2026/06/10 08:50:43.137, 0 %, 0 MiB, 81920 MiB
2026/06/10 08:50:48.138, 0 %, 531 MiB, 81920 MiB
2026/06/10 08:50:48.138, 0 %, 0 MiB, 81920 MiB
2026/06/10 08:50:53.139, 0 %, 531 MiB, 81920 MiB
2026/06/10 08:50:53.139, 0 %, 0 MiB, 81920 MiB
2026/06/10 08:50:58.140, 0 %, 531 MiB, 81920 MiB
2026/06/10 08:50:58.140, 0 %, 0 MiB, 81920 MiB
2026/06/10 08:51:03.141, 0 %, 531 MiB, 81920 MiB
2026/06/10 08:51:03.141, 0 %, 0 MiB, 81920 MiB
2026/06/10 08:51:08.141, 0 %, 531 MiB, 81920 MiB
2026/06/10 08:51:08.141, 0 %, 0 MiB, 81920 MiB
2026/06/10 08:51:13.142, 0 %, 531 MiB, 81920 MiB
2026/06/10 08:51:13.142, 0 %, 0 MiB, 81920 MiB
2026/06/10 08:51:18.143, 0 %, 531 MiB, 81920 MiB
2026/06/10 08:51:18.143, 0 %, 0 MiB, 81920 MiB
2026/06/10 08:51:23.144, 0 %, 531 MiB, 81920 MiB
2026/06/10 08:51:23.144, 0 %, 0 MiB, 81920 MiB
2026/06/10 08:51:28.145, 0 %, 531 MiB, 81920 MiB
2026/06/10 08:51:28.145, 0 %, 0 MiB, 81920 MiB
2026/06/10 08:51:33.145, 0 %, 531 MiB, 81920 MiB
2026/06/10 08:51:33.146, 0 %, 0 MiB, 81920 MiB
2026/06/10 08:51:38.146, 0 %, 531 MiB, 81920 MiB
2026/06/10 08:51:38.146, 0 %, 0 MiB, 81920 MiB
2026/06/10 08:51:43.147, 0 %, 531 MiB, 81920 MiB
2026/06/10 08:51:43.147, 0 %, 0 MiB, 81920 MiB
2026/06/10 08:51:48.148, 0 %, 531 MiB, 81920 MiB
2026/06/10 08:51:48.148, 0 %, 0 MiB, 81920 MiB
2026/06/10 08:51:53.149, 0 %, 531 MiB, 81920 MiB
2026/06/10 08:51:53.149, 0 %, 0 MiB, 81920 MiB
2026/06/10 08:51:58.149, 0 %, 531 MiB, 81920 MiB
2026/06/10 08:51:58.149, 0 %, 0 MiB, 81920 MiB
2026/06/10 08:52:03.150, 0 %, 531 MiB, 81920 MiB
2026/06/10 08:52:03.150, 0 %, 0 MiB, 81920 MiB
2026/06/10 08:52:08.151, 0 %, 531 MiB, 81920 MiB
2026/06/10 08:52:08.151, 0 %, 0 MiB, 81920 MiB
2026/06/10 08:52:13.152, 0 %, 531 MiB, 81920 MiB
2026/06/10 08:52:13.152, 0 %, 0 MiB, 81920 MiB
2026/06/10 08:52:18.152, 0 %, 531 MiB, 81920 MiB
2026/06/10 08:52:18.152, 0 %, 0 MiB, 81920 MiB
2026/06/10 08:52:23.153, 0 %, 531 MiB, 81920 MiB
2026/06/10 08:52:23.153, 0 %, 0 MiB, 81920 MiB
2026/06/10 08:52:28.154, 0 %, 531 MiB, 81920 MiB
2026/06/10 08:52:28.154, 0 %, 0 MiB, 81920 MiB
2026/06/10 08:52:33.154, 0 %, 531 MiB, 81920 MiB
2026/06/10 08:52:33.155, 0 %, 0 MiB, 81920 MiB
2026/06/10 08:52:38.155, 0 %, 531 MiB, 81920 MiB
2026/06/10 08:52:38.155, 0 %, 0 MiB, 81920 MiB
2026/06/10 08:52:43.156, 0 %, 531 MiB, 81920 MiB
2026/06/10 08:52:43.156, 0 %, 0 MiB, 81920 MiB
2026/06/10 08:52:48.156, 0 %, 531 MiB, 81920 MiB
2026/06/10 08:52:48.156, 0 %, 0 MiB, 81920 MiB
2026/06/10 08:52:53.157, 0 %, 531 MiB, 81920 MiB
2026/06/10 08:52:53.157, 0 %, 0 MiB, 81920 MiB
2026/06/10 08:52:58.158, 0 %, 531 MiB, 81920 MiB
2026/06/10 08:52:58.158, 0 %, 0 MiB, 81920 MiB
2026/06/10 08:53:03.159, 0 %, 531 MiB, 81920 MiB
2026/06/10 08:53:03.159, 0 %, 0 MiB, 81920 MiB
2026/06/10 08:53:08.160, 0 %, 531 MiB, 81920 MiB
2026/06/10 08:53:08.160, 0 %, 0 MiB, 81920 MiB
2026/06/10 08:53:13.160, 0 %, 531 MiB, 81920 MiB
2026/06/10 08:53:13.160, 0 %, 0 MiB, 81920 MiB
2026/06/10 08:53:18.161, 0 %, 531 MiB, 81920 MiB
2026/06/10 08:53:18.161, 0 %, 0 MiB, 81920 MiB
2026/06/10 08:53:23.162, 0 %, 531 MiB, 81920 MiB
2026/06/10 08:53:23.162, 0 %, 0 MiB, 81920 MiB
2026/06/10 08:53:28.163, 0 %, 531 MiB, 81920 MiB
2026/06/10 08:53:28.163, 0 %, 0 MiB, 81920 MiB
2026/06/10 08:53:33.164, 0 %, 531 MiB, 81920 MiB
2026/06/10 08:53:33.164, 0 %, 0 MiB, 81920 MiB
2026/06/10 08:53:38.164, 0 %, 531 MiB, 81920 MiB
2026/06/10 08:53:38.165, 0 %, 0 MiB, 81920 MiB
2026/06/10 08:53:43.165, 0 %, 531 MiB, 81920 MiB
2026/06/10 08:53:43.165, 0 %, 0 MiB, 81920 MiB
2026/06/10 08:53:48.166, 0 %, 531 MiB, 81920 MiB
2026/06/10 08:53:48.166, 0 %, 0 MiB, 81920 MiB
2026/06/10 08:53:53.167, 0 %, 531 MiB, 81920 MiB
2026/06/10 08:53:53.167, 0 %, 0 MiB, 81920 MiB
2026/06/10 08:53:58.168, 0 %, 531 MiB, 81920 MiB
2026/06/10 08:53:58.168, 0 %, 0 MiB, 81920 MiB
2026/06/10 08:54:03.168, 0 %, 531 MiB, 81920 MiB
2026/06/10 08:54:03.169, 0 %, 0 MiB, 81920 MiB
2026/06/10 08:54:08.169, 0 %, 531 MiB, 81920 MiB
2026/06/10 08:54:08.169, 0 %, 0 MiB, 81920 MiB
2026/06/10 08:54:13.170, 0 %, 531 MiB, 81920 MiB
2026/06/10 08:54:13.170, 0 %, 0 MiB, 81920 MiB
2026/06/10 08:54:18.171, 0 %, 497 MiB, 81920 MiB
2026/06/10 08:54:18.171, 0 %, 0 MiB, 81920 MiB
2026/06/10 08:54:23.173, 0 %, 497 MiB, 81920 MiB
2026/06/10 08:54:23.173, 0 %, 0 MiB, 81920 MiB
2026/06/10 08:54:28.173, 0 %, 497 MiB, 81920 MiB
2026/06/10 08:54:28.173, 0 %, 0 MiB, 81920 MiB
2026/06/10 08:54:33.174, 0 %, 497 MiB, 81920 MiB
2026/06/10 08:54:33.174, 0 %, 0 MiB, 81920 MiB
2026/06/10 08:54:38.175, 0 %, 497 MiB, 81920 MiB
2026/06/10 08:54:38.175, 0 %, 0 MiB, 81920 MiB
2026/06/10 08:54:43.176, 0 %, 497 MiB, 81920 MiB
2026/06/10 08:54:43.176, 0 %, 0 MiB, 81920 MiB
2026/06/10 08:54:48.177, 0 %, 497 MiB, 81920 MiB
2026/06/10 08:54:48.177, 0 %, 0 MiB, 81920 MiB
2026/06/10 08:54:53.178, 0 %, 497 MiB, 81920 MiB
2026/06/10 08:54:53.178, 0 %, 0 MiB, 81920 MiB
2026/06/10 08:54:58.179, 0 %, 497 MiB, 81920 MiB
2026/06/10 08:54:58.179, 0 %, 0 MiB, 81920 MiB
2026/06/10 08:55:03.180, 0 %, 497 MiB, 81920 MiB
2026/06/10 08:55:03.180, 0 %, 0 MiB, 81920 MiB
2026/06/10 08:55:08.181, 0 %, 497 MiB, 81920 MiB
2026/06/10 08:55:08.181, 0 %, 0 MiB, 81920 MiB
2026/06/10 08:55:13.181, 0 %, 497 MiB, 81920 MiB
2026/06/10 08:55:13.182, 0 %, 0 MiB, 81920 MiB
2026/06/10 08:55:18.182, 0 %, 497 MiB, 81920 MiB
2026/06/10 08:55:18.183, 0 %, 0 MiB, 81920 MiB
2026/06/10 08:55:23.184, 0 %, 497 MiB, 81920 MiB
2026/06/10 08:55:23.185, 0 %, 0 MiB, 81920 MiB
2026/06/10 08:55:28.185, 0 %, 497 MiB, 81920 MiB
2026/06/10 08:55:28.186, 0 %, 0 MiB, 81920 MiB
2026/06/10 08:55:33.186, 0 %, 497 MiB, 81920 MiB
2026/06/10 08:55:33.187, 0 %, 0 MiB, 81920 MiB
2026/06/10 08:55:38.187, 0 %, 497 MiB, 81920 MiB
2026/06/10 08:55:38.187, 0 %, 0 MiB, 81920 MiB
2026/06/10 08:55:43.188, 0 %, 497 MiB, 81920 MiB
2026/06/10 08:55:43.189, 0 %, 0 MiB, 81920 MiB
2026/06/10 08:55:48.189, 0 %, 497 MiB, 81920 MiB
2026/06/10 08:55:48.189, 0 %, 0 MiB, 81920 MiB
2026/06/10 08:55:53.190, 0 %, 497 MiB, 81920 MiB
2026/06/10 08:55:53.190, 0 %, 0 MiB, 81920 MiB
2026/06/10 08:55:58.191, 0 %, 497 MiB, 81920 MiB
2026/06/10 08:55:58.191, 0 %, 0 MiB, 81920 MiB
2026/06/10 08:56:03.192, 0 %, 497 MiB, 81920 MiB
2026/06/10 08:56:03.192, 0 %, 0 MiB, 81920 MiB
2026/06/10 08:56:08.193, 0 %, 497 MiB, 81920 MiB
2026/06/10 08:56:08.193, 0 %, 0 MiB, 81920 MiB
2026/06/10 08:56:13.194, 0 %, 497 MiB, 81920 MiB
2026/06/10 08:56:13.194, 0 %, 0 MiB, 81920 MiB
2026/06/10 08:56:18.195, 0 %, 497 MiB, 81920 MiB
2026/06/10 08:56:18.195, 0 %, 0 MiB, 81920 MiB
2026/06/10 08:56:23.196, 0 %, 497 MiB, 81920 MiB
2026/06/10 08:56:23.196, 0 %, 0 MiB, 81920 MiB
2026/06/10 08:56:28.197, 0 %, 497 MiB, 81920 MiB
2026/06/10 08:56:28.197, 0 %, 0 MiB, 81920 MiB
2026/06/10 08:56:33.198, 0 %, 497 MiB, 81920 MiB
2026/06/10 08:56:33.198, 0 %, 0 MiB, 81920 MiB
2026/06/10 08:56:38.199, 0 %, 497 MiB, 81920 MiB
2026/06/10 08:56:38.199, 0 %, 0 MiB, 81920 MiB
2026/06/10 08:56:43.200, 0 %, 497 MiB, 81920 MiB
2026/06/10 08:56:43.200, 0 %, 0 MiB, 81920 MiB
2026/06/10 08:56:48.200, 0 %, 497 MiB, 81920 MiB
2026/06/10 08:56:48.201, 0 %, 0 MiB, 81920 MiB
2026/06/10 08:56:53.201, 0 %, 497 MiB, 81920 MiB
2026/06/10 08:56:53.201, 0 %, 0 MiB, 81920 MiB
2026/06/10 08:56:58.202, 0 %, 497 MiB, 81920 MiB
2026/06/10 08:56:58.202, 0 %, 0 MiB, 81920 MiB
2026/06/10 08:57:03.203, 0 %, 497 MiB, 81920 MiB
2026/06/10 08:57:03.204, 0 %, 0 MiB, 81920 MiB
2026/06/10 08:57:08.204, 0 %, 497 MiB, 81920 MiB
2026/06/10 08:57:08.204, 0 %, 0 MiB, 81920 MiB
2026/06/10 08:57:13.205, 0 %, 497 MiB, 81920 MiB
2026/06/10 08:57:13.205, 0 %, 0 MiB, 81920 MiB
2026/06/10 08:57:18.206, 0 %, 497 MiB, 81920 MiB
2026/06/10 08:57:18.206, 0 %, 0 MiB, 81920 MiB
2026/06/10 08:57:23.207, 0 %, 497 MiB, 81920 MiB
2026/06/10 08:57:23.207, 0 %, 0 MiB, 81920 MiB
2026/06/10 08:57:28.208, 18 %, 567 MiB, 81920 MiB
2026/06/10 08:57:28.209, 0 %, 0 MiB, 81920 MiB
2026/06/10 08:57:33.209, 0 %, 531 MiB, 81920 MiB
2026/06/10 08:57:33.210, 0 %, 0 MiB, 81920 MiB
2026/06/10 08:57:38.210, 0 %, 531 MiB, 81920 MiB
2026/06/10 08:57:38.211, 0 %, 0 MiB, 81920 MiB
2026/06/10 08:57:43.211, 0 %, 531 MiB, 81920 MiB
2026/06/10 08:57:43.211, 0 %, 0 MiB, 81920 MiB
2026/06/10 08:57:48.212, 0 %, 531 MiB, 81920 MiB
2026/06/10 08:57:48.212, 0 %, 0 MiB, 81920 MiB
2026/06/10 08:57:53.213, 0 %, 531 MiB, 81920 MiB
2026/06/10 08:57:53.213, 0 %, 0 MiB, 81920 MiB
2026/06/10 08:57:58.214, 0 %, 531 MiB, 81920 MiB
2026/06/10 08:57:58.214, 0 %, 0 MiB, 81920 MiB
2026/06/10 08:58:03.215, 0 %, 531 MiB, 81920 MiB
2026/06/10 08:58:03.215, 0 %, 0 MiB, 81920 MiB
2026/06/10 08:58:08.216, 0 %, 531 MiB, 81920 MiB
2026/06/10 08:58:08.216, 0 %, 0 MiB, 81920 MiB
2026/06/10 08:58:13.217, 0 %, 531 MiB, 81920 MiB
2026/06/10 08:58:13.217, 0 %, 0 MiB, 81920 MiB
2026/06/10 08:58:18.218, 0 %, 531 MiB, 81920 MiB
2026/06/10 08:58:18.218, 0 %, 0 MiB, 81920 MiB
2026/06/10 08:58:23.219, 0 %, 531 MiB, 81920 MiB
2026/06/10 08:58:23.219, 0 %, 0 MiB, 81920 MiB
2026/06/10 08:58:28.220, 0 %, 531 MiB, 81920 MiB
2026/06/10 08:58:28.220, 0 %, 0 MiB, 81920 MiB
2026/06/10 08:58:33.221, 0 %, 531 MiB, 81920 MiB
2026/06/10 08:58:33.221, 0 %, 0 MiB, 81920 MiB
2026/06/10 08:58:38.222, 0 %, 531 MiB, 81920 MiB
2026/06/10 08:58:38.222, 0 %, 0 MiB, 81920 MiB
2026/06/10 08:58:43.223, 0 %, 531 MiB, 81920 MiB
2026/06/10 08:58:43.223, 0 %, 0 MiB, 81920 MiB
2026/06/10 08:58:48.224, 0 %, 531 MiB, 81920 MiB
2026/06/10 08:58:48.224, 0 %, 0 MiB, 81920 MiB
2026/06/10 08:58:53.225, 0 %, 531 MiB, 81920 MiB
2026/06/10 08:58:53.225, 0 %, 0 MiB, 81920 MiB
2026/06/10 08:58:58.226, 0 %, 531 MiB, 81920 MiB
2026/06/10 08:58:58.226, 0 %, 0 MiB, 81920 MiB
2026/06/10 08:59:03.227, 0 %, 531 MiB, 81920 MiB
2026/06/10 08:59:03.227, 0 %, 0 MiB, 81920 MiB
2026/06/10 08:59:08.228, 0 %, 531 MiB, 81920 MiB
2026/06/10 08:59:08.228, 0 %, 0 MiB, 81920 MiB
2026/06/10 08:59:13.229, 0 %, 531 MiB, 81920 MiB
2026/06/10 08:59:13.229, 0 %, 0 MiB, 81920 MiB
2026/06/10 08:59:18.230, 0 %, 531 MiB, 81920 MiB
2026/06/10 08:59:18.230, 0 %, 0 MiB, 81920 MiB
2026/06/10 08:59:23.231, 0 %, 531 MiB, 81920 MiB
2026/06/10 08:59:23.231, 0 %, 0 MiB, 81920 MiB
2026/06/10 08:59:28.232, 0 %, 531 MiB, 81920 MiB
2026/06/10 08:59:28.232, 0 %, 0 MiB, 81920 MiB
2026/06/10 08:59:33.233, 0 %, 531 MiB, 81920 MiB
2026/06/10 08:59:33.233, 0 %, 0 MiB, 81920 MiB
2026/06/10 08:59:38.234, 0 %, 531 MiB, 81920 MiB
2026/06/10 08:59:38.234, 0 %, 0 MiB, 81920 MiB
2026/06/10 08:59:43.235, 0 %, 531 MiB, 81920 MiB
2026/06/10 08:59:43.235, 0 %, 0 MiB, 81920 MiB
2026/06/10 08:59:48.235, 0 %, 531 MiB, 81920 MiB
2026/06/10 08:59:48.236, 0 %, 0 MiB, 81920 MiB
2026/06/10 08:59:53.236, 0 %, 531 MiB, 81920 MiB
2026/06/10 08:59:53.237, 0 %, 0 MiB, 81920 MiB
2026/06/10 08:59:58.237, 0 %, 531 MiB, 81920 MiB
2026/06/10 08:59:58.238, 0 %, 0 MiB, 81920 MiB
2026/06/10 09:00:03.238, 0 %, 531 MiB, 81920 MiB
2026/06/10 09:00:03.239, 0 %, 0 MiB, 81920 MiB
2026/06/10 09:00:08.239, 0 %, 531 MiB, 81920 MiB
2026/06/10 09:00:08.240, 0 %, 0 MiB, 81920 MiB
2026/06/10 09:00:13.240, 0 %, 531 MiB, 81920 MiB
2026/06/10 09:00:13.241, 0 %, 0 MiB, 81920 MiB
2026/06/10 09:00:18.241, 0 %, 531 MiB, 81920 MiB
2026/06/10 09:00:18.242, 0 %, 0 MiB, 81920 MiB
2026/06/10 09:00:23.242, 0 %, 531 MiB, 81920 MiB
2026/06/10 09:00:23.242, 0 %, 0 MiB, 81920 MiB
2026/06/10 09:00:28.243, 0 %, 531 MiB, 81920 MiB
2026/06/10 09:00:28.243, 0 %, 0 MiB, 81920 MiB
2026/06/10 09:00:33.244, 0 %, 531 MiB, 81920 MiB
2026/06/10 09:00:33.244, 0 %, 0 MiB, 81920 MiB
2026/06/10 09:00:38.245, 0 %, 531 MiB, 81920 MiB
2026/06/10 09:00:38.245, 0 %, 0 MiB, 81920 MiB
2026/06/10 09:00:43.246, 0 %, 531 MiB, 81920 MiB
2026/06/10 09:00:43.246, 0 %, 0 MiB, 81920 MiB
2026/06/10 09:00:48.247, 0 %, 531 MiB, 81920 MiB
2026/06/10 09:00:48.247, 0 %, 0 MiB, 81920 MiB
2026/06/10 09:00:53.248, 0 %, 531 MiB, 81920 MiB
2026/06/10 09:00:53.248, 0 %, 0 MiB, 81920 MiB
2026/06/10 09:00:58.249, 0 %, 531 MiB, 81920 MiB
2026/06/10 09:00:58.249, 0 %, 0 MiB, 81920 MiB
2026/06/10 09:01:03.250, 0 %, 531 MiB, 81920 MiB
2026/06/10 09:01:03.250, 0 %, 0 MiB, 81920 MiB
2026/06/10 09:01:08.251, 0 %, 531 MiB, 81920 MiB
2026/06/10 09:01:08.251, 0 %, 0 MiB, 81920 MiB
2026/06/10 09:01:13.252, 0 %, 531 MiB, 81920 MiB
2026/06/10 09:01:13.252, 0 %, 0 MiB, 81920 MiB
2026/06/10 09:01:18.253, 0 %, 531 MiB, 81920 MiB
2026/06/10 09:01:18.253, 0 %, 0 MiB, 81920 MiB
2026/06/10 09:01:23.254, 0 %, 531 MiB, 81920 MiB
2026/06/10 09:01:23.254, 0 %, 0 MiB, 81920 MiB
2026/06/10 09:01:28.255, 0 %, 531 MiB, 81920 MiB
2026/06/10 09:01:28.255, 0 %, 0 MiB, 81920 MiB
2026/06/10 09:01:33.256, 0 %, 531 MiB, 81920 MiB
2026/06/10 09:01:33.256, 0 %, 0 MiB, 81920 MiB
2026/06/10 09:01:38.257, 0 %, 531 MiB, 81920 MiB
2026/06/10 09:01:38.257, 0 %, 0 MiB, 81920 MiB
2026/06/10 09:01:43.258, 0 %, 531 MiB, 81920 MiB
2026/06/10 09:01:43.258, 0 %, 0 MiB, 81920 MiB
2026/06/10 09:01:48.259, 0 %, 531 MiB, 81920 MiB
2026/06/10 09:01:48.259, 0 %, 0 MiB, 81920 MiB
2026/06/10 09:01:53.260, 0 %, 531 MiB, 81920 MiB
2026/06/10 09:01:53.260, 0 %, 0 MiB, 81920 MiB
2026/06/10 09:01:58.261, 0 %, 531 MiB, 81920 MiB
2026/06/10 09:01:58.261, 0 %, 0 MiB, 81920 MiB
2026/06/10 09:02:03.262, 0 %, 531 MiB, 81920 MiB
2026/06/10 09:02:03.262, 0 %, 0 MiB, 81920 MiB
2026/06/10 09:02:08.263, 0 %, 531 MiB, 81920 MiB
2026/06/10 09:02:08.263, 0 %, 0 MiB, 81920 MiB
2026/06/10 09:02:13.264, 0 %, 531 MiB, 81920 MiB
2026/06/10 09:02:13.264, 0 %, 0 MiB, 81920 MiB
2026/06/10 09:02:18.265, 0 %, 531 MiB, 81920 MiB
2026/06/10 09:02:18.265, 0 %, 0 MiB, 81920 MiB
2026/06/10 09:02:23.266, 0 %, 531 MiB, 81920 MiB
2026/06/10 09:02:23.266, 0 %, 0 MiB, 81920 MiB
2026/06/10 09:02:28.267, 0 %, 531 MiB, 81920 MiB
2026/06/10 09:02:28.267, 0 %, 0 MiB, 81920 MiB
2026/06/10 09:02:33.268, 0 %, 531 MiB, 81920 MiB
2026/06/10 09:02:33.268, 0 %, 0 MiB, 81920 MiB
2026/06/10 09:02:38.269, 0 %, 531 MiB, 81920 MiB
2026/06/10 09:02:38.269, 0 %, 0 MiB, 81920 MiB
2026/06/10 09:02:43.270, 0 %, 531 MiB, 81920 MiB
2026/06/10 09:02:43.270, 0 %, 0 MiB, 81920 MiB
2026/06/10 09:02:48.271, 0 %, 531 MiB, 81920 MiB
2026/06/10 09:02:48.271, 0 %, 0 MiB, 81920 MiB
2026/06/10 09:02:53.272, 0 %, 531 MiB, 81920 MiB
2026/06/10 09:02:53.272, 0 %, 0 MiB, 81920 MiB
2026/06/10 09:02:58.273, 0 %, 531 MiB, 81920 MiB
2026/06/10 09:02:58.273, 0 %, 0 MiB, 81920 MiB
2026/06/10 09:03:03.274, 0 %, 531 MiB, 81920 MiB
2026/06/10 09:03:03.274, 0 %, 0 MiB, 81920 MiB
2026/06/10 09:03:08.275, 0 %, 531 MiB, 81920 MiB
2026/06/10 09:03:08.275, 0 %, 0 MiB, 81920 MiB
2026/06/10 09:03:13.276, 0 %, 531 MiB, 81920 MiB
2026/06/10 09:03:13.277, 0 %, 0 MiB, 81920 MiB
2026/06/10 09:03:18.277, 0 %, 531 MiB, 81920 MiB
2026/06/10 09:03:18.277, 0 %, 0 MiB, 81920 MiB
2026/06/10 09:03:23.278, 0 %, 531 MiB, 81920 MiB
2026/06/10 09:03:23.278, 0 %, 0 MiB, 81920 MiB
2026/06/10 09:03:28.279, 0 %, 531 MiB, 81920 MiB
2026/06/10 09:03:28.279, 0 %, 0 MiB, 81920 MiB
2026/06/10 09:03:33.280, 0 %, 531 MiB, 81920 MiB
2026/06/10 09:03:33.281, 0 %, 0 MiB, 81920 MiB
2026/06/10 09:03:38.281, 0 %, 531 MiB, 81920 MiB
2026/06/10 09:03:38.281, 0 %, 0 MiB, 81920 MiB
2026/06/10 09:03:43.282, 0 %, 531 MiB, 81920 MiB
2026/06/10 09:03:43.282, 0 %, 0 MiB, 81920 MiB
2026/06/10 09:03:48.283, 0 %, 531 MiB, 81920 MiB
2026/06/10 09:03:48.283, 0 %, 0 MiB, 81920 MiB
2026/06/10 09:03:53.284, 0 %, 531 MiB, 81920 MiB
2026/06/10 09:03:53.284, 0 %, 0 MiB, 81920 MiB
2026/06/10 09:03:58.285, 0 %, 531 MiB, 81920 MiB
2026/06/10 09:03:58.285, 0 %, 0 MiB, 81920 MiB
2026/06/10 09:04:03.286, 0 %, 531 MiB, 81920 MiB
2026/06/10 09:04:03.286, 0 %, 0 MiB, 81920 MiB
2026/06/10 09:04:08.287, 0 %, 531 MiB, 81920 MiB
2026/06/10 09:04:08.287, 0 %, 0 MiB, 81920 MiB
2026/06/10 09:04:13.288, 0 %, 531 MiB, 81920 MiB
2026/06/10 09:04:13.288, 0 %, 0 MiB, 81920 MiB
2026/06/10 09:04:18.289, 0 %, 531 MiB, 81920 MiB
2026/06/10 09:04:18.289, 0 %, 0 MiB, 81920 MiB
2026/06/10 09:04:23.290, 0 %, 531 MiB, 81920 MiB
2026/06/10 09:04:23.290, 0 %, 0 MiB, 81920 MiB
2026/06/10 09:04:28.291, 0 %, 531 MiB, 81920 MiB
2026/06/10 09:04:28.291, 0 %, 0 MiB, 81920 MiB
2026/06/10 09:04:33.292, 0 %, 531 MiB, 81920 MiB
2026/06/10 09:04:33.292, 0 %, 0 MiB, 81920 MiB
2026/06/10 09:04:38.293, 0 %, 531 MiB, 81920 MiB
2026/06/10 09:04:38.294, 0 %, 0 MiB, 81920 MiB
2026/06/10 09:04:43.294, 0 %, 531 MiB, 81920 MiB
2026/06/10 09:04:43.295, 0 %, 0 MiB, 81920 MiB
2026/06/10 09:04:48.296, 0 %, 531 MiB, 81920 MiB
2026/06/10 09:04:48.296, 0 %, 0 MiB, 81920 MiB
2026/06/10 09:04:53.297, 0 %, 531 MiB, 81920 MiB
2026/06/10 09:04:53.297, 0 %, 0 MiB, 81920 MiB
2026/06/10 09:04:58.298, 0 %, 531 MiB, 81920 MiB
2026/06/10 09:04:58.298, 0 %, 0 MiB, 81920 MiB
2026/06/10 09:05:03.299, 0 %, 531 MiB, 81920 MiB
2026/06/10 09:05:03.299, 0 %, 0 MiB, 81920 MiB
2026/06/10 09:05:08.300, 0 %, 531 MiB, 81920 MiB
2026/06/10 09:05:08.300, 0 %, 0 MiB, 81920 MiB
2026/06/10 09:05:13.301, 0 %, 531 MiB, 81920 MiB
2026/06/10 09:05:13.301, 0 %, 0 MiB, 81920 MiB
2026/06/10 09:05:18.302, 0 %, 531 MiB, 81920 MiB
2026/06/10 09:05:18.302, 0 %, 0 MiB, 81920 MiB
2026/06/10 09:05:23.303, 0 %, 531 MiB, 81920 MiB
2026/06/10 09:05:23.303, 0 %, 0 MiB, 81920 MiB
2026/06/10 09:05:28.304, 0 %, 531 MiB, 81920 MiB
2026/06/10 09:05:28.304, 0 %, 0 MiB, 81920 MiB
2026/06/10 09:05:33.305, 0 %, 531 MiB, 81920 MiB
2026/06/10 09:05:33.305, 0 %, 0 MiB, 81920 MiB
2026/06/10 09:05:38.306, 0 %, 531 MiB, 81920 MiB
2026/06/10 09:05:38.306, 0 %, 0 MiB, 81920 MiB
2026/06/10 09:05:43.307, 0 %, 531 MiB, 81920 MiB
2026/06/10 09:05:43.307, 0 %, 0 MiB, 81920 MiB
2026/06/10 09:05:48.308, 0 %, 531 MiB, 81920 MiB
2026/06/10 09:05:48.308, 0 %, 0 MiB, 81920 MiB
2026/06/10 09:05:53.309, 0 %, 531 MiB, 81920 MiB
2026/06/10 09:05:53.309, 0 %, 0 MiB, 81920 MiB
2026/06/10 09:05:58.310, 0 %, 531 MiB, 81920 MiB
2026/06/10 09:05:58.310, 0 %, 0 MiB, 81920 MiB
2026/06/10 09:06:03.311, 0 %, 531 MiB, 81920 MiB
2026/06/10 09:06:03.311, 0 %, 0 MiB, 81920 MiB
2026/06/10 09:06:08.312, 0 %, 531 MiB, 81920 MiB
2026/06/10 09:06:08.312, 0 %, 0 MiB, 81920 MiB
2026/06/10 09:06:13.313, 0 %, 531 MiB, 81920 MiB
2026/06/10 09:06:13.313, 0 %, 0 MiB, 81920 MiB
2026/06/10 09:06:18.314, 0 %, 531 MiB, 81920 MiB
2026/06/10 09:06:18.314, 0 %, 0 MiB, 81920 MiB
2026/06/10 09:06:23.315, 0 %, 531 MiB, 81920 MiB
2026/06/10 09:06:23.315, 0 %, 0 MiB, 81920 MiB
2026/06/10 09:06:28.316, 0 %, 531 MiB, 81920 MiB
2026/06/10 09:06:28.316, 0 %, 0 MiB, 81920 MiB
2026/06/10 09:06:33.317, 0 %, 531 MiB, 81920 MiB
2026/06/10 09:06:33.317, 0 %, 0 MiB, 81920 MiB
2026/06/10 09:06:38.318, 0 %, 531 MiB, 81920 MiB
2026/06/10 09:06:38.318, 0 %, 0 MiB, 81920 MiB
2026/06/10 09:06:43.319, 0 %, 531 MiB, 81920 MiB
2026/06/10 09:06:43.320, 0 %, 0 MiB, 81920 MiB
2026/06/10 09:06:48.320, 0 %, 531 MiB, 81920 MiB
2026/06/10 09:06:48.321, 0 %, 0 MiB, 81920 MiB
2026/06/10 09:06:53.322, 0 %, 531 MiB, 81920 MiB
2026/06/10 09:06:53.322, 0 %, 0 MiB, 81920 MiB
2026/06/10 09:06:58.323, 0 %, 531 MiB, 81920 MiB
2026/06/10 09:06:58.323, 0 %, 0 MiB, 81920 MiB
2026/06/10 09:07:03.324, 0 %, 531 MiB, 81920 MiB
2026/06/10 09:07:03.324, 0 %, 0 MiB, 81920 MiB
2026/06/10 09:07:08.325, 0 %, 531 MiB, 81920 MiB
2026/06/10 09:07:08.325, 0 %, 0 MiB, 81920 MiB
2026/06/10 09:07:13.326, 0 %, 531 MiB, 81920 MiB
2026/06/10 09:07:13.326, 0 %, 0 MiB, 81920 MiB
2026/06/10 09:07:18.327, 0 %, 531 MiB, 81920 MiB
2026/06/10 09:07:18.327, 0 %, 0 MiB, 81920 MiB
2026/06/10 09:07:23.328, 0 %, 531 MiB, 81920 MiB
2026/06/10 09:07:23.328, 0 %, 0 MiB, 81920 MiB
2026/06/10 09:07:28.329, 0 %, 531 MiB, 81920 MiB
2026/06/10 09:07:28.329, 0 %, 0 MiB, 81920 MiB
2026/06/10 09:07:33.330, 0 %, 531 MiB, 81920 MiB
2026/06/10 09:07:33.330, 0 %, 0 MiB, 81920 MiB
2026/06/10 09:07:38.331, 0 %, 531 MiB, 81920 MiB
2026/06/10 09:07:38.331, 0 %, 0 MiB, 81920 MiB
2026/06/10 09:07:43.332, 0 %, 531 MiB, 81920 MiB
2026/06/10 09:07:43.332, 0 %, 0 MiB, 81920 MiB
2026/06/10 09:07:48.333, 0 %, 497 MiB, 81920 MiB
2026/06/10 09:07:48.333, 0 %, 0 MiB, 81920 MiB
2026/06/10 09:07:53.334, 0 %, 497 MiB, 81920 MiB
2026/06/10 09:07:53.335, 0 %, 0 MiB, 81920 MiB
2026/06/10 09:07:58.335, 0 %, 497 MiB, 81920 MiB
2026/06/10 09:07:58.335, 0 %, 0 MiB, 81920 MiB
2026/06/10 09:08:03.336, 0 %, 497 MiB, 81920 MiB
2026/06/10 09:08:03.336, 0 %, 0 MiB, 81920 MiB
2026/06/10 09:08:08.337, 0 %, 497 MiB, 81920 MiB
2026/06/10 09:08:08.337, 0 %, 0 MiB, 81920 MiB
2026/06/10 09:08:13.338, 0 %, 497 MiB, 81920 MiB
2026/06/10 09:08:13.338, 0 %, 0 MiB, 81920 MiB
2026/06/10 09:08:18.339, 0 %, 497 MiB, 81920 MiB
2026/06/10 09:08:18.339, 0 %, 0 MiB, 81920 MiB
2026/06/10 09:08:23.340, 0 %, 497 MiB, 81920 MiB
2026/06/10 09:08:23.340, 0 %, 0 MiB, 81920 MiB
2026/06/10 09:08:28.341, 0 %, 497 MiB, 81920 MiB
2026/06/10 09:08:28.341, 0 %, 0 MiB, 81920 MiB
2026/06/10 09:08:33.342, 0 %, 497 MiB, 81920 MiB
2026/06/10 09:08:33.342, 0 %, 0 MiB, 81920 MiB
2026/06/10 09:08:38.344, 0 %, 497 MiB, 81920 MiB
2026/06/10 09:08:38.344, 0 %, 0 MiB, 81920 MiB
2026/06/10 09:08:43.345, 0 %, 497 MiB, 81920 MiB
2026/06/10 09:08:43.345, 0 %, 0 MiB, 81920 MiB
2026/06/10 09:08:48.346, 0 %, 497 MiB, 81920 MiB
2026/06/10 09:08:48.346, 0 %, 0 MiB, 81920 MiB
2026/06/10 09:08:53.347, 0 %, 497 MiB, 81920 MiB
2026/06/10 09:08:53.348, 0 %, 0 MiB, 81920 MiB
2026/06/10 09:08:58.348, 0 %, 497 MiB, 81920 MiB
2026/06/10 09:08:58.349, 0 %, 0 MiB, 81920 MiB
2026/06/10 09:09:03.350, 0 %, 497 MiB, 81920 MiB
2026/06/10 09:09:03.350, 0 %, 0 MiB, 81920 MiB
2026/06/10 09:09:08.351, 0 %, 497 MiB, 81920 MiB
2026/06/10 09:09:08.351, 0 %, 0 MiB, 81920 MiB
2026/06/10 09:09:13.351, 0 %, 497 MiB, 81920 MiB
2026/06/10 09:09:13.352, 0 %, 0 MiB, 81920 MiB
2026/06/10 09:09:18.353, 0 %, 497 MiB, 81920 MiB
2026/06/10 09:09:18.353, 0 %, 0 MiB, 81920 MiB
2026/06/10 09:09:23.354, 0 %, 497 MiB, 81920 MiB
2026/06/10 09:09:23.354, 0 %, 0 MiB, 81920 MiB
2026/06/10 09:09:28.355, 0 %, 497 MiB, 81920 MiB
2026/06/10 09:09:28.355, 0 %, 0 MiB, 81920 MiB
2026/06/10 09:09:33.356, 0 %, 497 MiB, 81920 MiB
2026/06/10 09:09:33.356, 0 %, 0 MiB, 81920 MiB
2026/06/10 09:09:38.357, 0 %, 497 MiB, 81920 MiB
2026/06/10 09:09:38.357, 0 %, 0 MiB, 81920 MiB
2026/06/10 09:09:43.358, 0 %, 497 MiB, 81920 MiB
2026/06/10 09:09:43.358, 0 %, 0 MiB, 81920 MiB
2026/06/10 09:09:48.359, 0 %, 497 MiB, 81920 MiB
2026/06/10 09:09:48.359, 0 %, 0 MiB, 81920 MiB
2026/06/10 09:09:53.360, 0 %, 497 MiB, 81920 MiB
2026/06/10 09:09:53.360, 0 %, 0 MiB, 81920 MiB
2026/06/10 09:09:58.361, 0 %, 497 MiB, 81920 MiB
2026/06/10 09:09:58.361, 0 %, 0 MiB, 81920 MiB
2026/06/10 09:10:03.362, 0 %, 497 MiB, 81920 MiB
2026/06/10 09:10:03.362, 0 %, 0 MiB, 81920 MiB
2026/06/10 09:10:08.363, 0 %, 497 MiB, 81920 MiB
2026/06/10 09:10:08.363, 0 %, 0 MiB, 81920 MiB
2026/06/10 09:10:13.364, 0 %, 497 MiB, 81920 MiB
2026/06/10 09:10:13.364, 0 %, 0 MiB, 81920 MiB
2026/06/10 09:10:18.366, 0 %, 497 MiB, 81920 MiB
2026/06/10 09:10:18.366, 0 %, 0 MiB, 81920 MiB
2026/06/10 09:10:23.367, 0 %, 497 MiB, 81920 MiB
2026/06/10 09:10:23.367, 0 %, 0 MiB, 81920 MiB
2026/06/10 09:10:28.368, 0 %, 497 MiB, 81920 MiB
2026/06/10 09:10:28.368, 0 %, 0 MiB, 81920 MiB
2026/06/10 09:10:33.369, 0 %, 497 MiB, 81920 MiB
2026/06/10 09:10:33.369, 0 %, 0 MiB, 81920 MiB
2026/06/10 09:10:38.370, 0 %, 497 MiB, 81920 MiB
2026/06/10 09:10:38.370, 0 %, 0 MiB, 81920 MiB
2026/06/10 09:10:43.371, 0 %, 497 MiB, 81920 MiB
2026/06/10 09:10:43.371, 0 %, 0 MiB, 81920 MiB
2026/06/10 09:10:48.372, 0 %, 497 MiB, 81920 MiB
2026/06/10 09:10:48.372, 0 %, 0 MiB, 81920 MiB
2026/06/10 09:10:53.373, 0 %, 497 MiB, 81920 MiB
2026/06/10 09:10:53.373, 0 %, 0 MiB, 81920 MiB
2026/06/10 09:10:58.374, 15 %, 531 MiB, 81920 MiB
2026/06/10 09:10:58.374, 0 %, 0 MiB, 81920 MiB
2026/06/10 09:11:03.375, 0 %, 531 MiB, 81920 MiB
2026/06/10 09:11:03.375, 0 %, 0 MiB, 81920 MiB
2026/06/10 09:11:08.376, 0 %, 531 MiB, 81920 MiB
2026/06/10 09:11:08.376, 0 %, 0 MiB, 81920 MiB
2026/06/10 09:11:13.377, 0 %, 531 MiB, 81920 MiB
2026/06/10 09:11:13.377, 0 %, 0 MiB, 81920 MiB
2026/06/10 09:11:18.378, 0 %, 531 MiB, 81920 MiB
2026/06/10 09:11:18.378, 0 %, 0 MiB, 81920 MiB
2026/06/10 09:11:23.379, 0 %, 531 MiB, 81920 MiB
2026/06/10 09:11:23.379, 0 %, 0 MiB, 81920 MiB
2026/06/10 09:11:28.380, 0 %, 531 MiB, 81920 MiB
2026/06/10 09:11:28.380, 0 %, 0 MiB, 81920 MiB
2026/06/10 09:11:33.381, 0 %, 531 MiB, 81920 MiB
2026/06/10 09:11:33.381, 0 %, 0 MiB, 81920 MiB
2026/06/10 09:11:38.382, 0 %, 531 MiB, 81920 MiB
2026/06/10 09:11:38.382, 0 %, 0 MiB, 81920 MiB
2026/06/10 09:11:43.383, 0 %, 531 MiB, 81920 MiB
2026/06/10 09:11:43.384, 0 %, 0 MiB, 81920 MiB
2026/06/10 09:11:48.385, 0 %, 531 MiB, 81920 MiB
2026/06/10 09:11:48.385, 0 %, 0 MiB, 81920 MiB
2026/06/10 09:11:53.385, 0 %, 531 MiB, 81920 MiB
2026/06/10 09:11:53.386, 0 %, 0 MiB, 81920 MiB
2026/06/10 09:11:58.387, 0 %, 531 MiB, 81920 MiB
2026/06/10 09:11:58.387, 0 %, 0 MiB, 81920 MiB
2026/06/10 09:12:03.388, 0 %, 531 MiB, 81920 MiB
2026/06/10 09:12:03.388, 0 %, 0 MiB, 81920 MiB
2026/06/10 09:12:08.389, 0 %, 531 MiB, 81920 MiB
2026/06/10 09:12:08.389, 0 %, 0 MiB, 81920 MiB
2026/06/10 09:12:13.390, 0 %, 531 MiB, 81920 MiB
2026/06/10 09:12:13.390, 0 %, 0 MiB, 81920 MiB
2026/06/10 09:12:18.391, 0 %, 531 MiB, 81920 MiB
2026/06/10 09:12:18.391, 0 %, 0 MiB, 81920 MiB
2026/06/10 09:12:23.392, 0 %, 531 MiB, 81920 MiB
2026/06/10 09:12:23.392, 0 %, 0 MiB, 81920 MiB
2026/06/10 09:12:28.393, 0 %, 531 MiB, 81920 MiB
2026/06/10 09:12:28.393, 0 %, 0 MiB, 81920 MiB
2026/06/10 09:12:33.394, 0 %, 531 MiB, 81920 MiB
2026/06/10 09:12:33.394, 0 %, 0 MiB, 81920 MiB
2026/06/10 09:12:38.395, 0 %, 531 MiB, 81920 MiB
2026/06/10 09:12:38.395, 0 %, 0 MiB, 81920 MiB
2026/06/10 09:12:43.396, 0 %, 531 MiB, 81920 MiB
2026/06/10 09:12:43.396, 0 %, 0 MiB, 81920 MiB
2026/06/10 09:12:48.397, 0 %, 531 MiB, 81920 MiB
2026/06/10 09:12:48.397, 0 %, 0 MiB, 81920 MiB
2026/06/10 09:12:53.398, 0 %, 531 MiB, 81920 MiB
2026/06/10 09:12:53.398, 0 %, 0 MiB, 81920 MiB
2026/06/10 09:12:58.399, 0 %, 531 MiB, 81920 MiB
2026/06/10 09:12:58.399, 0 %, 0 MiB, 81920 MiB
2026/06/10 09:13:03.400, 0 %, 531 MiB, 81920 MiB
2026/06/10 09:13:03.400, 0 %, 0 MiB, 81920 MiB
2026/06/10 09:13:08.401, 0 %, 531 MiB, 81920 MiB
2026/06/10 09:13:08.401, 0 %, 0 MiB, 81920 MiB
2026/06/10 09:13:13.402, 0 %, 531 MiB, 81920 MiB
2026/06/10 09:13:13.402, 0 %, 0 MiB, 81920 MiB
2026/06/10 09:13:18.403, 0 %, 531 MiB, 81920 MiB
2026/06/10 09:13:18.403, 0 %, 0 MiB, 81920 MiB
2026/06/10 09:13:23.404, 0 %, 531 MiB, 81920 MiB
2026/06/10 09:13:23.404, 0 %, 0 MiB, 81920 MiB
2026/06/10 09:13:28.405, 0 %, 531 MiB, 81920 MiB
2026/06/10 09:13:28.405, 0 %, 0 MiB, 81920 MiB
2026/06/10 09:13:33.406, 0 %, 531 MiB, 81920 MiB
2026/06/10 09:13:33.407, 0 %, 0 MiB, 81920 MiB
2026/06/10 09:13:38.407, 0 %, 531 MiB, 81920 MiB
2026/06/10 09:13:38.408, 0 %, 0 MiB, 81920 MiB
2026/06/10 09:13:43.408, 0 %, 531 MiB, 81920 MiB
2026/06/10 09:13:43.408, 0 %, 0 MiB, 81920 MiB
2026/06/10 09:13:48.409, 0 %, 531 MiB, 81920 MiB
2026/06/10 09:13:48.409, 0 %, 0 MiB, 81920 MiB
2026/06/10 09:13:53.410, 0 %, 531 MiB, 81920 MiB
2026/06/10 09:13:53.410, 0 %, 0 MiB, 81920 MiB
2026/06/10 09:13:58.411, 0 %, 531 MiB, 81920 MiB
2026/06/10 09:13:58.411, 0 %, 0 MiB, 81920 MiB
2026/06/10 09:14:03.412, 0 %, 531 MiB, 81920 MiB
2026/06/10 09:14:03.412, 0 %, 0 MiB, 81920 MiB
2026/06/10 09:14:08.413, 0 %, 531 MiB, 81920 MiB
2026/06/10 09:14:08.413, 0 %, 0 MiB, 81920 MiB
2026/06/10 09:14:13.414, 0 %, 531 MiB, 81920 MiB
2026/06/10 09:14:13.414, 0 %, 0 MiB, 81920 MiB
2026/06/10 09:14:18.415, 0 %, 531 MiB, 81920 MiB
2026/06/10 09:14:18.415, 0 %, 0 MiB, 81920 MiB
2026/06/10 09:14:23.416, 0 %, 531 MiB, 81920 MiB
2026/06/10 09:14:23.417, 0 %, 0 MiB, 81920 MiB
2026/06/10 09:14:28.417, 0 %, 531 MiB, 81920 MiB
2026/06/10 09:14:28.418, 0 %, 0 MiB, 81920 MiB
2026/06/10 09:14:33.419, 0 %, 531 MiB, 81920 MiB
2026/06/10 09:14:33.419, 0 %, 0 MiB, 81920 MiB
2026/06/10 09:14:38.420, 0 %, 531 MiB, 81920 MiB
2026/06/10 09:14:38.420, 0 %, 0 MiB, 81920 MiB
2026/06/10 09:14:43.421, 0 %, 531 MiB, 81920 MiB
2026/06/10 09:14:43.421, 0 %, 0 MiB, 81920 MiB
2026/06/10 09:14:48.422, 0 %, 531 MiB, 81920 MiB
2026/06/10 09:14:48.422, 0 %, 0 MiB, 81920 MiB
2026/06/10 09:14:53.423, 0 %, 531 MiB, 81920 MiB
2026/06/10 09:14:53.423, 0 %, 0 MiB, 81920 MiB
2026/06/10 09:14:58.424, 0 %, 531 MiB, 81920 MiB
2026/06/10 09:14:58.424, 0 %, 0 MiB, 81920 MiB
2026/06/10 09:15:03.425, 0 %, 531 MiB, 81920 MiB
2026/06/10 09:15:03.425, 0 %, 0 MiB, 81920 MiB
2026/06/10 09:15:08.426, 0 %, 531 MiB, 81920 MiB
2026/06/10 09:15:08.426, 0 %, 0 MiB, 81920 MiB
2026/06/10 09:15:13.427, 0 %, 531 MiB, 81920 MiB
2026/06/10 09:15:13.427, 0 %, 0 MiB, 81920 MiB
2026/06/10 09:15:18.428, 0 %, 531 MiB, 81920 MiB
2026/06/10 09:15:18.428, 0 %, 0 MiB, 81920 MiB
2026/06/10 09:15:23.429, 0 %, 531 MiB, 81920 MiB
2026/06/10 09:15:23.429, 0 %, 0 MiB, 81920 MiB
2026/06/10 09:15:28.430, 0 %, 531 MiB, 81920 MiB
2026/06/10 09:15:28.430, 0 %, 0 MiB, 81920 MiB
2026/06/10 09:15:33.431, 0 %, 531 MiB, 81920 MiB
2026/06/10 09:15:33.431, 0 %, 0 MiB, 81920 MiB
2026/06/10 09:15:38.432, 0 %, 531 MiB, 81920 MiB
2026/06/10 09:15:38.432, 0 %, 0 MiB, 81920 MiB
2026/06/10 09:15:43.433, 0 %, 531 MiB, 81920 MiB
2026/06/10 09:15:43.433, 0 %, 0 MiB, 81920 MiB
2026/06/10 09:15:48.434, 0 %, 531 MiB, 81920 MiB
2026/06/10 09:15:48.434, 0 %, 0 MiB, 81920 MiB
2026/06/10 09:15:53.435, 0 %, 531 MiB, 81920 MiB
2026/06/10 09:15:53.435, 0 %, 0 MiB, 81920 MiB
2026/06/10 09:15:58.436, 0 %, 531 MiB, 81920 MiB
2026/06/10 09:15:58.436, 0 %, 0 MiB, 81920 MiB
2026/06/10 09:16:03.437, 0 %, 531 MiB, 81920 MiB
2026/06/10 09:16:03.437, 0 %, 0 MiB, 81920 MiB
2026/06/10 09:16:08.438, 0 %, 531 MiB, 81920 MiB
2026/06/10 09:16:08.438, 0 %, 0 MiB, 81920 MiB
2026/06/10 09:16:13.439, 0 %, 531 MiB, 81920 MiB
2026/06/10 09:16:13.439, 0 %, 0 MiB, 81920 MiB
2026/06/10 09:16:18.440, 0 %, 531 MiB, 81920 MiB
2026/06/10 09:16:18.440, 0 %, 0 MiB, 81920 MiB
2026/06/10 09:16:23.441, 0 %, 531 MiB, 81920 MiB
2026/06/10 09:16:23.441, 0 %, 0 MiB, 81920 MiB
2026/06/10 09:16:28.442, 0 %, 531 MiB, 81920 MiB
2026/06/10 09:16:28.443, 0 %, 0 MiB, 81920 MiB
2026/06/10 09:16:33.443, 0 %, 531 MiB, 81920 MiB
2026/06/10 09:16:33.443, 0 %, 0 MiB, 81920 MiB
2026/06/10 09:16:38.444, 0 %, 531 MiB, 81920 MiB
2026/06/10 09:16:38.444, 0 %, 0 MiB, 81920 MiB
2026/06/10 09:16:43.445, 0 %, 531 MiB, 81920 MiB
2026/06/10 09:16:43.445, 0 %, 0 MiB, 81920 MiB
2026/06/10 09:16:48.446, 0 %, 531 MiB, 81920 MiB
2026/06/10 09:16:48.446, 0 %, 0 MiB, 81920 MiB
2026/06/10 09:16:53.447, 0 %, 531 MiB, 81920 MiB
2026/06/10 09:16:53.447, 0 %, 0 MiB, 81920 MiB
2026/06/10 09:16:58.448, 0 %, 531 MiB, 81920 MiB
2026/06/10 09:16:58.449, 0 %, 0 MiB, 81920 MiB
2026/06/10 09:17:03.449, 0 %, 531 MiB, 81920 MiB
2026/06/10 09:17:03.450, 0 %, 0 MiB, 81920 MiB
2026/06/10 09:17:08.451, 0 %, 531 MiB, 81920 MiB
2026/06/10 09:17:08.451, 0 %, 0 MiB, 81920 MiB
2026/06/10 09:17:13.452, 0 %, 531 MiB, 81920 MiB
2026/06/10 09:17:13.452, 0 %, 0 MiB, 81920 MiB
2026/06/10 09:17:18.453, 0 %, 531 MiB, 81920 MiB
2026/06/10 09:17:18.453, 0 %, 0 MiB, 81920 MiB
2026/06/10 09:17:23.454, 0 %, 531 MiB, 81920 MiB
2026/06/10 09:17:23.454, 0 %, 0 MiB, 81920 MiB
2026/06/10 09:17:28.455, 0 %, 531 MiB, 81920 MiB
2026/06/10 09:17:28.455, 0 %, 0 MiB, 81920 MiB
2026/06/10 09:17:33.456, 0 %, 531 MiB, 81920 MiB
2026/06/10 09:17:33.456, 0 %, 0 MiB, 81920 MiB
2026/06/10 09:17:38.457, 0 %, 531 MiB, 81920 MiB
2026/06/10 09:17:38.457, 0 %, 0 MiB, 81920 MiB
2026/06/10 09:17:43.458, 0 %, 531 MiB, 81920 MiB
2026/06/10 09:17:43.458, 0 %, 0 MiB, 81920 MiB
2026/06/10 09:17:48.459, 0 %, 531 MiB, 81920 MiB
2026/06/10 09:17:48.459, 0 %, 0 MiB, 81920 MiB
2026/06/10 09:17:53.460, 0 %, 531 MiB, 81920 MiB
2026/06/10 09:17:53.460, 0 %, 0 MiB, 81920 MiB
2026/06/10 09:17:58.461, 0 %, 531 MiB, 81920 MiB
2026/06/10 09:17:58.461, 0 %, 0 MiB, 81920 MiB
2026/06/10 09:18:03.462, 0 %, 531 MiB, 81920 MiB
2026/06/10 09:18:03.462, 0 %, 0 MiB, 81920 MiB
2026/06/10 09:18:08.463, 0 %, 531 MiB, 81920 MiB
2026/06/10 09:18:08.463, 0 %, 0 MiB, 81920 MiB
2026/06/10 09:18:13.464, 0 %, 531 MiB, 81920 MiB
2026/06/10 09:18:13.464, 0 %, 0 MiB, 81920 MiB
2026/06/10 09:18:18.465, 0 %, 531 MiB, 81920 MiB
2026/06/10 09:18:18.465, 0 %, 0 MiB, 81920 MiB
2026/06/10 09:18:23.466, 0 %, 531 MiB, 81920 MiB
2026/06/10 09:18:23.466, 0 %, 0 MiB, 81920 MiB
2026/06/10 09:18:28.467, 0 %, 531 MiB, 81920 MiB
2026/06/10 09:18:28.467, 0 %, 0 MiB, 81920 MiB
2026/06/10 09:18:33.468, 0 %, 531 MiB, 81920 MiB
2026/06/10 09:18:33.468, 0 %, 0 MiB, 81920 MiB
2026/06/10 09:18:38.469, 0 %, 531 MiB, 81920 MiB
2026/06/10 09:18:38.469, 0 %, 0 MiB, 81920 MiB
2026/06/10 09:18:43.470, 0 %, 531 MiB, 81920 MiB
2026/06/10 09:18:43.470, 0 %, 0 MiB, 81920 MiB
2026/06/10 09:18:48.471, 0 %, 531 MiB, 81920 MiB
2026/06/10 09:18:48.472, 0 %, 0 MiB, 81920 MiB
2026/06/10 09:18:53.472, 0 %, 531 MiB, 81920 MiB
2026/06/10 09:18:53.473, 0 %, 0 MiB, 81920 MiB
2026/06/10 09:18:58.474, 0 %, 531 MiB, 81920 MiB
2026/06/10 09:18:58.474, 0 %, 0 MiB, 81920 MiB
2026/06/10 09:19:03.475, 0 %, 531 MiB, 81920 MiB
2026/06/10 09:19:03.475, 0 %, 0 MiB, 81920 MiB
2026/06/10 09:19:08.476, 0 %, 531 MiB, 81920 MiB
2026/06/10 09:19:08.476, 0 %, 0 MiB, 81920 MiB
2026/06/10 09:19:13.477, 0 %, 531 MiB, 81920 MiB
2026/06/10 09:19:13.477, 0 %, 0 MiB, 81920 MiB
2026/06/10 09:19:18.478, 0 %, 531 MiB, 81920 MiB
2026/06/10 09:19:18.478, 0 %, 0 MiB, 81920 MiB
2026/06/10 09:19:23.479, 0 %, 531 MiB, 81920 MiB
2026/06/10 09:19:23.479, 0 %, 0 MiB, 81920 MiB
2026/06/10 09:19:28.480, 0 %, 531 MiB, 81920 MiB
2026/06/10 09:19:28.480, 0 %, 0 MiB, 81920 MiB
2026/06/10 09:19:33.481, 0 %, 531 MiB, 81920 MiB
2026/06/10 09:19:33.481, 0 %, 0 MiB, 81920 MiB
2026/06/10 09:19:38.482, 0 %, 531 MiB, 81920 MiB
2026/06/10 09:19:38.482, 0 %, 0 MiB, 81920 MiB
2026/06/10 09:19:43.483, 0 %, 531 MiB, 81920 MiB
2026/06/10 09:19:43.483, 0 %, 0 MiB, 81920 MiB
2026/06/10 09:19:48.484, 0 %, 531 MiB, 81920 MiB
2026/06/10 09:19:48.484, 0 %, 0 MiB, 81920 MiB
2026/06/10 09:19:53.485, 0 %, 531 MiB, 81920 MiB
2026/06/10 09:19:53.485, 0 %, 0 MiB, 81920 MiB
2026/06/10 09:19:58.486, 0 %, 531 MiB, 81920 MiB
2026/06/10 09:19:58.486, 0 %, 0 MiB, 81920 MiB
2026/06/10 09:20:03.487, 0 %, 531 MiB, 81920 MiB
2026/06/10 09:20:03.487, 0 %, 0 MiB, 81920 MiB
2026/06/10 09:20:08.488, 0 %, 531 MiB, 81920 MiB
2026/06/10 09:20:08.488, 0 %, 0 MiB, 81920 MiB
2026/06/10 09:20:13.489, 0 %, 531 MiB, 81920 MiB
2026/06/10 09:20:13.489, 0 %, 0 MiB, 81920 MiB
2026/06/10 09:20:18.490, 0 %, 531 MiB, 81920 MiB
2026/06/10 09:20:18.490, 0 %, 0 MiB, 81920 MiB
2026/06/10 09:20:23.491, 0 %, 531 MiB, 81920 MiB
2026/06/10 09:20:23.491, 0 %, 0 MiB, 81920 MiB
2026/06/10 09:20:28.492, 0 %, 531 MiB, 81920 MiB
2026/06/10 09:20:28.492, 0 %, 0 MiB, 81920 MiB
2026/06/10 09:20:33.493, 0 %, 531 MiB, 81920 MiB
2026/06/10 09:20:33.493, 0 %, 0 MiB, 81920 MiB
2026/06/10 09:20:38.494, 0 %, 531 MiB, 81920 MiB
2026/06/10 09:20:38.494, 0 %, 0 MiB, 81920 MiB
2026/06/10 09:20:43.495, 0 %, 531 MiB, 81920 MiB
2026/06/10 09:20:43.496, 0 %, 0 MiB, 81920 MiB
2026/06/10 09:20:48.496, 0 %, 531 MiB, 81920 MiB
2026/06/10 09:20:48.497, 0 %, 0 MiB, 81920 MiB
2026/06/10 09:20:53.497, 0 %, 531 MiB, 81920 MiB
2026/06/10 09:20:53.498, 0 %, 0 MiB, 81920 MiB
2026/06/10 09:20:58.499, 0 %, 531 MiB, 81920 MiB
2026/06/10 09:20:58.499, 0 %, 0 MiB, 81920 MiB
2026/06/10 09:21:03.500, 0 %, 531 MiB, 81920 MiB
2026/06/10 09:21:03.500, 0 %, 0 MiB, 81920 MiB
2026/06/10 09:21:08.501, 0 %, 531 MiB, 81920 MiB
2026/06/10 09:21:08.501, 0 %, 0 MiB, 81920 MiB
2026/06/10 09:21:13.502, 0 %, 531 MiB, 81920 MiB
2026/06/10 09:21:13.502, 0 %, 0 MiB, 81920 MiB
2026/06/10 09:21:18.509, 0 %, 497 MiB, 81920 MiB
2026/06/10 09:21:18.510, 0 %, 0 MiB, 81920 MiB
2026/06/10 09:21:23.510, 0 %, 497 MiB, 81920 MiB
2026/06/10 09:21:23.511, 0 %, 0 MiB, 81920 MiB
2026/06/10 09:21:28.511, 0 %, 497 MiB, 81920 MiB
2026/06/10 09:21:28.511, 0 %, 0 MiB, 81920 MiB
2026/06/10 09:21:33.512, 0 %, 497 MiB, 81920 MiB
2026/06/10 09:21:33.512, 0 %, 0 MiB, 81920 MiB
2026/06/10 09:21:38.513, 0 %, 497 MiB, 81920 MiB
2026/06/10 09:21:38.513, 0 %, 0 MiB, 81920 MiB
2026/06/10 09:21:43.514, 0 %, 497 MiB, 81920 MiB
2026/06/10 09:21:43.514, 0 %, 0 MiB, 81920 MiB
2026/06/10 09:21:48.515, 0 %, 497 MiB, 81920 MiB
2026/06/10 09:21:48.515, 0 %, 0 MiB, 81920 MiB
2026/06/10 09:21:53.516, 0 %, 497 MiB, 81920 MiB
2026/06/10 09:21:53.516, 0 %, 0 MiB, 81920 MiB
2026/06/10 09:21:58.517, 0 %, 497 MiB, 81920 MiB
2026/06/10 09:21:58.517, 0 %, 0 MiB, 81920 MiB
2026/06/10 09:22:03.518, 0 %, 497 MiB, 81920 MiB
2026/06/10 09:22:03.519, 0 %, 0 MiB, 81920 MiB
2026/06/10 09:22:08.520, 0 %, 497 MiB, 81920 MiB
2026/06/10 09:22:08.520, 0 %, 0 MiB, 81920 MiB
2026/06/10 09:22:13.521, 0 %, 497 MiB, 81920 MiB
2026/06/10 09:22:13.521, 0 %, 0 MiB, 81920 MiB
2026/06/10 09:22:18.521, 0 %, 497 MiB, 81920 MiB
2026/06/10 09:22:18.522, 0 %, 0 MiB, 81920 MiB
2026/06/10 09:22:23.522, 0 %, 497 MiB, 81920 MiB
2026/06/10 09:22:23.523, 0 %, 0 MiB, 81920 MiB
2026/06/10 09:22:28.523, 0 %, 497 MiB, 81920 MiB
2026/06/10 09:22:28.523, 0 %, 0 MiB, 81920 MiB
2026/06/10 09:22:33.524, 0 %, 497 MiB, 81920 MiB
2026/06/10 09:22:33.524, 0 %, 0 MiB, 81920 MiB
2026/06/10 09:22:38.525, 0 %, 497 MiB, 81920 MiB
2026/06/10 09:22:38.525, 0 %, 0 MiB, 81920 MiB
2026/06/10 09:22:43.526, 0 %, 497 MiB, 81920 MiB
2026/06/10 09:22:43.526, 0 %, 0 MiB, 81920 MiB
2026/06/10 09:22:48.527, 0 %, 497 MiB, 81920 MiB
2026/06/10 09:22:48.527, 0 %, 0 MiB, 81920 MiB
2026/06/10 09:22:53.527, 0 %, 497 MiB, 81920 MiB
2026/06/10 09:22:53.528, 0 %, 0 MiB, 81920 MiB
2026/06/10 09:22:58.528, 0 %, 497 MiB, 81920 MiB
2026/06/10 09:22:58.528, 0 %, 0 MiB, 81920 MiB
2026/06/10 09:23:03.529, 0 %, 497 MiB, 81920 MiB
2026/06/10 09:23:03.529, 0 %, 0 MiB, 81920 MiB
2026/06/10 09:23:08.530, 0 %, 497 MiB, 81920 MiB
2026/06/10 09:23:08.530, 0 %, 0 MiB, 81920 MiB
2026/06/10 09:23:13.531, 0 %, 497 MiB, 81920 MiB
2026/06/10 09:23:13.531, 0 %, 0 MiB, 81920 MiB
2026/06/10 09:23:18.532, 0 %, 497 MiB, 81920 MiB
2026/06/10 09:23:18.532, 0 %, 0 MiB, 81920 MiB
2026/06/10 09:23:23.533, 0 %, 497 MiB, 81920 MiB
2026/06/10 09:23:23.533, 0 %, 0 MiB, 81920 MiB
2026/06/10 09:23:28.534, 0 %, 497 MiB, 81920 MiB
2026/06/10 09:23:28.534, 0 %, 0 MiB, 81920 MiB
2026/06/10 09:23:33.535, 0 %, 497 MiB, 81920 MiB
2026/06/10 09:23:33.535, 0 %, 0 MiB, 81920 MiB
2026/06/10 09:23:38.536, 0 %, 497 MiB, 81920 MiB
2026/06/10 09:23:38.536, 0 %, 0 MiB, 81920 MiB
2026/06/10 09:23:43.543, 0 %, 497 MiB, 81920 MiB
2026/06/10 09:23:43.543, 0 %, 0 MiB, 81920 MiB
2026/06/10 09:23:48.544, 0 %, 497 MiB, 81920 MiB
2026/06/10 09:23:48.544, 0 %, 0 MiB, 81920 MiB
2026/06/10 09:23:53.545, 0 %, 497 MiB, 81920 MiB
2026/06/10 09:23:53.545, 0 %, 0 MiB, 81920 MiB
2026/06/10 09:23:58.546, 0 %, 497 MiB, 81920 MiB
2026/06/10 09:23:58.546, 0 %, 0 MiB, 81920 MiB
2026/06/10 09:24:03.547, 0 %, 497 MiB, 81920 MiB
2026/06/10 09:24:03.547, 0 %, 0 MiB, 81920 MiB
2026/06/10 09:24:08.548, 0 %, 497 MiB, 81920 MiB
2026/06/10 09:24:08.548, 0 %, 0 MiB, 81920 MiB
2026/06/10 09:24:13.549, 0 %, 497 MiB, 81920 MiB
2026/06/10 09:24:13.549, 0 %, 0 MiB, 81920 MiB
2026/06/10 09:24:18.550, 0 %, 497 MiB, 81920 MiB
2026/06/10 09:24:18.550, 0 %, 0 MiB, 81920 MiB
2026/06/10 09:24:23.551, 0 %, 497 MiB, 81920 MiB
2026/06/10 09:24:23.551, 0 %, 0 MiB, 81920 MiB
2026/06/10 09:24:28.552, 14 %, 531 MiB, 81920 MiB
2026/06/10 09:24:28.552, 0 %, 0 MiB, 81920 MiB
2026/06/10 09:24:33.553, 0 %, 531 MiB, 81920 MiB
2026/06/10 09:24:33.553, 0 %, 0 MiB, 81920 MiB
2026/06/10 09:24:38.554, 0 %, 531 MiB, 81920 MiB
2026/06/10 09:24:38.554, 0 %, 0 MiB, 81920 MiB
2026/06/10 09:24:43.554, 0 %, 531 MiB, 81920 MiB
2026/06/10 09:24:43.555, 0 %, 0 MiB, 81920 MiB
2026/06/10 09:24:48.555, 0 %, 531 MiB, 81920 MiB
2026/06/10 09:24:48.555, 0 %, 0 MiB, 81920 MiB
2026/06/10 09:24:53.556, 0 %, 531 MiB, 81920 MiB
2026/06/10 09:24:53.556, 0 %, 0 MiB, 81920 MiB
2026/06/10 09:24:58.557, 0 %, 531 MiB, 81920 MiB
2026/06/10 09:24:58.557, 0 %, 0 MiB, 81920 MiB
2026/06/10 09:25:03.558, 0 %, 531 MiB, 81920 MiB
2026/06/10 09:25:03.558, 0 %, 0 MiB, 81920 MiB
2026/06/10 09:25:08.559, 0 %, 531 MiB, 81920 MiB
2026/06/10 09:25:08.559, 0 %, 0 MiB, 81920 MiB
2026/06/10 09:25:13.560, 0 %, 531 MiB, 81920 MiB
2026/06/10 09:25:13.560, 0 %, 0 MiB, 81920 MiB
2026/06/10 09:25:18.561, 0 %, 531 MiB, 81920 MiB
2026/06/10 09:25:18.561, 0 %, 0 MiB, 81920 MiB
2026/06/10 09:25:23.561, 0 %, 531 MiB, 81920 MiB
2026/06/10 09:25:23.562, 0 %, 0 MiB, 81920 MiB
2026/06/10 09:25:28.562, 0 %, 531 MiB, 81920 MiB
2026/06/10 09:25:28.562, 0 %, 0 MiB, 81920 MiB
2026/06/10 09:25:33.563, 0 %, 531 MiB, 81920 MiB
2026/06/10 09:25:33.563, 0 %, 0 MiB, 81920 MiB
2026/06/10 09:25:38.564, 0 %, 531 MiB, 81920 MiB
2026/06/10 09:25:38.564, 0 %, 0 MiB, 81920 MiB
2026/06/10 09:25:43.565, 0 %, 531 MiB, 81920 MiB
2026/06/10 09:25:43.565, 0 %, 0 MiB, 81920 MiB
2026/06/10 09:25:48.566, 0 %, 531 MiB, 81920 MiB
2026/06/10 09:25:48.566, 0 %, 0 MiB, 81920 MiB
2026/06/10 09:25:53.566, 0 %, 531 MiB, 81920 MiB
2026/06/10 09:25:53.566, 0 %, 0 MiB, 81920 MiB
2026/06/10 09:25:58.567, 0 %, 531 MiB, 81920 MiB
2026/06/10 09:25:58.567, 0 %, 0 MiB, 81920 MiB
2026/06/10 09:26:03.568, 0 %, 531 MiB, 81920 MiB
2026/06/10 09:26:03.568, 0 %, 0 MiB, 81920 MiB
2026/06/10 09:26:08.569, 0 %, 531 MiB, 81920 MiB
2026/06/10 09:26:08.569, 0 %, 0 MiB, 81920 MiB
2026/06/10 09:26:13.570, 0 %, 531 MiB, 81920 MiB
2026/06/10 09:26:13.570, 0 %, 0 MiB, 81920 MiB
2026/06/10 09:26:18.570, 0 %, 531 MiB, 81920 MiB
2026/06/10 09:26:18.571, 0 %, 0 MiB, 81920 MiB
2026/06/10 09:26:23.571, 0 %, 531 MiB, 81920 MiB
2026/06/10 09:26:23.571, 0 %, 0 MiB, 81920 MiB
2026/06/10 09:26:28.572, 0 %, 531 MiB, 81920 MiB
2026/06/10 09:26:28.572, 0 %, 0 MiB, 81920 MiB
2026/06/10 09:26:33.573, 0 %, 531 MiB, 81920 MiB
2026/06/10 09:26:33.573, 0 %, 0 MiB, 81920 MiB
2026/06/10 09:26:38.574, 0 %, 531 MiB, 81920 MiB
2026/06/10 09:26:38.574, 0 %, 0 MiB, 81920 MiB
2026/06/10 09:26:43.575, 0 %, 531 MiB, 81920 MiB
2026/06/10 09:26:43.575, 0 %, 0 MiB, 81920 MiB
2026/06/10 09:26:48.576, 0 %, 531 MiB, 81920 MiB
2026/06/10 09:26:48.576, 0 %, 0 MiB, 81920 MiB
2026/06/10 09:26:53.576, 0 %, 531 MiB, 81920 MiB
2026/06/10 09:26:53.577, 0 %, 0 MiB, 81920 MiB
2026/06/10 09:26:58.577, 0 %, 531 MiB, 81920 MiB
2026/06/10 09:26:58.577, 0 %, 0 MiB, 81920 MiB
2026/06/10 09:27:03.578, 0 %, 531 MiB, 81920 MiB
2026/06/10 09:27:03.578, 0 %, 0 MiB, 81920 MiB
2026/06/10 09:27:08.579, 0 %, 531 MiB, 81920 MiB
2026/06/10 09:27:08.579, 0 %, 0 MiB, 81920 MiB
2026/06/10 09:27:13.580, 0 %, 531 MiB, 81920 MiB
2026/06/10 09:27:13.580, 0 %, 0 MiB, 81920 MiB
2026/06/10 09:27:18.581, 0 %, 531 MiB, 81920 MiB
2026/06/10 09:27:18.581, 0 %, 0 MiB, 81920 MiB
2026/06/10 09:27:23.582, 0 %, 531 MiB, 81920 MiB
2026/06/10 09:27:23.582, 0 %, 0 MiB, 81920 MiB
2026/06/10 09:27:28.583, 0 %, 531 MiB, 81920 MiB
2026/06/10 09:27:28.583, 0 %, 0 MiB, 81920 MiB
2026/06/10 09:27:33.584, 0 %, 531 MiB, 81920 MiB
2026/06/10 09:27:33.584, 0 %, 0 MiB, 81920 MiB
2026/06/10 09:27:38.584, 0 %, 531 MiB, 81920 MiB
2026/06/10 09:27:38.584, 0 %, 0 MiB, 81920 MiB
2026/06/10 09:27:43.585, 0 %, 531 MiB, 81920 MiB
2026/06/10 09:27:43.586, 0 %, 0 MiB, 81920 MiB
2026/06/10 09:27:48.586, 0 %, 531 MiB, 81920 MiB
2026/06/10 09:27:48.586, 0 %, 0 MiB, 81920 MiB
2026/06/10 09:27:53.587, 0 %, 531 MiB, 81920 MiB
2026/06/10 09:27:53.587, 0 %, 0 MiB, 81920 MiB
2026/06/10 09:27:58.588, 0 %, 531 MiB, 81920 MiB
2026/06/10 09:27:58.588, 0 %, 0 MiB, 81920 MiB
2026/06/10 09:28:03.589, 0 %, 531 MiB, 81920 MiB
2026/06/10 09:28:03.589, 0 %, 0 MiB, 81920 MiB
2026/06/10 09:28:08.590, 0 %, 531 MiB, 81920 MiB
2026/06/10 09:28:08.590, 0 %, 0 MiB, 81920 MiB
2026/06/10 09:28:13.591, 0 %, 531 MiB, 81920 MiB
2026/06/10 09:28:13.591, 0 %, 0 MiB, 81920 MiB
2026/06/10 09:28:18.592, 0 %, 531 MiB, 81920 MiB
2026/06/10 09:28:18.592, 0 %, 0 MiB, 81920 MiB
2026/06/10 09:28:23.593, 0 %, 531 MiB, 81920 MiB
2026/06/10 09:28:23.593, 0 %, 0 MiB, 81920 MiB
2026/06/10 09:28:28.594, 0 %, 531 MiB, 81920 MiB
2026/06/10 09:28:28.594, 0 %, 0 MiB, 81920 MiB
2026/06/10 09:28:33.595, 0 %, 531 MiB, 81920 MiB
2026/06/10 09:28:33.595, 0 %, 0 MiB, 81920 MiB
2026/06/10 09:28:38.596, 0 %, 531 MiB, 81920 MiB
2026/06/10 09:28:38.596, 0 %, 0 MiB, 81920 MiB
2026/06/10 09:28:43.596, 0 %, 531 MiB, 81920 MiB
2026/06/10 09:28:43.597, 0 %, 0 MiB, 81920 MiB
2026/06/10 09:28:48.598, 0 %, 531 MiB, 81920 MiB
2026/06/10 09:28:48.598, 0 %, 0 MiB, 81920 MiB
2026/06/10 09:28:53.598, 0 %, 531 MiB, 81920 MiB
2026/06/10 09:28:53.599, 0 %, 0 MiB, 81920 MiB
2026/06/10 09:28:58.599, 0 %, 531 MiB, 81920 MiB
2026/06/10 09:28:58.600, 0 %, 0 MiB, 81920 MiB
2026/06/10 09:29:03.600, 0 %, 531 MiB, 81920 MiB
2026/06/10 09:29:03.600, 0 %, 0 MiB, 81920 MiB
2026/06/10 09:29:08.601, 0 %, 531 MiB, 81920 MiB
2026/06/10 09:29:08.601, 0 %, 0 MiB, 81920 MiB
2026/06/10 09:29:13.602, 0 %, 531 MiB, 81920 MiB
2026/06/10 09:29:13.602, 0 %, 0 MiB, 81920 MiB
2026/06/10 09:29:18.603, 0 %, 531 MiB, 81920 MiB
2026/06/10 09:29:18.603, 0 %, 0 MiB, 81920 MiB
2026/06/10 09:29:23.604, 0 %, 531 MiB, 81920 MiB
2026/06/10 09:29:23.604, 0 %, 0 MiB, 81920 MiB
2026/06/10 09:29:28.605, 0 %, 531 MiB, 81920 MiB
2026/06/10 09:29:28.605, 0 %, 0 MiB, 81920 MiB
2026/06/10 09:29:33.606, 0 %, 531 MiB, 81920 MiB
2026/06/10 09:29:33.606, 0 %, 0 MiB, 81920 MiB
2026/06/10 09:29:38.607, 0 %, 531 MiB, 81920 MiB
2026/06/10 09:29:38.607, 0 %, 0 MiB, 81920 MiB
2026/06/10 09:29:43.608, 0 %, 531 MiB, 81920 MiB
2026/06/10 09:29:43.608, 0 %, 0 MiB, 81920 MiB
2026/06/10 09:29:48.609, 0 %, 531 MiB, 81920 MiB
2026/06/10 09:29:48.609, 0 %, 0 MiB, 81920 MiB
2026/06/10 09:29:53.610, 0 %, 531 MiB, 81920 MiB
2026/06/10 09:29:53.610, 0 %, 0 MiB, 81920 MiB
2026/06/10 09:29:58.611, 0 %, 531 MiB, 81920 MiB
2026/06/10 09:29:58.611, 0 %, 0 MiB, 81920 MiB
2026/06/10 09:30:03.612, 0 %, 531 MiB, 81920 MiB
2026/06/10 09:30:03.612, 0 %, 0 MiB, 81920 MiB
2026/06/10 09:30:08.612, 0 %, 531 MiB, 81920 MiB
2026/06/10 09:30:08.613, 0 %, 0 MiB, 81920 MiB
2026/06/10 09:30:13.613, 0 %, 531 MiB, 81920 MiB
2026/06/10 09:30:13.614, 0 %, 0 MiB, 81920 MiB
2026/06/10 09:30:18.614, 0 %, 531 MiB, 81920 MiB
2026/06/10 09:30:18.614, 0 %, 0 MiB, 81920 MiB
2026/06/10 09:30:23.615, 0 %, 531 MiB, 81920 MiB
2026/06/10 09:30:23.615, 0 %, 0 MiB, 81920 MiB
2026/06/10 09:30:28.616, 0 %, 531 MiB, 81920 MiB
2026/06/10 09:30:28.616, 0 %, 0 MiB, 81920 MiB
2026/06/10 09:30:33.617, 0 %, 531 MiB, 81920 MiB
2026/06/10 09:30:33.617, 0 %, 0 MiB, 81920 MiB
2026/06/10 09:30:38.618, 0 %, 531 MiB, 81920 MiB
2026/06/10 09:30:38.618, 0 %, 0 MiB, 81920 MiB
2026/06/10 09:30:43.619, 0 %, 531 MiB, 81920 MiB
2026/06/10 09:30:43.619, 0 %, 0 MiB, 81920 MiB
2026/06/10 09:30:48.620, 0 %, 531 MiB, 81920 MiB
2026/06/10 09:30:48.620, 0 %, 0 MiB, 81920 MiB
2026/06/10 09:30:53.621, 0 %, 531 MiB, 81920 MiB
2026/06/10 09:30:53.621, 0 %, 0 MiB, 81920 MiB
2026/06/10 09:30:58.622, 0 %, 531 MiB, 81920 MiB
2026/06/10 09:30:58.622, 0 %, 0 MiB, 81920 MiB
2026/06/10 09:31:03.623, 0 %, 531 MiB, 81920 MiB
2026/06/10 09:31:03.623, 0 %, 0 MiB, 81920 MiB
2026/06/10 09:31:08.624, 0 %, 531 MiB, 81920 MiB
2026/06/10 09:31:08.624, 0 %, 0 MiB, 81920 MiB
2026/06/10 09:31:13.625, 0 %, 531 MiB, 81920 MiB
2026/06/10 09:31:13.625, 0 %, 0 MiB, 81920 MiB
2026/06/10 09:31:18.626, 0 %, 531 MiB, 81920 MiB
2026/06/10 09:31:18.626, 0 %, 0 MiB, 81920 MiB
2026/06/10 09:31:23.627, 0 %, 531 MiB, 81920 MiB
2026/06/10 09:31:23.627, 0 %, 0 MiB, 81920 MiB
2026/06/10 09:31:28.627, 0 %, 531 MiB, 81920 MiB
2026/06/10 09:31:28.628, 0 %, 0 MiB, 81920 MiB
2026/06/10 09:31:33.628, 0 %, 531 MiB, 81920 MiB
2026/06/10 09:31:33.629, 0 %, 0 MiB, 81920 MiB
2026/06/10 09:31:38.629, 0 %, 531 MiB, 81920 MiB
2026/06/10 09:31:38.629, 0 %, 0 MiB, 81920 MiB
2026/06/10 09:31:43.630, 0 %, 531 MiB, 81920 MiB
2026/06/10 09:31:43.630, 0 %, 0 MiB, 81920 MiB
2026/06/10 09:31:48.631, 0 %, 531 MiB, 81920 MiB
2026/06/10 09:31:48.631, 0 %, 0 MiB, 81920 MiB
2026/06/10 09:31:53.632, 0 %, 531 MiB, 81920 MiB
2026/06/10 09:31:53.632, 0 %, 0 MiB, 81920 MiB
2026/06/10 09:31:58.633, 0 %, 531 MiB, 81920 MiB
2026/06/10 09:31:58.633, 0 %, 0 MiB, 81920 MiB
2026/06/10 09:32:03.634, 0 %, 531 MiB, 81920 MiB
2026/06/10 09:32:03.634, 0 %, 0 MiB, 81920 MiB
2026/06/10 09:32:08.635, 0 %, 531 MiB, 81920 MiB
2026/06/10 09:32:08.635, 0 %, 0 MiB, 81920 MiB
2026/06/10 09:32:13.636, 0 %, 531 MiB, 81920 MiB
2026/06/10 09:32:13.636, 0 %, 0 MiB, 81920 MiB
2026/06/10 09:32:18.637, 0 %, 531 MiB, 81920 MiB
2026/06/10 09:32:18.637, 0 %, 0 MiB, 81920 MiB
2026/06/10 09:32:23.638, 0 %, 531 MiB, 81920 MiB
2026/06/10 09:32:23.638, 0 %, 0 MiB, 81920 MiB
2026/06/10 09:32:28.639, 0 %, 531 MiB, 81920 MiB
2026/06/10 09:32:28.639, 0 %, 0 MiB, 81920 MiB
2026/06/10 09:32:33.640, 0 %, 531 MiB, 81920 MiB
2026/06/10 09:32:33.640, 0 %, 0 MiB, 81920 MiB
2026/06/10 09:32:38.640, 0 %, 531 MiB, 81920 MiB
2026/06/10 09:32:38.641, 0 %, 0 MiB, 81920 MiB
2026/06/10 09:32:43.641, 0 %, 531 MiB, 81920 MiB
2026/06/10 09:32:43.642, 0 %, 0 MiB, 81920 MiB
2026/06/10 09:32:48.642, 0 %, 531 MiB, 81920 MiB
2026/06/10 09:32:48.643, 0 %, 0 MiB, 81920 MiB
2026/06/10 09:32:53.643, 0 %, 531 MiB, 81920 MiB
2026/06/10 09:32:53.643, 0 %, 0 MiB, 81920 MiB
2026/06/10 09:32:58.644, 0 %, 531 MiB, 81920 MiB
2026/06/10 09:32:58.644, 0 %, 0 MiB, 81920 MiB
2026/06/10 09:33:03.645, 0 %, 531 MiB, 81920 MiB
2026/06/10 09:33:03.645, 0 %, 0 MiB, 81920 MiB
2026/06/10 09:33:08.646, 0 %, 531 MiB, 81920 MiB
2026/06/10 09:33:08.646, 0 %, 0 MiB, 81920 MiB
2026/06/10 09:33:13.647, 0 %, 531 MiB, 81920 MiB
2026/06/10 09:33:13.647, 0 %, 0 MiB, 81920 MiB
2026/06/10 09:33:18.648, 0 %, 531 MiB, 81920 MiB
2026/06/10 09:33:18.648, 0 %, 0 MiB, 81920 MiB
2026/06/10 09:33:23.649, 0 %, 531 MiB, 81920 MiB
2026/06/10 09:33:23.649, 0 %, 0 MiB, 81920 MiB
2026/06/10 09:33:28.650, 0 %, 531 MiB, 81920 MiB
2026/06/10 09:33:28.650, 0 %, 0 MiB, 81920 MiB
2026/06/10 09:33:33.651, 0 %, 531 MiB, 81920 MiB
2026/06/10 09:33:33.651, 0 %, 0 MiB, 81920 MiB
2026/06/10 09:33:38.652, 0 %, 531 MiB, 81920 MiB
2026/06/10 09:33:38.652, 0 %, 0 MiB, 81920 MiB
2026/06/10 09:33:43.653, 0 %, 531 MiB, 81920 MiB
2026/06/10 09:33:43.653, 0 %, 0 MiB, 81920 MiB
2026/06/10 09:33:48.654, 0 %, 531 MiB, 81920 MiB
2026/06/10 09:33:48.654, 0 %, 0 MiB, 81920 MiB
2026/06/10 09:33:53.655, 0 %, 531 MiB, 81920 MiB
2026/06/10 09:33:53.655, 0 %, 0 MiB, 81920 MiB
2026/06/10 09:33:58.655, 0 %, 531 MiB, 81920 MiB
2026/06/10 09:33:58.655, 0 %, 0 MiB, 81920 MiB
2026/06/10 09:34:03.656, 0 %, 531 MiB, 81920 MiB
2026/06/10 09:34:03.656, 0 %, 0 MiB, 81920 MiB
2026/06/10 09:34:08.657, 0 %, 531 MiB, 81920 MiB
2026/06/10 09:34:08.657, 0 %, 0 MiB, 81920 MiB
2026/06/10 09:34:13.658, 0 %, 531 MiB, 81920 MiB
2026/06/10 09:34:13.658, 0 %, 0 MiB, 81920 MiB
2026/06/10 09:34:18.659, 0 %, 531 MiB, 81920 MiB
2026/06/10 09:34:18.659, 0 %, 0 MiB, 81920 MiB
2026/06/10 09:34:23.660, 0 %, 531 MiB, 81920 MiB
2026/06/10 09:34:23.660, 0 %, 0 MiB, 81920 MiB
2026/06/10 09:34:28.661, 0 %, 531 MiB, 81920 MiB
2026/06/10 09:34:28.661, 0 %, 0 MiB, 81920 MiB
2026/06/10 09:34:33.662, 0 %, 531 MiB, 81920 MiB
2026/06/10 09:34:33.662, 0 %, 0 MiB, 81920 MiB
2026/06/10 09:34:38.663, 0 %, 531 MiB, 81920 MiB
2026/06/10 09:34:38.663, 0 %, 0 MiB, 81920 MiB
2026/06/10 09:34:43.664, 0 %, 531 MiB, 81920 MiB
2026/06/10 09:34:43.664, 0 %, 0 MiB, 81920 MiB
2026/06/10 09:34:48.665, 0 %, 497 MiB, 81920 MiB
2026/06/10 09:34:48.665, 0 %, 0 MiB, 81920 MiB
2026/06/10 09:34:53.667, 0 %, 497 MiB, 81920 MiB
2026/06/10 09:34:53.667, 0 %, 0 MiB, 81920 MiB
2026/06/10 09:34:58.667, 0 %, 497 MiB, 81920 MiB
2026/06/10 09:34:58.667, 0 %, 0 MiB, 81920 MiB
2026/06/10 09:35:03.668, 0 %, 497 MiB, 81920 MiB
2026/06/10 09:35:03.668, 0 %, 0 MiB, 81920 MiB
2026/06/10 09:35:08.669, 0 %, 497 MiB, 81920 MiB
2026/06/10 09:35:08.669, 0 %, 0 MiB, 81920 MiB
2026/06/10 09:35:13.670, 0 %, 497 MiB, 81920 MiB
2026/06/10 09:35:13.670, 0 %, 0 MiB, 81920 MiB
2026/06/10 09:35:18.671, 0 %, 497 MiB, 81920 MiB
2026/06/10 09:35:18.672, 0 %, 0 MiB, 81920 MiB
2026/06/10 09:35:23.672, 0 %, 497 MiB, 81920 MiB
2026/06/10 09:35:23.673, 0 %, 0 MiB, 81920 MiB
2026/06/10 09:35:28.673, 0 %, 497 MiB, 81920 MiB
2026/06/10 09:35:28.674, 0 %, 0 MiB, 81920 MiB
2026/06/10 09:35:33.674, 0 %, 497 MiB, 81920 MiB
2026/06/10 09:35:33.675, 0 %, 0 MiB, 81920 MiB
2026/06/10 09:35:38.675, 0 %, 497 MiB, 81920 MiB
2026/06/10 09:35:38.676, 0 %, 0 MiB, 81920 MiB
2026/06/10 09:35:43.676, 0 %, 497 MiB, 81920 MiB
2026/06/10 09:35:43.677, 0 %, 0 MiB, 81920 MiB
2026/06/10 09:35:48.677, 0 %, 497 MiB, 81920 MiB
2026/06/10 09:35:48.678, 0 %, 0 MiB, 81920 MiB
2026/06/10 09:35:53.678, 0 %, 497 MiB, 81920 MiB
2026/06/10 09:35:53.679, 0 %, 0 MiB, 81920 MiB
2026/06/10 09:35:58.679, 0 %, 497 MiB, 81920 MiB
2026/06/10 09:35:58.680, 0 %, 0 MiB, 81920 MiB
2026/06/10 09:36:03.680, 0 %, 497 MiB, 81920 MiB
2026/06/10 09:36:03.681, 0 %, 0 MiB, 81920 MiB
2026/06/10 09:36:08.682, 0 %, 497 MiB, 81920 MiB
2026/06/10 09:36:08.682, 0 %, 0 MiB, 81920 MiB
2026/06/10 09:36:13.683, 0 %, 497 MiB, 81920 MiB
2026/06/10 09:36:13.683, 0 %, 0 MiB, 81920 MiB
2026/06/10 09:36:18.684, 0 %, 497 MiB, 81920 MiB
2026/06/10 09:36:18.684, 0 %, 0 MiB, 81920 MiB
2026/06/10 09:36:23.685, 0 %, 497 MiB, 81920 MiB
2026/06/10 09:36:23.685, 0 %, 0 MiB, 81920 MiB
2026/06/10 09:36:28.686, 0 %, 497 MiB, 81920 MiB
2026/06/10 09:36:28.686, 0 %, 0 MiB, 81920 MiB
2026/06/10 09:36:33.687, 0 %, 497 MiB, 81920 MiB
2026/06/10 09:36:33.687, 0 %, 0 MiB, 81920 MiB
2026/06/10 09:36:38.688, 0 %, 497 MiB, 81920 MiB
2026/06/10 09:36:38.688, 0 %, 0 MiB, 81920 MiB
2026/06/10 09:36:43.689, 0 %, 497 MiB, 81920 MiB
2026/06/10 09:36:43.689, 0 %, 0 MiB, 81920 MiB
2026/06/10 09:36:48.690, 0 %, 497 MiB, 81920 MiB
2026/06/10 09:36:48.690, 0 %, 0 MiB, 81920 MiB
2026/06/10 09:36:53.691, 0 %, 497 MiB, 81920 MiB
2026/06/10 09:36:53.691, 0 %, 0 MiB, 81920 MiB
2026/06/10 09:36:58.692, 0 %, 497 MiB, 81920 MiB
2026/06/10 09:36:58.692, 0 %, 0 MiB, 81920 MiB
2026/06/10 09:37:03.693, 0 %, 497 MiB, 81920 MiB
2026/06/10 09:37:03.693, 0 %, 0 MiB, 81920 MiB
2026/06/10 09:37:08.694, 0 %, 497 MiB, 81920 MiB
2026/06/10 09:37:08.694, 0 %, 0 MiB, 81920 MiB
2026/06/10 09:37:13.695, 0 %, 497 MiB, 81920 MiB
2026/06/10 09:37:13.695, 0 %, 0 MiB, 81920 MiB
2026/06/10 09:37:18.696, 0 %, 497 MiB, 81920 MiB
2026/06/10 09:37:18.696, 0 %, 0 MiB, 81920 MiB
2026/06/10 09:37:23.697, 0 %, 497 MiB, 81920 MiB
2026/06/10 09:37:23.697, 0 %, 0 MiB, 81920 MiB
2026/06/10 09:37:28.698, 0 %, 497 MiB, 81920 MiB
2026/06/10 09:37:28.698, 0 %, 0 MiB, 81920 MiB
2026/06/10 09:37:33.699, 0 %, 497 MiB, 81920 MiB
2026/06/10 09:37:33.699, 0 %, 0 MiB, 81920 MiB
2026/06/10 09:37:38.700, 0 %, 497 MiB, 81920 MiB
2026/06/10 09:37:38.700, 0 %, 0 MiB, 81920 MiB
2026/06/10 09:37:43.701, 0 %, 497 MiB, 81920 MiB
2026/06/10 09:37:43.701, 0 %, 0 MiB, 81920 MiB
2026/06/10 09:37:48.702, 0 %, 497 MiB, 81920 MiB
2026/06/10 09:37:48.702, 0 %, 0 MiB, 81920 MiB
2026/06/10 09:37:53.703, 0 %, 497 MiB, 81920 MiB
2026/06/10 09:37:53.703, 0 %, 0 MiB, 81920 MiB
2026/06/10 09:37:58.705, 0 %, 497 MiB, 81920 MiB
2026/06/10 09:37:58.705, 0 %, 0 MiB, 81920 MiB
2026/06/10 09:38:03.705, 0 %, 531 MiB, 81920 MiB
2026/06/10 09:38:03.706, 0 %, 0 MiB, 81920 MiB
2026/06/10 09:38:08.706, 0 %, 531 MiB, 81920 MiB
2026/06/10 09:38:08.706, 0 %, 0 MiB, 81920 MiB
2026/06/10 09:38:13.707, 0 %, 531 MiB, 81920 MiB
2026/06/10 09:38:13.707, 0 %, 0 MiB, 81920 MiB
2026/06/10 09:38:18.708, 0 %, 531 MiB, 81920 MiB
2026/06/10 09:38:18.708, 0 %, 0 MiB, 81920 MiB
2026/06/10 09:38:23.709, 0 %, 531 MiB, 81920 MiB
2026/06/10 09:38:23.709, 0 %, 0 MiB, 81920 MiB
2026/06/10 09:38:28.709, 0 %, 531 MiB, 81920 MiB
2026/06/10 09:38:28.710, 0 %, 0 MiB, 81920 MiB
2026/06/10 09:38:33.710, 0 %, 531 MiB, 81920 MiB
2026/06/10 09:38:33.710, 0 %, 0 MiB, 81920 MiB
2026/06/10 09:38:38.711, 0 %, 531 MiB, 81920 MiB
2026/06/10 09:38:38.711, 0 %, 0 MiB, 81920 MiB
2026/06/10 09:38:43.712, 0 %, 531 MiB, 81920 MiB
2026/06/10 09:38:43.712, 0 %, 0 MiB, 81920 MiB
2026/06/10 09:38:48.713, 0 %, 531 MiB, 81920 MiB
2026/06/10 09:38:48.713, 0 %, 0 MiB, 81920 MiB
2026/06/10 09:38:53.714, 0 %, 531 MiB, 81920 MiB
2026/06/10 09:38:53.714, 0 %, 0 MiB, 81920 MiB
2026/06/10 09:38:58.714, 0 %, 531 MiB, 81920 MiB
2026/06/10 09:38:58.714, 0 %, 0 MiB, 81920 MiB
2026/06/10 09:39:03.715, 0 %, 531 MiB, 81920 MiB
2026/06/10 09:39:03.715, 0 %, 0 MiB, 81920 MiB
2026/06/10 09:39:08.716, 0 %, 531 MiB, 81920 MiB
2026/06/10 09:39:08.716, 0 %, 0 MiB, 81920 MiB
2026/06/10 09:39:13.716, 0 %, 531 MiB, 81920 MiB
2026/06/10 09:39:13.716, 0 %, 0 MiB, 81920 MiB
2026/06/10 09:39:18.717, 0 %, 531 MiB, 81920 MiB
2026/06/10 09:39:18.717, 0 %, 0 MiB, 81920 MiB
2026/06/10 09:39:23.718, 0 %, 531 MiB, 81920 MiB
2026/06/10 09:39:23.718, 0 %, 0 MiB, 81920 MiB
2026/06/10 09:39:28.718, 0 %, 531 MiB, 81920 MiB
2026/06/10 09:39:28.719, 0 %, 0 MiB, 81920 MiB
2026/06/10 09:39:33.719, 0 %, 531 MiB, 81920 MiB
2026/06/10 09:39:33.719, 0 %, 0 MiB, 81920 MiB
2026/06/10 09:39:38.720, 0 %, 531 MiB, 81920 MiB
2026/06/10 09:39:38.720, 0 %, 0 MiB, 81920 MiB
2026/06/10 09:39:43.721, 0 %, 531 MiB, 81920 MiB
2026/06/10 09:39:43.721, 0 %, 0 MiB, 81920 MiB
2026/06/10 09:39:48.722, 0 %, 531 MiB, 81920 MiB
2026/06/10 09:39:48.722, 0 %, 0 MiB, 81920 MiB
2026/06/10 09:39:53.723, 0 %, 531 MiB, 81920 MiB
2026/06/10 09:39:53.723, 0 %, 0 MiB, 81920 MiB
2026/06/10 09:39:58.723, 0 %, 531 MiB, 81920 MiB
2026/06/10 09:39:58.724, 0 %, 0 MiB, 81920 MiB
2026/06/10 09:40:03.724, 0 %, 531 MiB, 81920 MiB
2026/06/10 09:40:03.725, 0 %, 0 MiB, 81920 MiB
2026/06/10 09:40:08.725, 0 %, 531 MiB, 81920 MiB
2026/06/10 09:40:08.725, 0 %, 0 MiB, 81920 MiB
2026/06/10 09:40:13.726, 0 %, 531 MiB, 81920 MiB
2026/06/10 09:40:13.727, 0 %, 0 MiB, 81920 MiB
2026/06/10 09:40:18.727, 0 %, 531 MiB, 81920 MiB
2026/06/10 09:40:18.727, 0 %, 0 MiB, 81920 MiB
2026/06/10 09:40:23.728, 0 %, 531 MiB, 81920 MiB
2026/06/10 09:40:23.728, 0 %, 0 MiB, 81920 MiB
2026/06/10 09:40:28.729, 0 %, 531 MiB, 81920 MiB
2026/06/10 09:40:28.729, 0 %, 0 MiB, 81920 MiB
2026/06/10 09:40:33.730, 0 %, 531 MiB, 81920 MiB
2026/06/10 09:40:33.730, 0 %, 0 MiB, 81920 MiB
2026/06/10 09:40:38.731, 0 %, 531 MiB, 81920 MiB
2026/06/10 09:40:38.731, 0 %, 0 MiB, 81920 MiB
2026/06/10 09:40:43.732, 0 %, 531 MiB, 81920 MiB
2026/06/10 09:40:43.732, 0 %, 0 MiB, 81920 MiB
2026/06/10 09:40:48.733, 0 %, 531 MiB, 81920 MiB
2026/06/10 09:40:48.733, 0 %, 0 MiB, 81920 MiB
2026/06/10 09:40:53.734, 0 %, 531 MiB, 81920 MiB
2026/06/10 09:40:53.734, 0 %, 0 MiB, 81920 MiB
2026/06/10 09:40:58.735, 0 %, 531 MiB, 81920 MiB
2026/06/10 09:40:58.735, 0 %, 0 MiB, 81920 MiB
2026/06/10 09:41:03.736, 0 %, 531 MiB, 81920 MiB
2026/06/10 09:41:03.736, 0 %, 0 MiB, 81920 MiB
2026/06/10 09:41:08.737, 0 %, 531 MiB, 81920 MiB
2026/06/10 09:41:08.737, 0 %, 0 MiB, 81920 MiB
2026/06/10 09:41:13.738, 0 %, 531 MiB, 81920 MiB
2026/06/10 09:41:13.738, 0 %, 0 MiB, 81920 MiB
2026/06/10 09:41:18.739, 0 %, 531 MiB, 81920 MiB
2026/06/10 09:41:18.739, 0 %, 0 MiB, 81920 MiB
2026/06/10 09:41:23.740, 0 %, 531 MiB, 81920 MiB
2026/06/10 09:41:23.740, 0 %, 0 MiB, 81920 MiB
2026/06/10 09:41:28.741, 0 %, 531 MiB, 81920 MiB
2026/06/10 09:41:28.741, 0 %, 0 MiB, 81920 MiB
2026/06/10 09:41:33.742, 0 %, 531 MiB, 81920 MiB
2026/06/10 09:41:33.742, 0 %, 0 MiB, 81920 MiB
2026/06/10 09:41:38.742, 0 %, 531 MiB, 81920 MiB
2026/06/10 09:41:38.743, 0 %, 0 MiB, 81920 MiB
2026/06/10 09:41:43.743, 0 %, 531 MiB, 81920 MiB
2026/06/10 09:41:43.744, 0 %, 0 MiB, 81920 MiB
2026/06/10 09:41:48.744, 0 %, 531 MiB, 81920 MiB
2026/06/10 09:41:48.744, 0 %, 0 MiB, 81920 MiB
2026/06/10 09:41:53.745, 0 %, 531 MiB, 81920 MiB
2026/06/10 09:41:53.745, 0 %, 0 MiB, 81920 MiB
2026/06/10 09:41:58.746, 0 %, 531 MiB, 81920 MiB
2026/06/10 09:41:58.746, 0 %, 0 MiB, 81920 MiB
2026/06/10 09:42:03.747, 0 %, 531 MiB, 81920 MiB
2026/06/10 09:42:03.747, 0 %, 0 MiB, 81920 MiB
2026/06/10 09:42:08.748, 0 %, 531 MiB, 81920 MiB
2026/06/10 09:42:08.748, 0 %, 0 MiB, 81920 MiB
2026/06/10 09:42:13.749, 0 %, 531 MiB, 81920 MiB
2026/06/10 09:42:13.749, 0 %, 0 MiB, 81920 MiB
2026/06/10 09:42:18.750, 0 %, 531 MiB, 81920 MiB
2026/06/10 09:42:18.750, 0 %, 0 MiB, 81920 MiB
2026/06/10 09:42:23.751, 0 %, 531 MiB, 81920 MiB
2026/06/10 09:42:23.751, 0 %, 0 MiB, 81920 MiB
2026/06/10 09:42:28.752, 0 %, 531 MiB, 81920 MiB
2026/06/10 09:42:28.752, 0 %, 0 MiB, 81920 MiB
2026/06/10 09:42:33.753, 0 %, 531 MiB, 81920 MiB
2026/06/10 09:42:33.753, 0 %, 0 MiB, 81920 MiB
2026/06/10 09:42:38.754, 0 %, 531 MiB, 81920 MiB
2026/06/10 09:42:38.754, 0 %, 0 MiB, 81920 MiB
2026/06/10 09:42:43.755, 0 %, 531 MiB, 81920 MiB
2026/06/10 09:42:43.755, 0 %, 0 MiB, 81920 MiB
2026/06/10 09:42:48.756, 0 %, 531 MiB, 81920 MiB
2026/06/10 09:42:48.756, 0 %, 0 MiB, 81920 MiB
2026/06/10 09:42:53.757, 0 %, 531 MiB, 81920 MiB
2026/06/10 09:42:53.757, 0 %, 0 MiB, 81920 MiB
2026/06/10 09:42:58.758, 0 %, 531 MiB, 81920 MiB
2026/06/10 09:42:58.758, 0 %, 0 MiB, 81920 MiB
2026/06/10 09:43:03.759, 0 %, 531 MiB, 81920 MiB
2026/06/10 09:43:03.759, 0 %, 0 MiB, 81920 MiB
2026/06/10 09:43:08.759, 0 %, 531 MiB, 81920 MiB
2026/06/10 09:43:08.760, 0 %, 0 MiB, 81920 MiB
2026/06/10 09:43:13.760, 0 %, 531 MiB, 81920 MiB
2026/06/10 09:43:13.761, 0 %, 0 MiB, 81920 MiB
2026/06/10 09:43:18.761, 0 %, 531 MiB, 81920 MiB
2026/06/10 09:43:18.761, 0 %, 0 MiB, 81920 MiB
2026/06/10 09:43:23.762, 0 %, 531 MiB, 81920 MiB
2026/06/10 09:43:23.762, 0 %, 0 MiB, 81920 MiB
2026/06/10 09:43:28.763, 0 %, 531 MiB, 81920 MiB
2026/06/10 09:43:28.763, 0 %, 0 MiB, 81920 MiB
2026/06/10 09:43:33.764, 0 %, 531 MiB, 81920 MiB
2026/06/10 09:43:33.764, 0 %, 0 MiB, 81920 MiB
2026/06/10 09:43:38.765, 0 %, 531 MiB, 81920 MiB
2026/06/10 09:43:38.765, 0 %, 0 MiB, 81920 MiB
2026/06/10 09:43:43.766, 0 %, 531 MiB, 81920 MiB
2026/06/10 09:43:43.766, 0 %, 0 MiB, 81920 MiB
2026/06/10 09:43:48.767, 0 %, 531 MiB, 81920 MiB
2026/06/10 09:43:48.767, 0 %, 0 MiB, 81920 MiB
2026/06/10 09:43:53.768, 0 %, 531 MiB, 81920 MiB
2026/06/10 09:43:53.768, 0 %, 0 MiB, 81920 MiB
2026/06/10 09:43:58.769, 0 %, 531 MiB, 81920 MiB
2026/06/10 09:43:58.769, 0 %, 0 MiB, 81920 MiB
2026/06/10 09:44:03.770, 0 %, 531 MiB, 81920 MiB
2026/06/10 09:44:03.770, 0 %, 0 MiB, 81920 MiB
2026/06/10 09:44:08.771, 0 %, 531 MiB, 81920 MiB
2026/06/10 09:44:08.771, 0 %, 0 MiB, 81920 MiB
2026/06/10 09:44:13.772, 0 %, 531 MiB, 81920 MiB
2026/06/10 09:44:13.772, 0 %, 0 MiB, 81920 MiB
2026/06/10 09:44:18.773, 0 %, 531 MiB, 81920 MiB
2026/06/10 09:44:18.773, 0 %, 0 MiB, 81920 MiB
2026/06/10 09:44:23.774, 0 %, 531 MiB, 81920 MiB
2026/06/10 09:44:23.774, 0 %, 0 MiB, 81920 MiB
2026/06/10 09:44:28.775, 0 %, 531 MiB, 81920 MiB
2026/06/10 09:44:28.775, 0 %, 0 MiB, 81920 MiB
2026/06/10 09:44:33.776, 0 %, 531 MiB, 81920 MiB
2026/06/10 09:44:33.776, 0 %, 0 MiB, 81920 MiB
2026/06/10 09:44:38.777, 0 %, 531 MiB, 81920 MiB
2026/06/10 09:44:38.777, 0 %, 0 MiB, 81920 MiB
2026/06/10 09:44:43.778, 0 %, 531 MiB, 81920 MiB
2026/06/10 09:44:43.778, 0 %, 0 MiB, 81920 MiB
2026/06/10 09:44:48.779, 0 %, 531 MiB, 81920 MiB
2026/06/10 09:44:48.779, 0 %, 0 MiB, 81920 MiB
2026/06/10 09:44:53.779, 0 %, 531 MiB, 81920 MiB
2026/06/10 09:44:53.780, 0 %, 0 MiB, 81920 MiB
2026/06/10 09:44:58.780, 0 %, 531 MiB, 81920 MiB
2026/06/10 09:44:58.781, 0 %, 0 MiB, 81920 MiB
2026/06/10 09:45:03.781, 0 %, 531 MiB, 81920 MiB
2026/06/10 09:45:03.782, 0 %, 0 MiB, 81920 MiB
2026/06/10 09:45:08.782, 0 %, 531 MiB, 81920 MiB
2026/06/10 09:45:08.782, 0 %, 0 MiB, 81920 MiB
2026/06/10 09:45:13.783, 0 %, 531 MiB, 81920 MiB
2026/06/10 09:45:13.783, 0 %, 0 MiB, 81920 MiB
2026/06/10 09:45:18.784, 0 %, 531 MiB, 81920 MiB
2026/06/10 09:45:18.784, 0 %, 0 MiB, 81920 MiB
2026/06/10 09:45:23.785, 0 %, 531 MiB, 81920 MiB
2026/06/10 09:45:23.785, 0 %, 0 MiB, 81920 MiB
2026/06/10 09:45:28.786, 0 %, 531 MiB, 81920 MiB
2026/06/10 09:45:28.786, 0 %, 0 MiB, 81920 MiB
2026/06/10 09:45:33.787, 0 %, 531 MiB, 81920 MiB
2026/06/10 09:45:33.787, 0 %, 0 MiB, 81920 MiB
2026/06/10 09:45:38.788, 0 %, 531 MiB, 81920 MiB
2026/06/10 09:45:38.788, 0 %, 0 MiB, 81920 MiB
2026/06/10 09:45:43.789, 0 %, 531 MiB, 81920 MiB
2026/06/10 09:45:43.789, 0 %, 0 MiB, 81920 MiB
2026/06/10 09:45:48.790, 0 %, 531 MiB, 81920 MiB
2026/06/10 09:45:48.790, 0 %, 0 MiB, 81920 MiB
2026/06/10 09:45:53.791, 0 %, 531 MiB, 81920 MiB
2026/06/10 09:45:53.791, 0 %, 0 MiB, 81920 MiB
2026/06/10 09:45:58.792, 0 %, 531 MiB, 81920 MiB
2026/06/10 09:45:58.792, 0 %, 0 MiB, 81920 MiB
2026/06/10 09:46:03.793, 0 %, 531 MiB, 81920 MiB
2026/06/10 09:46:03.793, 0 %, 0 MiB, 81920 MiB
2026/06/10 09:46:08.794, 0 %, 531 MiB, 81920 MiB
2026/06/10 09:46:08.794, 0 %, 0 MiB, 81920 MiB
2026/06/10 09:46:13.795, 0 %, 531 MiB, 81920 MiB
2026/06/10 09:46:13.795, 0 %, 0 MiB, 81920 MiB
2026/06/10 09:46:18.795, 0 %, 531 MiB, 81920 MiB
2026/06/10 09:46:18.796, 0 %, 0 MiB, 81920 MiB
2026/06/10 09:46:23.796, 0 %, 531 MiB, 81920 MiB
2026/06/10 09:46:23.796, 0 %, 0 MiB, 81920 MiB
2026/06/10 09:46:28.797, 0 %, 531 MiB, 81920 MiB
2026/06/10 09:46:28.797, 0 %, 0 MiB, 81920 MiB
2026/06/10 09:46:33.798, 0 %, 531 MiB, 81920 MiB
2026/06/10 09:46:33.798, 0 %, 0 MiB, 81920 MiB
2026/06/10 09:46:38.799, 0 %, 531 MiB, 81920 MiB
2026/06/10 09:46:38.799, 0 %, 0 MiB, 81920 MiB
2026/06/10 09:46:43.800, 0 %, 531 MiB, 81920 MiB
2026/06/10 09:46:43.800, 0 %, 0 MiB, 81920 MiB
2026/06/10 09:46:48.801, 0 %, 531 MiB, 81920 MiB
2026/06/10 09:46:48.801, 0 %, 0 MiB, 81920 MiB
2026/06/10 09:46:53.802, 0 %, 531 MiB, 81920 MiB
2026/06/10 09:46:53.802, 0 %, 0 MiB, 81920 MiB
2026/06/10 09:46:58.803, 0 %, 531 MiB, 81920 MiB
2026/06/10 09:46:58.803, 0 %, 0 MiB, 81920 MiB
2026/06/10 09:47:03.804, 0 %, 531 MiB, 81920 MiB
2026/06/10 09:47:03.804, 0 %, 0 MiB, 81920 MiB
2026/06/10 09:47:08.805, 0 %, 531 MiB, 81920 MiB
2026/06/10 09:47:08.805, 0 %, 0 MiB, 81920 MiB
2026/06/10 09:47:13.806, 0 %, 531 MiB, 81920 MiB
2026/06/10 09:47:13.806, 0 %, 0 MiB, 81920 MiB
2026/06/10 09:47:18.807, 0 %, 531 MiB, 81920 MiB
2026/06/10 09:47:18.807, 0 %, 0 MiB, 81920 MiB
2026/06/10 09:47:23.808, 0 %, 531 MiB, 81920 MiB
2026/06/10 09:47:23.808, 0 %, 0 MiB, 81920 MiB
2026/06/10 09:47:28.809, 0 %, 531 MiB, 81920 MiB
2026/06/10 09:47:28.809, 0 %, 0 MiB, 81920 MiB
2026/06/10 09:47:33.810, 0 %, 531 MiB, 81920 MiB
2026/06/10 09:47:33.810, 0 %, 0 MiB, 81920 MiB
2026/06/10 09:47:38.810, 0 %, 531 MiB, 81920 MiB
2026/06/10 09:47:38.811, 0 %, 0 MiB, 81920 MiB
2026/06/10 09:47:43.811, 0 %, 531 MiB, 81920 MiB
2026/06/10 09:47:43.812, 0 %, 0 MiB, 81920 MiB
2026/06/10 09:47:48.812, 0 %, 531 MiB, 81920 MiB
2026/06/10 09:47:48.813, 0 %, 0 MiB, 81920 MiB
2026/06/10 09:47:53.813, 0 %, 531 MiB, 81920 MiB
2026/06/10 09:47:53.813, 0 %, 0 MiB, 81920 MiB
2026/06/10 09:47:58.814, 0 %, 531 MiB, 81920 MiB
2026/06/10 09:47:58.814, 0 %, 0 MiB, 81920 MiB
2026/06/10 09:48:03.815, 0 %, 531 MiB, 81920 MiB
2026/06/10 09:48:03.815, 0 %, 0 MiB, 81920 MiB
2026/06/10 09:48:08.816, 0 %, 531 MiB, 81920 MiB
2026/06/10 09:48:08.816, 0 %, 0 MiB, 81920 MiB
2026/06/10 09:48:13.817, 0 %, 531 MiB, 81920 MiB
2026/06/10 09:48:13.817, 0 %, 0 MiB, 81920 MiB
2026/06/10 09:48:18.818, 0 %, 531 MiB, 81920 MiB
2026/06/10 09:48:18.818, 0 %, 0 MiB, 81920 MiB
2026/06/10 09:48:23.819, 0 %, 531 MiB, 81920 MiB
2026/06/10 09:48:23.819, 0 %, 0 MiB, 81920 MiB
2026/06/10 09:48:28.820, 0 %, 497 MiB, 81920 MiB
2026/06/10 09:48:28.820, 0 %, 0 MiB, 81920 MiB
2026/06/10 09:48:33.822, 0 %, 497 MiB, 81920 MiB
2026/06/10 09:48:33.822, 0 %, 0 MiB, 81920 MiB
2026/06/10 09:48:38.823, 0 %, 497 MiB, 81920 MiB
2026/06/10 09:48:38.823, 0 %, 0 MiB, 81920 MiB
2026/06/10 09:48:43.824, 0 %, 497 MiB, 81920 MiB
2026/06/10 09:48:43.824, 0 %, 0 MiB, 81920 MiB
2026/06/10 09:48:48.825, 0 %, 497 MiB, 81920 MiB
2026/06/10 09:48:48.825, 0 %, 0 MiB, 81920 MiB
2026/06/10 09:48:53.826, 0 %, 497 MiB, 81920 MiB
2026/06/10 09:48:53.826, 0 %, 0 MiB, 81920 MiB
2026/06/10 09:48:58.827, 0 %, 497 MiB, 81920 MiB
2026/06/10 09:48:58.827, 0 %, 0 MiB, 81920 MiB
2026/06/10 09:49:03.828, 0 %, 497 MiB, 81920 MiB
2026/06/10 09:49:03.828, 0 %, 0 MiB, 81920 MiB
2026/06/10 09:49:08.829, 0 %, 497 MiB, 81920 MiB
2026/06/10 09:49:08.829, 0 %, 0 MiB, 81920 MiB
2026/06/10 09:49:13.830, 0 %, 497 MiB, 81920 MiB
2026/06/10 09:49:13.830, 0 %, 0 MiB, 81920 MiB
2026/06/10 09:49:18.831, 0 %, 497 MiB, 81920 MiB
2026/06/10 09:49:18.831, 0 %, 0 MiB, 81920 MiB
2026/06/10 09:49:23.832, 0 %, 497 MiB, 81920 MiB
2026/06/10 09:49:23.833, 0 %, 0 MiB, 81920 MiB
2026/06/10 09:49:28.833, 0 %, 497 MiB, 81920 MiB
2026/06/10 09:49:28.834, 0 %, 0 MiB, 81920 MiB
2026/06/10 09:49:33.835, 0 %, 497 MiB, 81920 MiB
2026/06/10 09:49:33.835, 0 %, 0 MiB, 81920 MiB
2026/06/10 09:49:38.836, 0 %, 497 MiB, 81920 MiB
2026/06/10 09:49:38.836, 0 %, 0 MiB, 81920 MiB
2026/06/10 09:49:43.837, 0 %, 497 MiB, 81920 MiB
2026/06/10 09:49:43.837, 0 %, 0 MiB, 81920 MiB
2026/06/10 09:49:48.838, 0 %, 497 MiB, 81920 MiB
2026/06/10 09:49:48.838, 0 %, 0 MiB, 81920 MiB
2026/06/10 09:49:53.839, 0 %, 497 MiB, 81920 MiB
2026/06/10 09:49:53.839, 0 %, 0 MiB, 81920 MiB
2026/06/10 09:49:58.840, 0 %, 497 MiB, 81920 MiB
2026/06/10 09:49:58.840, 0 %, 0 MiB, 81920 MiB
2026/06/10 09:50:03.841, 0 %, 497 MiB, 81920 MiB
2026/06/10 09:50:03.841, 0 %, 0 MiB, 81920 MiB
2026/06/10 09:50:08.842, 0 %, 497 MiB, 81920 MiB
2026/06/10 09:50:08.842, 0 %, 0 MiB, 81920 MiB
2026/06/10 09:50:13.843, 0 %, 497 MiB, 81920 MiB
2026/06/10 09:50:13.843, 0 %, 0 MiB, 81920 MiB
2026/06/10 09:50:18.844, 0 %, 497 MiB, 81920 MiB
2026/06/10 09:50:18.844, 0 %, 0 MiB, 81920 MiB
2026/06/10 09:50:23.845, 0 %, 497 MiB, 81920 MiB
2026/06/10 09:50:23.845, 0 %, 0 MiB, 81920 MiB
2026/06/10 09:50:28.846, 0 %, 497 MiB, 81920 MiB
2026/06/10 09:50:28.846, 0 %, 0 MiB, 81920 MiB
2026/06/10 09:50:33.847, 0 %, 497 MiB, 81920 MiB
2026/06/10 09:50:33.848, 0 %, 0 MiB, 81920 MiB
2026/06/10 09:50:38.848, 0 %, 497 MiB, 81920 MiB
2026/06/10 09:50:38.848, 0 %, 0 MiB, 81920 MiB
2026/06/10 09:50:43.849, 0 %, 497 MiB, 81920 MiB
2026/06/10 09:50:43.850, 0 %, 0 MiB, 81920 MiB
2026/06/10 09:50:48.850, 0 %, 497 MiB, 81920 MiB
2026/06/10 09:50:48.851, 0 %, 0 MiB, 81920 MiB
2026/06/10 09:50:53.851, 0 %, 497 MiB, 81920 MiB
2026/06/10 09:50:53.851, 0 %, 0 MiB, 81920 MiB
2026/06/10 09:50:58.852, 0 %, 497 MiB, 81920 MiB
2026/06/10 09:50:58.852, 0 %, 0 MiB, 81920 MiB
2026/06/10 09:51:03.853, 0 %, 497 MiB, 81920 MiB
2026/06/10 09:51:03.853, 0 %, 0 MiB, 81920 MiB
2026/06/10 09:51:08.854, 0 %, 497 MiB, 81920 MiB
2026/06/10 09:51:08.854, 0 %, 0 MiB, 81920 MiB
2026/06/10 09:51:13.855, 0 %, 497 MiB, 81920 MiB
2026/06/10 09:51:13.855, 0 %, 0 MiB, 81920 MiB
2026/06/10 09:51:18.856, 0 %, 497 MiB, 81920 MiB
2026/06/10 09:51:18.856, 0 %, 0 MiB, 81920 MiB
2026/06/10 09:51:23.857, 0 %, 497 MiB, 81920 MiB
2026/06/10 09:51:23.857, 0 %, 0 MiB, 81920 MiB
2026/06/10 09:51:28.858, 0 %, 497 MiB, 81920 MiB
2026/06/10 09:51:28.859, 0 %, 0 MiB, 81920 MiB
2026/06/10 09:51:33.859, 16 %, 531 MiB, 81920 MiB
2026/06/10 09:51:33.859, 0 %, 0 MiB, 81920 MiB
2026/06/10 09:51:38.860, 16 %, 531 MiB, 81920 MiB
2026/06/10 09:51:38.860, 0 %, 0 MiB, 81920 MiB
2026/06/10 09:51:43.861, 0 %, 531 MiB, 81920 MiB
2026/06/10 09:51:43.861, 0 %, 0 MiB, 81920 MiB
2026/06/10 09:51:48.862, 0 %, 531 MiB, 81920 MiB
2026/06/10 09:51:48.862, 0 %, 0 MiB, 81920 MiB
2026/06/10 09:51:53.863, 0 %, 531 MiB, 81920 MiB
2026/06/10 09:51:53.863, 0 %, 0 MiB, 81920 MiB
2026/06/10 09:51:58.864, 0 %, 531 MiB, 81920 MiB
2026/06/10 09:51:58.864, 0 %, 0 MiB, 81920 MiB
2026/06/10 09:52:03.865, 0 %, 531 MiB, 81920 MiB
2026/06/10 09:52:03.865, 0 %, 0 MiB, 81920 MiB
2026/06/10 09:52:08.866, 0 %, 531 MiB, 81920 MiB
2026/06/10 09:52:08.866, 0 %, 0 MiB, 81920 MiB
2026/06/10 09:52:13.867, 0 %, 531 MiB, 81920 MiB
2026/06/10 09:52:13.867, 0 %, 0 MiB, 81920 MiB
2026/06/10 09:52:18.868, 0 %, 531 MiB, 81920 MiB
2026/06/10 09:52:18.868, 0 %, 0 MiB, 81920 MiB
2026/06/10 09:52:23.868, 0 %, 531 MiB, 81920 MiB
2026/06/10 09:52:23.869, 0 %, 0 MiB, 81920 MiB
2026/06/10 09:52:28.869, 0 %, 531 MiB, 81920 MiB
2026/06/10 09:52:28.870, 0 %, 0 MiB, 81920 MiB
2026/06/10 09:52:33.870, 0 %, 531 MiB, 81920 MiB
2026/06/10 09:52:33.870, 0 %, 0 MiB, 81920 MiB
2026/06/10 09:52:38.871, 0 %, 531 MiB, 81920 MiB
2026/06/10 09:52:38.871, 0 %, 0 MiB, 81920 MiB
2026/06/10 09:52:43.872, 0 %, 531 MiB, 81920 MiB
2026/06/10 09:52:43.872, 0 %, 0 MiB, 81920 MiB
2026/06/10 09:52:48.873, 0 %, 531 MiB, 81920 MiB
2026/06/10 09:52:48.873, 0 %, 0 MiB, 81920 MiB
2026/06/10 09:52:53.873, 0 %, 531 MiB, 81920 MiB
2026/06/10 09:52:53.873, 0 %, 0 MiB, 81920 MiB
2026/06/10 09:52:58.874, 0 %, 531 MiB, 81920 MiB
2026/06/10 09:52:58.874, 0 %, 0 MiB, 81920 MiB
2026/06/10 09:53:03.875, 0 %, 531 MiB, 81920 MiB
2026/06/10 09:53:03.875, 0 %, 0 MiB, 81920 MiB
2026/06/10 09:53:08.875, 0 %, 531 MiB, 81920 MiB
2026/06/10 09:53:08.875, 0 %, 0 MiB, 81920 MiB
2026/06/10 09:53:13.876, 0 %, 531 MiB, 81920 MiB
2026/06/10 09:53:13.876, 0 %, 0 MiB, 81920 MiB
2026/06/10 09:53:18.877, 0 %, 531 MiB, 81920 MiB
2026/06/10 09:53:18.877, 0 %, 0 MiB, 81920 MiB
2026/06/10 09:53:23.878, 0 %, 531 MiB, 81920 MiB
2026/06/10 09:53:23.878, 0 %, 0 MiB, 81920 MiB
2026/06/10 09:53:28.879, 0 %, 531 MiB, 81920 MiB
2026/06/10 09:53:28.879, 0 %, 0 MiB, 81920 MiB
2026/06/10 09:53:33.880, 0 %, 531 MiB, 81920 MiB
2026/06/10 09:53:33.880, 0 %, 0 MiB, 81920 MiB
2026/06/10 09:53:38.880, 0 %, 531 MiB, 81920 MiB
2026/06/10 09:53:38.881, 0 %, 0 MiB, 81920 MiB
2026/06/10 09:53:43.881, 0 %, 531 MiB, 81920 MiB
2026/06/10 09:53:43.882, 0 %, 0 MiB, 81920 MiB
2026/06/10 09:53:48.882, 0 %, 531 MiB, 81920 MiB
2026/06/10 09:53:48.882, 0 %, 0 MiB, 81920 MiB
2026/06/10 09:53:53.883, 0 %, 531 MiB, 81920 MiB
2026/06/10 09:53:53.883, 0 %, 0 MiB, 81920 MiB
2026/06/10 09:53:58.884, 0 %, 531 MiB, 81920 MiB
2026/06/10 09:53:58.884, 0 %, 0 MiB, 81920 MiB
2026/06/10 09:54:03.885, 0 %, 531 MiB, 81920 MiB
2026/06/10 09:54:03.885, 0 %, 0 MiB, 81920 MiB
2026/06/10 09:54:08.886, 0 %, 531 MiB, 81920 MiB
2026/06/10 09:54:08.886, 0 %, 0 MiB, 81920 MiB
2026/06/10 09:54:13.887, 0 %, 531 MiB, 81920 MiB
2026/06/10 09:54:13.887, 0 %, 0 MiB, 81920 MiB
2026/06/10 09:54:18.888, 0 %, 531 MiB, 81920 MiB
2026/06/10 09:54:18.888, 0 %, 0 MiB, 81920 MiB
2026/06/10 09:54:23.889, 0 %, 531 MiB, 81920 MiB
2026/06/10 09:54:23.889, 0 %, 0 MiB, 81920 MiB
2026/06/10 09:54:28.890, 0 %, 531 MiB, 81920 MiB
2026/06/10 09:54:28.890, 0 %, 0 MiB, 81920 MiB
2026/06/10 09:54:33.891, 0 %, 531 MiB, 81920 MiB
2026/06/10 09:54:33.891, 0 %, 0 MiB, 81920 MiB
2026/06/10 09:54:38.892, 0 %, 531 MiB, 81920 MiB
2026/06/10 09:54:38.892, 0 %, 0 MiB, 81920 MiB
2026/06/10 09:54:43.893, 0 %, 531 MiB, 81920 MiB
2026/06/10 09:54:43.893, 0 %, 0 MiB, 81920 MiB
2026/06/10 09:54:48.894, 0 %, 531 MiB, 81920 MiB
2026/06/10 09:54:48.894, 0 %, 0 MiB, 81920 MiB
2026/06/10 09:54:53.895, 0 %, 531 MiB, 81920 MiB
2026/06/10 09:54:53.895, 0 %, 0 MiB, 81920 MiB
2026/06/10 09:54:58.896, 0 %, 531 MiB, 81920 MiB
2026/06/10 09:54:58.896, 0 %, 0 MiB, 81920 MiB
2026/06/10 09:55:03.896, 0 %, 531 MiB, 81920 MiB
2026/06/10 09:55:03.896, 0 %, 0 MiB, 81920 MiB
2026/06/10 09:55:08.897, 0 %, 531 MiB, 81920 MiB
2026/06/10 09:55:08.897, 0 %, 0 MiB, 81920 MiB
2026/06/10 09:55:13.898, 0 %, 531 MiB, 81920 MiB
2026/06/10 09:55:13.898, 0 %, 0 MiB, 81920 MiB
2026/06/10 09:55:18.898, 0 %, 531 MiB, 81920 MiB
2026/06/10 09:55:18.899, 0 %, 0 MiB, 81920 MiB
2026/06/10 09:55:23.899, 0 %, 531 MiB, 81920 MiB
2026/06/10 09:55:23.899, 0 %, 0 MiB, 81920 MiB
2026/06/10 09:55:28.900, 0 %, 531 MiB, 81920 MiB
2026/06/10 09:55:28.900, 0 %, 0 MiB, 81920 MiB
2026/06/10 09:55:33.901, 0 %, 531 MiB, 81920 MiB
2026/06/10 09:55:33.901, 0 %, 0 MiB, 81920 MiB
2026/06/10 09:55:38.901, 0 %, 531 MiB, 81920 MiB
2026/06/10 09:55:38.901, 0 %, 0 MiB, 81920 MiB
2026/06/10 09:55:43.902, 0 %, 531 MiB, 81920 MiB
2026/06/10 09:55:43.902, 0 %, 0 MiB, 81920 MiB
2026/06/10 09:55:48.903, 0 %, 531 MiB, 81920 MiB
2026/06/10 09:55:48.903, 0 %, 0 MiB, 81920 MiB
2026/06/10 09:55:53.904, 0 %, 531 MiB, 81920 MiB
2026/06/10 09:55:53.904, 0 %, 0 MiB, 81920 MiB
2026/06/10 09:55:58.904, 0 %, 531 MiB, 81920 MiB
2026/06/10 09:55:58.904, 0 %, 0 MiB, 81920 MiB
2026/06/10 09:56:03.905, 0 %, 531 MiB, 81920 MiB
2026/06/10 09:56:03.905, 0 %, 0 MiB, 81920 MiB
2026/06/10 09:56:08.906, 0 %, 531 MiB, 81920 MiB
2026/06/10 09:56:08.906, 0 %, 0 MiB, 81920 MiB
2026/06/10 09:56:13.906, 0 %, 531 MiB, 81920 MiB
2026/06/10 09:56:13.907, 0 %, 0 MiB, 81920 MiB
2026/06/10 09:56:18.907, 0 %, 531 MiB, 81920 MiB
2026/06/10 09:56:18.907, 0 %, 0 MiB, 81920 MiB
2026/06/10 09:56:23.908, 0 %, 531 MiB, 81920 MiB
2026/06/10 09:56:23.908, 0 %, 0 MiB, 81920 MiB
2026/06/10 09:56:28.909, 0 %, 531 MiB, 81920 MiB
2026/06/10 09:56:28.909, 0 %, 0 MiB, 81920 MiB
2026/06/10 09:56:33.910, 0 %, 531 MiB, 81920 MiB
2026/06/10 09:56:33.910, 0 %, 0 MiB, 81920 MiB
2026/06/10 09:56:38.911, 0 %, 531 MiB, 81920 MiB
2026/06/10 09:56:38.911, 0 %, 0 MiB, 81920 MiB
2026/06/10 09:56:43.912, 0 %, 531 MiB, 81920 MiB
2026/06/10 09:56:43.912, 0 %, 0 MiB, 81920 MiB
2026/06/10 09:56:48.913, 0 %, 531 MiB, 81920 MiB
2026/06/10 09:56:48.913, 0 %, 0 MiB, 81920 MiB
2026/06/10 09:56:53.913, 0 %, 531 MiB, 81920 MiB
2026/06/10 09:56:53.914, 0 %, 0 MiB, 81920 MiB
2026/06/10 09:56:58.914, 0 %, 531 MiB, 81920 MiB
2026/06/10 09:56:58.914, 0 %, 0 MiB, 81920 MiB
2026/06/10 09:57:03.915, 0 %, 531 MiB, 81920 MiB
2026/06/10 09:57:03.915, 0 %, 0 MiB, 81920 MiB
2026/06/10 09:57:08.916, 0 %, 531 MiB, 81920 MiB
2026/06/10 09:57:08.916, 0 %, 0 MiB, 81920 MiB
2026/06/10 09:57:13.917, 0 %, 531 MiB, 81920 MiB
2026/06/10 09:57:13.917, 0 %, 0 MiB, 81920 MiB
2026/06/10 09:57:18.918, 0 %, 531 MiB, 81920 MiB
2026/06/10 09:57:18.918, 0 %, 0 MiB, 81920 MiB
2026/06/10 09:57:23.919, 0 %, 531 MiB, 81920 MiB
2026/06/10 09:57:23.919, 0 %, 0 MiB, 81920 MiB
2026/06/10 09:57:28.920, 0 %, 531 MiB, 81920 MiB
2026/06/10 09:57:28.920, 0 %, 0 MiB, 81920 MiB
2026/06/10 09:57:33.921, 0 %, 531 MiB, 81920 MiB
2026/06/10 09:57:33.921, 0 %, 0 MiB, 81920 MiB
2026/06/10 09:57:38.922, 0 %, 531 MiB, 81920 MiB
2026/06/10 09:57:38.922, 0 %, 0 MiB, 81920 MiB
2026/06/10 09:57:43.923, 0 %, 531 MiB, 81920 MiB
2026/06/10 09:57:43.923, 0 %, 0 MiB, 81920 MiB
2026/06/10 09:57:48.924, 0 %, 531 MiB, 81920 MiB
2026/06/10 09:57:48.924, 0 %, 0 MiB, 81920 MiB
2026/06/10 09:57:53.925, 0 %, 531 MiB, 81920 MiB
2026/06/10 09:57:53.925, 0 %, 0 MiB, 81920 MiB
2026/06/10 09:57:58.926, 0 %, 531 MiB, 81920 MiB
2026/06/10 09:57:58.926, 0 %, 0 MiB, 81920 MiB
2026/06/10 09:58:03.927, 0 %, 531 MiB, 81920 MiB
2026/06/10 09:58:03.927, 0 %, 0 MiB, 81920 MiB
2026/06/10 09:58:08.927, 0 %, 531 MiB, 81920 MiB
2026/06/10 09:58:08.928, 0 %, 0 MiB, 81920 MiB
2026/06/10 09:58:13.928, 0 %, 531 MiB, 81920 MiB
2026/06/10 09:58:13.929, 0 %, 0 MiB, 81920 MiB
2026/06/10 09:58:18.929, 0 %, 531 MiB, 81920 MiB
2026/06/10 09:58:18.930, 0 %, 0 MiB, 81920 MiB
2026/06/10 09:58:23.930, 0 %, 531 MiB, 81920 MiB
2026/06/10 09:58:23.931, 0 %, 0 MiB, 81920 MiB
2026/06/10 09:58:28.931, 0 %, 531 MiB, 81920 MiB
2026/06/10 09:58:28.931, 0 %, 0 MiB, 81920 MiB
2026/06/10 09:58:33.932, 0 %, 531 MiB, 81920 MiB
2026/06/10 09:58:33.932, 0 %, 0 MiB, 81920 MiB
2026/06/10 09:58:38.933, 0 %, 531 MiB, 81920 MiB
2026/06/10 09:58:38.933, 0 %, 0 MiB, 81920 MiB
2026/06/10 09:58:43.934, 0 %, 531 MiB, 81920 MiB
2026/06/10 09:58:43.934, 0 %, 0 MiB, 81920 MiB
2026/06/10 09:58:48.935, 0 %, 531 MiB, 81920 MiB
2026/06/10 09:58:48.935, 0 %, 0 MiB, 81920 MiB
2026/06/10 09:58:53.936, 0 %, 531 MiB, 81920 MiB
2026/06/10 09:58:53.936, 0 %, 0 MiB, 81920 MiB
2026/06/10 09:58:58.937, 0 %, 531 MiB, 81920 MiB
2026/06/10 09:58:58.937, 0 %, 0 MiB, 81920 MiB
2026/06/10 09:59:03.938, 0 %, 531 MiB, 81920 MiB
2026/06/10 09:59:03.938, 0 %, 0 MiB, 81920 MiB
2026/06/10 09:59:08.939, 0 %, 531 MiB, 81920 MiB
2026/06/10 09:59:08.939, 0 %, 0 MiB, 81920 MiB
2026/06/10 09:59:13.940, 0 %, 531 MiB, 81920 MiB
2026/06/10 09:59:13.940, 0 %, 0 MiB, 81920 MiB
2026/06/10 09:59:18.941, 0 %, 531 MiB, 81920 MiB
2026/06/10 09:59:18.941, 0 %, 0 MiB, 81920 MiB
2026/06/10 09:59:23.942, 0 %, 531 MiB, 81920 MiB
2026/06/10 09:59:23.942, 0 %, 0 MiB, 81920 MiB
2026/06/10 09:59:28.942, 0 %, 531 MiB, 81920 MiB
2026/06/10 09:59:28.943, 0 %, 0 MiB, 81920 MiB
2026/06/10 09:59:33.943, 0 %, 531 MiB, 81920 MiB
2026/06/10 09:59:33.944, 0 %, 0 MiB, 81920 MiB
2026/06/10 09:59:38.944, 0 %, 531 MiB, 81920 MiB
2026/06/10 09:59:38.944, 0 %, 0 MiB, 81920 MiB
2026/06/10 09:59:43.945, 0 %, 531 MiB, 81920 MiB
2026/06/10 09:59:43.945, 0 %, 0 MiB, 81920 MiB
2026/06/10 09:59:48.946, 0 %, 531 MiB, 81920 MiB
2026/06/10 09:59:48.946, 0 %, 0 MiB, 81920 MiB
2026/06/10 09:59:53.947, 0 %, 531 MiB, 81920 MiB
2026/06/10 09:59:53.947, 0 %, 0 MiB, 81920 MiB
2026/06/10 09:59:58.948, 0 %, 531 MiB, 81920 MiB
2026/06/10 09:59:58.948, 0 %, 0 MiB, 81920 MiB
2026/06/10 10:00:03.949, 0 %, 531 MiB, 81920 MiB
2026/06/10 10:00:03.949, 0 %, 0 MiB, 81920 MiB
2026/06/10 10:00:08.949, 0 %, 531 MiB, 81920 MiB
2026/06/10 10:00:08.950, 0 %, 0 MiB, 81920 MiB
2026/06/10 10:00:13.950, 0 %, 531 MiB, 81920 MiB
2026/06/10 10:00:13.950, 0 %, 0 MiB, 81920 MiB
2026/06/10 10:00:18.951, 0 %, 531 MiB, 81920 MiB
2026/06/10 10:00:18.951, 0 %, 0 MiB, 81920 MiB
2026/06/10 10:00:23.952, 0 %, 531 MiB, 81920 MiB
2026/06/10 10:00:23.952, 0 %, 0 MiB, 81920 MiB
2026/06/10 10:00:28.952, 0 %, 531 MiB, 81920 MiB
2026/06/10 10:00:28.952, 0 %, 0 MiB, 81920 MiB
2026/06/10 10:00:33.953, 0 %, 531 MiB, 81920 MiB
2026/06/10 10:00:33.953, 0 %, 0 MiB, 81920 MiB
2026/06/10 10:00:38.954, 0 %, 531 MiB, 81920 MiB
2026/06/10 10:00:38.954, 0 %, 0 MiB, 81920 MiB
2026/06/10 10:00:43.954, 0 %, 531 MiB, 81920 MiB
2026/06/10 10:00:43.955, 0 %, 0 MiB, 81920 MiB
2026/06/10 10:00:48.955, 0 %, 531 MiB, 81920 MiB
2026/06/10 10:00:48.955, 0 %, 0 MiB, 81920 MiB
2026/06/10 10:00:53.956, 0 %, 531 MiB, 81920 MiB
2026/06/10 10:00:53.956, 0 %, 0 MiB, 81920 MiB
2026/06/10 10:00:58.956, 0 %, 531 MiB, 81920 MiB
2026/06/10 10:00:58.957, 0 %, 0 MiB, 81920 MiB
2026/06/10 10:01:03.957, 0 %, 531 MiB, 81920 MiB
2026/06/10 10:01:03.957, 0 %, 0 MiB, 81920 MiB
2026/06/10 10:01:08.958, 0 %, 531 MiB, 81920 MiB
2026/06/10 10:01:08.958, 0 %, 0 MiB, 81920 MiB
2026/06/10 10:01:13.959, 0 %, 531 MiB, 81920 MiB
2026/06/10 10:01:13.959, 0 %, 0 MiB, 81920 MiB
2026/06/10 10:01:18.959, 0 %, 531 MiB, 81920 MiB
2026/06/10 10:01:18.959, 0 %, 0 MiB, 81920 MiB
2026/06/10 10:01:23.960, 0 %, 531 MiB, 81920 MiB
2026/06/10 10:01:23.960, 0 %, 0 MiB, 81920 MiB
2026/06/10 10:01:28.961, 0 %, 531 MiB, 81920 MiB
2026/06/10 10:01:28.961, 0 %, 0 MiB, 81920 MiB
2026/06/10 10:01:33.962, 0 %, 531 MiB, 81920 MiB
2026/06/10 10:01:33.962, 0 %, 0 MiB, 81920 MiB
2026/06/10 10:01:38.962, 0 %, 531 MiB, 81920 MiB
2026/06/10 10:01:38.962, 0 %, 0 MiB, 81920 MiB
2026/06/10 10:01:43.963, 0 %, 531 MiB, 81920 MiB
2026/06/10 10:01:43.963, 0 %, 0 MiB, 81920 MiB
2026/06/10 10:01:48.964, 0 %, 531 MiB, 81920 MiB
2026/06/10 10:01:48.964, 0 %, 0 MiB, 81920 MiB
2026/06/10 10:01:53.965, 0 %, 497 MiB, 81920 MiB
2026/06/10 10:01:53.965, 0 %, 0 MiB, 81920 MiB
2026/06/10 10:01:58.965, 0 %, 497 MiB, 81920 MiB
2026/06/10 10:01:58.966, 0 %, 0 MiB, 81920 MiB
2026/06/10 10:02:03.966, 0 %, 497 MiB, 81920 MiB
2026/06/10 10:02:03.966, 0 %, 0 MiB, 81920 MiB
2026/06/10 10:02:08.967, 0 %, 497 MiB, 81920 MiB
2026/06/10 10:02:08.967, 0 %, 0 MiB, 81920 MiB
2026/06/10 10:02:13.968, 0 %, 497 MiB, 81920 MiB
2026/06/10 10:02:13.968, 0 %, 0 MiB, 81920 MiB
2026/06/10 10:02:18.969, 0 %, 497 MiB, 81920 MiB
2026/06/10 10:02:18.969, 0 %, 0 MiB, 81920 MiB
2026/06/10 10:02:23.970, 0 %, 497 MiB, 81920 MiB
2026/06/10 10:02:23.970, 0 %, 0 MiB, 81920 MiB
2026/06/10 10:02:28.971, 0 %, 497 MiB, 81920 MiB
2026/06/10 10:02:28.971, 0 %, 0 MiB, 81920 MiB
2026/06/10 10:02:33.972, 0 %, 497 MiB, 81920 MiB
2026/06/10 10:02:33.972, 0 %, 0 MiB, 81920 MiB
2026/06/10 10:02:38.973, 0 %, 497 MiB, 81920 MiB
2026/06/10 10:02:38.973, 0 %, 0 MiB, 81920 MiB
2026/06/10 10:02:43.974, 0 %, 497 MiB, 81920 MiB
2026/06/10 10:02:43.974, 0 %, 0 MiB, 81920 MiB
2026/06/10 10:02:48.974, 0 %, 497 MiB, 81920 MiB
2026/06/10 10:02:48.975, 0 %, 0 MiB, 81920 MiB
2026/06/10 10:02:53.975, 0 %, 497 MiB, 81920 MiB
2026/06/10 10:02:53.975, 0 %, 0 MiB, 81920 MiB
2026/06/10 10:02:58.995, 0 %, 497 MiB, 81920 MiB
2026/06/10 10:02:58.996, 0 %, 0 MiB, 81920 MiB
2026/06/10 10:03:03.997, 0 %, 497 MiB, 81920 MiB
2026/06/10 10:03:03.997, 0 %, 0 MiB, 81920 MiB
2026/06/10 10:03:08.998, 0 %, 497 MiB, 81920 MiB
2026/06/10 10:03:08.998, 0 %, 0 MiB, 81920 MiB
2026/06/10 10:03:13.999, 0 %, 497 MiB, 81920 MiB
2026/06/10 10:03:13.999, 0 %, 0 MiB, 81920 MiB
2026/06/10 10:03:19.000, 0 %, 497 MiB, 81920 MiB
2026/06/10 10:03:19.000, 0 %, 0 MiB, 81920 MiB
2026/06/10 10:03:24.001, 0 %, 497 MiB, 81920 MiB
2026/06/10 10:03:24.001, 0 %, 0 MiB, 81920 MiB
2026/06/10 10:03:29.002, 0 %, 497 MiB, 81920 MiB
2026/06/10 10:03:29.002, 0 %, 0 MiB, 81920 MiB
2026/06/10 10:03:34.003, 0 %, 497 MiB, 81920 MiB
2026/06/10 10:03:34.003, 0 %, 0 MiB, 81920 MiB
2026/06/10 10:03:39.004, 0 %, 497 MiB, 81920 MiB
2026/06/10 10:03:39.004, 0 %, 0 MiB, 81920 MiB
2026/06/10 10:03:44.005, 0 %, 497 MiB, 81920 MiB
2026/06/10 10:03:44.005, 0 %, 0 MiB, 81920 MiB
2026/06/10 10:03:49.006, 0 %, 497 MiB, 81920 MiB
2026/06/10 10:03:49.006, 0 %, 0 MiB, 81920 MiB
2026/06/10 10:03:54.007, 0 %, 497 MiB, 81920 MiB
2026/06/10 10:03:54.007, 0 %, 0 MiB, 81920 MiB
2026/06/10 10:03:59.008, 0 %, 497 MiB, 81920 MiB
2026/06/10 10:03:59.008, 0 %, 0 MiB, 81920 MiB
2026/06/10 10:04:04.009, 0 %, 497 MiB, 81920 MiB
2026/06/10 10:04:04.009, 0 %, 0 MiB, 81920 MiB
2026/06/10 10:04:09.010, 0 %, 497 MiB, 81920 MiB
2026/06/10 10:04:09.010, 0 %, 0 MiB, 81920 MiB
2026/06/10 10:04:14.011, 0 %, 497 MiB, 81920 MiB
2026/06/10 10:04:14.011, 0 %, 0 MiB, 81920 MiB
2026/06/10 10:04:19.012, 0 %, 497 MiB, 81920 MiB
2026/06/10 10:04:19.012, 0 %, 0 MiB, 81920 MiB
2026/06/10 10:04:24.013, 0 %, 497 MiB, 81920 MiB
2026/06/10 10:04:24.013, 0 %, 0 MiB, 81920 MiB
2026/06/10 10:04:29.014, 0 %, 497 MiB, 81920 MiB
2026/06/10 10:04:29.014, 0 %, 0 MiB, 81920 MiB
2026/06/10 10:04:34.015, 0 %, 497 MiB, 81920 MiB
2026/06/10 10:04:34.015, 0 %, 0 MiB, 81920 MiB
2026/06/10 10:04:39.016, 0 %, 497 MiB, 81920 MiB
2026/06/10 10:04:39.016, 0 %, 0 MiB, 81920 MiB
2026/06/10 10:04:44.018, 0 %, 497 MiB, 81920 MiB
2026/06/10 10:04:44.018, 0 %, 0 MiB, 81920 MiB
2026/06/10 10:04:49.019, 0 %, 497 MiB, 81920 MiB
2026/06/10 10:04:49.019, 0 %, 0 MiB, 81920 MiB
2026/06/10 10:04:54.020, 0 %, 497 MiB, 81920 MiB
2026/06/10 10:04:54.020, 0 %, 0 MiB, 81920 MiB
2026/06/10 10:04:59.021, 0 %, 497 MiB, 81920 MiB
2026/06/10 10:04:59.021, 0 %, 0 MiB, 81920 MiB
2026/06/10 10:05:04.021, 18 %, 531 MiB, 81920 MiB
2026/06/10 10:05:04.022, 0 %, 0 MiB, 81920 MiB
2026/06/10 10:05:09.022, 15 %, 531 MiB, 81920 MiB
2026/06/10 10:05:09.023, 0 %, 0 MiB, 81920 MiB
2026/06/10 10:05:14.023, 0 %, 531 MiB, 81920 MiB
2026/06/10 10:05:14.023, 0 %, 0 MiB, 81920 MiB
2026/06/10 10:05:19.024, 0 %, 531 MiB, 81920 MiB
2026/06/10 10:05:19.024, 0 %, 0 MiB, 81920 MiB
2026/06/10 10:05:24.025, 0 %, 531 MiB, 81920 MiB
2026/06/10 10:05:24.025, 0 %, 0 MiB, 81920 MiB
2026/06/10 10:05:29.026, 0 %, 531 MiB, 81920 MiB
2026/06/10 10:05:29.026, 0 %, 0 MiB, 81920 MiB
2026/06/10 10:05:34.027, 0 %, 531 MiB, 81920 MiB
2026/06/10 10:05:34.027, 0 %, 0 MiB, 81920 MiB
2026/06/10 10:05:39.028, 0 %, 531 MiB, 81920 MiB
2026/06/10 10:05:39.028, 0 %, 0 MiB, 81920 MiB
2026/06/10 10:05:44.029, 0 %, 531 MiB, 81920 MiB
2026/06/10 10:05:44.029, 0 %, 0 MiB, 81920 MiB
2026/06/10 10:05:49.030, 0 %, 531 MiB, 81920 MiB
2026/06/10 10:05:49.030, 0 %, 0 MiB, 81920 MiB
2026/06/10 10:05:54.031, 0 %, 531 MiB, 81920 MiB
2026/06/10 10:05:54.031, 0 %, 0 MiB, 81920 MiB
2026/06/10 10:05:59.032, 0 %, 531 MiB, 81920 MiB
2026/06/10 10:05:59.032, 0 %, 0 MiB, 81920 MiB
2026/06/10 10:06:04.033, 0 %, 531 MiB, 81920 MiB
2026/06/10 10:06:04.033, 0 %, 0 MiB, 81920 MiB
2026/06/10 10:06:09.034, 0 %, 531 MiB, 81920 MiB
2026/06/10 10:06:09.034, 0 %, 0 MiB, 81920 MiB
2026/06/10 10:06:14.035, 0 %, 531 MiB, 81920 MiB
2026/06/10 10:06:14.035, 0 %, 0 MiB, 81920 MiB
2026/06/10 10:06:19.036, 0 %, 531 MiB, 81920 MiB
2026/06/10 10:06:19.036, 0 %, 0 MiB, 81920 MiB
2026/06/10 10:06:24.037, 0 %, 531 MiB, 81920 MiB
2026/06/10 10:06:24.037, 0 %, 0 MiB, 81920 MiB
2026/06/10 10:06:29.038, 0 %, 531 MiB, 81920 MiB
2026/06/10 10:06:29.038, 0 %, 0 MiB, 81920 MiB
2026/06/10 10:06:34.038, 0 %, 531 MiB, 81920 MiB
2026/06/10 10:06:34.039, 0 %, 0 MiB, 81920 MiB
2026/06/10 10:06:39.039, 0 %, 531 MiB, 81920 MiB
2026/06/10 10:06:39.040, 0 %, 0 MiB, 81920 MiB
2026/06/10 10:06:44.040, 0 %, 531 MiB, 81920 MiB
2026/06/10 10:06:44.040, 0 %, 0 MiB, 81920 MiB
2026/06/10 10:06:49.041, 0 %, 531 MiB, 81920 MiB
2026/06/10 10:06:49.041, 0 %, 0 MiB, 81920 MiB
2026/06/10 10:06:54.042, 0 %, 531 MiB, 81920 MiB
2026/06/10 10:06:54.042, 0 %, 0 MiB, 81920 MiB
2026/06/10 10:06:59.043, 0 %, 531 MiB, 81920 MiB
2026/06/10 10:06:59.043, 0 %, 0 MiB, 81920 MiB
2026/06/10 10:07:04.044, 0 %, 531 MiB, 81920 MiB
2026/06/10 10:07:04.044, 0 %, 0 MiB, 81920 MiB
2026/06/10 10:07:09.045, 0 %, 531 MiB, 81920 MiB
2026/06/10 10:07:09.045, 0 %, 0 MiB, 81920 MiB
2026/06/10 10:07:14.046, 0 %, 531 MiB, 81920 MiB
2026/06/10 10:07:14.046, 0 %, 0 MiB, 81920 MiB
2026/06/10 10:07:19.046, 0 %, 531 MiB, 81920 MiB
2026/06/10 10:07:19.046, 0 %, 0 MiB, 81920 MiB
2026/06/10 10:07:24.047, 0 %, 531 MiB, 81920 MiB
2026/06/10 10:07:24.047, 0 %, 0 MiB, 81920 MiB
2026/06/10 10:07:29.048, 0 %, 531 MiB, 81920 MiB
2026/06/10 10:07:29.048, 0 %, 0 MiB, 81920 MiB
2026/06/10 10:07:34.049, 0 %, 531 MiB, 81920 MiB
2026/06/10 10:07:34.049, 0 %, 0 MiB, 81920 MiB
2026/06/10 10:07:39.050, 0 %, 531 MiB, 81920 MiB
2026/06/10 10:07:39.050, 0 %, 0 MiB, 81920 MiB
2026/06/10 10:07:44.051, 0 %, 531 MiB, 81920 MiB
2026/06/10 10:07:44.051, 0 %, 0 MiB, 81920 MiB
2026/06/10 10:07:49.052, 0 %, 531 MiB, 81920 MiB
2026/06/10 10:07:49.052, 0 %, 0 MiB, 81920 MiB
2026/06/10 10:07:54.053, 0 %, 531 MiB, 81920 MiB
2026/06/10 10:07:54.053, 0 %, 0 MiB, 81920 MiB
2026/06/10 10:07:59.054, 0 %, 531 MiB, 81920 MiB
2026/06/10 10:07:59.054, 0 %, 0 MiB, 81920 MiB
2026/06/10 10:08:04.054, 0 %, 531 MiB, 81920 MiB
2026/06/10 10:08:04.055, 0 %, 0 MiB, 81920 MiB
2026/06/10 10:08:09.055, 0 %, 531 MiB, 81920 MiB
2026/06/10 10:08:09.056, 0 %, 0 MiB, 81920 MiB
2026/06/10 10:08:14.056, 0 %, 531 MiB, 81920 MiB
2026/06/10 10:08:14.056, 0 %, 0 MiB, 81920 MiB
2026/06/10 10:08:19.057, 0 %, 531 MiB, 81920 MiB
2026/06/10 10:08:19.057, 0 %, 0 MiB, 81920 MiB
2026/06/10 10:08:24.058, 0 %, 531 MiB, 81920 MiB
2026/06/10 10:08:24.058, 0 %, 0 MiB, 81920 MiB
2026/06/10 10:08:29.059, 0 %, 531 MiB, 81920 MiB
2026/06/10 10:08:29.059, 0 %, 0 MiB, 81920 MiB
2026/06/10 10:08:34.060, 0 %, 531 MiB, 81920 MiB
2026/06/10 10:08:34.060, 0 %, 0 MiB, 81920 MiB
2026/06/10 10:08:39.061, 0 %, 531 MiB, 81920 MiB
2026/06/10 10:08:39.061, 0 %, 0 MiB, 81920 MiB
2026/06/10 10:08:44.062, 0 %, 531 MiB, 81920 MiB
2026/06/10 10:08:44.062, 0 %, 0 MiB, 81920 MiB
2026/06/10 10:08:49.063, 0 %, 531 MiB, 81920 MiB
2026/06/10 10:08:49.063, 0 %, 0 MiB, 81920 MiB
2026/06/10 10:08:54.063, 0 %, 531 MiB, 81920 MiB
2026/06/10 10:08:54.063, 0 %, 0 MiB, 81920 MiB
2026/06/10 10:08:59.064, 0 %, 531 MiB, 81920 MiB
2026/06/10 10:08:59.064, 0 %, 0 MiB, 81920 MiB
2026/06/10 10:09:04.065, 0 %, 531 MiB, 81920 MiB
2026/06/10 10:09:04.065, 0 %, 0 MiB, 81920 MiB
2026/06/10 10:09:09.066, 0 %, 531 MiB, 81920 MiB
2026/06/10 10:09:09.066, 0 %, 0 MiB, 81920 MiB
2026/06/10 10:09:14.067, 0 %, 531 MiB, 81920 MiB
2026/06/10 10:09:14.067, 0 %, 0 MiB, 81920 MiB
2026/06/10 10:09:19.068, 0 %, 531 MiB, 81920 MiB
2026/06/10 10:09:19.068, 0 %, 0 MiB, 81920 MiB
2026/06/10 10:09:24.069, 0 %, 531 MiB, 81920 MiB
2026/06/10 10:09:24.069, 0 %, 0 MiB, 81920 MiB
2026/06/10 10:09:29.070, 0 %, 531 MiB, 81920 MiB
2026/06/10 10:09:29.070, 0 %, 0 MiB, 81920 MiB
2026/06/10 10:09:34.071, 0 %, 531 MiB, 81920 MiB
2026/06/10 10:09:34.071, 0 %, 0 MiB, 81920 MiB
2026/06/10 10:09:39.071, 0 %, 531 MiB, 81920 MiB
2026/06/10 10:09:39.072, 0 %, 0 MiB, 81920 MiB
2026/06/10 10:09:44.072, 0 %, 531 MiB, 81920 MiB
2026/06/10 10:09:44.072, 0 %, 0 MiB, 81920 MiB
2026/06/10 10:09:49.073, 0 %, 531 MiB, 81920 MiB
2026/06/10 10:09:49.073, 0 %, 0 MiB, 81920 MiB
2026/06/10 10:09:54.074, 0 %, 531 MiB, 81920 MiB
2026/06/10 10:09:54.074, 0 %, 0 MiB, 81920 MiB
2026/06/10 10:09:59.075, 0 %, 531 MiB, 81920 MiB
2026/06/10 10:09:59.075, 0 %, 0 MiB, 81920 MiB
2026/06/10 10:10:04.076, 0 %, 531 MiB, 81920 MiB
2026/06/10 10:10:04.076, 0 %, 0 MiB, 81920 MiB
2026/06/10 10:10:09.077, 0 %, 531 MiB, 81920 MiB
2026/06/10 10:10:09.077, 0 %, 0 MiB, 81920 MiB
2026/06/10 10:10:14.078, 0 %, 531 MiB, 81920 MiB
2026/06/10 10:10:14.078, 0 %, 0 MiB, 81920 MiB
2026/06/10 10:10:19.079, 0 %, 531 MiB, 81920 MiB
2026/06/10 10:10:19.079, 0 %, 0 MiB, 81920 MiB
2026/06/10 10:10:24.079, 0 %, 531 MiB, 81920 MiB
2026/06/10 10:10:24.080, 0 %, 0 MiB, 81920 MiB
2026/06/10 10:10:29.080, 0 %, 531 MiB, 81920 MiB
2026/06/10 10:10:29.080, 0 %, 0 MiB, 81920 MiB
2026/06/10 10:10:34.081, 0 %, 531 MiB, 81920 MiB
2026/06/10 10:10:34.081, 0 %, 0 MiB, 81920 MiB
2026/06/10 10:10:39.082, 0 %, 531 MiB, 81920 MiB
2026/06/10 10:10:39.082, 0 %, 0 MiB, 81920 MiB
2026/06/10 10:10:44.083, 0 %, 531 MiB, 81920 MiB
2026/06/10 10:10:44.083, 0 %, 0 MiB, 81920 MiB
2026/06/10 10:10:49.084, 0 %, 531 MiB, 81920 MiB
2026/06/10 10:10:49.084, 0 %, 0 MiB, 81920 MiB
2026/06/10 10:10:54.085, 0 %, 531 MiB, 81920 MiB
2026/06/10 10:10:54.085, 0 %, 0 MiB, 81920 MiB
2026/06/10 10:10:59.086, 0 %, 531 MiB, 81920 MiB
2026/06/10 10:10:59.086, 0 %, 0 MiB, 81920 MiB
2026/06/10 10:11:04.086, 0 %, 531 MiB, 81920 MiB
2026/06/10 10:11:04.087, 0 %, 0 MiB, 81920 MiB
2026/06/10 10:11:09.087, 0 %, 531 MiB, 81920 MiB
2026/06/10 10:11:09.087, 0 %, 0 MiB, 81920 MiB
2026/06/10 10:11:14.088, 0 %, 531 MiB, 81920 MiB
2026/06/10 10:11:14.088, 0 %, 0 MiB, 81920 MiB
2026/06/10 10:11:19.089, 0 %, 531 MiB, 81920 MiB
2026/06/10 10:11:19.089, 0 %, 0 MiB, 81920 MiB
2026/06/10 10:11:24.090, 0 %, 531 MiB, 81920 MiB
2026/06/10 10:11:24.090, 0 %, 0 MiB, 81920 MiB
2026/06/10 10:11:29.091, 0 %, 531 MiB, 81920 MiB
2026/06/10 10:11:29.091, 0 %, 0 MiB, 81920 MiB
2026/06/10 10:11:34.092, 0 %, 531 MiB, 81920 MiB
2026/06/10 10:11:34.092, 0 %, 0 MiB, 81920 MiB
2026/06/10 10:11:39.093, 0 %, 531 MiB, 81920 MiB
2026/06/10 10:11:39.093, 0 %, 0 MiB, 81920 MiB
2026/06/10 10:11:44.094, 0 %, 531 MiB, 81920 MiB
2026/06/10 10:11:44.094, 0 %, 0 MiB, 81920 MiB
2026/06/10 10:11:49.095, 0 %, 531 MiB, 81920 MiB
2026/06/10 10:11:49.095, 0 %, 0 MiB, 81920 MiB
2026/06/10 10:11:54.095, 0 %, 531 MiB, 81920 MiB
2026/06/10 10:11:54.095, 0 %, 0 MiB, 81920 MiB
2026/06/10 10:11:59.096, 0 %, 531 MiB, 81920 MiB
2026/06/10 10:11:59.096, 0 %, 0 MiB, 81920 MiB
2026/06/10 10:12:04.097, 0 %, 531 MiB, 81920 MiB
2026/06/10 10:12:04.097, 0 %, 0 MiB, 81920 MiB
2026/06/10 10:12:09.098, 0 %, 531 MiB, 81920 MiB
2026/06/10 10:12:09.098, 0 %, 0 MiB, 81920 MiB
2026/06/10 10:12:14.099, 0 %, 531 MiB, 81920 MiB
2026/06/10 10:12:14.099, 0 %, 0 MiB, 81920 MiB
2026/06/10 10:12:19.100, 0 %, 531 MiB, 81920 MiB
2026/06/10 10:12:19.100, 0 %, 0 MiB, 81920 MiB
2026/06/10 10:12:24.101, 0 %, 531 MiB, 81920 MiB
2026/06/10 10:12:24.101, 0 %, 0 MiB, 81920 MiB
2026/06/10 10:12:29.102, 0 %, 531 MiB, 81920 MiB
2026/06/10 10:12:29.102, 0 %, 0 MiB, 81920 MiB
2026/06/10 10:12:34.102, 0 %, 531 MiB, 81920 MiB
2026/06/10 10:12:34.103, 0 %, 0 MiB, 81920 MiB
2026/06/10 10:12:39.103, 0 %, 531 MiB, 81920 MiB
2026/06/10 10:12:39.103, 0 %, 0 MiB, 81920 MiB
2026/06/10 10:12:44.104, 0 %, 531 MiB, 81920 MiB
2026/06/10 10:12:44.104, 0 %, 0 MiB, 81920 MiB
2026/06/10 10:12:49.105, 0 %, 531 MiB, 81920 MiB
2026/06/10 10:12:49.105, 0 %, 0 MiB, 81920 MiB
2026/06/10 10:12:54.106, 0 %, 531 MiB, 81920 MiB
2026/06/10 10:12:54.106, 0 %, 0 MiB, 81920 MiB
2026/06/10 10:12:59.107, 0 %, 531 MiB, 81920 MiB
2026/06/10 10:12:59.107, 0 %, 0 MiB, 81920 MiB
2026/06/10 10:13:04.108, 0 %, 531 MiB, 81920 MiB
2026/06/10 10:13:04.108, 0 %, 0 MiB, 81920 MiB
2026/06/10 10:13:09.109, 0 %, 531 MiB, 81920 MiB
2026/06/10 10:13:09.109, 0 %, 0 MiB, 81920 MiB
2026/06/10 10:13:14.110, 0 %, 531 MiB, 81920 MiB
2026/06/10 10:13:14.110, 0 %, 0 MiB, 81920 MiB
2026/06/10 10:13:19.111, 0 %, 531 MiB, 81920 MiB
2026/06/10 10:13:19.111, 0 %, 0 MiB, 81920 MiB
2026/06/10 10:13:24.111, 0 %, 531 MiB, 81920 MiB
2026/06/10 10:13:24.112, 0 %, 0 MiB, 81920 MiB
2026/06/10 10:13:29.112, 0 %, 531 MiB, 81920 MiB
2026/06/10 10:13:29.112, 0 %, 0 MiB, 81920 MiB
2026/06/10 10:13:34.113, 0 %, 531 MiB, 81920 MiB
2026/06/10 10:13:34.113, 0 %, 0 MiB, 81920 MiB
2026/06/10 10:13:39.114, 0 %, 531 MiB, 81920 MiB
2026/06/10 10:13:39.114, 0 %, 0 MiB, 81920 MiB
2026/06/10 10:13:44.115, 0 %, 531 MiB, 81920 MiB
2026/06/10 10:13:44.115, 0 %, 0 MiB, 81920 MiB
2026/06/10 10:13:49.116, 0 %, 531 MiB, 81920 MiB
2026/06/10 10:13:49.116, 0 %, 0 MiB, 81920 MiB
2026/06/10 10:13:54.117, 0 %, 531 MiB, 81920 MiB
2026/06/10 10:13:54.117, 0 %, 0 MiB, 81920 MiB
2026/06/10 10:13:59.118, 0 %, 531 MiB, 81920 MiB
2026/06/10 10:13:59.118, 0 %, 0 MiB, 81920 MiB
2026/06/10 10:14:04.119, 0 %, 531 MiB, 81920 MiB
2026/06/10 10:14:04.119, 0 %, 0 MiB, 81920 MiB
2026/06/10 10:14:09.119, 0 %, 531 MiB, 81920 MiB
2026/06/10 10:14:09.120, 0 %, 0 MiB, 81920 MiB
2026/06/10 10:14:14.120, 0 %, 531 MiB, 81920 MiB
2026/06/10 10:14:14.120, 0 %, 0 MiB, 81920 MiB
2026/06/10 10:14:19.121, 0 %, 531 MiB, 81920 MiB
2026/06/10 10:14:19.121, 0 %, 0 MiB, 81920 MiB
2026/06/10 10:14:24.122, 0 %, 531 MiB, 81920 MiB
2026/06/10 10:14:24.122, 0 %, 0 MiB, 81920 MiB
2026/06/10 10:14:29.123, 0 %, 531 MiB, 81920 MiB
2026/06/10 10:14:29.123, 0 %, 0 MiB, 81920 MiB
2026/06/10 10:14:34.124, 0 %, 531 MiB, 81920 MiB
2026/06/10 10:14:34.124, 0 %, 0 MiB, 81920 MiB
2026/06/10 10:14:39.125, 0 %, 531 MiB, 81920 MiB
2026/06/10 10:14:39.125, 0 %, 0 MiB, 81920 MiB
2026/06/10 10:14:44.126, 0 %, 531 MiB, 81920 MiB
2026/06/10 10:14:44.126, 0 %, 0 MiB, 81920 MiB
2026/06/10 10:14:49.126, 0 %, 531 MiB, 81920 MiB
2026/06/10 10:14:49.127, 0 %, 0 MiB, 81920 MiB
2026/06/10 10:14:54.127, 0 %, 531 MiB, 81920 MiB
2026/06/10 10:14:54.128, 0 %, 0 MiB, 81920 MiB
2026/06/10 10:14:59.128, 0 %, 531 MiB, 81920 MiB
2026/06/10 10:14:59.128, 0 %, 0 MiB, 81920 MiB
2026/06/10 10:15:04.129, 0 %, 531 MiB, 81920 MiB
2026/06/10 10:15:04.129, 0 %, 0 MiB, 81920 MiB
2026/06/10 10:15:09.130, 0 %, 531 MiB, 81920 MiB
2026/06/10 10:15:09.130, 0 %, 0 MiB, 81920 MiB
2026/06/10 10:15:14.131, 0 %, 531 MiB, 81920 MiB
2026/06/10 10:15:14.131, 0 %, 0 MiB, 81920 MiB
2026/06/10 10:15:19.132, 0 %, 531 MiB, 81920 MiB
2026/06/10 10:15:19.132, 0 %, 0 MiB, 81920 MiB
2026/06/10 10:15:24.133, 0 %, 497 MiB, 81920 MiB
2026/06/10 10:15:24.133, 0 %, 0 MiB, 81920 MiB
2026/06/10 10:15:29.134, 0 %, 497 MiB, 81920 MiB
2026/06/10 10:15:29.134, 0 %, 0 MiB, 81920 MiB
2026/06/10 10:15:34.134, 0 %, 497 MiB, 81920 MiB
2026/06/10 10:15:34.134, 0 %, 0 MiB, 81920 MiB
2026/06/10 10:15:39.135, 0 %, 497 MiB, 81920 MiB
2026/06/10 10:15:39.135, 0 %, 0 MiB, 81920 MiB
2026/06/10 10:15:44.136, 0 %, 497 MiB, 81920 MiB
2026/06/10 10:15:44.136, 0 %, 0 MiB, 81920 MiB
2026/06/10 10:15:49.137, 0 %, 497 MiB, 81920 MiB
2026/06/10 10:15:49.137, 0 %, 0 MiB, 81920 MiB
2026/06/10 10:15:54.138, 0 %, 497 MiB, 81920 MiB
2026/06/10 10:15:54.138, 0 %, 0 MiB, 81920 MiB
2026/06/10 10:15:59.139, 0 %, 497 MiB, 81920 MiB
2026/06/10 10:15:59.139, 0 %, 0 MiB, 81920 MiB
2026/06/10 10:16:04.139, 0 %, 497 MiB, 81920 MiB
2026/06/10 10:16:04.140, 0 %, 0 MiB, 81920 MiB
2026/06/10 10:16:09.140, 0 %, 497 MiB, 81920 MiB
2026/06/10 10:16:09.140, 0 %, 0 MiB, 81920 MiB
2026/06/10 10:16:14.142, 0 %, 497 MiB, 81920 MiB
2026/06/10 10:16:14.142, 0 %, 0 MiB, 81920 MiB
2026/06/10 10:16:19.142, 0 %, 497 MiB, 81920 MiB
2026/06/10 10:16:19.143, 0 %, 0 MiB, 81920 MiB
2026/06/10 10:16:24.143, 0 %, 497 MiB, 81920 MiB
2026/06/10 10:16:24.143, 0 %, 0 MiB, 81920 MiB
2026/06/10 10:16:29.144, 0 %, 497 MiB, 81920 MiB
2026/06/10 10:16:29.145, 0 %, 0 MiB, 81920 MiB
2026/06/10 10:16:34.146, 0 %, 497 MiB, 81920 MiB
2026/06/10 10:16:34.146, 0 %, 0 MiB, 81920 MiB
2026/06/10 10:16:39.147, 0 %, 497 MiB, 81920 MiB
2026/06/10 10:16:39.147, 0 %, 0 MiB, 81920 MiB
2026/06/10 10:16:44.148, 0 %, 497 MiB, 81920 MiB
2026/06/10 10:16:44.148, 0 %, 0 MiB, 81920 MiB
2026/06/10 10:16:49.148, 0 %, 497 MiB, 81920 MiB
2026/06/10 10:16:49.149, 0 %, 0 MiB, 81920 MiB
2026/06/10 10:16:54.149, 0 %, 497 MiB, 81920 MiB
2026/06/10 10:16:54.150, 0 %, 0 MiB, 81920 MiB
2026/06/10 10:16:59.151, 0 %, 497 MiB, 81920 MiB
2026/06/10 10:16:59.151, 0 %, 0 MiB, 81920 MiB
2026/06/10 10:17:04.152, 0 %, 497 MiB, 81920 MiB
2026/06/10 10:17:04.152, 0 %, 0 MiB, 81920 MiB
2026/06/10 10:17:09.153, 0 %, 497 MiB, 81920 MiB
2026/06/10 10:17:09.153, 0 %, 0 MiB, 81920 MiB
2026/06/10 10:17:14.154, 0 %, 497 MiB, 81920 MiB
2026/06/10 10:17:14.154, 0 %, 0 MiB, 81920 MiB
2026/06/10 10:17:19.155, 0 %, 497 MiB, 81920 MiB
2026/06/10 10:17:19.155, 0 %, 0 MiB, 81920 MiB
2026/06/10 10:17:24.156, 0 %, 497 MiB, 81920 MiB
2026/06/10 10:17:24.156, 0 %, 0 MiB, 81920 MiB
2026/06/10 10:17:29.157, 0 %, 497 MiB, 81920 MiB
2026/06/10 10:17:29.157, 0 %, 0 MiB, 81920 MiB
2026/06/10 10:17:34.158, 0 %, 497 MiB, 81920 MiB
2026/06/10 10:17:34.158, 0 %, 0 MiB, 81920 MiB
2026/06/10 10:17:39.159, 0 %, 497 MiB, 81920 MiB
2026/06/10 10:17:39.159, 0 %, 0 MiB, 81920 MiB
2026/06/10 10:17:44.160, 0 %, 497 MiB, 81920 MiB
2026/06/10 10:17:44.160, 0 %, 0 MiB, 81920 MiB
2026/06/10 10:17:49.161, 0 %, 497 MiB, 81920 MiB
2026/06/10 10:17:49.161, 0 %, 0 MiB, 81920 MiB
2026/06/10 10:17:54.162, 0 %, 497 MiB, 81920 MiB
2026/06/10 10:17:54.163, 0 %, 0 MiB, 81920 MiB
2026/06/10 10:17:59.164, 0 %, 497 MiB, 81920 MiB
2026/06/10 10:17:59.164, 0 %, 0 MiB, 81920 MiB
2026/06/10 10:18:04.165, 0 %, 497 MiB, 81920 MiB
2026/06/10 10:18:04.165, 0 %, 0 MiB, 81920 MiB
2026/06/10 10:18:09.166, 0 %, 497 MiB, 81920 MiB
2026/06/10 10:18:09.166, 0 %, 0 MiB, 81920 MiB
2026/06/10 10:18:14.166, 0 %, 497 MiB, 81920 MiB
2026/06/10 10:18:14.167, 0 %, 0 MiB, 81920 MiB
2026/06/10 10:18:19.167, 0 %, 497 MiB, 81920 MiB
2026/06/10 10:18:19.168, 0 %, 0 MiB, 81920 MiB
2026/06/10 10:18:24.168, 0 %, 497 MiB, 81920 MiB
2026/06/10 10:18:24.169, 0 %, 0 MiB, 81920 MiB
2026/06/10 10:18:29.170, 0 %, 497 MiB, 81920 MiB
2026/06/10 10:18:29.170, 0 %, 0 MiB, 81920 MiB
2026/06/10 10:18:34.170, 0 %, 497 MiB, 81920 MiB
2026/06/10 10:18:34.171, 0 %, 0 MiB, 81920 MiB
2026/06/10 10:18:39.171, 15 %, 531 MiB, 81920 MiB
2026/06/10 10:18:39.172, 0 %, 0 MiB, 81920 MiB
2026/06/10 10:18:44.172, 0 %, 531 MiB, 81920 MiB
2026/06/10 10:18:44.173, 0 %, 0 MiB, 81920 MiB
2026/06/10 10:18:49.174, 0 %, 531 MiB, 81920 MiB
2026/06/10 10:18:49.174, 0 %, 0 MiB, 81920 MiB
2026/06/10 10:18:54.175, 0 %, 531 MiB, 81920 MiB
2026/06/10 10:18:54.175, 0 %, 0 MiB, 81920 MiB
2026/06/10 10:18:59.176, 0 %, 531 MiB, 81920 MiB
2026/06/10 10:18:59.176, 0 %, 0 MiB, 81920 MiB
2026/06/10 10:19:04.177, 0 %, 531 MiB, 81920 MiB
2026/06/10 10:19:04.177, 0 %, 0 MiB, 81920 MiB
2026/06/10 10:19:09.178, 0 %, 531 MiB, 81920 MiB
2026/06/10 10:19:09.178, 0 %, 0 MiB, 81920 MiB
2026/06/10 10:19:14.179, 0 %, 531 MiB, 81920 MiB
2026/06/10 10:19:14.179, 0 %, 0 MiB, 81920 MiB
2026/06/10 10:19:19.180, 0 %, 531 MiB, 81920 MiB
2026/06/10 10:19:19.180, 0 %, 0 MiB, 81920 MiB
2026/06/10 10:19:24.181, 0 %, 531 MiB, 81920 MiB
2026/06/10 10:19:24.181, 0 %, 0 MiB, 81920 MiB
2026/06/10 10:19:29.182, 0 %, 531 MiB, 81920 MiB
2026/06/10 10:19:29.182, 0 %, 0 MiB, 81920 MiB
2026/06/10 10:19:34.183, 0 %, 531 MiB, 81920 MiB
2026/06/10 10:19:34.183, 0 %, 0 MiB, 81920 MiB
2026/06/10 10:19:39.184, 0 %, 531 MiB, 81920 MiB
2026/06/10 10:19:39.184, 0 %, 0 MiB, 81920 MiB
2026/06/10 10:19:44.185, 0 %, 531 MiB, 81920 MiB
2026/06/10 10:19:44.185, 0 %, 0 MiB, 81920 MiB
2026/06/10 10:19:49.186, 0 %, 531 MiB, 81920 MiB
2026/06/10 10:19:49.186, 0 %, 0 MiB, 81920 MiB
2026/06/10 10:19:54.187, 0 %, 531 MiB, 81920 MiB
2026/06/10 10:19:54.187, 0 %, 0 MiB, 81920 MiB
2026/06/10 10:19:59.188, 0 %, 531 MiB, 81920 MiB
2026/06/10 10:19:59.188, 0 %, 0 MiB, 81920 MiB
2026/06/10 10:20:04.189, 0 %, 531 MiB, 81920 MiB
2026/06/10 10:20:04.189, 0 %, 0 MiB, 81920 MiB
2026/06/10 10:20:09.190, 0 %, 531 MiB, 81920 MiB
2026/06/10 10:20:09.190, 0 %, 0 MiB, 81920 MiB
2026/06/10 10:20:14.191, 0 %, 531 MiB, 81920 MiB
2026/06/10 10:20:14.191, 0 %, 0 MiB, 81920 MiB
2026/06/10 10:20:19.192, 0 %, 531 MiB, 81920 MiB
2026/06/10 10:20:19.192, 0 %, 0 MiB, 81920 MiB
2026/06/10 10:20:24.193, 0 %, 531 MiB, 81920 MiB
2026/06/10 10:20:24.193, 0 %, 0 MiB, 81920 MiB
2026/06/10 10:20:29.194, 0 %, 531 MiB, 81920 MiB
2026/06/10 10:20:29.195, 0 %, 0 MiB, 81920 MiB
2026/06/10 10:20:34.195, 0 %, 531 MiB, 81920 MiB
2026/06/10 10:20:34.196, 0 %, 0 MiB, 81920 MiB
2026/06/10 10:20:39.196, 0 %, 531 MiB, 81920 MiB
2026/06/10 10:20:39.197, 0 %, 0 MiB, 81920 MiB
2026/06/10 10:20:44.197, 0 %, 531 MiB, 81920 MiB
2026/06/10 10:20:44.198, 0 %, 0 MiB, 81920 MiB
2026/06/10 10:20:49.198, 0 %, 531 MiB, 81920 MiB
2026/06/10 10:20:49.199, 0 %, 0 MiB, 81920 MiB
2026/06/10 10:20:54.199, 0 %, 531 MiB, 81920 MiB
2026/06/10 10:20:54.200, 0 %, 0 MiB, 81920 MiB
2026/06/10 10:20:59.200, 0 %, 531 MiB, 81920 MiB
2026/06/10 10:20:59.201, 0 %, 0 MiB, 81920 MiB
2026/06/10 10:21:04.201, 0 %, 531 MiB, 81920 MiB
2026/06/10 10:21:04.202, 0 %, 0 MiB, 81920 MiB
2026/06/10 10:21:09.203, 0 %, 531 MiB, 81920 MiB
2026/06/10 10:21:09.203, 0 %, 0 MiB, 81920 MiB
2026/06/10 10:21:14.204, 0 %, 531 MiB, 81920 MiB
2026/06/10 10:21:14.204, 0 %, 0 MiB, 81920 MiB
2026/06/10 10:21:19.205, 0 %, 531 MiB, 81920 MiB
2026/06/10 10:21:19.205, 0 %, 0 MiB, 81920 MiB
2026/06/10 10:21:24.206, 0 %, 531 MiB, 81920 MiB
2026/06/10 10:21:24.206, 0 %, 0 MiB, 81920 MiB
2026/06/10 10:21:29.207, 0 %, 531 MiB, 81920 MiB
2026/06/10 10:21:29.207, 0 %, 0 MiB, 81920 MiB
2026/06/10 10:21:34.208, 0 %, 531 MiB, 81920 MiB
2026/06/10 10:21:34.208, 0 %, 0 MiB, 81920 MiB
2026/06/10 10:21:39.209, 0 %, 531 MiB, 81920 MiB
2026/06/10 10:21:39.209, 0 %, 0 MiB, 81920 MiB
2026/06/10 10:21:44.210, 0 %, 531 MiB, 81920 MiB
2026/06/10 10:21:44.210, 0 %, 0 MiB, 81920 MiB
2026/06/10 10:21:49.211, 0 %, 531 MiB, 81920 MiB
2026/06/10 10:21:49.211, 0 %, 0 MiB, 81920 MiB
2026/06/10 10:21:54.212, 0 %, 531 MiB, 81920 MiB
2026/06/10 10:21:54.212, 0 %, 0 MiB, 81920 MiB
2026/06/10 10:21:59.213, 0 %, 531 MiB, 81920 MiB
2026/06/10 10:21:59.213, 0 %, 0 MiB, 81920 MiB
2026/06/10 10:22:04.214, 0 %, 531 MiB, 81920 MiB
2026/06/10 10:22:04.214, 0 %, 0 MiB, 81920 MiB
2026/06/10 10:22:09.215, 0 %, 531 MiB, 81920 MiB
2026/06/10 10:22:09.215, 0 %, 0 MiB, 81920 MiB
2026/06/10 10:22:14.216, 0 %, 531 MiB, 81920 MiB
2026/06/10 10:22:14.216, 0 %, 0 MiB, 81920 MiB
2026/06/10 10:22:19.217, 0 %, 531 MiB, 81920 MiB
2026/06/10 10:22:19.217, 0 %, 0 MiB, 81920 MiB
2026/06/10 10:22:24.218, 0 %, 531 MiB, 81920 MiB
2026/06/10 10:22:24.218, 0 %, 0 MiB, 81920 MiB
2026/06/10 10:22:29.219, 0 %, 531 MiB, 81920 MiB
2026/06/10 10:22:29.219, 0 %, 0 MiB, 81920 MiB
2026/06/10 10:22:34.220, 0 %, 531 MiB, 81920 MiB
2026/06/10 10:22:34.220, 0 %, 0 MiB, 81920 MiB
2026/06/10 10:22:39.221, 0 %, 531 MiB, 81920 MiB
2026/06/10 10:22:39.221, 0 %, 0 MiB, 81920 MiB
2026/06/10 10:22:44.222, 0 %, 531 MiB, 81920 MiB
2026/06/10 10:22:44.222, 0 %, 0 MiB, 81920 MiB
2026/06/10 10:22:49.223, 0 %, 531 MiB, 81920 MiB
2026/06/10 10:22:49.223, 0 %, 0 MiB, 81920 MiB
2026/06/10 10:22:54.224, 0 %, 531 MiB, 81920 MiB
2026/06/10 10:22:54.225, 0 %, 0 MiB, 81920 MiB
2026/06/10 10:22:59.225, 0 %, 531 MiB, 81920 MiB
2026/06/10 10:22:59.226, 0 %, 0 MiB, 81920 MiB
2026/06/10 10:23:04.226, 0 %, 531 MiB, 81920 MiB
2026/06/10 10:23:04.227, 0 %, 0 MiB, 81920 MiB
2026/06/10 10:23:09.227, 0 %, 531 MiB, 81920 MiB
2026/06/10 10:23:09.228, 0 %, 0 MiB, 81920 MiB
2026/06/10 10:23:14.228, 0 %, 531 MiB, 81920 MiB
2026/06/10 10:23:14.229, 0 %, 0 MiB, 81920 MiB
2026/06/10 10:23:19.230, 0 %, 531 MiB, 81920 MiB
2026/06/10 10:23:19.230, 0 %, 0 MiB, 81920 MiB
2026/06/10 10:23:24.231, 0 %, 531 MiB, 81920 MiB
2026/06/10 10:23:24.231, 0 %, 0 MiB, 81920 MiB
2026/06/10 10:23:29.232, 0 %, 531 MiB, 81920 MiB
2026/06/10 10:23:29.232, 0 %, 0 MiB, 81920 MiB
2026/06/10 10:23:34.233, 0 %, 531 MiB, 81920 MiB
2026/06/10 10:23:34.233, 0 %, 0 MiB, 81920 MiB
2026/06/10 10:23:39.234, 0 %, 531 MiB, 81920 MiB
2026/06/10 10:23:39.234, 0 %, 0 MiB, 81920 MiB
2026/06/10 10:23:44.235, 0 %, 531 MiB, 81920 MiB
2026/06/10 10:23:44.235, 0 %, 0 MiB, 81920 MiB
2026/06/10 10:23:49.236, 0 %, 531 MiB, 81920 MiB
2026/06/10 10:23:49.236, 0 %, 0 MiB, 81920 MiB
2026/06/10 10:23:54.237, 0 %, 531 MiB, 81920 MiB
2026/06/10 10:23:54.237, 0 %, 0 MiB, 81920 MiB
2026/06/10 10:23:59.238, 0 %, 531 MiB, 81920 MiB
2026/06/10 10:23:59.238, 0 %, 0 MiB, 81920 MiB
2026/06/10 10:24:04.239, 0 %, 531 MiB, 81920 MiB
2026/06/10 10:24:04.239, 0 %, 0 MiB, 81920 MiB
2026/06/10 10:24:09.240, 0 %, 531 MiB, 81920 MiB
2026/06/10 10:24:09.240, 0 %, 0 MiB, 81920 MiB
2026/06/10 10:24:14.241, 0 %, 531 MiB, 81920 MiB
2026/06/10 10:24:14.241, 0 %, 0 MiB, 81920 MiB
2026/06/10 10:24:19.242, 0 %, 531 MiB, 81920 MiB
2026/06/10 10:24:19.242, 0 %, 0 MiB, 81920 MiB
2026/06/10 10:24:24.243, 0 %, 531 MiB, 81920 MiB
2026/06/10 10:24:24.243, 0 %, 0 MiB, 81920 MiB
2026/06/10 10:24:29.244, 0 %, 531 MiB, 81920 MiB
2026/06/10 10:24:29.244, 0 %, 0 MiB, 81920 MiB
2026/06/10 10:24:34.245, 0 %, 531 MiB, 81920 MiB
2026/06/10 10:24:34.245, 0 %, 0 MiB, 81920 MiB
2026/06/10 10:24:39.246, 0 %, 531 MiB, 81920 MiB
2026/06/10 10:24:39.246, 0 %, 0 MiB, 81920 MiB
2026/06/10 10:24:44.247, 0 %, 531 MiB, 81920 MiB
2026/06/10 10:24:44.247, 0 %, 0 MiB, 81920 MiB
2026/06/10 10:24:49.248, 0 %, 531 MiB, 81920 MiB
2026/06/10 10:24:49.248, 0 %, 0 MiB, 81920 MiB
2026/06/10 10:24:54.249, 0 %, 531 MiB, 81920 MiB
2026/06/10 10:24:54.249, 0 %, 0 MiB, 81920 MiB
2026/06/10 10:24:59.250, 0 %, 531 MiB, 81920 MiB
2026/06/10 10:24:59.250, 0 %, 0 MiB, 81920 MiB
2026/06/10 10:25:04.251, 0 %, 531 MiB, 81920 MiB
2026/06/10 10:25:04.251, 0 %, 0 MiB, 81920 MiB
2026/06/10 10:25:09.252, 0 %, 531 MiB, 81920 MiB
2026/06/10 10:25:09.252, 0 %, 0 MiB, 81920 MiB
2026/06/10 10:25:14.253, 0 %, 531 MiB, 81920 MiB
2026/06/10 10:25:14.253, 0 %, 0 MiB, 81920 MiB
2026/06/10 10:25:19.254, 0 %, 531 MiB, 81920 MiB
2026/06/10 10:25:19.254, 0 %, 0 MiB, 81920 MiB
2026/06/10 10:25:24.255, 0 %, 531 MiB, 81920 MiB
2026/06/10 10:25:24.255, 0 %, 0 MiB, 81920 MiB
2026/06/10 10:25:29.256, 0 %, 531 MiB, 81920 MiB
2026/06/10 10:25:29.256, 0 %, 0 MiB, 81920 MiB
2026/06/10 10:25:34.257, 0 %, 531 MiB, 81920 MiB
2026/06/10 10:25:34.257, 0 %, 0 MiB, 81920 MiB
2026/06/10 10:25:39.258, 0 %, 531 MiB, 81920 MiB
2026/06/10 10:25:39.258, 0 %, 0 MiB, 81920 MiB
2026/06/10 10:25:44.259, 0 %, 531 MiB, 81920 MiB
2026/06/10 10:25:44.259, 0 %, 0 MiB, 81920 MiB
2026/06/10 10:25:49.260, 0 %, 531 MiB, 81920 MiB
2026/06/10 10:25:49.260, 0 %, 0 MiB, 81920 MiB
2026/06/10 10:25:54.261, 0 %, 531 MiB, 81920 MiB
2026/06/10 10:25:54.261, 0 %, 0 MiB, 81920 MiB
2026/06/10 10:25:59.262, 0 %, 531 MiB, 81920 MiB
2026/06/10 10:25:59.262, 0 %, 0 MiB, 81920 MiB
2026/06/10 10:26:04.263, 0 %, 531 MiB, 81920 MiB
2026/06/10 10:26:04.263, 0 %, 0 MiB, 81920 MiB
2026/06/10 10:26:09.264, 0 %, 531 MiB, 81920 MiB
2026/06/10 10:26:09.264, 0 %, 0 MiB, 81920 MiB
2026/06/10 10:26:14.265, 0 %, 531 MiB, 81920 MiB
2026/06/10 10:26:14.265, 0 %, 0 MiB, 81920 MiB
2026/06/10 10:26:19.266, 0 %, 531 MiB, 81920 MiB
2026/06/10 10:26:19.266, 0 %, 0 MiB, 81920 MiB
2026/06/10 10:26:24.267, 0 %, 531 MiB, 81920 MiB
2026/06/10 10:26:24.267, 0 %, 0 MiB, 81920 MiB
2026/06/10 10:26:29.268, 0 %, 531 MiB, 81920 MiB
2026/06/10 10:26:29.268, 0 %, 0 MiB, 81920 MiB
2026/06/10 10:26:34.269, 0 %, 531 MiB, 81920 MiB
2026/06/10 10:26:34.270, 0 %, 0 MiB, 81920 MiB
2026/06/10 10:26:39.270, 0 %, 531 MiB, 81920 MiB
2026/06/10 10:26:39.271, 0 %, 0 MiB, 81920 MiB
2026/06/10 10:26:44.271, 0 %, 531 MiB, 81920 MiB
2026/06/10 10:26:44.272, 0 %, 0 MiB, 81920 MiB
2026/06/10 10:26:49.273, 0 %, 531 MiB, 81920 MiB
2026/06/10 10:26:49.273, 0 %, 0 MiB, 81920 MiB
2026/06/10 10:26:54.274, 0 %, 531 MiB, 81920 MiB
2026/06/10 10:26:54.274, 0 %, 0 MiB, 81920 MiB
2026/06/10 10:26:59.275, 0 %, 531 MiB, 81920 MiB
2026/06/10 10:26:59.275, 0 %, 0 MiB, 81920 MiB
2026/06/10 10:27:04.276, 0 %, 531 MiB, 81920 MiB
2026/06/10 10:27:04.276, 0 %, 0 MiB, 81920 MiB
2026/06/10 10:27:09.277, 0 %, 531 MiB, 81920 MiB
2026/06/10 10:27:09.277, 0 %, 0 MiB, 81920 MiB
2026/06/10 10:27:14.278, 0 %, 531 MiB, 81920 MiB
2026/06/10 10:27:14.278, 0 %, 0 MiB, 81920 MiB
2026/06/10 10:27:19.279, 0 %, 531 MiB, 81920 MiB
2026/06/10 10:27:19.279, 0 %, 0 MiB, 81920 MiB
2026/06/10 10:27:24.280, 0 %, 531 MiB, 81920 MiB
2026/06/10 10:27:24.280, 0 %, 0 MiB, 81920 MiB
2026/06/10 10:27:29.281, 0 %, 531 MiB, 81920 MiB
2026/06/10 10:27:29.281, 0 %, 0 MiB, 81920 MiB
2026/06/10 10:27:34.282, 0 %, 531 MiB, 81920 MiB
2026/06/10 10:27:34.282, 0 %, 0 MiB, 81920 MiB
2026/06/10 10:27:39.283, 0 %, 531 MiB, 81920 MiB
2026/06/10 10:27:39.283, 0 %, 0 MiB, 81920 MiB
2026/06/10 10:27:44.284, 0 %, 531 MiB, 81920 MiB
2026/06/10 10:27:44.284, 0 %, 0 MiB, 81920 MiB
2026/06/10 10:27:49.285, 0 %, 531 MiB, 81920 MiB
2026/06/10 10:27:49.285, 0 %, 0 MiB, 81920 MiB
2026/06/10 10:27:54.286, 0 %, 531 MiB, 81920 MiB
2026/06/10 10:27:54.286, 0 %, 0 MiB, 81920 MiB
2026/06/10 10:27:59.287, 0 %, 531 MiB, 81920 MiB
2026/06/10 10:27:59.287, 0 %, 0 MiB, 81920 MiB
2026/06/10 10:28:04.288, 0 %, 531 MiB, 81920 MiB
2026/06/10 10:28:04.288, 0 %, 0 MiB, 81920 MiB
2026/06/10 10:28:09.289, 0 %, 531 MiB, 81920 MiB
2026/06/10 10:28:09.289, 0 %, 0 MiB, 81920 MiB
2026/06/10 10:28:14.290, 0 %, 531 MiB, 81920 MiB
2026/06/10 10:28:14.290, 0 %, 0 MiB, 81920 MiB
2026/06/10 10:28:19.291, 0 %, 531 MiB, 81920 MiB
2026/06/10 10:28:19.291, 0 %, 0 MiB, 81920 MiB
2026/06/10 10:28:24.292, 0 %, 531 MiB, 81920 MiB
2026/06/10 10:28:24.292, 0 %, 0 MiB, 81920 MiB
2026/06/10 10:28:29.293, 0 %, 531 MiB, 81920 MiB
2026/06/10 10:28:29.293, 0 %, 0 MiB, 81920 MiB
2026/06/10 10:28:34.294, 0 %, 531 MiB, 81920 MiB
2026/06/10 10:28:34.294, 0 %, 0 MiB, 81920 MiB
2026/06/10 10:28:39.295, 0 %, 531 MiB, 81920 MiB
2026/06/10 10:28:39.296, 0 %, 0 MiB, 81920 MiB
2026/06/10 10:28:44.296, 0 %, 531 MiB, 81920 MiB
2026/06/10 10:28:44.296, 0 %, 0 MiB, 81920 MiB
2026/06/10 10:28:49.297, 0 %, 531 MiB, 81920 MiB
2026/06/10 10:28:49.297, 0 %, 0 MiB, 81920 MiB
2026/06/10 10:28:54.299, 0 %, 497 MiB, 81920 MiB
2026/06/10 10:28:54.299, 0 %, 0 MiB, 81920 MiB
2026/06/10 10:28:59.299, 0 %, 497 MiB, 81920 MiB
2026/06/10 10:28:59.299, 0 %, 0 MiB, 81920 MiB
2026/06/10 10:29:04.301, 0 %, 497 MiB, 81920 MiB
2026/06/10 10:29:04.301, 0 %, 0 MiB, 81920 MiB
2026/06/10 10:29:09.302, 0 %, 497 MiB, 81920 MiB
2026/06/10 10:29:09.302, 0 %, 0 MiB, 81920 MiB
2026/06/10 10:29:14.303, 0 %, 497 MiB, 81920 MiB
2026/06/10 10:29:14.303, 0 %, 0 MiB, 81920 MiB
2026/06/10 10:29:19.304, 0 %, 497 MiB, 81920 MiB
2026/06/10 10:29:19.304, 0 %, 0 MiB, 81920 MiB
2026/06/10 10:29:24.339, 0 %, 497 MiB, 81920 MiB
2026/06/10 10:29:24.340, 0 %, 0 MiB, 81920 MiB
2026/06/10 10:29:29.341, 0 %, 497 MiB, 81920 MiB
2026/06/10 10:29:29.341, 0 %, 0 MiB, 81920 MiB
2026/06/10 10:29:34.342, 0 %, 497 MiB, 81920 MiB
2026/06/10 10:29:34.342, 0 %, 0 MiB, 81920 MiB
2026/06/10 10:29:39.343, 0 %, 497 MiB, 81920 MiB
2026/06/10 10:29:39.343, 0 %, 0 MiB, 81920 MiB
2026/06/10 10:29:44.343, 0 %, 497 MiB, 81920 MiB
2026/06/10 10:29:44.344, 0 %, 0 MiB, 81920 MiB
2026/06/10 10:29:49.345, 0 %, 497 MiB, 81920 MiB
2026/06/10 10:29:49.345, 0 %, 0 MiB, 81920 MiB
2026/06/10 10:29:54.345, 0 %, 497 MiB, 81920 MiB
2026/06/10 10:29:54.346, 0 %, 0 MiB, 81920 MiB
2026/06/10 10:29:59.346, 0 %, 497 MiB, 81920 MiB
2026/06/10 10:29:59.347, 0 %, 0 MiB, 81920 MiB
2026/06/10 10:30:04.348, 0 %, 497 MiB, 81920 MiB
2026/06/10 10:30:04.348, 0 %, 0 MiB, 81920 MiB
2026/06/10 10:30:09.349, 0 %, 497 MiB, 81920 MiB
2026/06/10 10:30:09.349, 0 %, 0 MiB, 81920 MiB
2026/06/10 10:30:14.349, 0 %, 497 MiB, 81920 MiB
2026/06/10 10:30:14.350, 0 %, 0 MiB, 81920 MiB
2026/06/10 10:30:19.351, 0 %, 497 MiB, 81920 MiB
2026/06/10 10:30:19.352, 0 %, 0 MiB, 81920 MiB
2026/06/10 10:30:24.353, 0 %, 497 MiB, 81920 MiB
2026/06/10 10:30:24.353, 0 %, 0 MiB, 81920 MiB
2026/06/10 10:30:29.354, 0 %, 497 MiB, 81920 MiB
2026/06/10 10:30:29.354, 0 %, 0 MiB, 81920 MiB
2026/06/10 10:30:34.355, 0 %, 497 MiB, 81920 MiB
2026/06/10 10:30:34.355, 0 %, 0 MiB, 81920 MiB
2026/06/10 10:30:39.355, 0 %, 497 MiB, 81920 MiB
2026/06/10 10:30:39.356, 0 %, 0 MiB, 81920 MiB
2026/06/10 10:30:44.356, 0 %, 497 MiB, 81920 MiB
2026/06/10 10:30:44.356, 0 %, 0 MiB, 81920 MiB
2026/06/10 10:30:49.357, 0 %, 497 MiB, 81920 MiB
2026/06/10 10:30:49.357, 0 %, 0 MiB, 81920 MiB
2026/06/10 10:30:54.358, 0 %, 497 MiB, 81920 MiB
2026/06/10 10:30:54.358, 0 %, 0 MiB, 81920 MiB
2026/06/10 10:30:59.359, 0 %, 497 MiB, 81920 MiB
2026/06/10 10:30:59.359, 0 %, 0 MiB, 81920 MiB
2026/06/10 10:31:04.360, 0 %, 497 MiB, 81920 MiB
2026/06/10 10:31:04.360, 0 %, 0 MiB, 81920 MiB
2026/06/10 10:31:09.361, 0 %, 497 MiB, 81920 MiB
2026/06/10 10:31:09.362, 0 %, 0 MiB, 81920 MiB
2026/06/10 10:31:14.363, 0 %, 497 MiB, 81920 MiB
2026/06/10 10:31:14.363, 0 %, 0 MiB, 81920 MiB
2026/06/10 10:31:19.364, 0 %, 497 MiB, 81920 MiB
2026/06/10 10:31:19.364, 0 %, 0 MiB, 81920 MiB
2026/06/10 10:31:24.365, 0 %, 497 MiB, 81920 MiB
2026/06/10 10:31:24.365, 0 %, 0 MiB, 81920 MiB
2026/06/10 10:31:29.366, 0 %, 497 MiB, 81920 MiB
2026/06/10 10:31:29.366, 0 %, 0 MiB, 81920 MiB
2026/06/10 10:31:34.367, 0 %, 497 MiB, 81920 MiB
2026/06/10 10:31:34.367, 0 %, 0 MiB, 81920 MiB
2026/06/10 10:31:39.368, 0 %, 497 MiB, 81920 MiB
2026/06/10 10:31:39.368, 0 %, 0 MiB, 81920 MiB
2026/06/10 10:31:44.369, 0 %, 497 MiB, 81920 MiB
2026/06/10 10:31:44.369, 0 %, 0 MiB, 81920 MiB
2026/06/10 10:31:49.370, 0 %, 497 MiB, 81920 MiB
2026/06/10 10:31:49.370, 0 %, 0 MiB, 81920 MiB
2026/06/10 10:31:54.371, 0 %, 497 MiB, 81920 MiB
2026/06/10 10:31:54.371, 0 %, 0 MiB, 81920 MiB
2026/06/10 10:31:59.372, 0 %, 497 MiB, 81920 MiB
2026/06/10 10:31:59.372, 0 %, 0 MiB, 81920 MiB
2026/06/10 10:32:04.373, 0 %, 497 MiB, 81920 MiB
2026/06/10 10:32:04.373, 0 %, 0 MiB, 81920 MiB
2026/06/10 10:32:09.374, 16 %, 567 MiB, 81920 MiB
2026/06/10 10:32:09.375, 0 %, 0 MiB, 81920 MiB
2026/06/10 10:32:14.375, 0 %, 531 MiB, 81920 MiB
2026/06/10 10:32:14.376, 0 %, 0 MiB, 81920 MiB
2026/06/10 10:32:19.377, 0 %, 531 MiB, 81920 MiB
2026/06/10 10:32:19.377, 0 %, 0 MiB, 81920 MiB
2026/06/10 10:32:24.378, 0 %, 531 MiB, 81920 MiB
2026/06/10 10:32:24.378, 0 %, 0 MiB, 81920 MiB
2026/06/10 10:32:29.379, 0 %, 531 MiB, 81920 MiB
2026/06/10 10:32:29.379, 0 %, 0 MiB, 81920 MiB
2026/06/10 10:32:34.380, 0 %, 531 MiB, 81920 MiB
2026/06/10 10:32:34.380, 0 %, 0 MiB, 81920 MiB
2026/06/10 10:32:39.381, 0 %, 531 MiB, 81920 MiB
2026/06/10 10:32:39.381, 0 %, 0 MiB, 81920 MiB
2026/06/10 10:32:44.382, 0 %, 531 MiB, 81920 MiB
2026/06/10 10:32:44.382, 0 %, 0 MiB, 81920 MiB
2026/06/10 10:32:49.383, 0 %, 531 MiB, 81920 MiB
2026/06/10 10:32:49.383, 0 %, 0 MiB, 81920 MiB
2026/06/10 10:32:54.384, 0 %, 531 MiB, 81920 MiB
2026/06/10 10:32:54.384, 0 %, 0 MiB, 81920 MiB
2026/06/10 10:32:59.385, 0 %, 531 MiB, 81920 MiB
2026/06/10 10:32:59.385, 0 %, 0 MiB, 81920 MiB
2026/06/10 10:33:04.386, 0 %, 531 MiB, 81920 MiB
2026/06/10 10:33:04.386, 0 %, 0 MiB, 81920 MiB
2026/06/10 10:33:09.387, 0 %, 531 MiB, 81920 MiB
2026/06/10 10:33:09.388, 0 %, 0 MiB, 81920 MiB
2026/06/10 10:33:14.388, 0 %, 531 MiB, 81920 MiB
2026/06/10 10:33:14.389, 0 %, 0 MiB, 81920 MiB
2026/06/10 10:33:19.389, 0 %, 531 MiB, 81920 MiB
2026/06/10 10:33:19.389, 0 %, 0 MiB, 81920 MiB
2026/06/10 10:33:24.390, 0 %, 531 MiB, 81920 MiB
2026/06/10 10:33:24.390, 0 %, 0 MiB, 81920 MiB
2026/06/10 10:33:29.391, 0 %, 531 MiB, 81920 MiB
2026/06/10 10:33:29.391, 0 %, 0 MiB, 81920 MiB
2026/06/10 10:33:34.392, 0 %, 531 MiB, 81920 MiB
2026/06/10 10:33:34.392, 0 %, 0 MiB, 81920 MiB
2026/06/10 10:33:39.393, 0 %, 531 MiB, 81920 MiB
2026/06/10 10:33:39.394, 0 %, 0 MiB, 81920 MiB
2026/06/10 10:33:44.394, 0 %, 531 MiB, 81920 MiB
2026/06/10 10:33:44.395, 0 %, 0 MiB, 81920 MiB
2026/06/10 10:33:49.395, 0 %, 531 MiB, 81920 MiB
2026/06/10 10:33:49.396, 0 %, 0 MiB, 81920 MiB
2026/06/10 10:33:54.396, 0 %, 531 MiB, 81920 MiB
2026/06/10 10:33:54.397, 0 %, 0 MiB, 81920 MiB
2026/06/10 10:33:59.398, 0 %, 531 MiB, 81920 MiB
2026/06/10 10:33:59.398, 0 %, 0 MiB, 81920 MiB
2026/06/10 10:34:04.399, 0 %, 531 MiB, 81920 MiB
2026/06/10 10:34:04.399, 0 %, 0 MiB, 81920 MiB
2026/06/10 10:34:09.400, 0 %, 531 MiB, 81920 MiB
2026/06/10 10:34:09.400, 0 %, 0 MiB, 81920 MiB
2026/06/10 10:34:14.401, 0 %, 531 MiB, 81920 MiB
2026/06/10 10:34:14.401, 0 %, 0 MiB, 81920 MiB
2026/06/10 10:34:19.402, 0 %, 531 MiB, 81920 MiB
2026/06/10 10:34:19.402, 0 %, 0 MiB, 81920 MiB
2026/06/10 10:34:24.403, 0 %, 531 MiB, 81920 MiB
2026/06/10 10:34:24.403, 0 %, 0 MiB, 81920 MiB
2026/06/10 10:34:29.404, 0 %, 531 MiB, 81920 MiB
2026/06/10 10:34:29.404, 0 %, 0 MiB, 81920 MiB
2026/06/10 10:34:34.405, 0 %, 531 MiB, 81920 MiB
2026/06/10 10:34:34.405, 0 %, 0 MiB, 81920 MiB
2026/06/10 10:34:39.406, 0 %, 531 MiB, 81920 MiB
2026/06/10 10:34:39.406, 0 %, 0 MiB, 81920 MiB
2026/06/10 10:34:44.407, 0 %, 531 MiB, 81920 MiB
2026/06/10 10:34:44.407, 0 %, 0 MiB, 81920 MiB
2026/06/10 10:34:49.408, 0 %, 531 MiB, 81920 MiB
2026/06/10 10:34:49.408, 0 %, 0 MiB, 81920 MiB
2026/06/10 10:34:54.409, 0 %, 531 MiB, 81920 MiB
2026/06/10 10:34:54.409, 0 %, 0 MiB, 81920 MiB
2026/06/10 10:34:59.410, 0 %, 531 MiB, 81920 MiB
2026/06/10 10:34:59.410, 0 %, 0 MiB, 81920 MiB
2026/06/10 10:35:04.411, 0 %, 531 MiB, 81920 MiB
2026/06/10 10:35:04.411, 0 %, 0 MiB, 81920 MiB
2026/06/10 10:35:09.412, 0 %, 531 MiB, 81920 MiB
2026/06/10 10:35:09.412, 0 %, 0 MiB, 81920 MiB
2026/06/10 10:35:14.413, 0 %, 531 MiB, 81920 MiB
2026/06/10 10:35:14.413, 0 %, 0 MiB, 81920 MiB
2026/06/10 10:35:19.414, 0 %, 531 MiB, 81920 MiB
2026/06/10 10:35:19.414, 0 %, 0 MiB, 81920 MiB
2026/06/10 10:35:24.415, 0 %, 531 MiB, 81920 MiB
2026/06/10 10:35:24.415, 0 %, 0 MiB, 81920 MiB
2026/06/10 10:35:29.416, 0 %, 531 MiB, 81920 MiB
2026/06/10 10:35:29.416, 0 %, 0 MiB, 81920 MiB
2026/06/10 10:35:34.417, 0 %, 531 MiB, 81920 MiB
2026/06/10 10:35:34.417, 0 %, 0 MiB, 81920 MiB
2026/06/10 10:35:39.418, 0 %, 531 MiB, 81920 MiB
2026/06/10 10:35:39.418, 0 %, 0 MiB, 81920 MiB
2026/06/10 10:35:44.419, 0 %, 531 MiB, 81920 MiB
2026/06/10 10:35:44.419, 0 %, 0 MiB, 81920 MiB
2026/06/10 10:35:49.420, 0 %, 531 MiB, 81920 MiB
2026/06/10 10:35:49.420, 0 %, 0 MiB, 81920 MiB
2026/06/10 10:35:54.421, 0 %, 531 MiB, 81920 MiB
2026/06/10 10:35:54.421, 0 %, 0 MiB, 81920 MiB
2026/06/10 10:35:59.422, 0 %, 531 MiB, 81920 MiB
2026/06/10 10:35:59.422, 0 %, 0 MiB, 81920 MiB
2026/06/10 10:36:04.423, 0 %, 531 MiB, 81920 MiB
2026/06/10 10:36:04.424, 0 %, 0 MiB, 81920 MiB
2026/06/10 10:36:09.424, 0 %, 531 MiB, 81920 MiB
2026/06/10 10:36:09.425, 0 %, 0 MiB, 81920 MiB
2026/06/10 10:36:14.425, 0 %, 531 MiB, 81920 MiB
2026/06/10 10:36:14.426, 0 %, 0 MiB, 81920 MiB
2026/06/10 10:36:19.427, 0 %, 531 MiB, 81920 MiB
2026/06/10 10:36:19.427, 0 %, 0 MiB, 81920 MiB
2026/06/10 10:36:24.428, 0 %, 531 MiB, 81920 MiB
2026/06/10 10:36:24.428, 0 %, 0 MiB, 81920 MiB
2026/06/10 10:36:29.429, 0 %, 531 MiB, 81920 MiB
2026/06/10 10:36:29.429, 0 %, 0 MiB, 81920 MiB
2026/06/10 10:36:34.430, 0 %, 531 MiB, 81920 MiB
2026/06/10 10:36:34.430, 0 %, 0 MiB, 81920 MiB
2026/06/10 10:36:39.431, 0 %, 531 MiB, 81920 MiB
2026/06/10 10:36:39.431, 0 %, 0 MiB, 81920 MiB
2026/06/10 10:36:44.432, 0 %, 531 MiB, 81920 MiB
2026/06/10 10:36:44.432, 0 %, 0 MiB, 81920 MiB
2026/06/10 10:36:49.433, 0 %, 531 MiB, 81920 MiB
2026/06/10 10:36:49.433, 0 %, 0 MiB, 81920 MiB
2026/06/10 10:36:54.434, 0 %, 531 MiB, 81920 MiB
2026/06/10 10:36:54.434, 0 %, 0 MiB, 81920 MiB
2026/06/10 10:36:59.435, 0 %, 531 MiB, 81920 MiB
2026/06/10 10:36:59.435, 0 %, 0 MiB, 81920 MiB
2026/06/10 10:37:04.436, 0 %, 531 MiB, 81920 MiB
2026/06/10 10:37:04.436, 0 %, 0 MiB, 81920 MiB
2026/06/10 10:37:09.437, 0 %, 531 MiB, 81920 MiB
2026/06/10 10:37:09.437, 0 %, 0 MiB, 81920 MiB
2026/06/10 10:37:14.438, 0 %, 531 MiB, 81920 MiB
2026/06/10 10:37:14.438, 0 %, 0 MiB, 81920 MiB
2026/06/10 10:37:19.439, 0 %, 531 MiB, 81920 MiB
2026/06/10 10:37:19.439, 0 %, 0 MiB, 81920 MiB
2026/06/10 10:37:24.440, 0 %, 531 MiB, 81920 MiB
2026/06/10 10:37:24.441, 0 %, 0 MiB, 81920 MiB
2026/06/10 10:37:29.441, 0 %, 531 MiB, 81920 MiB
2026/06/10 10:37:29.442, 0 %, 0 MiB, 81920 MiB
2026/06/10 10:37:34.442, 0 %, 531 MiB, 81920 MiB
2026/06/10 10:37:34.443, 0 %, 0 MiB, 81920 MiB
2026/06/10 10:37:39.444, 0 %, 531 MiB, 81920 MiB
2026/06/10 10:37:39.444, 0 %, 0 MiB, 81920 MiB
2026/06/10 10:37:44.445, 0 %, 531 MiB, 81920 MiB
2026/06/10 10:37:44.445, 0 %, 0 MiB, 81920 MiB
2026/06/10 10:37:49.446, 0 %, 531 MiB, 81920 MiB
2026/06/10 10:37:49.446, 0 %, 0 MiB, 81920 MiB
2026/06/10 10:37:54.447, 0 %, 531 MiB, 81920 MiB
2026/06/10 10:37:54.447, 0 %, 0 MiB, 81920 MiB
2026/06/10 10:37:59.448, 0 %, 531 MiB, 81920 MiB
2026/06/10 10:37:59.448, 0 %, 0 MiB, 81920 MiB
2026/06/10 10:38:04.449, 0 %, 531 MiB, 81920 MiB
2026/06/10 10:38:04.449, 0 %, 0 MiB, 81920 MiB
2026/06/10 10:38:09.450, 0 %, 531 MiB, 81920 MiB
2026/06/10 10:38:09.450, 0 %, 0 MiB, 81920 MiB
2026/06/10 10:38:14.451, 0 %, 531 MiB, 81920 MiB
2026/06/10 10:38:14.451, 0 %, 0 MiB, 81920 MiB
2026/06/10 10:38:19.452, 0 %, 531 MiB, 81920 MiB
2026/06/10 10:38:19.452, 0 %, 0 MiB, 81920 MiB
2026/06/10 10:38:24.453, 0 %, 531 MiB, 81920 MiB
2026/06/10 10:38:24.453, 0 %, 0 MiB, 81920 MiB
2026/06/10 10:38:29.454, 0 %, 531 MiB, 81920 MiB
2026/06/10 10:38:29.454, 0 %, 0 MiB, 81920 MiB
2026/06/10 10:38:34.455, 0 %, 531 MiB, 81920 MiB
2026/06/10 10:38:34.455, 0 %, 0 MiB, 81920 MiB
2026/06/10 10:38:39.456, 0 %, 531 MiB, 81920 MiB
2026/06/10 10:38:39.456, 0 %, 0 MiB, 81920 MiB
2026/06/10 10:38:44.457, 0 %, 531 MiB, 81920 MiB
2026/06/10 10:38:44.457, 0 %, 0 MiB, 81920 MiB
2026/06/10 10:38:49.458, 0 %, 531 MiB, 81920 MiB
2026/06/10 10:38:49.458, 0 %, 0 MiB, 81920 MiB
2026/06/10 10:38:54.459, 0 %, 531 MiB, 81920 MiB
2026/06/10 10:38:54.459, 0 %, 0 MiB, 81920 MiB
2026/06/10 10:38:59.460, 0 %, 531 MiB, 81920 MiB
2026/06/10 10:38:59.460, 0 %, 0 MiB, 81920 MiB
2026/06/10 10:39:04.461, 0 %, 531 MiB, 81920 MiB
2026/06/10 10:39:04.461, 0 %, 0 MiB, 81920 MiB
2026/06/10 10:39:09.462, 0 %, 531 MiB, 81920 MiB
2026/06/10 10:39:09.462, 0 %, 0 MiB, 81920 MiB
2026/06/10 10:39:14.463, 0 %, 531 MiB, 81920 MiB
2026/06/10 10:39:14.464, 0 %, 0 MiB, 81920 MiB
2026/06/10 10:39:19.464, 0 %, 531 MiB, 81920 MiB
2026/06/10 10:39:19.465, 0 %, 0 MiB, 81920 MiB
2026/06/10 10:39:24.465, 0 %, 531 MiB, 81920 MiB
2026/06/10 10:39:24.466, 0 %, 0 MiB, 81920 MiB
2026/06/10 10:39:29.466, 0 %, 531 MiB, 81920 MiB
2026/06/10 10:39:29.467, 0 %, 0 MiB, 81920 MiB
2026/06/10 10:39:34.468, 0 %, 531 MiB, 81920 MiB
2026/06/10 10:39:34.468, 0 %, 0 MiB, 81920 MiB
2026/06/10 10:39:39.469, 0 %, 531 MiB, 81920 MiB
2026/06/10 10:39:39.469, 0 %, 0 MiB, 81920 MiB
2026/06/10 10:39:44.470, 0 %, 531 MiB, 81920 MiB
2026/06/10 10:39:44.470, 0 %, 0 MiB, 81920 MiB
2026/06/10 10:39:49.471, 0 %, 531 MiB, 81920 MiB
2026/06/10 10:39:49.471, 0 %, 0 MiB, 81920 MiB
2026/06/10 10:39:54.472, 0 %, 531 MiB, 81920 MiB
2026/06/10 10:39:54.472, 0 %, 0 MiB, 81920 MiB
2026/06/10 10:39:59.473, 0 %, 531 MiB, 81920 MiB
2026/06/10 10:39:59.473, 0 %, 0 MiB, 81920 MiB
2026/06/10 10:40:04.474, 0 %, 531 MiB, 81920 MiB
2026/06/10 10:40:04.474, 0 %, 0 MiB, 81920 MiB
2026/06/10 10:40:09.475, 0 %, 531 MiB, 81920 MiB
2026/06/10 10:40:09.475, 0 %, 0 MiB, 81920 MiB
2026/06/10 10:40:14.476, 0 %, 531 MiB, 81920 MiB
2026/06/10 10:40:14.476, 0 %, 0 MiB, 81920 MiB
2026/06/10 10:40:19.477, 0 %, 531 MiB, 81920 MiB
2026/06/10 10:40:19.477, 0 %, 0 MiB, 81920 MiB
2026/06/10 10:40:24.478, 0 %, 531 MiB, 81920 MiB
2026/06/10 10:40:24.478, 0 %, 0 MiB, 81920 MiB
2026/06/10 10:40:29.479, 0 %, 531 MiB, 81920 MiB
2026/06/10 10:40:29.479, 0 %, 0 MiB, 81920 MiB
2026/06/10 10:40:34.480, 0 %, 531 MiB, 81920 MiB
2026/06/10 10:40:34.480, 0 %, 0 MiB, 81920 MiB
2026/06/10 10:40:39.481, 0 %, 531 MiB, 81920 MiB
2026/06/10 10:40:39.481, 0 %, 0 MiB, 81920 MiB
2026/06/10 10:40:44.482, 0 %, 531 MiB, 81920 MiB
2026/06/10 10:40:44.482, 0 %, 0 MiB, 81920 MiB
2026/06/10 10:40:49.483, 0 %, 531 MiB, 81920 MiB
2026/06/10 10:40:49.483, 0 %, 0 MiB, 81920 MiB
2026/06/10 10:40:54.484, 0 %, 531 MiB, 81920 MiB
2026/06/10 10:40:54.484, 0 %, 0 MiB, 81920 MiB
2026/06/10 10:40:59.485, 0 %, 531 MiB, 81920 MiB
2026/06/10 10:40:59.486, 0 %, 0 MiB, 81920 MiB
2026/06/10 10:41:04.486, 0 %, 531 MiB, 81920 MiB
2026/06/10 10:41:04.487, 0 %, 0 MiB, 81920 MiB
2026/06/10 10:41:09.488, 0 %, 531 MiB, 81920 MiB
2026/06/10 10:41:09.488, 0 %, 0 MiB, 81920 MiB
2026/06/10 10:41:14.489, 0 %, 531 MiB, 81920 MiB
2026/06/10 10:41:14.489, 0 %, 0 MiB, 81920 MiB
2026/06/10 10:41:19.490, 0 %, 531 MiB, 81920 MiB
2026/06/10 10:41:19.490, 0 %, 0 MiB, 81920 MiB
2026/06/10 10:41:24.491, 0 %, 531 MiB, 81920 MiB
2026/06/10 10:41:24.491, 0 %, 0 MiB, 81920 MiB
2026/06/10 10:41:29.492, 0 %, 531 MiB, 81920 MiB
2026/06/10 10:41:29.492, 0 %, 0 MiB, 81920 MiB
2026/06/10 10:41:34.493, 0 %, 531 MiB, 81920 MiB
2026/06/10 10:41:34.493, 0 %, 0 MiB, 81920 MiB
2026/06/10 10:41:39.494, 0 %, 531 MiB, 81920 MiB
2026/06/10 10:41:39.494, 0 %, 0 MiB, 81920 MiB
2026/06/10 10:41:44.495, 0 %, 531 MiB, 81920 MiB
2026/06/10 10:41:44.495, 0 %, 0 MiB, 81920 MiB
2026/06/10 10:41:49.496, 0 %, 531 MiB, 81920 MiB
2026/06/10 10:41:49.496, 0 %, 0 MiB, 81920 MiB
2026/06/10 10:41:54.497, 0 %, 531 MiB, 81920 MiB
2026/06/10 10:41:54.497, 0 %, 0 MiB, 81920 MiB
2026/06/10 10:41:59.498, 0 %, 531 MiB, 81920 MiB
2026/06/10 10:41:59.498, 0 %, 0 MiB, 81920 MiB
2026/06/10 10:42:04.499, 0 %, 531 MiB, 81920 MiB
2026/06/10 10:42:04.499, 0 %, 0 MiB, 81920 MiB
2026/06/10 10:42:09.500, 0 %, 531 MiB, 81920 MiB
2026/06/10 10:42:09.500, 0 %, 0 MiB, 81920 MiB
2026/06/10 10:42:14.501, 0 %, 531 MiB, 81920 MiB
2026/06/10 10:42:14.501, 0 %, 0 MiB, 81920 MiB
2026/06/10 10:42:19.502, 0 %, 531 MiB, 81920 MiB
2026/06/10 10:42:19.502, 0 %, 0 MiB, 81920 MiB
2026/06/10 10:42:24.504, 0 %, 497 MiB, 81920 MiB
2026/06/10 10:42:24.504, 0 %, 0 MiB, 81920 MiB
2026/06/10 10:42:29.505, 0 %, 497 MiB, 81920 MiB
2026/06/10 10:42:29.506, 0 %, 0 MiB, 81920 MiB
2026/06/10 10:42:34.506, 0 %, 497 MiB, 81920 MiB
2026/06/10 10:42:34.506, 0 %, 0 MiB, 81920 MiB
2026/06/10 10:42:39.507, 0 %, 497 MiB, 81920 MiB
2026/06/10 10:42:39.507, 0 %, 0 MiB, 81920 MiB
2026/06/10 10:42:44.508, 0 %, 497 MiB, 81920 MiB
2026/06/10 10:42:44.508, 0 %, 0 MiB, 81920 MiB
2026/06/10 10:42:49.509, 0 %, 497 MiB, 81920 MiB
2026/06/10 10:42:49.509, 0 %, 0 MiB, 81920 MiB
2026/06/10 10:42:54.510, 0 %, 497 MiB, 81920 MiB
2026/06/10 10:42:54.511, 0 %, 0 MiB, 81920 MiB
2026/06/10 10:42:59.512, 0 %, 497 MiB, 81920 MiB
2026/06/10 10:42:59.512, 0 %, 0 MiB, 81920 MiB
2026/06/10 10:43:04.513, 0 %, 497 MiB, 81920 MiB
2026/06/10 10:43:04.513, 0 %, 0 MiB, 81920 MiB
2026/06/10 10:43:09.514, 0 %, 497 MiB, 81920 MiB
2026/06/10 10:43:09.514, 0 %, 0 MiB, 81920 MiB
2026/06/10 10:43:14.514, 0 %, 497 MiB, 81920 MiB
2026/06/10 10:43:14.514, 0 %, 0 MiB, 81920 MiB
2026/06/10 10:43:19.515, 0 %, 497 MiB, 81920 MiB
2026/06/10 10:43:19.516, 0 %, 0 MiB, 81920 MiB
2026/06/10 10:43:24.516, 0 %, 497 MiB, 81920 MiB
2026/06/10 10:43:24.517, 0 %, 0 MiB, 81920 MiB
2026/06/10 10:43:29.518, 0 %, 497 MiB, 81920 MiB
2026/06/10 10:43:29.518, 0 %, 0 MiB, 81920 MiB
2026/06/10 10:43:34.518, 0 %, 497 MiB, 81920 MiB
2026/06/10 10:43:34.519, 0 %, 0 MiB, 81920 MiB
2026/06/10 10:43:39.520, 0 %, 497 MiB, 81920 MiB
2026/06/10 10:43:39.520, 0 %, 0 MiB, 81920 MiB
2026/06/10 10:43:44.521, 0 %, 497 MiB, 81920 MiB
2026/06/10 10:43:44.521, 0 %, 0 MiB, 81920 MiB
2026/06/10 10:43:49.522, 0 %, 497 MiB, 81920 MiB
2026/06/10 10:43:49.522, 0 %, 0 MiB, 81920 MiB
2026/06/10 10:43:54.522, 0 %, 497 MiB, 81920 MiB
2026/06/10 10:43:54.523, 0 %, 0 MiB, 81920 MiB
2026/06/10 10:43:59.523, 0 %, 497 MiB, 81920 MiB
2026/06/10 10:43:59.524, 0 %, 0 MiB, 81920 MiB
2026/06/10 10:44:04.524, 0 %, 497 MiB, 81920 MiB
2026/06/10 10:44:04.525, 0 %, 0 MiB, 81920 MiB
2026/06/10 10:44:09.526, 0 %, 497 MiB, 81920 MiB
2026/06/10 10:44:09.526, 0 %, 0 MiB, 81920 MiB
2026/06/10 10:44:14.527, 0 %, 497 MiB, 81920 MiB
2026/06/10 10:44:14.527, 0 %, 0 MiB, 81920 MiB
2026/06/10 10:44:19.528, 0 %, 497 MiB, 81920 MiB
2026/06/10 10:44:19.528, 0 %, 0 MiB, 81920 MiB
2026/06/10 10:44:24.529, 0 %, 497 MiB, 81920 MiB
2026/06/10 10:44:24.529, 0 %, 0 MiB, 81920 MiB
2026/06/10 10:44:29.530, 0 %, 497 MiB, 81920 MiB
2026/06/10 10:44:29.530, 0 %, 0 MiB, 81920 MiB
2026/06/10 10:44:34.531, 0 %, 497 MiB, 81920 MiB
2026/06/10 10:44:34.531, 0 %, 0 MiB, 81920 MiB
2026/06/10 10:44:39.531, 0 %, 497 MiB, 81920 MiB
2026/06/10 10:44:39.532, 0 %, 0 MiB, 81920 MiB
2026/06/10 10:44:44.532, 0 %, 497 MiB, 81920 MiB
2026/06/10 10:44:44.533, 0 %, 0 MiB, 81920 MiB
2026/06/10 10:44:49.533, 0 %, 497 MiB, 81920 MiB
2026/06/10 10:44:49.533, 0 %, 0 MiB, 81920 MiB
2026/06/10 10:44:54.534, 0 %, 497 MiB, 81920 MiB
2026/06/10 10:44:54.534, 0 %, 0 MiB, 81920 MiB
2026/06/10 10:44:59.536, 0 %, 497 MiB, 81920 MiB
2026/06/10 10:44:59.536, 0 %, 0 MiB, 81920 MiB
2026/06/10 10:45:04.537, 0 %, 497 MiB, 81920 MiB
2026/06/10 10:45:04.537, 0 %, 0 MiB, 81920 MiB
2026/06/10 10:45:09.538, 0 %, 497 MiB, 81920 MiB
2026/06/10 10:45:09.538, 0 %, 0 MiB, 81920 MiB
2026/06/10 10:45:14.539, 0 %, 497 MiB, 81920 MiB
2026/06/10 10:45:14.539, 0 %, 0 MiB, 81920 MiB
2026/06/10 10:45:19.540, 0 %, 497 MiB, 81920 MiB
2026/06/10 10:45:19.540, 0 %, 0 MiB, 81920 MiB
2026/06/10 10:45:24.541, 0 %, 497 MiB, 81920 MiB
2026/06/10 10:45:24.541, 0 %, 0 MiB, 81920 MiB
2026/06/10 10:45:29.542, 0 %, 497 MiB, 81920 MiB
2026/06/10 10:45:29.542, 0 %, 0 MiB, 81920 MiB
2026/06/10 10:45:34.543, 0 %, 497 MiB, 81920 MiB
2026/06/10 10:45:34.543, 0 %, 0 MiB, 81920 MiB
2026/06/10 10:45:39.544, 0 %, 531 MiB, 81920 MiB
2026/06/10 10:45:39.544, 0 %, 0 MiB, 81920 MiB
2026/06/10 10:45:44.545, 16 %, 531 MiB, 81920 MiB
2026/06/10 10:45:44.545, 0 %, 0 MiB, 81920 MiB
2026/06/10 10:45:49.546, 0 %, 531 MiB, 81920 MiB
2026/06/10 10:45:49.546, 0 %, 0 MiB, 81920 MiB
2026/06/10 10:45:54.547, 0 %, 531 MiB, 81920 MiB
2026/06/10 10:45:54.547, 0 %, 0 MiB, 81920 MiB
2026/06/10 10:45:59.547, 0 %, 531 MiB, 81920 MiB
2026/06/10 10:45:59.548, 0 %, 0 MiB, 81920 MiB
2026/06/10 10:46:04.548, 0 %, 531 MiB, 81920 MiB
2026/06/10 10:46:04.548, 0 %, 0 MiB, 81920 MiB
2026/06/10 10:46:09.549, 0 %, 531 MiB, 81920 MiB
2026/06/10 10:46:09.549, 0 %, 0 MiB, 81920 MiB
2026/06/10 10:46:14.549, 0 %, 531 MiB, 81920 MiB
2026/06/10 10:46:14.550, 0 %, 0 MiB, 81920 MiB
2026/06/10 10:46:19.550, 0 %, 531 MiB, 81920 MiB
2026/06/10 10:46:19.550, 0 %, 0 MiB, 81920 MiB
2026/06/10 10:46:24.551, 0 %, 531 MiB, 81920 MiB
2026/06/10 10:46:24.551, 0 %, 0 MiB, 81920 MiB
2026/06/10 10:46:29.551, 0 %, 531 MiB, 81920 MiB
2026/06/10 10:46:29.552, 0 %, 0 MiB, 81920 MiB
2026/06/10 10:46:34.552, 0 %, 531 MiB, 81920 MiB
2026/06/10 10:46:34.552, 0 %, 0 MiB, 81920 MiB
2026/06/10 10:46:39.553, 0 %, 531 MiB, 81920 MiB
2026/06/10 10:46:39.553, 0 %, 0 MiB, 81920 MiB
2026/06/10 10:46:44.554, 0 %, 531 MiB, 81920 MiB
2026/06/10 10:46:44.554, 0 %, 0 MiB, 81920 MiB
2026/06/10 10:46:49.554, 0 %, 531 MiB, 81920 MiB
2026/06/10 10:46:49.555, 0 %, 0 MiB, 81920 MiB
2026/06/10 10:46:54.555, 0 %, 531 MiB, 81920 MiB
2026/06/10 10:46:54.555, 0 %, 0 MiB, 81920 MiB
2026/06/10 10:46:59.556, 0 %, 531 MiB, 81920 MiB
2026/06/10 10:46:59.556, 0 %, 0 MiB, 81920 MiB
2026/06/10 10:47:04.556, 0 %, 531 MiB, 81920 MiB
2026/06/10 10:47:04.557, 0 %, 0 MiB, 81920 MiB
2026/06/10 10:47:09.557, 0 %, 531 MiB, 81920 MiB
2026/06/10 10:47:09.557, 0 %, 0 MiB, 81920 MiB
2026/06/10 10:47:14.558, 0 %, 531 MiB, 81920 MiB
2026/06/10 10:47:14.558, 0 %, 0 MiB, 81920 MiB
2026/06/10 10:47:19.559, 0 %, 531 MiB, 81920 MiB
2026/06/10 10:47:19.559, 0 %, 0 MiB, 81920 MiB
2026/06/10 10:47:24.559, 0 %, 531 MiB, 81920 MiB
2026/06/10 10:47:24.559, 0 %, 0 MiB, 81920 MiB
2026/06/10 10:47:29.560, 0 %, 531 MiB, 81920 MiB
2026/06/10 10:47:29.560, 0 %, 0 MiB, 81920 MiB
2026/06/10 10:47:34.561, 0 %, 531 MiB, 81920 MiB
2026/06/10 10:47:34.561, 0 %, 0 MiB, 81920 MiB
2026/06/10 10:47:39.561, 0 %, 531 MiB, 81920 MiB
2026/06/10 10:47:39.561, 0 %, 0 MiB, 81920 MiB
2026/06/10 10:47:44.562, 0 %, 531 MiB, 81920 MiB
2026/06/10 10:47:44.562, 0 %, 0 MiB, 81920 MiB
2026/06/10 10:47:49.563, 0 %, 531 MiB, 81920 MiB
2026/06/10 10:47:49.563, 0 %, 0 MiB, 81920 MiB
2026/06/10 10:47:54.563, 0 %, 531 MiB, 81920 MiB
2026/06/10 10:47:54.564, 0 %, 0 MiB, 81920 MiB
2026/06/10 10:47:59.564, 0 %, 531 MiB, 81920 MiB
2026/06/10 10:47:59.564, 0 %, 0 MiB, 81920 MiB
2026/06/10 10:48:04.565, 0 %, 531 MiB, 81920 MiB
2026/06/10 10:48:04.565, 0 %, 0 MiB, 81920 MiB
2026/06/10 10:48:09.566, 0 %, 531 MiB, 81920 MiB
2026/06/10 10:48:09.566, 0 %, 0 MiB, 81920 MiB
2026/06/10 10:48:14.566, 0 %, 531 MiB, 81920 MiB
2026/06/10 10:48:14.566, 0 %, 0 MiB, 81920 MiB
2026/06/10 10:48:19.567, 0 %, 531 MiB, 81920 MiB
2026/06/10 10:48:19.567, 0 %, 0 MiB, 81920 MiB
2026/06/10 10:48:24.568, 0 %, 531 MiB, 81920 MiB
2026/06/10 10:48:24.568, 0 %, 0 MiB, 81920 MiB
2026/06/10 10:48:29.568, 0 %, 531 MiB, 81920 MiB
2026/06/10 10:48:29.568, 0 %, 0 MiB, 81920 MiB
2026/06/10 10:48:34.569, 0 %, 531 MiB, 81920 MiB
2026/06/10 10:48:34.569, 0 %, 0 MiB, 81920 MiB
2026/06/10 10:48:39.570, 0 %, 531 MiB, 81920 MiB
2026/06/10 10:48:39.570, 0 %, 0 MiB, 81920 MiB
2026/06/10 10:48:44.570, 0 %, 531 MiB, 81920 MiB
2026/06/10 10:48:44.571, 0 %, 0 MiB, 81920 MiB
2026/06/10 10:48:49.571, 0 %, 531 MiB, 81920 MiB
2026/06/10 10:48:49.571, 0 %, 0 MiB, 81920 MiB
2026/06/10 10:48:54.572, 0 %, 531 MiB, 81920 MiB
2026/06/10 10:48:54.572, 0 %, 0 MiB, 81920 MiB
2026/06/10 10:48:59.573, 0 %, 531 MiB, 81920 MiB
2026/06/10 10:48:59.573, 0 %, 0 MiB, 81920 MiB
2026/06/10 10:49:04.573, 0 %, 531 MiB, 81920 MiB
2026/06/10 10:49:04.573, 0 %, 0 MiB, 81920 MiB
2026/06/10 10:49:09.574, 0 %, 531 MiB, 81920 MiB
2026/06/10 10:49:09.574, 0 %, 0 MiB, 81920 MiB
2026/06/10 10:49:14.575, 0 %, 531 MiB, 81920 MiB
2026/06/10 10:49:14.575, 0 %, 0 MiB, 81920 MiB
2026/06/10 10:49:19.575, 0 %, 531 MiB, 81920 MiB
2026/06/10 10:49:19.575, 0 %, 0 MiB, 81920 MiB
2026/06/10 10:49:24.576, 0 %, 531 MiB, 81920 MiB
2026/06/10 10:49:24.576, 0 %, 0 MiB, 81920 MiB
2026/06/10 10:49:29.577, 0 %, 531 MiB, 81920 MiB
2026/06/10 10:49:29.577, 0 %, 0 MiB, 81920 MiB
2026/06/10 10:49:34.577, 0 %, 531 MiB, 81920 MiB
2026/06/10 10:49:34.578, 0 %, 0 MiB, 81920 MiB
2026/06/10 10:49:39.578, 0 %, 531 MiB, 81920 MiB
2026/06/10 10:49:39.578, 0 %, 0 MiB, 81920 MiB
2026/06/10 10:49:44.579, 0 %, 531 MiB, 81920 MiB
2026/06/10 10:49:44.579, 0 %, 0 MiB, 81920 MiB
2026/06/10 10:49:49.580, 0 %, 531 MiB, 81920 MiB
2026/06/10 10:49:49.580, 0 %, 0 MiB, 81920 MiB
2026/06/10 10:49:54.580, 0 %, 531 MiB, 81920 MiB
2026/06/10 10:49:54.580, 0 %, 0 MiB, 81920 MiB
2026/06/10 10:49:59.581, 0 %, 531 MiB, 81920 MiB
2026/06/10 10:49:59.581, 0 %, 0 MiB, 81920 MiB
2026/06/10 10:50:04.582, 0 %, 531 MiB, 81920 MiB
2026/06/10 10:50:04.582, 0 %, 0 MiB, 81920 MiB
2026/06/10 10:50:09.582, 0 %, 531 MiB, 81920 MiB
2026/06/10 10:50:09.583, 0 %, 0 MiB, 81920 MiB
2026/06/10 10:50:14.583, 0 %, 531 MiB, 81920 MiB
2026/06/10 10:50:14.583, 0 %, 0 MiB, 81920 MiB
2026/06/10 10:50:19.584, 0 %, 531 MiB, 81920 MiB
2026/06/10 10:50:19.584, 0 %, 0 MiB, 81920 MiB
2026/06/10 10:50:24.584, 0 %, 531 MiB, 81920 MiB
2026/06/10 10:50:24.585, 0 %, 0 MiB, 81920 MiB
2026/06/10 10:50:29.585, 0 %, 531 MiB, 81920 MiB
2026/06/10 10:50:29.585, 0 %, 0 MiB, 81920 MiB
2026/06/10 10:50:34.586, 0 %, 531 MiB, 81920 MiB
2026/06/10 10:50:34.586, 0 %, 0 MiB, 81920 MiB
2026/06/10 10:50:39.586, 0 %, 531 MiB, 81920 MiB
2026/06/10 10:50:39.587, 0 %, 0 MiB, 81920 MiB
2026/06/10 10:50:44.587, 0 %, 531 MiB, 81920 MiB
2026/06/10 10:50:44.587, 0 %, 0 MiB, 81920 MiB
2026/06/10 10:50:49.588, 0 %, 531 MiB, 81920 MiB
2026/06/10 10:50:49.588, 0 %, 0 MiB, 81920 MiB
2026/06/10 10:50:54.589, 0 %, 531 MiB, 81920 MiB
2026/06/10 10:50:54.589, 0 %, 0 MiB, 81920 MiB
2026/06/10 10:50:59.589, 0 %, 531 MiB, 81920 MiB
2026/06/10 10:50:59.589, 0 %, 0 MiB, 81920 MiB
2026/06/10 10:51:04.590, 0 %, 531 MiB, 81920 MiB
2026/06/10 10:51:04.590, 0 %, 0 MiB, 81920 MiB
2026/06/10 10:51:09.591, 0 %, 531 MiB, 81920 MiB
2026/06/10 10:51:09.591, 0 %, 0 MiB, 81920 MiB
2026/06/10 10:51:14.591, 0 %, 531 MiB, 81920 MiB
2026/06/10 10:51:14.591, 0 %, 0 MiB, 81920 MiB
2026/06/10 10:51:19.592, 0 %, 531 MiB, 81920 MiB
2026/06/10 10:51:19.592, 0 %, 0 MiB, 81920 MiB
2026/06/10 10:51:24.593, 0 %, 531 MiB, 81920 MiB
2026/06/10 10:51:24.593, 0 %, 0 MiB, 81920 MiB
2026/06/10 10:51:29.593, 0 %, 531 MiB, 81920 MiB
2026/06/10 10:51:29.594, 0 %, 0 MiB, 81920 MiB
2026/06/10 10:51:34.594, 0 %, 531 MiB, 81920 MiB
2026/06/10 10:51:34.594, 0 %, 0 MiB, 81920 MiB
2026/06/10 10:51:39.595, 0 %, 531 MiB, 81920 MiB
2026/06/10 10:51:39.595, 0 %, 0 MiB, 81920 MiB
2026/06/10 10:51:44.596, 0 %, 531 MiB, 81920 MiB
2026/06/10 10:51:44.596, 0 %, 0 MiB, 81920 MiB
2026/06/10 10:51:49.596, 0 %, 531 MiB, 81920 MiB
2026/06/10 10:51:49.596, 0 %, 0 MiB, 81920 MiB
2026/06/10 10:51:54.597, 0 %, 531 MiB, 81920 MiB
2026/06/10 10:51:54.597, 0 %, 0 MiB, 81920 MiB
2026/06/10 10:51:59.598, 0 %, 531 MiB, 81920 MiB
2026/06/10 10:51:59.598, 0 %, 0 MiB, 81920 MiB
2026/06/10 10:52:04.599, 0 %, 531 MiB, 81920 MiB
2026/06/10 10:52:04.599, 0 %, 0 MiB, 81920 MiB
2026/06/10 10:52:09.599, 0 %, 531 MiB, 81920 MiB
2026/06/10 10:52:09.599, 0 %, 0 MiB, 81920 MiB
2026/06/10 10:52:14.600, 0 %, 531 MiB, 81920 MiB
2026/06/10 10:52:14.600, 0 %, 0 MiB, 81920 MiB
2026/06/10 10:52:19.601, 0 %, 531 MiB, 81920 MiB
2026/06/10 10:52:19.601, 0 %, 0 MiB, 81920 MiB
2026/06/10 10:52:24.601, 0 %, 531 MiB, 81920 MiB
2026/06/10 10:52:24.601, 0 %, 0 MiB, 81920 MiB
2026/06/10 10:52:29.602, 0 %, 531 MiB, 81920 MiB
2026/06/10 10:52:29.602, 0 %, 0 MiB, 81920 MiB
2026/06/10 10:52:34.603, 0 %, 531 MiB, 81920 MiB
2026/06/10 10:52:34.603, 0 %, 0 MiB, 81920 MiB
2026/06/10 10:52:39.603, 0 %, 531 MiB, 81920 MiB
2026/06/10 10:52:39.603, 0 %, 0 MiB, 81920 MiB
2026/06/10 10:52:44.604, 0 %, 531 MiB, 81920 MiB
2026/06/10 10:52:44.604, 0 %, 0 MiB, 81920 MiB
2026/06/10 10:52:49.605, 0 %, 531 MiB, 81920 MiB
2026/06/10 10:52:49.605, 0 %, 0 MiB, 81920 MiB
2026/06/10 10:52:54.606, 0 %, 531 MiB, 81920 MiB
2026/06/10 10:52:54.606, 0 %, 0 MiB, 81920 MiB
2026/06/10 10:52:59.606, 0 %, 531 MiB, 81920 MiB
2026/06/10 10:52:59.606, 0 %, 0 MiB, 81920 MiB
2026/06/10 10:53:04.607, 0 %, 531 MiB, 81920 MiB
2026/06/10 10:53:04.607, 0 %, 0 MiB, 81920 MiB
2026/06/10 10:53:09.608, 0 %, 531 MiB, 81920 MiB
2026/06/10 10:53:09.608, 0 %, 0 MiB, 81920 MiB
2026/06/10 10:53:14.608, 0 %, 531 MiB, 81920 MiB
2026/06/10 10:53:14.608, 0 %, 0 MiB, 81920 MiB
2026/06/10 10:53:19.609, 0 %, 531 MiB, 81920 MiB
2026/06/10 10:53:19.609, 0 %, 0 MiB, 81920 MiB
2026/06/10 10:53:24.610, 0 %, 531 MiB, 81920 MiB
2026/06/10 10:53:24.610, 0 %, 0 MiB, 81920 MiB
2026/06/10 10:53:29.611, 0 %, 531 MiB, 81920 MiB
2026/06/10 10:53:29.611, 0 %, 0 MiB, 81920 MiB
2026/06/10 10:53:34.612, 0 %, 531 MiB, 81920 MiB
2026/06/10 10:53:34.612, 0 %, 0 MiB, 81920 MiB
2026/06/10 10:53:39.613, 0 %, 531 MiB, 81920 MiB
2026/06/10 10:53:39.613, 0 %, 0 MiB, 81920 MiB
2026/06/10 10:53:44.614, 0 %, 531 MiB, 81920 MiB
2026/06/10 10:53:44.614, 0 %, 0 MiB, 81920 MiB
2026/06/10 10:53:49.615, 0 %, 531 MiB, 81920 MiB
2026/06/10 10:53:49.615, 0 %, 0 MiB, 81920 MiB
2026/06/10 10:53:54.616, 0 %, 531 MiB, 81920 MiB
2026/06/10 10:53:54.616, 0 %, 0 MiB, 81920 MiB
2026/06/10 10:53:59.616, 0 %, 531 MiB, 81920 MiB
2026/06/10 10:53:59.616, 0 %, 0 MiB, 81920 MiB
2026/06/10 10:54:04.617, 0 %, 531 MiB, 81920 MiB
2026/06/10 10:54:04.617, 0 %, 0 MiB, 81920 MiB
2026/06/10 10:54:09.618, 0 %, 531 MiB, 81920 MiB
2026/06/10 10:54:09.618, 0 %, 0 MiB, 81920 MiB
2026/06/10 10:54:14.619, 0 %, 531 MiB, 81920 MiB
2026/06/10 10:54:14.619, 0 %, 0 MiB, 81920 MiB
2026/06/10 10:54:19.619, 0 %, 531 MiB, 81920 MiB
2026/06/10 10:54:19.620, 0 %, 0 MiB, 81920 MiB
2026/06/10 10:54:24.620, 0 %, 531 MiB, 81920 MiB
2026/06/10 10:54:24.620, 0 %, 0 MiB, 81920 MiB
2026/06/10 10:54:29.621, 0 %, 531 MiB, 81920 MiB
2026/06/10 10:54:29.621, 0 %, 0 MiB, 81920 MiB
2026/06/10 10:54:34.622, 0 %, 531 MiB, 81920 MiB
2026/06/10 10:54:34.622, 0 %, 0 MiB, 81920 MiB
2026/06/10 10:54:39.622, 0 %, 531 MiB, 81920 MiB
2026/06/10 10:54:39.623, 0 %, 0 MiB, 81920 MiB
2026/06/10 10:54:44.623, 0 %, 531 MiB, 81920 MiB
2026/06/10 10:54:44.623, 0 %, 0 MiB, 81920 MiB
2026/06/10 10:54:49.624, 0 %, 531 MiB, 81920 MiB
2026/06/10 10:54:49.624, 0 %, 0 MiB, 81920 MiB
2026/06/10 10:54:54.625, 0 %, 531 MiB, 81920 MiB
2026/06/10 10:54:54.625, 0 %, 0 MiB, 81920 MiB
2026/06/10 10:54:59.626, 0 %, 531 MiB, 81920 MiB
2026/06/10 10:54:59.626, 0 %, 0 MiB, 81920 MiB
2026/06/10 10:55:04.626, 0 %, 531 MiB, 81920 MiB
2026/06/10 10:55:04.626, 0 %, 0 MiB, 81920 MiB
2026/06/10 10:55:09.627, 0 %, 531 MiB, 81920 MiB
2026/06/10 10:55:09.627, 0 %, 0 MiB, 81920 MiB
2026/06/10 10:55:14.628, 0 %, 531 MiB, 81920 MiB
2026/06/10 10:55:14.628, 0 %, 0 MiB, 81920 MiB
2026/06/10 10:55:19.628, 0 %, 531 MiB, 81920 MiB
2026/06/10 10:55:19.629, 0 %, 0 MiB, 81920 MiB
2026/06/10 10:55:24.629, 0 %, 531 MiB, 81920 MiB
2026/06/10 10:55:24.629, 0 %, 0 MiB, 81920 MiB
2026/06/10 10:55:29.630, 0 %, 531 MiB, 81920 MiB
2026/06/10 10:55:29.630, 0 %, 0 MiB, 81920 MiB
2026/06/10 10:55:34.631, 0 %, 531 MiB, 81920 MiB
2026/06/10 10:55:34.631, 0 %, 0 MiB, 81920 MiB
2026/06/10 10:55:39.631, 0 %, 531 MiB, 81920 MiB
2026/06/10 10:55:39.631, 0 %, 0 MiB, 81920 MiB
2026/06/10 10:55:44.632, 0 %, 531 MiB, 81920 MiB
2026/06/10 10:55:44.632, 0 %, 0 MiB, 81920 MiB
2026/06/10 10:55:49.633, 0 %, 531 MiB, 81920 MiB
2026/06/10 10:55:49.633, 0 %, 0 MiB, 81920 MiB
2026/06/10 10:55:54.634, 0 %, 531 MiB, 81920 MiB
2026/06/10 10:55:54.634, 0 %, 0 MiB, 81920 MiB
2026/06/10 10:55:59.635, 0 %, 497 MiB, 81920 MiB
2026/06/10 10:55:59.635, 0 %, 0 MiB, 81920 MiB
2026/06/10 10:56:04.636, 0 %, 497 MiB, 81920 MiB
2026/06/10 10:56:04.636, 0 %, 0 MiB, 81920 MiB
2026/06/10 10:56:09.637, 0 %, 497 MiB, 81920 MiB
2026/06/10 10:56:09.637, 0 %, 0 MiB, 81920 MiB
2026/06/10 10:56:14.639, 0 %, 497 MiB, 81920 MiB
2026/06/10 10:56:14.639, 0 %, 0 MiB, 81920 MiB
2026/06/10 10:56:19.640, 0 %, 497 MiB, 81920 MiB
2026/06/10 10:56:19.640, 0 %, 0 MiB, 81920 MiB
2026/06/10 10:56:24.641, 0 %, 497 MiB, 81920 MiB
2026/06/10 10:56:24.641, 0 %, 0 MiB, 81920 MiB
2026/06/10 10:56:29.642, 0 %, 497 MiB, 81920 MiB
2026/06/10 10:56:29.642, 0 %, 0 MiB, 81920 MiB
2026/06/10 10:56:34.643, 0 %, 497 MiB, 81920 MiB
2026/06/10 10:56:34.643, 0 %, 0 MiB, 81920 MiB
2026/06/10 10:56:39.643, 0 %, 497 MiB, 81920 MiB
2026/06/10 10:56:39.644, 0 %, 0 MiB, 81920 MiB
2026/06/10 10:56:44.644, 0 %, 497 MiB, 81920 MiB
2026/06/10 10:56:44.644, 0 %, 0 MiB, 81920 MiB
2026/06/10 10:56:49.645, 0 %, 497 MiB, 81920 MiB
2026/06/10 10:56:49.645, 0 %, 0 MiB, 81920 MiB
2026/06/10 10:56:54.646, 0 %, 497 MiB, 81920 MiB
2026/06/10 10:56:54.646, 0 %, 0 MiB, 81920 MiB
2026/06/10 10:56:59.647, 0 %, 497 MiB, 81920 MiB
2026/06/10 10:56:59.647, 0 %, 0 MiB, 81920 MiB
2026/06/10 10:57:04.648, 0 %, 497 MiB, 81920 MiB
2026/06/10 10:57:04.648, 0 %, 0 MiB, 81920 MiB
2026/06/10 10:57:09.649, 0 %, 497 MiB, 81920 MiB
2026/06/10 10:57:09.649, 0 %, 0 MiB, 81920 MiB
2026/06/10 10:57:14.650, 0 %, 497 MiB, 81920 MiB
2026/06/10 10:57:14.650, 0 %, 0 MiB, 81920 MiB
2026/06/10 10:57:19.651, 0 %, 497 MiB, 81920 MiB
2026/06/10 10:57:19.651, 0 %, 0 MiB, 81920 MiB
2026/06/10 10:57:24.652, 0 %, 497 MiB, 81920 MiB
2026/06/10 10:57:24.652, 0 %, 0 MiB, 81920 MiB
2026/06/10 10:57:29.653, 0 %, 497 MiB, 81920 MiB
2026/06/10 10:57:29.653, 0 %, 0 MiB, 81920 MiB
2026/06/10 10:57:34.654, 0 %, 497 MiB, 81920 MiB
2026/06/10 10:57:34.654, 0 %, 0 MiB, 81920 MiB
2026/06/10 10:57:39.655, 0 %, 497 MiB, 81920 MiB
2026/06/10 10:57:39.655, 0 %, 0 MiB, 81920 MiB
2026/06/10 10:57:44.656, 0 %, 497 MiB, 81920 MiB
2026/06/10 10:57:44.656, 0 %, 0 MiB, 81920 MiB
2026/06/10 10:57:49.657, 0 %, 497 MiB, 81920 MiB
2026/06/10 10:57:49.657, 0 %, 0 MiB, 81920 MiB
2026/06/10 10:57:54.658, 0 %, 497 MiB, 81920 MiB
2026/06/10 10:57:54.658, 0 %, 0 MiB, 81920 MiB
2026/06/10 10:57:59.659, 0 %, 497 MiB, 81920 MiB
2026/06/10 10:57:59.659, 0 %, 0 MiB, 81920 MiB
2026/06/10 10:58:04.660, 0 %, 497 MiB, 81920 MiB
2026/06/10 10:58:04.660, 0 %, 0 MiB, 81920 MiB
2026/06/10 10:58:09.661, 0 %, 497 MiB, 81920 MiB
2026/06/10 10:58:09.661, 0 %, 0 MiB, 81920 MiB
2026/06/10 10:58:14.662, 0 %, 497 MiB, 81920 MiB
2026/06/10 10:58:14.662, 0 %, 0 MiB, 81920 MiB
2026/06/10 10:58:19.663, 0 %, 497 MiB, 81920 MiB
2026/06/10 10:58:19.663, 0 %, 0 MiB, 81920 MiB
2026/06/10 10:58:24.664, 0 %, 497 MiB, 81920 MiB
2026/06/10 10:58:24.664, 0 %, 0 MiB, 81920 MiB
2026/06/10 10:58:29.665, 0 %, 497 MiB, 81920 MiB
2026/06/10 10:58:29.666, 0 %, 0 MiB, 81920 MiB
2026/06/10 10:58:34.667, 0 %, 497 MiB, 81920 MiB
2026/06/10 10:58:34.667, 0 %, 0 MiB, 81920 MiB
2026/06/10 10:58:39.668, 0 %, 497 MiB, 81920 MiB
2026/06/10 10:58:39.668, 0 %, 0 MiB, 81920 MiB
2026/06/10 10:58:44.669, 0 %, 497 MiB, 81920 MiB
2026/06/10 10:58:44.669, 0 %, 0 MiB, 81920 MiB
2026/06/10 10:58:49.670, 0 %, 497 MiB, 81920 MiB
2026/06/10 10:58:49.670, 0 %, 0 MiB, 81920 MiB
2026/06/10 10:58:54.671, 0 %, 497 MiB, 81920 MiB
2026/06/10 10:58:54.671, 0 %, 0 MiB, 81920 MiB
2026/06/10 10:58:59.672, 0 %, 497 MiB, 81920 MiB
2026/06/10 10:58:59.672, 0 %, 0 MiB, 81920 MiB
2026/06/10 10:59:04.673, 0 %, 497 MiB, 81920 MiB
2026/06/10 10:59:04.673, 0 %, 0 MiB, 81920 MiB
2026/06/10 10:59:09.674, 0 %, 497 MiB, 81920 MiB
2026/06/10 10:59:09.675, 0 %, 0 MiB, 81920 MiB
2026/06/10 10:59:14.675, 0 %, 531 MiB, 81920 MiB
2026/06/10 10:59:14.675, 0 %, 0 MiB, 81920 MiB
2026/06/10 10:59:19.676, 0 %, 531 MiB, 81920 MiB
2026/06/10 10:59:19.676, 0 %, 0 MiB, 81920 MiB
2026/06/10 10:59:24.677, 0 %, 531 MiB, 81920 MiB
2026/06/10 10:59:24.677, 0 %, 0 MiB, 81920 MiB
2026/06/10 10:59:29.678, 0 %, 531 MiB, 81920 MiB
2026/06/10 10:59:29.678, 0 %, 0 MiB, 81920 MiB
2026/06/10 10:59:34.679, 0 %, 531 MiB, 81920 MiB
2026/06/10 10:59:34.679, 0 %, 0 MiB, 81920 MiB
2026/06/10 10:59:39.680, 0 %, 531 MiB, 81920 MiB
2026/06/10 10:59:39.680, 0 %, 0 MiB, 81920 MiB
2026/06/10 10:59:44.681, 0 %, 531 MiB, 81920 MiB
2026/06/10 10:59:44.681, 0 %, 0 MiB, 81920 MiB
2026/06/10 10:59:49.682, 0 %, 531 MiB, 81920 MiB
2026/06/10 10:59:49.682, 0 %, 0 MiB, 81920 MiB
2026/06/10 10:59:54.683, 0 %, 531 MiB, 81920 MiB
2026/06/10 10:59:54.683, 0 %, 0 MiB, 81920 MiB
2026/06/10 10:59:59.683, 0 %, 531 MiB, 81920 MiB
2026/06/10 10:59:59.684, 0 %, 0 MiB, 81920 MiB
2026/06/10 11:00:04.684, 0 %, 531 MiB, 81920 MiB
2026/06/10 11:00:04.684, 0 %, 0 MiB, 81920 MiB
2026/06/10 11:00:09.685, 0 %, 531 MiB, 81920 MiB
2026/06/10 11:00:09.685, 0 %, 0 MiB, 81920 MiB
2026/06/10 11:00:14.686, 0 %, 531 MiB, 81920 MiB
2026/06/10 11:00:14.686, 0 %, 0 MiB, 81920 MiB
2026/06/10 11:00:19.687, 0 %, 531 MiB, 81920 MiB
2026/06/10 11:00:19.687, 0 %, 0 MiB, 81920 MiB
2026/06/10 11:00:24.688, 0 %, 531 MiB, 81920 MiB
2026/06/10 11:00:24.688, 0 %, 0 MiB, 81920 MiB
2026/06/10 11:00:29.689, 0 %, 531 MiB, 81920 MiB
2026/06/10 11:00:29.689, 0 %, 0 MiB, 81920 MiB
2026/06/10 11:00:34.690, 0 %, 531 MiB, 81920 MiB
2026/06/10 11:00:34.690, 0 %, 0 MiB, 81920 MiB
2026/06/10 11:00:39.691, 0 %, 531 MiB, 81920 MiB
2026/06/10 11:00:39.691, 0 %, 0 MiB, 81920 MiB
2026/06/10 11:00:44.692, 0 %, 531 MiB, 81920 MiB
2026/06/10 11:00:44.692, 0 %, 0 MiB, 81920 MiB
2026/06/10 11:00:49.693, 0 %, 531 MiB, 81920 MiB
2026/06/10 11:00:49.693, 0 %, 0 MiB, 81920 MiB
2026/06/10 11:00:54.694, 0 %, 531 MiB, 81920 MiB
2026/06/10 11:00:54.694, 0 %, 0 MiB, 81920 MiB
2026/06/10 11:00:59.695, 0 %, 531 MiB, 81920 MiB
2026/06/10 11:00:59.695, 0 %, 0 MiB, 81920 MiB
2026/06/10 11:01:04.696, 0 %, 531 MiB, 81920 MiB
2026/06/10 11:01:04.696, 0 %, 0 MiB, 81920 MiB
2026/06/10 11:01:09.697, 0 %, 531 MiB, 81920 MiB
2026/06/10 11:01:09.697, 0 %, 0 MiB, 81920 MiB
2026/06/10 11:01:14.697, 0 %, 531 MiB, 81920 MiB
2026/06/10 11:01:14.698, 0 %, 0 MiB, 81920 MiB
2026/06/10 11:01:19.698, 0 %, 531 MiB, 81920 MiB
2026/06/10 11:01:19.698, 0 %, 0 MiB, 81920 MiB
2026/06/10 11:01:24.699, 0 %, 531 MiB, 81920 MiB
2026/06/10 11:01:24.699, 0 %, 0 MiB, 81920 MiB
2026/06/10 11:01:29.700, 0 %, 531 MiB, 81920 MiB
2026/06/10 11:01:29.700, 0 %, 0 MiB, 81920 MiB
2026/06/10 11:01:34.701, 0 %, 531 MiB, 81920 MiB
2026/06/10 11:01:34.701, 0 %, 0 MiB, 81920 MiB
2026/06/10 11:01:39.702, 0 %, 531 MiB, 81920 MiB
2026/06/10 11:01:39.702, 0 %, 0 MiB, 81920 MiB
2026/06/10 11:01:44.703, 0 %, 531 MiB, 81920 MiB
2026/06/10 11:01:44.703, 0 %, 0 MiB, 81920 MiB
2026/06/10 11:01:49.704, 0 %, 531 MiB, 81920 MiB
2026/06/10 11:01:49.704, 0 %, 0 MiB, 81920 MiB
2026/06/10 11:01:54.705, 0 %, 531 MiB, 81920 MiB
2026/06/10 11:01:54.705, 0 %, 0 MiB, 81920 MiB
2026/06/10 11:01:59.706, 0 %, 531 MiB, 81920 MiB
2026/06/10 11:01:59.706, 0 %, 0 MiB, 81920 MiB
2026/06/10 11:02:04.707, 0 %, 531 MiB, 81920 MiB
2026/06/10 11:02:04.707, 0 %, 0 MiB, 81920 MiB
2026/06/10 11:02:09.708, 0 %, 531 MiB, 81920 MiB
2026/06/10 11:02:09.708, 0 %, 0 MiB, 81920 MiB
2026/06/10 11:02:14.709, 0 %, 531 MiB, 81920 MiB
2026/06/10 11:02:14.709, 0 %, 0 MiB, 81920 MiB
2026/06/10 11:02:19.710, 0 %, 531 MiB, 81920 MiB
2026/06/10 11:02:19.710, 0 %, 0 MiB, 81920 MiB
2026/06/10 11:02:24.711, 0 %, 531 MiB, 81920 MiB
2026/06/10 11:02:24.711, 0 %, 0 MiB, 81920 MiB
2026/06/10 11:02:29.712, 0 %, 531 MiB, 81920 MiB
2026/06/10 11:02:29.712, 0 %, 0 MiB, 81920 MiB
2026/06/10 11:02:34.713, 0 %, 531 MiB, 81920 MiB
2026/06/10 11:02:34.713, 0 %, 0 MiB, 81920 MiB
2026/06/10 11:02:39.714, 0 %, 531 MiB, 81920 MiB
2026/06/10 11:02:39.714, 0 %, 0 MiB, 81920 MiB
2026/06/10 11:02:44.715, 0 %, 531 MiB, 81920 MiB
2026/06/10 11:02:44.715, 0 %, 0 MiB, 81920 MiB
2026/06/10 11:02:49.715, 0 %, 531 MiB, 81920 MiB
2026/06/10 11:02:49.716, 0 %, 0 MiB, 81920 MiB
2026/06/10 11:02:54.716, 0 %, 531 MiB, 81920 MiB
2026/06/10 11:02:54.717, 0 %, 0 MiB, 81920 MiB
2026/06/10 11:02:59.717, 0 %, 531 MiB, 81920 MiB
2026/06/10 11:02:59.717, 0 %, 0 MiB, 81920 MiB
2026/06/10 11:03:04.718, 0 %, 531 MiB, 81920 MiB
2026/06/10 11:03:04.718, 0 %, 0 MiB, 81920 MiB
2026/06/10 11:03:09.719, 0 %, 531 MiB, 81920 MiB
2026/06/10 11:03:09.719, 0 %, 0 MiB, 81920 MiB
2026/06/10 11:03:14.720, 0 %, 531 MiB, 81920 MiB
2026/06/10 11:03:14.720, 0 %, 0 MiB, 81920 MiB
2026/06/10 11:03:19.721, 0 %, 531 MiB, 81920 MiB
2026/06/10 11:03:19.721, 0 %, 0 MiB, 81920 MiB
2026/06/10 11:03:24.722, 0 %, 531 MiB, 81920 MiB
2026/06/10 11:03:24.722, 0 %, 0 MiB, 81920 MiB
2026/06/10 11:03:29.723, 0 %, 531 MiB, 81920 MiB
2026/06/10 11:03:29.723, 0 %, 0 MiB, 81920 MiB
2026/06/10 11:03:34.724, 0 %, 531 MiB, 81920 MiB
2026/06/10 11:03:34.724, 0 %, 0 MiB, 81920 MiB
2026/06/10 11:03:39.725, 0 %, 531 MiB, 81920 MiB
2026/06/10 11:03:39.725, 0 %, 0 MiB, 81920 MiB
2026/06/10 11:03:44.726, 0 %, 531 MiB, 81920 MiB
2026/06/10 11:03:44.726, 0 %, 0 MiB, 81920 MiB
2026/06/10 11:03:49.727, 0 %, 531 MiB, 81920 MiB
2026/06/10 11:03:49.727, 0 %, 0 MiB, 81920 MiB
2026/06/10 11:03:54.728, 0 %, 531 MiB, 81920 MiB
2026/06/10 11:03:54.728, 0 %, 0 MiB, 81920 MiB
2026/06/10 11:03:59.729, 0 %, 531 MiB, 81920 MiB
2026/06/10 11:03:59.729, 0 %, 0 MiB, 81920 MiB
2026/06/10 11:04:04.730, 0 %, 531 MiB, 81920 MiB
2026/06/10 11:04:04.730, 0 %, 0 MiB, 81920 MiB
2026/06/10 11:04:09.730, 0 %, 531 MiB, 81920 MiB
2026/06/10 11:04:09.731, 0 %, 0 MiB, 81920 MiB
2026/06/10 11:04:14.731, 0 %, 531 MiB, 81920 MiB
2026/06/10 11:04:14.731, 0 %, 0 MiB, 81920 MiB
2026/06/10 11:04:19.732, 0 %, 531 MiB, 81920 MiB
2026/06/10 11:04:19.732, 0 %, 0 MiB, 81920 MiB
2026/06/10 11:04:24.733, 0 %, 531 MiB, 81920 MiB
2026/06/10 11:04:24.733, 0 %, 0 MiB, 81920 MiB
2026/06/10 11:04:29.734, 0 %, 531 MiB, 81920 MiB
2026/06/10 11:04:29.734, 0 %, 0 MiB, 81920 MiB
2026/06/10 11:04:34.735, 0 %, 531 MiB, 81920 MiB
2026/06/10 11:04:34.735, 0 %, 0 MiB, 81920 MiB
2026/06/10 11:04:39.736, 0 %, 531 MiB, 81920 MiB
2026/06/10 11:04:39.736, 0 %, 0 MiB, 81920 MiB
2026/06/10 11:04:44.737, 0 %, 531 MiB, 81920 MiB
2026/06/10 11:04:44.737, 0 %, 0 MiB, 81920 MiB
2026/06/10 11:04:49.738, 0 %, 531 MiB, 81920 MiB
2026/06/10 11:04:49.738, 0 %, 0 MiB, 81920 MiB
2026/06/10 11:04:54.739, 0 %, 531 MiB, 81920 MiB
2026/06/10 11:04:54.739, 0 %, 0 MiB, 81920 MiB
2026/06/10 11:04:59.740, 0 %, 531 MiB, 81920 MiB
2026/06/10 11:04:59.740, 0 %, 0 MiB, 81920 MiB
2026/06/10 11:05:04.741, 0 %, 531 MiB, 81920 MiB
2026/06/10 11:05:04.741, 0 %, 0 MiB, 81920 MiB
2026/06/10 11:05:09.742, 0 %, 531 MiB, 81920 MiB
2026/06/10 11:05:09.742, 0 %, 0 MiB, 81920 MiB
2026/06/10 11:05:14.743, 0 %, 531 MiB, 81920 MiB
2026/06/10 11:05:14.743, 0 %, 0 MiB, 81920 MiB
2026/06/10 11:05:19.743, 0 %, 531 MiB, 81920 MiB
2026/06/10 11:05:19.744, 0 %, 0 MiB, 81920 MiB
2026/06/10 11:05:24.744, 0 %, 531 MiB, 81920 MiB
2026/06/10 11:05:24.745, 0 %, 0 MiB, 81920 MiB
2026/06/10 11:05:29.745, 0 %, 531 MiB, 81920 MiB
2026/06/10 11:05:29.746, 0 %, 0 MiB, 81920 MiB
2026/06/10 11:05:34.746, 0 %, 531 MiB, 81920 MiB
2026/06/10 11:05:34.747, 0 %, 0 MiB, 81920 MiB
2026/06/10 11:05:39.747, 0 %, 531 MiB, 81920 MiB
2026/06/10 11:05:39.747, 0 %, 0 MiB, 81920 MiB
2026/06/10 11:05:44.748, 0 %, 531 MiB, 81920 MiB
2026/06/10 11:05:44.748, 0 %, 0 MiB, 81920 MiB
2026/06/10 11:05:49.749, 0 %, 531 MiB, 81920 MiB
2026/06/10 11:05:49.749, 0 %, 0 MiB, 81920 MiB
2026/06/10 11:05:54.750, 0 %, 531 MiB, 81920 MiB
2026/06/10 11:05:54.750, 0 %, 0 MiB, 81920 MiB
2026/06/10 11:05:59.751, 0 %, 531 MiB, 81920 MiB
2026/06/10 11:05:59.751, 0 %, 0 MiB, 81920 MiB
2026/06/10 11:06:04.752, 0 %, 531 MiB, 81920 MiB
2026/06/10 11:06:04.752, 0 %, 0 MiB, 81920 MiB
2026/06/10 11:06:09.753, 0 %, 531 MiB, 81920 MiB
2026/06/10 11:06:09.753, 0 %, 0 MiB, 81920 MiB
2026/06/10 11:06:14.754, 0 %, 531 MiB, 81920 MiB
2026/06/10 11:06:14.754, 0 %, 0 MiB, 81920 MiB
2026/06/10 11:06:19.755, 0 %, 531 MiB, 81920 MiB
2026/06/10 11:06:19.755, 0 %, 0 MiB, 81920 MiB
2026/06/10 11:06:24.756, 0 %, 531 MiB, 81920 MiB
2026/06/10 11:06:24.756, 0 %, 0 MiB, 81920 MiB
2026/06/10 11:06:29.757, 0 %, 531 MiB, 81920 MiB
2026/06/10 11:06:29.757, 0 %, 0 MiB, 81920 MiB
2026/06/10 11:06:34.757, 0 %, 531 MiB, 81920 MiB
2026/06/10 11:06:34.758, 0 %, 0 MiB, 81920 MiB
2026/06/10 11:06:39.758, 0 %, 531 MiB, 81920 MiB
2026/06/10 11:06:39.759, 0 %, 0 MiB, 81920 MiB
2026/06/10 11:06:44.759, 0 %, 531 MiB, 81920 MiB
2026/06/10 11:06:44.759, 0 %, 0 MiB, 81920 MiB
2026/06/10 11:06:49.760, 0 %, 531 MiB, 81920 MiB
2026/06/10 11:06:49.760, 0 %, 0 MiB, 81920 MiB
2026/06/10 11:06:54.761, 0 %, 531 MiB, 81920 MiB
2026/06/10 11:06:54.761, 0 %, 0 MiB, 81920 MiB
2026/06/10 11:06:59.762, 0 %, 531 MiB, 81920 MiB
2026/06/10 11:06:59.762, 0 %, 0 MiB, 81920 MiB
2026/06/10 11:07:04.763, 0 %, 531 MiB, 81920 MiB
2026/06/10 11:07:04.763, 0 %, 0 MiB, 81920 MiB
2026/06/10 11:07:09.764, 0 %, 531 MiB, 81920 MiB
2026/06/10 11:07:09.764, 0 %, 0 MiB, 81920 MiB
2026/06/10 11:07:14.765, 0 %, 531 MiB, 81920 MiB
2026/06/10 11:07:14.765, 0 %, 0 MiB, 81920 MiB
2026/06/10 11:07:19.766, 0 %, 531 MiB, 81920 MiB
2026/06/10 11:07:19.766, 0 %, 0 MiB, 81920 MiB
2026/06/10 11:07:24.767, 0 %, 531 MiB, 81920 MiB
2026/06/10 11:07:24.767, 0 %, 0 MiB, 81920 MiB
2026/06/10 11:07:29.768, 0 %, 531 MiB, 81920 MiB
2026/06/10 11:07:29.768, 0 %, 0 MiB, 81920 MiB
2026/06/10 11:07:34.769, 0 %, 531 MiB, 81920 MiB
2026/06/10 11:07:34.769, 0 %, 0 MiB, 81920 MiB
2026/06/10 11:07:39.770, 0 %, 531 MiB, 81920 MiB
2026/06/10 11:07:39.770, 0 %, 0 MiB, 81920 MiB
2026/06/10 11:07:44.771, 0 %, 531 MiB, 81920 MiB
2026/06/10 11:07:44.771, 0 %, 0 MiB, 81920 MiB
2026/06/10 11:07:49.772, 0 %, 531 MiB, 81920 MiB
2026/06/10 11:07:49.772, 0 %, 0 MiB, 81920 MiB
2026/06/10 11:07:54.773, 0 %, 531 MiB, 81920 MiB
2026/06/10 11:07:54.773, 0 %, 0 MiB, 81920 MiB
2026/06/10 11:07:59.774, 0 %, 531 MiB, 81920 MiB
2026/06/10 11:07:59.774, 0 %, 0 MiB, 81920 MiB
2026/06/10 11:08:04.775, 0 %, 531 MiB, 81920 MiB
2026/06/10 11:08:04.775, 0 %, 0 MiB, 81920 MiB
2026/06/10 11:08:09.776, 0 %, 531 MiB, 81920 MiB
2026/06/10 11:08:09.776, 0 %, 0 MiB, 81920 MiB
2026/06/10 11:08:14.776, 0 %, 531 MiB, 81920 MiB
2026/06/10 11:08:14.777, 0 %, 0 MiB, 81920 MiB
2026/06/10 11:08:19.777, 0 %, 531 MiB, 81920 MiB
2026/06/10 11:08:19.777, 0 %, 0 MiB, 81920 MiB
2026/06/10 11:08:24.778, 0 %, 531 MiB, 81920 MiB
2026/06/10 11:08:24.778, 0 %, 0 MiB, 81920 MiB
2026/06/10 11:08:29.779, 0 %, 531 MiB, 81920 MiB
2026/06/10 11:08:29.779, 0 %, 0 MiB, 81920 MiB
2026/06/10 11:08:34.780, 0 %, 531 MiB, 81920 MiB
2026/06/10 11:08:34.780, 0 %, 0 MiB, 81920 MiB
2026/06/10 11:08:39.781, 0 %, 531 MiB, 81920 MiB
2026/06/10 11:08:39.781, 0 %, 0 MiB, 81920 MiB
2026/06/10 11:08:44.782, 0 %, 531 MiB, 81920 MiB
2026/06/10 11:08:44.782, 0 %, 0 MiB, 81920 MiB
2026/06/10 11:08:49.783, 0 %, 531 MiB, 81920 MiB
2026/06/10 11:08:49.783, 0 %, 0 MiB, 81920 MiB
2026/06/10 11:08:54.784, 0 %, 531 MiB, 81920 MiB
2026/06/10 11:08:54.784, 0 %, 0 MiB, 81920 MiB
2026/06/10 11:08:59.785, 0 %, 531 MiB, 81920 MiB
2026/06/10 11:08:59.785, 0 %, 0 MiB, 81920 MiB
2026/06/10 11:09:04.786, 0 %, 531 MiB, 81920 MiB
2026/06/10 11:09:04.786, 0 %, 0 MiB, 81920 MiB
2026/06/10 11:09:09.787, 0 %, 531 MiB, 81920 MiB
2026/06/10 11:09:09.787, 0 %, 0 MiB, 81920 MiB
2026/06/10 11:09:14.788, 0 %, 531 MiB, 81920 MiB
2026/06/10 11:09:14.788, 0 %, 0 MiB, 81920 MiB
2026/06/10 11:09:19.789, 0 %, 531 MiB, 81920 MiB
2026/06/10 11:09:19.789, 0 %, 0 MiB, 81920 MiB
2026/06/10 11:09:24.790, 0 %, 531 MiB, 81920 MiB
2026/06/10 11:09:24.790, 0 %, 0 MiB, 81920 MiB
2026/06/10 11:09:29.791, 0 %, 497 MiB, 81920 MiB
2026/06/10 11:09:29.791, 0 %, 0 MiB, 81920 MiB
2026/06/10 11:09:34.791, 0 %, 497 MiB, 81920 MiB
2026/06/10 11:09:34.792, 0 %, 0 MiB, 81920 MiB
2026/06/10 11:09:39.792, 0 %, 497 MiB, 81920 MiB
2026/06/10 11:09:39.792, 0 %, 0 MiB, 81920 MiB
2026/06/10 11:09:44.793, 0 %, 497 MiB, 81920 MiB
2026/06/10 11:09:44.793, 0 %, 0 MiB, 81920 MiB
2026/06/10 11:09:49.794, 0 %, 497 MiB, 81920 MiB
2026/06/10 11:09:49.794, 0 %, 0 MiB, 81920 MiB
2026/06/10 11:09:54.795, 0 %, 497 MiB, 81920 MiB
2026/06/10 11:09:54.795, 0 %, 0 MiB, 81920 MiB
2026/06/10 11:09:59.796, 0 %, 497 MiB, 81920 MiB
2026/06/10 11:09:59.796, 0 %, 0 MiB, 81920 MiB
2026/06/10 11:10:04.797, 0 %, 497 MiB, 81920 MiB
2026/06/10 11:10:04.798, 0 %, 0 MiB, 81920 MiB
2026/06/10 11:10:09.798, 0 %, 497 MiB, 81920 MiB
2026/06/10 11:10:09.799, 0 %, 0 MiB, 81920 MiB
2026/06/10 11:10:14.799, 0 %, 497 MiB, 81920 MiB
2026/06/10 11:10:14.800, 0 %, 0 MiB, 81920 MiB
2026/06/10 11:10:19.800, 0 %, 497 MiB, 81920 MiB
2026/06/10 11:10:19.801, 0 %, 0 MiB, 81920 MiB
2026/06/10 11:10:24.801, 0 %, 497 MiB, 81920 MiB
2026/06/10 11:10:24.802, 0 %, 0 MiB, 81920 MiB
2026/06/10 11:10:29.802, 0 %, 497 MiB, 81920 MiB
2026/06/10 11:10:29.803, 0 %, 0 MiB, 81920 MiB
2026/06/10 11:10:34.803, 0 %, 497 MiB, 81920 MiB
2026/06/10 11:10:34.804, 0 %, 0 MiB, 81920 MiB
2026/06/10 11:10:39.805, 0 %, 497 MiB, 81920 MiB
2026/06/10 11:10:39.805, 0 %, 0 MiB, 81920 MiB
2026/06/10 11:10:44.806, 0 %, 497 MiB, 81920 MiB
2026/06/10 11:10:44.806, 0 %, 0 MiB, 81920 MiB
2026/06/10 11:10:49.807, 0 %, 497 MiB, 81920 MiB
2026/06/10 11:10:49.807, 0 %, 0 MiB, 81920 MiB
2026/06/10 11:10:54.808, 0 %, 497 MiB, 81920 MiB
2026/06/10 11:10:54.808, 0 %, 0 MiB, 81920 MiB
2026/06/10 11:10:59.808, 0 %, 497 MiB, 81920 MiB
2026/06/10 11:10:59.808, 0 %, 0 MiB, 81920 MiB
2026/06/10 11:11:04.809, 0 %, 497 MiB, 81920 MiB
2026/06/10 11:11:04.809, 0 %, 0 MiB, 81920 MiB
2026/06/10 11:11:09.810, 0 %, 497 MiB, 81920 MiB
2026/06/10 11:11:09.810, 0 %, 0 MiB, 81920 MiB
2026/06/10 11:11:14.811, 0 %, 497 MiB, 81920 MiB
2026/06/10 11:11:14.811, 0 %, 0 MiB, 81920 MiB
2026/06/10 11:11:19.812, 0 %, 497 MiB, 81920 MiB
2026/06/10 11:11:19.812, 0 %, 0 MiB, 81920 MiB
2026/06/10 11:11:24.812, 0 %, 497 MiB, 81920 MiB
2026/06/10 11:11:24.812, 0 %, 0 MiB, 81920 MiB
2026/06/10 11:11:29.813, 0 %, 497 MiB, 81920 MiB
2026/06/10 11:11:29.813, 0 %, 0 MiB, 81920 MiB
2026/06/10 11:11:34.814, 0 %, 497 MiB, 81920 MiB
2026/06/10 11:11:34.814, 0 %, 0 MiB, 81920 MiB
2026/06/10 11:11:39.815, 0 %, 497 MiB, 81920 MiB
2026/06/10 11:11:39.815, 0 %, 0 MiB, 81920 MiB
2026/06/10 11:11:44.816, 0 %, 497 MiB, 81920 MiB
2026/06/10 11:11:44.816, 0 %, 0 MiB, 81920 MiB
2026/06/10 11:11:49.816, 0 %, 497 MiB, 81920 MiB
2026/06/10 11:11:49.816, 0 %, 0 MiB, 81920 MiB
2026/06/10 11:11:54.817, 0 %, 497 MiB, 81920 MiB
2026/06/10 11:11:54.817, 0 %, 0 MiB, 81920 MiB
2026/06/10 11:11:59.818, 0 %, 497 MiB, 81920 MiB
2026/06/10 11:11:59.818, 0 %, 0 MiB, 81920 MiB
2026/06/10 11:12:04.819, 0 %, 497 MiB, 81920 MiB
2026/06/10 11:12:04.819, 0 %, 0 MiB, 81920 MiB
2026/06/10 11:12:09.820, 0 %, 497 MiB, 81920 MiB
2026/06/10 11:12:09.820, 0 %, 0 MiB, 81920 MiB
2026/06/10 11:12:14.821, 0 %, 497 MiB, 81920 MiB
2026/06/10 11:12:14.821, 0 %, 0 MiB, 81920 MiB
2026/06/10 11:12:19.822, 0 %, 497 MiB, 81920 MiB
2026/06/10 11:12:19.822, 0 %, 0 MiB, 81920 MiB
2026/06/10 11:12:24.823, 0 %, 497 MiB, 81920 MiB
2026/06/10 11:12:24.823, 0 %, 0 MiB, 81920 MiB
2026/06/10 11:12:29.824, 0 %, 497 MiB, 81920 MiB
2026/06/10 11:12:29.824, 0 %, 0 MiB, 81920 MiB
2026/06/10 11:12:34.825, 0 %, 497 MiB, 81920 MiB
2026/06/10 11:12:34.825, 0 %, 0 MiB, 81920 MiB
2026/06/10 11:12:39.826, 0 %, 531 MiB, 81920 MiB
2026/06/10 11:12:39.826, 0 %, 0 MiB, 81920 MiB
2026/06/10 11:12:44.827, 0 %, 531 MiB, 81920 MiB
2026/06/10 11:12:44.827, 0 %, 0 MiB, 81920 MiB
2026/06/10 11:12:49.828, 0 %, 531 MiB, 81920 MiB
2026/06/10 11:12:49.828, 0 %, 0 MiB, 81920 MiB
2026/06/10 11:12:54.829, 0 %, 531 MiB, 81920 MiB
2026/06/10 11:12:54.829, 0 %, 0 MiB, 81920 MiB
2026/06/10 11:12:59.830, 0 %, 531 MiB, 81920 MiB
2026/06/10 11:12:59.830, 0 %, 0 MiB, 81920 MiB
2026/06/10 11:13:04.831, 0 %, 531 MiB, 81920 MiB
2026/06/10 11:13:04.831, 0 %, 0 MiB, 81920 MiB
2026/06/10 11:13:09.832, 0 %, 531 MiB, 81920 MiB
2026/06/10 11:13:09.832, 0 %, 0 MiB, 81920 MiB
2026/06/10 11:13:14.833, 0 %, 531 MiB, 81920 MiB
2026/06/10 11:13:14.833, 0 %, 0 MiB, 81920 MiB
2026/06/10 11:13:19.834, 0 %, 531 MiB, 81920 MiB
2026/06/10 11:13:19.834, 0 %, 0 MiB, 81920 MiB
2026/06/10 11:13:24.835, 0 %, 531 MiB, 81920 MiB
2026/06/10 11:13:24.835, 0 %, 0 MiB, 81920 MiB
2026/06/10 11:13:29.836, 0 %, 531 MiB, 81920 MiB
2026/06/10 11:13:29.836, 0 %, 0 MiB, 81920 MiB
2026/06/10 11:13:34.836, 0 %, 531 MiB, 81920 MiB
2026/06/10 11:13:34.837, 0 %, 0 MiB, 81920 MiB
2026/06/10 11:13:39.837, 0 %, 531 MiB, 81920 MiB
2026/06/10 11:13:39.838, 0 %, 0 MiB, 81920 MiB
2026/06/10 11:13:44.838, 0 %, 531 MiB, 81920 MiB
2026/06/10 11:13:44.838, 0 %, 0 MiB, 81920 MiB
2026/06/10 11:13:49.839, 0 %, 531 MiB, 81920 MiB
2026/06/10 11:13:49.839, 0 %, 0 MiB, 81920 MiB
2026/06/10 11:13:54.840, 0 %, 531 MiB, 81920 MiB
2026/06/10 11:13:54.840, 0 %, 0 MiB, 81920 MiB
2026/06/10 11:13:59.841, 0 %, 531 MiB, 81920 MiB
2026/06/10 11:13:59.841, 0 %, 0 MiB, 81920 MiB
2026/06/10 11:14:04.842, 0 %, 531 MiB, 81920 MiB
2026/06/10 11:14:04.842, 0 %, 0 MiB, 81920 MiB
2026/06/10 11:14:09.843, 0 %, 531 MiB, 81920 MiB
2026/06/10 11:14:09.843, 0 %, 0 MiB, 81920 MiB
2026/06/10 11:14:14.844, 0 %, 531 MiB, 81920 MiB
2026/06/10 11:14:14.844, 0 %, 0 MiB, 81920 MiB
2026/06/10 11:14:19.845, 0 %, 531 MiB, 81920 MiB
2026/06/10 11:14:19.845, 0 %, 0 MiB, 81920 MiB
2026/06/10 11:14:24.846, 0 %, 531 MiB, 81920 MiB
2026/06/10 11:14:24.846, 0 %, 0 MiB, 81920 MiB
2026/06/10 11:14:29.847, 0 %, 531 MiB, 81920 MiB
2026/06/10 11:14:29.847, 0 %, 0 MiB, 81920 MiB
2026/06/10 11:14:34.848, 0 %, 531 MiB, 81920 MiB
2026/06/10 11:14:34.848, 0 %, 0 MiB, 81920 MiB
2026/06/10 11:14:39.849, 0 %, 531 MiB, 81920 MiB
2026/06/10 11:14:39.849, 0 %, 0 MiB, 81920 MiB
2026/06/10 11:14:44.850, 0 %, 531 MiB, 81920 MiB
2026/06/10 11:14:44.850, 0 %, 0 MiB, 81920 MiB
2026/06/10 11:14:49.851, 0 %, 531 MiB, 81920 MiB
2026/06/10 11:14:49.851, 0 %, 0 MiB, 81920 MiB
2026/06/10 11:14:54.852, 0 %, 531 MiB, 81920 MiB
2026/06/10 11:14:54.852, 0 %, 0 MiB, 81920 MiB
2026/06/10 11:14:59.853, 0 %, 531 MiB, 81920 MiB
2026/06/10 11:14:59.853, 0 %, 0 MiB, 81920 MiB
2026/06/10 11:15:04.854, 0 %, 531 MiB, 81920 MiB
2026/06/10 11:15:04.854, 0 %, 0 MiB, 81920 MiB
2026/06/10 11:15:09.855, 0 %, 531 MiB, 81920 MiB
2026/06/10 11:15:09.855, 0 %, 0 MiB, 81920 MiB
2026/06/10 11:15:14.855, 0 %, 531 MiB, 81920 MiB
2026/06/10 11:15:14.856, 0 %, 0 MiB, 81920 MiB
2026/06/10 11:15:19.857, 0 %, 531 MiB, 81920 MiB
2026/06/10 11:15:19.857, 0 %, 0 MiB, 81920 MiB
2026/06/10 11:15:24.857, 0 %, 531 MiB, 81920 MiB
2026/06/10 11:15:24.858, 0 %, 0 MiB, 81920 MiB
2026/06/10 11:15:29.858, 0 %, 531 MiB, 81920 MiB
2026/06/10 11:15:29.859, 0 %, 0 MiB, 81920 MiB
2026/06/10 11:15:34.859, 0 %, 531 MiB, 81920 MiB
2026/06/10 11:15:34.860, 0 %, 0 MiB, 81920 MiB
2026/06/10 11:15:39.860, 0 %, 531 MiB, 81920 MiB
2026/06/10 11:15:39.860, 0 %, 0 MiB, 81920 MiB
2026/06/10 11:15:44.861, 0 %, 531 MiB, 81920 MiB
2026/06/10 11:15:44.861, 0 %, 0 MiB, 81920 MiB
2026/06/10 11:15:49.862, 0 %, 531 MiB, 81920 MiB
2026/06/10 11:15:49.862, 0 %, 0 MiB, 81920 MiB
2026/06/10 11:15:54.863, 0 %, 531 MiB, 81920 MiB
2026/06/10 11:15:54.863, 0 %, 0 MiB, 81920 MiB
2026/06/10 11:15:59.864, 0 %, 531 MiB, 81920 MiB
2026/06/10 11:15:59.864, 0 %, 0 MiB, 81920 MiB
2026/06/10 11:16:04.865, 0 %, 531 MiB, 81920 MiB
2026/06/10 11:16:04.865, 0 %, 0 MiB, 81920 MiB
2026/06/10 11:16:09.865, 0 %, 531 MiB, 81920 MiB
2026/06/10 11:16:09.866, 0 %, 0 MiB, 81920 MiB
2026/06/10 11:16:14.866, 0 %, 531 MiB, 81920 MiB
2026/06/10 11:16:14.867, 0 %, 0 MiB, 81920 MiB
2026/06/10 11:16:19.867, 0 %, 531 MiB, 81920 MiB
2026/06/10 11:16:19.867, 0 %, 0 MiB, 81920 MiB
2026/06/10 11:16:24.868, 0 %, 531 MiB, 81920 MiB
2026/06/10 11:16:24.868, 0 %, 0 MiB, 81920 MiB
2026/06/10 11:16:29.869, 0 %, 531 MiB, 81920 MiB
2026/06/10 11:16:29.869, 0 %, 0 MiB, 81920 MiB
2026/06/10 11:16:34.870, 0 %, 531 MiB, 81920 MiB
2026/06/10 11:16:34.870, 0 %, 0 MiB, 81920 MiB
2026/06/10 11:16:39.871, 0 %, 531 MiB, 81920 MiB
2026/06/10 11:16:39.871, 0 %, 0 MiB, 81920 MiB
2026/06/10 11:16:44.872, 0 %, 531 MiB, 81920 MiB
2026/06/10 11:16:44.872, 0 %, 0 MiB, 81920 MiB
2026/06/10 11:16:49.873, 0 %, 531 MiB, 81920 MiB
2026/06/10 11:16:49.873, 0 %, 0 MiB, 81920 MiB
2026/06/10 11:16:54.874, 0 %, 531 MiB, 81920 MiB
2026/06/10 11:16:54.874, 0 %, 0 MiB, 81920 MiB
2026/06/10 11:16:59.875, 0 %, 531 MiB, 81920 MiB
2026/06/10 11:16:59.875, 0 %, 0 MiB, 81920 MiB
2026/06/10 11:17:04.876, 0 %, 531 MiB, 81920 MiB
2026/06/10 11:17:04.876, 0 %, 0 MiB, 81920 MiB
2026/06/10 11:17:09.877, 0 %, 531 MiB, 81920 MiB
2026/06/10 11:17:09.877, 0 %, 0 MiB, 81920 MiB
2026/06/10 11:17:14.878, 0 %, 531 MiB, 81920 MiB
2026/06/10 11:17:14.878, 0 %, 0 MiB, 81920 MiB
2026/06/10 11:17:19.879, 0 %, 531 MiB, 81920 MiB
2026/06/10 11:17:19.879, 0 %, 0 MiB, 81920 MiB
2026/06/10 11:17:24.880, 0 %, 531 MiB, 81920 MiB
2026/06/10 11:17:24.880, 0 %, 0 MiB, 81920 MiB
2026/06/10 11:17:29.881, 0 %, 531 MiB, 81920 MiB
2026/06/10 11:17:29.881, 0 %, 0 MiB, 81920 MiB
2026/06/10 11:17:34.882, 0 %, 531 MiB, 81920 MiB
2026/06/10 11:17:34.882, 0 %, 0 MiB, 81920 MiB
2026/06/10 11:17:39.883, 0 %, 531 MiB, 81920 MiB
2026/06/10 11:17:39.883, 0 %, 0 MiB, 81920 MiB
2026/06/10 11:17:44.883, 0 %, 531 MiB, 81920 MiB
2026/06/10 11:17:44.884, 0 %, 0 MiB, 81920 MiB
2026/06/10 11:17:49.884, 0 %, 531 MiB, 81920 MiB
2026/06/10 11:17:49.885, 0 %, 0 MiB, 81920 MiB
2026/06/10 11:17:54.885, 0 %, 531 MiB, 81920 MiB
2026/06/10 11:17:54.886, 0 %, 0 MiB, 81920 MiB
2026/06/10 11:17:59.886, 0 %, 531 MiB, 81920 MiB
2026/06/10 11:17:59.886, 0 %, 0 MiB, 81920 MiB
2026/06/10 11:18:04.887, 0 %, 531 MiB, 81920 MiB
2026/06/10 11:18:04.887, 0 %, 0 MiB, 81920 MiB
2026/06/10 11:18:09.888, 0 %, 531 MiB, 81920 MiB
2026/06/10 11:18:09.888, 0 %, 0 MiB, 81920 MiB
2026/06/10 11:18:14.889, 0 %, 531 MiB, 81920 MiB
2026/06/10 11:18:14.889, 0 %, 0 MiB, 81920 MiB
2026/06/10 11:18:19.890, 0 %, 531 MiB, 81920 MiB
2026/06/10 11:18:19.890, 0 %, 0 MiB, 81920 MiB
2026/06/10 11:18:24.891, 0 %, 531 MiB, 81920 MiB
2026/06/10 11:18:24.891, 0 %, 0 MiB, 81920 MiB
2026/06/10 11:18:29.892, 0 %, 531 MiB, 81920 MiB
2026/06/10 11:18:29.892, 0 %, 0 MiB, 81920 MiB
2026/06/10 11:18:34.893, 0 %, 531 MiB, 81920 MiB
2026/06/10 11:18:34.893, 0 %, 0 MiB, 81920 MiB
2026/06/10 11:18:39.894, 0 %, 531 MiB, 81920 MiB
2026/06/10 11:18:39.894, 0 %, 0 MiB, 81920 MiB
2026/06/10 11:18:44.895, 0 %, 531 MiB, 81920 MiB
2026/06/10 11:18:44.895, 0 %, 0 MiB, 81920 MiB
2026/06/10 11:18:49.896, 0 %, 531 MiB, 81920 MiB
2026/06/10 11:18:49.896, 0 %, 0 MiB, 81920 MiB
2026/06/10 11:18:54.897, 0 %, 531 MiB, 81920 MiB
2026/06/10 11:18:54.897, 0 %, 0 MiB, 81920 MiB
2026/06/10 11:18:59.898, 0 %, 531 MiB, 81920 MiB
2026/06/10 11:18:59.898, 0 %, 0 MiB, 81920 MiB
2026/06/10 11:19:04.899, 0 %, 531 MiB, 81920 MiB
2026/06/10 11:19:04.899, 0 %, 0 MiB, 81920 MiB
2026/06/10 11:19:09.900, 0 %, 531 MiB, 81920 MiB
2026/06/10 11:19:09.900, 0 %, 0 MiB, 81920 MiB
2026/06/10 11:19:14.901, 0 %, 531 MiB, 81920 MiB
2026/06/10 11:19:14.901, 0 %, 0 MiB, 81920 MiB
2026/06/10 11:19:19.902, 0 %, 531 MiB, 81920 MiB
2026/06/10 11:19:19.902, 0 %, 0 MiB, 81920 MiB
2026/06/10 11:19:24.903, 0 %, 531 MiB, 81920 MiB
2026/06/10 11:19:24.903, 0 %, 0 MiB, 81920 MiB
2026/06/10 11:19:29.904, 0 %, 531 MiB, 81920 MiB
2026/06/10 11:19:29.904, 0 %, 0 MiB, 81920 MiB
2026/06/10 11:19:34.905, 0 %, 531 MiB, 81920 MiB
2026/06/10 11:19:34.905, 0 %, 0 MiB, 81920 MiB
2026/06/10 11:19:39.905, 0 %, 531 MiB, 81920 MiB
2026/06/10 11:19:39.906, 0 %, 0 MiB, 81920 MiB
2026/06/10 11:19:44.906, 0 %, 531 MiB, 81920 MiB
2026/06/10 11:19:44.907, 0 %, 0 MiB, 81920 MiB
2026/06/10 11:19:49.907, 0 %, 531 MiB, 81920 MiB
2026/06/10 11:19:49.908, 0 %, 0 MiB, 81920 MiB
2026/06/10 11:19:54.908, 0 %, 531 MiB, 81920 MiB
2026/06/10 11:19:54.908, 0 %, 0 MiB, 81920 MiB
2026/06/10 11:19:59.909, 0 %, 531 MiB, 81920 MiB
2026/06/10 11:19:59.909, 0 %, 0 MiB, 81920 MiB
2026/06/10 11:20:04.910, 0 %, 531 MiB, 81920 MiB
2026/06/10 11:20:04.910, 0 %, 0 MiB, 81920 MiB
2026/06/10 11:20:09.911, 0 %, 531 MiB, 81920 MiB
2026/06/10 11:20:09.911, 0 %, 0 MiB, 81920 MiB
2026/06/10 11:20:14.912, 0 %, 531 MiB, 81920 MiB
2026/06/10 11:20:14.912, 0 %, 0 MiB, 81920 MiB
2026/06/10 11:20:19.913, 0 %, 531 MiB, 81920 MiB
2026/06/10 11:20:19.913, 0 %, 0 MiB, 81920 MiB
2026/06/10 11:20:24.914, 0 %, 531 MiB, 81920 MiB
2026/06/10 11:20:24.914, 0 %, 0 MiB, 81920 MiB
2026/06/10 11:20:29.915, 0 %, 531 MiB, 81920 MiB
2026/06/10 11:20:29.915, 0 %, 0 MiB, 81920 MiB
2026/06/10 11:20:34.916, 0 %, 531 MiB, 81920 MiB
2026/06/10 11:20:34.916, 0 %, 0 MiB, 81920 MiB
2026/06/10 11:20:39.917, 0 %, 531 MiB, 81920 MiB
2026/06/10 11:20:39.917, 0 %, 0 MiB, 81920 MiB
2026/06/10 11:20:44.918, 0 %, 531 MiB, 81920 MiB
2026/06/10 11:20:44.918, 0 %, 0 MiB, 81920 MiB
2026/06/10 11:20:49.919, 0 %, 531 MiB, 81920 MiB
2026/06/10 11:20:49.919, 0 %, 0 MiB, 81920 MiB
2026/06/10 11:20:54.920, 0 %, 531 MiB, 81920 MiB
2026/06/10 11:20:54.920, 0 %, 0 MiB, 81920 MiB
2026/06/10 11:20:59.921, 0 %, 531 MiB, 81920 MiB
2026/06/10 11:20:59.921, 0 %, 0 MiB, 81920 MiB
2026/06/10 11:21:04.922, 0 %, 531 MiB, 81920 MiB
2026/06/10 11:21:04.922, 0 %, 0 MiB, 81920 MiB
2026/06/10 11:21:09.923, 0 %, 531 MiB, 81920 MiB
2026/06/10 11:21:09.923, 0 %, 0 MiB, 81920 MiB
2026/06/10 11:21:14.924, 0 %, 531 MiB, 81920 MiB
2026/06/10 11:21:14.924, 0 %, 0 MiB, 81920 MiB
2026/06/10 11:21:19.925, 0 %, 531 MiB, 81920 MiB
2026/06/10 11:21:19.925, 0 %, 0 MiB, 81920 MiB
2026/06/10 11:21:24.926, 0 %, 531 MiB, 81920 MiB
2026/06/10 11:21:24.926, 0 %, 0 MiB, 81920 MiB
2026/06/10 11:21:29.927, 0 %, 531 MiB, 81920 MiB
2026/06/10 11:21:29.927, 0 %, 0 MiB, 81920 MiB
2026/06/10 11:21:34.928, 0 %, 531 MiB, 81920 MiB
2026/06/10 11:21:34.928, 0 %, 0 MiB, 81920 MiB
2026/06/10 11:21:39.929, 0 %, 531 MiB, 81920 MiB
2026/06/10 11:21:39.929, 0 %, 0 MiB, 81920 MiB
2026/06/10 11:21:44.929, 0 %, 531 MiB, 81920 MiB
2026/06/10 11:21:44.930, 0 %, 0 MiB, 81920 MiB
2026/06/10 11:21:49.930, 0 %, 531 MiB, 81920 MiB
2026/06/10 11:21:49.931, 0 %, 0 MiB, 81920 MiB
2026/06/10 11:21:54.931, 0 %, 531 MiB, 81920 MiB
2026/06/10 11:21:54.932, 0 %, 0 MiB, 81920 MiB
2026/06/10 11:21:59.932, 0 %, 531 MiB, 81920 MiB
2026/06/10 11:21:59.932, 0 %, 0 MiB, 81920 MiB
2026/06/10 11:22:04.933, 0 %, 531 MiB, 81920 MiB
2026/06/10 11:22:04.933, 0 %, 0 MiB, 81920 MiB
2026/06/10 11:22:09.934, 0 %, 531 MiB, 81920 MiB
2026/06/10 11:22:09.934, 0 %, 0 MiB, 81920 MiB
2026/06/10 11:22:14.935, 0 %, 531 MiB, 81920 MiB
2026/06/10 11:22:14.935, 0 %, 0 MiB, 81920 MiB
2026/06/10 11:22:19.936, 0 %, 531 MiB, 81920 MiB
2026/06/10 11:22:19.936, 0 %, 0 MiB, 81920 MiB
2026/06/10 11:22:24.937, 0 %, 531 MiB, 81920 MiB
2026/06/10 11:22:24.937, 0 %, 0 MiB, 81920 MiB
2026/06/10 11:22:29.938, 0 %, 531 MiB, 81920 MiB
2026/06/10 11:22:29.938, 0 %, 0 MiB, 81920 MiB
2026/06/10 11:22:34.939, 0 %, 531 MiB, 81920 MiB
2026/06/10 11:22:34.939, 0 %, 0 MiB, 81920 MiB
2026/06/10 11:22:39.940, 0 %, 531 MiB, 81920 MiB
2026/06/10 11:22:39.940, 0 %, 0 MiB, 81920 MiB
2026/06/10 11:22:44.941, 0 %, 531 MiB, 81920 MiB
2026/06/10 11:22:44.941, 0 %, 0 MiB, 81920 MiB
2026/06/10 11:22:49.942, 0 %, 531 MiB, 81920 MiB
2026/06/10 11:22:49.942, 0 %, 0 MiB, 81920 MiB
2026/06/10 11:22:54.943, 0 %, 531 MiB, 81920 MiB
2026/06/10 11:22:54.943, 0 %, 0 MiB, 81920 MiB
2026/06/10 11:22:59.944, 0 %, 497 MiB, 81920 MiB
2026/06/10 11:22:59.944, 0 %, 0 MiB, 81920 MiB
2026/06/10 11:23:04.946, 0 %, 497 MiB, 81920 MiB
2026/06/10 11:23:04.946, 0 %, 0 MiB, 81920 MiB
2026/06/10 11:23:09.947, 0 %, 497 MiB, 81920 MiB
2026/06/10 11:23:09.947, 0 %, 0 MiB, 81920 MiB
2026/06/10 11:23:14.948, 0 %, 497 MiB, 81920 MiB
2026/06/10 11:23:14.948, 0 %, 0 MiB, 81920 MiB
2026/06/10 11:23:19.949, 0 %, 497 MiB, 81920 MiB
2026/06/10 11:23:19.949, 0 %, 0 MiB, 81920 MiB
2026/06/10 11:23:24.950, 0 %, 497 MiB, 81920 MiB
2026/06/10 11:23:24.951, 0 %, 0 MiB, 81920 MiB
2026/06/10 11:23:29.952, 0 %, 497 MiB, 81920 MiB
2026/06/10 11:23:29.952, 0 %, 0 MiB, 81920 MiB
2026/06/10 11:23:34.953, 0 %, 497 MiB, 81920 MiB
2026/06/10 11:23:34.953, 0 %, 0 MiB, 81920 MiB
2026/06/10 11:23:39.954, 0 %, 497 MiB, 81920 MiB
2026/06/10 11:23:39.954, 0 %, 0 MiB, 81920 MiB
2026/06/10 11:23:44.954, 0 %, 497 MiB, 81920 MiB
2026/06/10 11:23:44.955, 0 %, 0 MiB, 81920 MiB
2026/06/10 11:23:49.956, 0 %, 497 MiB, 81920 MiB
2026/06/10 11:23:49.956, 0 %, 0 MiB, 81920 MiB
2026/06/10 11:23:54.957, 0 %, 497 MiB, 81920 MiB
2026/06/10 11:23:54.957, 0 %, 0 MiB, 81920 MiB
2026/06/10 11:23:59.958, 0 %, 497 MiB, 81920 MiB
2026/06/10 11:23:59.958, 0 %, 0 MiB, 81920 MiB
2026/06/10 11:24:04.959, 0 %, 497 MiB, 81920 MiB
2026/06/10 11:24:04.959, 0 %, 0 MiB, 81920 MiB
2026/06/10 11:24:09.960, 0 %, 497 MiB, 81920 MiB
2026/06/10 11:24:09.960, 0 %, 0 MiB, 81920 MiB
2026/06/10 11:24:14.961, 0 %, 497 MiB, 81920 MiB
2026/06/10 11:24:14.961, 0 %, 0 MiB, 81920 MiB
2026/06/10 11:24:19.962, 0 %, 497 MiB, 81920 MiB
2026/06/10 11:24:19.962, 0 %, 0 MiB, 81920 MiB
2026/06/10 11:24:24.963, 0 %, 497 MiB, 81920 MiB
2026/06/10 11:24:24.964, 0 %, 0 MiB, 81920 MiB
2026/06/10 11:24:29.964, 0 %, 497 MiB, 81920 MiB
2026/06/10 11:24:29.965, 0 %, 0 MiB, 81920 MiB
2026/06/10 11:24:34.965, 0 %, 497 MiB, 81920 MiB
2026/06/10 11:24:34.966, 0 %, 0 MiB, 81920 MiB
2026/06/10 11:24:39.966, 0 %, 497 MiB, 81920 MiB
2026/06/10 11:24:39.967, 0 %, 0 MiB, 81920 MiB
2026/06/10 11:24:44.967, 0 %, 497 MiB, 81920 MiB
2026/06/10 11:24:44.968, 0 %, 0 MiB, 81920 MiB
2026/06/10 11:24:49.968, 0 %, 497 MiB, 81920 MiB
2026/06/10 11:24:49.969, 0 %, 0 MiB, 81920 MiB
2026/06/10 11:24:54.970, 0 %, 497 MiB, 81920 MiB
2026/06/10 11:24:54.970, 0 %, 0 MiB, 81920 MiB
2026/06/10 11:24:59.971, 0 %, 497 MiB, 81920 MiB
2026/06/10 11:24:59.971, 0 %, 0 MiB, 81920 MiB
2026/06/10 11:25:04.972, 0 %, 497 MiB, 81920 MiB
2026/06/10 11:25:04.972, 0 %, 0 MiB, 81920 MiB
2026/06/10 11:25:09.973, 0 %, 497 MiB, 81920 MiB
2026/06/10 11:25:09.973, 0 %, 0 MiB, 81920 MiB
2026/06/10 11:25:14.974, 0 %, 497 MiB, 81920 MiB
2026/06/10 11:25:14.974, 0 %, 0 MiB, 81920 MiB
2026/06/10 11:25:19.975, 0 %, 497 MiB, 81920 MiB
2026/06/10 11:25:19.975, 0 %, 0 MiB, 81920 MiB
2026/06/10 11:25:24.976, 0 %, 497 MiB, 81920 MiB
2026/06/10 11:25:24.976, 0 %, 0 MiB, 81920 MiB
2026/06/10 11:25:29.977, 0 %, 497 MiB, 81920 MiB
2026/06/10 11:25:29.977, 0 %, 0 MiB, 81920 MiB
2026/06/10 11:25:34.978, 0 %, 497 MiB, 81920 MiB
2026/06/10 11:25:34.978, 0 %, 0 MiB, 81920 MiB
2026/06/10 11:25:39.979, 0 %, 497 MiB, 81920 MiB
2026/06/10 11:25:39.979, 0 %, 0 MiB, 81920 MiB
2026/06/10 11:25:44.980, 0 %, 497 MiB, 81920 MiB
2026/06/10 11:25:44.980, 0 %, 0 MiB, 81920 MiB
2026/06/10 11:25:49.981, 0 %, 497 MiB, 81920 MiB
2026/06/10 11:25:49.981, 0 %, 0 MiB, 81920 MiB
2026/06/10 11:25:54.982, 0 %, 497 MiB, 81920 MiB
2026/06/10 11:25:54.982, 0 %, 0 MiB, 81920 MiB
2026/06/10 11:25:59.983, 0 %, 497 MiB, 81920 MiB
2026/06/10 11:25:59.983, 0 %, 0 MiB, 81920 MiB
2026/06/10 11:26:04.984, 12 %, 531 MiB, 81920 MiB
2026/06/10 11:26:04.985, 0 %, 0 MiB, 81920 MiB
2026/06/10 11:26:09.986, 15 %, 531 MiB, 81920 MiB
2026/06/10 11:26:09.986, 0 %, 0 MiB, 81920 MiB
2026/06/10 11:26:14.987, 0 %, 531 MiB, 81920 MiB
2026/06/10 11:26:14.987, 0 %, 0 MiB, 81920 MiB
2026/06/10 11:26:19.988, 0 %, 531 MiB, 81920 MiB
2026/06/10 11:26:19.988, 0 %, 0 MiB, 81920 MiB
2026/06/10 11:26:24.989, 0 %, 531 MiB, 81920 MiB
2026/06/10 11:26:24.989, 0 %, 0 MiB, 81920 MiB
2026/06/10 11:26:29.990, 0 %, 531 MiB, 81920 MiB
2026/06/10 11:26:29.991, 0 %, 0 MiB, 81920 MiB
2026/06/10 11:26:34.991, 0 %, 531 MiB, 81920 MiB
2026/06/10 11:26:34.992, 0 %, 0 MiB, 81920 MiB
2026/06/10 11:26:39.993, 0 %, 531 MiB, 81920 MiB
2026/06/10 11:26:39.993, 0 %, 0 MiB, 81920 MiB
2026/06/10 11:26:44.994, 0 %, 531 MiB, 81920 MiB
2026/06/10 11:26:44.994, 0 %, 0 MiB, 81920 MiB
2026/06/10 11:26:49.995, 0 %, 531 MiB, 81920 MiB
2026/06/10 11:26:49.995, 0 %, 0 MiB, 81920 MiB
2026/06/10 11:26:54.996, 0 %, 531 MiB, 81920 MiB
2026/06/10 11:26:54.996, 0 %, 0 MiB, 81920 MiB
2026/06/10 11:26:59.997, 0 %, 531 MiB, 81920 MiB
2026/06/10 11:26:59.997, 0 %, 0 MiB, 81920 MiB
2026/06/10 11:27:04.998, 0 %, 531 MiB, 81920 MiB
2026/06/10 11:27:04.998, 0 %, 0 MiB, 81920 MiB
2026/06/10 11:27:09.999, 0 %, 531 MiB, 81920 MiB
2026/06/10 11:27:09.999, 0 %, 0 MiB, 81920 MiB
2026/06/10 11:27:15.000, 0 %, 531 MiB, 81920 MiB
2026/06/10 11:27:15.000, 0 %, 0 MiB, 81920 MiB
2026/06/10 11:27:20.001, 0 %, 531 MiB, 81920 MiB
2026/06/10 11:27:20.001, 0 %, 0 MiB, 81920 MiB
2026/06/10 11:27:25.002, 0 %, 531 MiB, 81920 MiB
2026/06/10 11:27:25.002, 0 %, 0 MiB, 81920 MiB
2026/06/10 11:27:30.003, 0 %, 531 MiB, 81920 MiB
2026/06/10 11:27:30.003, 0 %, 0 MiB, 81920 MiB
2026/06/10 11:27:35.004, 0 %, 531 MiB, 81920 MiB
2026/06/10 11:27:35.004, 0 %, 0 MiB, 81920 MiB
2026/06/10 11:27:40.005, 0 %, 531 MiB, 81920 MiB
2026/06/10 11:27:40.005, 0 %, 0 MiB, 81920 MiB
2026/06/10 11:27:45.006, 0 %, 531 MiB, 81920 MiB
2026/06/10 11:27:45.006, 0 %, 0 MiB, 81920 MiB
2026/06/10 11:27:50.007, 0 %, 531 MiB, 81920 MiB
2026/06/10 11:27:50.007, 0 %, 0 MiB, 81920 MiB
2026/06/10 11:27:55.008, 0 %, 531 MiB, 81920 MiB
2026/06/10 11:27:55.008, 0 %, 0 MiB, 81920 MiB
2026/06/10 11:28:00.009, 0 %, 531 MiB, 81920 MiB
2026/06/10 11:28:00.009, 0 %, 0 MiB, 81920 MiB
2026/06/10 11:28:05.010, 0 %, 531 MiB, 81920 MiB
2026/06/10 11:28:05.010, 0 %, 0 MiB, 81920 MiB
2026/06/10 11:28:10.011, 0 %, 531 MiB, 81920 MiB
2026/06/10 11:28:10.011, 0 %, 0 MiB, 81920 MiB
2026/06/10 11:28:15.012, 0 %, 531 MiB, 81920 MiB
2026/06/10 11:28:15.012, 0 %, 0 MiB, 81920 MiB
2026/06/10 11:28:20.013, 0 %, 531 MiB, 81920 MiB
2026/06/10 11:28:20.013, 0 %, 0 MiB, 81920 MiB
2026/06/10 11:28:25.014, 0 %, 531 MiB, 81920 MiB
2026/06/10 11:28:25.014, 0 %, 0 MiB, 81920 MiB
2026/06/10 11:28:30.015, 0 %, 531 MiB, 81920 MiB
2026/06/10 11:28:30.015, 0 %, 0 MiB, 81920 MiB
2026/06/10 11:28:35.016, 0 %, 531 MiB, 81920 MiB
2026/06/10 11:28:35.016, 0 %, 0 MiB, 81920 MiB
2026/06/10 11:28:40.017, 0 %, 531 MiB, 81920 MiB
2026/06/10 11:28:40.017, 0 %, 0 MiB, 81920 MiB
2026/06/10 11:28:45.018, 0 %, 531 MiB, 81920 MiB
2026/06/10 11:28:45.018, 0 %, 0 MiB, 81920 MiB
2026/06/10 11:28:50.019, 0 %, 531 MiB, 81920 MiB
2026/06/10 11:28:50.019, 0 %, 0 MiB, 81920 MiB
2026/06/10 11:28:55.020, 0 %, 531 MiB, 81920 MiB
2026/06/10 11:28:55.020, 0 %, 0 MiB, 81920 MiB
2026/06/10 11:29:00.021, 0 %, 531 MiB, 81920 MiB
2026/06/10 11:29:00.021, 0 %, 0 MiB, 81920 MiB
2026/06/10 11:29:05.022, 0 %, 531 MiB, 81920 MiB
2026/06/10 11:29:05.022, 0 %, 0 MiB, 81920 MiB
2026/06/10 11:29:10.023, 0 %, 531 MiB, 81920 MiB
2026/06/10 11:29:10.023, 0 %, 0 MiB, 81920 MiB
2026/06/10 11:29:15.024, 0 %, 531 MiB, 81920 MiB
2026/06/10 11:29:15.024, 0 %, 0 MiB, 81920 MiB
2026/06/10 11:29:20.025, 0 %, 531 MiB, 81920 MiB
2026/06/10 11:29:20.025, 0 %, 0 MiB, 81920 MiB
2026/06/10 11:29:25.026, 0 %, 531 MiB, 81920 MiB
2026/06/10 11:29:25.026, 0 %, 0 MiB, 81920 MiB
2026/06/10 11:29:30.027, 0 %, 531 MiB, 81920 MiB
2026/06/10 11:29:30.027, 0 %, 0 MiB, 81920 MiB
2026/06/10 11:29:35.028, 0 %, 531 MiB, 81920 MiB
2026/06/10 11:29:35.028, 0 %, 0 MiB, 81920 MiB
2026/06/10 11:29:40.029, 0 %, 531 MiB, 81920 MiB
2026/06/10 11:29:40.029, 0 %, 0 MiB, 81920 MiB
2026/06/10 11:29:45.030, 0 %, 531 MiB, 81920 MiB
2026/06/10 11:29:45.030, 0 %, 0 MiB, 81920 MiB
2026/06/10 11:29:50.031, 0 %, 531 MiB, 81920 MiB
2026/06/10 11:29:50.031, 0 %, 0 MiB, 81920 MiB
2026/06/10 11:29:55.032, 0 %, 531 MiB, 81920 MiB
2026/06/10 11:29:55.032, 0 %, 0 MiB, 81920 MiB
2026/06/10 11:30:00.032, 0 %, 531 MiB, 81920 MiB
2026/06/10 11:30:00.033, 0 %, 0 MiB, 81920 MiB
2026/06/10 11:30:05.033, 0 %, 531 MiB, 81920 MiB
2026/06/10 11:30:05.034, 0 %, 0 MiB, 81920 MiB
2026/06/10 11:30:10.034, 0 %, 531 MiB, 81920 MiB
2026/06/10 11:30:10.035, 0 %, 0 MiB, 81920 MiB
2026/06/10 11:30:15.035, 0 %, 531 MiB, 81920 MiB
2026/06/10 11:30:15.036, 0 %, 0 MiB, 81920 MiB
2026/06/10 11:30:20.036, 0 %, 531 MiB, 81920 MiB
2026/06/10 11:30:20.036, 0 %, 0 MiB, 81920 MiB
2026/06/10 11:30:25.037, 0 %, 531 MiB, 81920 MiB
2026/06/10 11:30:25.037, 0 %, 0 MiB, 81920 MiB
2026/06/10 11:30:30.038, 0 %, 531 MiB, 81920 MiB
2026/06/10 11:30:30.038, 0 %, 0 MiB, 81920 MiB
2026/06/10 11:30:35.039, 0 %, 531 MiB, 81920 MiB
2026/06/10 11:30:35.039, 0 %, 0 MiB, 81920 MiB
2026/06/10 11:30:40.040, 0 %, 531 MiB, 81920 MiB
2026/06/10 11:30:40.040, 0 %, 0 MiB, 81920 MiB
2026/06/10 11:30:45.041, 0 %, 531 MiB, 81920 MiB
2026/06/10 11:30:45.041, 0 %, 0 MiB, 81920 MiB
2026/06/10 11:30:50.042, 0 %, 531 MiB, 81920 MiB
2026/06/10 11:30:50.042, 0 %, 0 MiB, 81920 MiB
2026/06/10 11:30:55.043, 0 %, 531 MiB, 81920 MiB
2026/06/10 11:30:55.043, 0 %, 0 MiB, 81920 MiB
2026/06/10 11:31:00.044, 0 %, 531 MiB, 81920 MiB
2026/06/10 11:31:00.044, 0 %, 0 MiB, 81920 MiB
2026/06/10 11:31:05.045, 0 %, 531 MiB, 81920 MiB
2026/06/10 11:31:05.045, 0 %, 0 MiB, 81920 MiB
2026/06/10 11:31:10.046, 0 %, 531 MiB, 81920 MiB
2026/06/10 11:31:10.046, 0 %, 0 MiB, 81920 MiB
2026/06/10 11:31:15.047, 0 %, 531 MiB, 81920 MiB
2026/06/10 11:31:15.047, 0 %, 0 MiB, 81920 MiB
2026/06/10 11:31:20.048, 0 %, 531 MiB, 81920 MiB
2026/06/10 11:31:20.048, 0 %, 0 MiB, 81920 MiB
2026/06/10 11:31:25.049, 0 %, 531 MiB, 81920 MiB
2026/06/10 11:31:25.049, 0 %, 0 MiB, 81920 MiB
2026/06/10 11:31:30.049, 0 %, 531 MiB, 81920 MiB
2026/06/10 11:31:30.050, 0 %, 0 MiB, 81920 MiB
2026/06/10 11:31:35.050, 0 %, 531 MiB, 81920 MiB
2026/06/10 11:31:35.051, 0 %, 0 MiB, 81920 MiB
2026/06/10 11:31:40.051, 0 %, 531 MiB, 81920 MiB
2026/06/10 11:31:40.052, 0 %, 0 MiB, 81920 MiB
2026/06/10 11:31:45.052, 0 %, 531 MiB, 81920 MiB
2026/06/10 11:31:45.052, 0 %, 0 MiB, 81920 MiB
2026/06/10 11:31:50.053, 0 %, 531 MiB, 81920 MiB
2026/06/10 11:31:50.053, 0 %, 0 MiB, 81920 MiB
2026/06/10 11:31:55.054, 0 %, 531 MiB, 81920 MiB
2026/06/10 11:31:55.054, 0 %, 0 MiB, 81920 MiB
2026/06/10 11:32:00.055, 0 %, 531 MiB, 81920 MiB
2026/06/10 11:32:00.055, 0 %, 0 MiB, 81920 MiB
2026/06/10 11:32:05.056, 0 %, 531 MiB, 81920 MiB
2026/06/10 11:32:05.056, 0 %, 0 MiB, 81920 MiB
2026/06/10 11:32:10.057, 0 %, 531 MiB, 81920 MiB
2026/06/10 11:32:10.057, 0 %, 0 MiB, 81920 MiB
2026/06/10 11:32:15.058, 0 %, 531 MiB, 81920 MiB
2026/06/10 11:32:15.058, 0 %, 0 MiB, 81920 MiB
2026/06/10 11:32:20.059, 0 %, 531 MiB, 81920 MiB
2026/06/10 11:32:20.059, 0 %, 0 MiB, 81920 MiB
2026/06/10 11:32:25.060, 0 %, 531 MiB, 81920 MiB
2026/06/10 11:32:25.060, 0 %, 0 MiB, 81920 MiB
2026/06/10 11:32:30.061, 0 %, 531 MiB, 81920 MiB
2026/06/10 11:32:30.061, 0 %, 0 MiB, 81920 MiB
2026/06/10 11:32:35.062, 0 %, 531 MiB, 81920 MiB
2026/06/10 11:32:35.062, 0 %, 0 MiB, 81920 MiB
2026/06/10 11:32:40.063, 0 %, 531 MiB, 81920 MiB
2026/06/10 11:32:40.063, 0 %, 0 MiB, 81920 MiB
2026/06/10 11:32:45.064, 0 %, 531 MiB, 81920 MiB
2026/06/10 11:32:45.064, 0 %, 0 MiB, 81920 MiB
2026/06/10 11:32:50.065, 0 %, 531 MiB, 81920 MiB
2026/06/10 11:32:50.065, 0 %, 0 MiB, 81920 MiB
2026/06/10 11:32:55.066, 0 %, 531 MiB, 81920 MiB
2026/06/10 11:32:55.066, 0 %, 0 MiB, 81920 MiB
2026/06/10 11:33:00.067, 0 %, 531 MiB, 81920 MiB
2026/06/10 11:33:00.067, 0 %, 0 MiB, 81920 MiB
2026/06/10 11:33:05.068, 0 %, 531 MiB, 81920 MiB
2026/06/10 11:33:05.068, 0 %, 0 MiB, 81920 MiB
2026/06/10 11:33:10.069, 0 %, 531 MiB, 81920 MiB
2026/06/10 11:33:10.069, 0 %, 0 MiB, 81920 MiB
2026/06/10 11:33:15.070, 0 %, 531 MiB, 81920 MiB
2026/06/10 11:33:15.070, 0 %, 0 MiB, 81920 MiB
2026/06/10 11:33:20.071, 0 %, 531 MiB, 81920 MiB
2026/06/10 11:33:20.071, 0 %, 0 MiB, 81920 MiB
2026/06/10 11:33:25.072, 0 %, 531 MiB, 81920 MiB
2026/06/10 11:33:25.072, 0 %, 0 MiB, 81920 MiB
2026/06/10 11:33:30.073, 0 %, 531 MiB, 81920 MiB
2026/06/10 11:33:30.073, 0 %, 0 MiB, 81920 MiB
2026/06/10 11:33:35.073, 0 %, 531 MiB, 81920 MiB
2026/06/10 11:33:35.074, 0 %, 0 MiB, 81920 MiB
2026/06/10 11:33:40.074, 0 %, 531 MiB, 81920 MiB
2026/06/10 11:33:40.075, 0 %, 0 MiB, 81920 MiB
2026/06/10 11:33:45.075, 0 %, 531 MiB, 81920 MiB
2026/06/10 11:33:45.076, 0 %, 0 MiB, 81920 MiB
2026/06/10 11:33:50.076, 0 %, 531 MiB, 81920 MiB
2026/06/10 11:33:50.077, 0 %, 0 MiB, 81920 MiB
2026/06/10 11:33:55.077, 0 %, 531 MiB, 81920 MiB
2026/06/10 11:33:55.077, 0 %, 0 MiB, 81920 MiB
2026/06/10 11:34:00.078, 0 %, 531 MiB, 81920 MiB
2026/06/10 11:34:00.078, 0 %, 0 MiB, 81920 MiB
2026/06/10 11:34:05.079, 0 %, 531 MiB, 81920 MiB
2026/06/10 11:34:05.079, 0 %, 0 MiB, 81920 MiB
2026/06/10 11:34:10.080, 0 %, 531 MiB, 81920 MiB
2026/06/10 11:34:10.080, 0 %, 0 MiB, 81920 MiB
2026/06/10 11:34:15.081, 0 %, 531 MiB, 81920 MiB
2026/06/10 11:34:15.081, 0 %, 0 MiB, 81920 MiB
2026/06/10 11:34:20.082, 0 %, 531 MiB, 81920 MiB
2026/06/10 11:34:20.082, 0 %, 0 MiB, 81920 MiB
2026/06/10 11:34:25.083, 0 %, 531 MiB, 81920 MiB
2026/06/10 11:34:25.083, 0 %, 0 MiB, 81920 MiB
2026/06/10 11:34:30.084, 0 %, 531 MiB, 81920 MiB
2026/06/10 11:34:30.084, 0 %, 0 MiB, 81920 MiB
2026/06/10 11:34:35.085, 0 %, 531 MiB, 81920 MiB
2026/06/10 11:34:35.085, 0 %, 0 MiB, 81920 MiB
2026/06/10 11:34:40.086, 0 %, 531 MiB, 81920 MiB
2026/06/10 11:34:40.086, 0 %, 0 MiB, 81920 MiB
2026/06/10 11:34:45.087, 0 %, 531 MiB, 81920 MiB
2026/06/10 11:34:45.087, 0 %, 0 MiB, 81920 MiB
2026/06/10 11:34:50.088, 0 %, 531 MiB, 81920 MiB
2026/06/10 11:34:50.088, 0 %, 0 MiB, 81920 MiB
2026/06/10 11:34:55.089, 0 %, 531 MiB, 81920 MiB
2026/06/10 11:34:55.089, 0 %, 0 MiB, 81920 MiB
2026/06/10 11:35:00.090, 0 %, 531 MiB, 81920 MiB
2026/06/10 11:35:00.090, 0 %, 0 MiB, 81920 MiB
2026/06/10 11:35:05.091, 0 %, 531 MiB, 81920 MiB
2026/06/10 11:35:05.091, 0 %, 0 MiB, 81920 MiB
2026/06/10 11:35:10.092, 0 %, 531 MiB, 81920 MiB
2026/06/10 11:35:10.092, 0 %, 0 MiB, 81920 MiB
2026/06/10 11:35:15.093, 0 %, 531 MiB, 81920 MiB
2026/06/10 11:35:15.093, 0 %, 0 MiB, 81920 MiB
2026/06/10 11:35:20.094, 0 %, 531 MiB, 81920 MiB
2026/06/10 11:35:20.094, 0 %, 0 MiB, 81920 MiB
2026/06/10 11:35:25.095, 0 %, 531 MiB, 81920 MiB
2026/06/10 11:35:25.095, 0 %, 0 MiB, 81920 MiB
2026/06/10 11:35:30.096, 0 %, 531 MiB, 81920 MiB
2026/06/10 11:35:30.096, 0 %, 0 MiB, 81920 MiB
2026/06/10 11:35:35.097, 0 %, 531 MiB, 81920 MiB
2026/06/10 11:35:35.097, 0 %, 0 MiB, 81920 MiB
2026/06/10 11:35:40.098, 0 %, 531 MiB, 81920 MiB
2026/06/10 11:35:40.098, 0 %, 0 MiB, 81920 MiB
2026/06/10 11:35:45.099, 0 %, 531 MiB, 81920 MiB
2026/06/10 11:35:45.099, 0 %, 0 MiB, 81920 MiB
2026/06/10 11:35:50.100, 0 %, 531 MiB, 81920 MiB
2026/06/10 11:35:50.100, 0 %, 0 MiB, 81920 MiB
2026/06/10 11:35:55.101, 0 %, 531 MiB, 81920 MiB
2026/06/10 11:35:55.101, 0 %, 0 MiB, 81920 MiB
2026/06/10 11:36:00.102, 0 %, 531 MiB, 81920 MiB
2026/06/10 11:36:00.102, 0 %, 0 MiB, 81920 MiB
2026/06/10 11:36:05.103, 0 %, 531 MiB, 81920 MiB
2026/06/10 11:36:05.103, 0 %, 0 MiB, 81920 MiB
2026/06/10 11:36:10.104, 0 %, 531 MiB, 81920 MiB
2026/06/10 11:36:10.104, 0 %, 0 MiB, 81920 MiB
2026/06/10 11:36:15.105, 0 %, 531 MiB, 81920 MiB
2026/06/10 11:36:15.105, 0 %, 0 MiB, 81920 MiB
2026/06/10 11:36:20.106, 0 %, 531 MiB, 81920 MiB
2026/06/10 11:36:20.106, 0 %, 0 MiB, 81920 MiB
2026/06/10 11:36:25.107, 0 %, 497 MiB, 81920 MiB
2026/06/10 11:36:25.107, 0 %, 0 MiB, 81920 MiB
2026/06/10 11:36:30.108, 0 %, 497 MiB, 81920 MiB
2026/06/10 11:36:30.108, 0 %, 0 MiB, 81920 MiB
2026/06/10 11:36:35.109, 0 %, 497 MiB, 81920 MiB
2026/06/10 11:36:35.109, 0 %, 0 MiB, 81920 MiB
2026/06/10 11:36:40.110, 0 %, 497 MiB, 81920 MiB
2026/06/10 11:36:40.110, 0 %, 0 MiB, 81920 MiB
2026/06/10 11:36:45.111, 0 %, 497 MiB, 81920 MiB
2026/06/10 11:36:45.111, 0 %, 0 MiB, 81920 MiB
2026/06/10 11:36:50.112, 0 %, 497 MiB, 81920 MiB
2026/06/10 11:36:50.112, 0 %, 0 MiB, 81920 MiB
2026/06/10 11:36:55.113, 0 %, 497 MiB, 81920 MiB
2026/06/10 11:36:55.113, 0 %, 0 MiB, 81920 MiB
2026/06/10 11:37:00.114, 0 %, 497 MiB, 81920 MiB
2026/06/10 11:37:00.114, 0 %, 0 MiB, 81920 MiB
2026/06/10 11:37:05.115, 0 %, 497 MiB, 81920 MiB
2026/06/10 11:37:05.115, 0 %, 0 MiB, 81920 MiB
2026/06/10 11:37:10.116, 0 %, 497 MiB, 81920 MiB
2026/06/10 11:37:10.116, 0 %, 0 MiB, 81920 MiB
2026/06/10 11:37:15.117, 0 %, 497 MiB, 81920 MiB
2026/06/10 11:37:15.118, 0 %, 0 MiB, 81920 MiB
2026/06/10 11:37:20.119, 0 %, 497 MiB, 81920 MiB
2026/06/10 11:37:20.119, 0 %, 0 MiB, 81920 MiB
2026/06/10 11:37:25.120, 0 %, 497 MiB, 81920 MiB
2026/06/10 11:37:25.120, 0 %, 0 MiB, 81920 MiB
2026/06/10 11:37:30.121, 0 %, 497 MiB, 81920 MiB
2026/06/10 11:37:30.121, 0 %, 0 MiB, 81920 MiB
2026/06/10 11:37:35.122, 0 %, 497 MiB, 81920 MiB
2026/06/10 11:37:35.122, 0 %, 0 MiB, 81920 MiB
2026/06/10 11:37:40.123, 0 %, 497 MiB, 81920 MiB
2026/06/10 11:37:40.123, 0 %, 0 MiB, 81920 MiB
2026/06/10 11:37:45.124, 0 %, 497 MiB, 81920 MiB
2026/06/10 11:37:45.125, 0 %, 0 MiB, 81920 MiB
2026/06/10 11:37:50.126, 0 %, 497 MiB, 81920 MiB
2026/06/10 11:37:50.126, 0 %, 0 MiB, 81920 MiB
2026/06/10 11:37:55.127, 0 %, 497 MiB, 81920 MiB
2026/06/10 11:37:55.127, 0 %, 0 MiB, 81920 MiB
2026/06/10 11:38:00.128, 0 %, 497 MiB, 81920 MiB
2026/06/10 11:38:00.128, 0 %, 0 MiB, 81920 MiB
2026/06/10 11:38:05.129, 0 %, 497 MiB, 81920 MiB
2026/06/10 11:38:05.129, 0 %, 0 MiB, 81920 MiB
2026/06/10 11:38:10.130, 0 %, 497 MiB, 81920 MiB
2026/06/10 11:38:10.130, 0 %, 0 MiB, 81920 MiB
2026/06/10 11:38:15.131, 0 %, 497 MiB, 81920 MiB
2026/06/10 11:38:15.131, 0 %, 0 MiB, 81920 MiB
2026/06/10 11:38:20.132, 0 %, 497 MiB, 81920 MiB
2026/06/10 11:38:20.132, 0 %, 0 MiB, 81920 MiB
2026/06/10 11:38:25.133, 0 %, 497 MiB, 81920 MiB
2026/06/10 11:38:25.133, 0 %, 0 MiB, 81920 MiB
2026/06/10 11:38:30.134, 0 %, 497 MiB, 81920 MiB
2026/06/10 11:38:30.134, 0 %, 0 MiB, 81920 MiB
2026/06/10 11:38:35.135, 0 %, 497 MiB, 81920 MiB
2026/06/10 11:38:35.135, 0 %, 0 MiB, 81920 MiB
2026/06/10 11:38:40.136, 0 %, 497 MiB, 81920 MiB
2026/06/10 11:38:40.136, 0 %, 0 MiB, 81920 MiB
2026/06/10 11:38:45.137, 0 %, 497 MiB, 81920 MiB
2026/06/10 11:38:45.137, 0 %, 0 MiB, 81920 MiB
2026/06/10 11:38:50.138, 0 %, 497 MiB, 81920 MiB
2026/06/10 11:38:50.138, 0 %, 0 MiB, 81920 MiB
2026/06/10 11:38:55.139, 0 %, 497 MiB, 81920 MiB
2026/06/10 11:38:55.139, 0 %, 0 MiB, 81920 MiB
2026/06/10 11:39:00.140, 0 %, 497 MiB, 81920 MiB
2026/06/10 11:39:00.141, 0 %, 0 MiB, 81920 MiB
2026/06/10 11:39:05.141, 0 %, 497 MiB, 81920 MiB
2026/06/10 11:39:05.142, 0 %, 0 MiB, 81920 MiB
2026/06/10 11:39:10.142, 0 %, 497 MiB, 81920 MiB
2026/06/10 11:39:10.142, 0 %, 0 MiB, 81920 MiB
2026/06/10 11:39:15.143, 0 %, 497 MiB, 81920 MiB
2026/06/10 11:39:15.144, 0 %, 0 MiB, 81920 MiB
2026/06/10 11:39:20.145, 0 %, 497 MiB, 81920 MiB
2026/06/10 11:39:20.145, 0 %, 0 MiB, 81920 MiB
2026/06/10 11:39:25.146, 0 %, 497 MiB, 81920 MiB
2026/06/10 11:39:25.146, 0 %, 0 MiB, 81920 MiB
2026/06/10 11:39:30.146, 0 %, 497 MiB, 81920 MiB
2026/06/10 11:39:30.146, 0 %, 0 MiB, 81920 MiB
2026/06/10 11:39:35.147, 20 %, 567 MiB, 81920 MiB
2026/06/10 11:39:35.147, 0 %, 0 MiB, 81920 MiB
2026/06/10 11:39:40.148, 0 %, 531 MiB, 81920 MiB
2026/06/10 11:39:40.148, 0 %, 0 MiB, 81920 MiB
2026/06/10 11:39:45.149, 0 %, 531 MiB, 81920 MiB
2026/06/10 11:39:45.149, 0 %, 0 MiB, 81920 MiB
2026/06/10 11:39:50.150, 0 %, 531 MiB, 81920 MiB
2026/06/10 11:39:50.150, 0 %, 0 MiB, 81920 MiB
2026/06/10 11:39:55.151, 0 %, 531 MiB, 81920 MiB
2026/06/10 11:39:55.152, 0 %, 0 MiB, 81920 MiB
2026/06/10 11:40:00.152, 0 %, 531 MiB, 81920 MiB
2026/06/10 11:40:00.153, 0 %, 0 MiB, 81920 MiB
2026/06/10 11:40:05.154, 0 %, 531 MiB, 81920 MiB
2026/06/10 11:40:05.154, 0 %, 0 MiB, 81920 MiB
2026/06/10 11:40:10.155, 0 %, 531 MiB, 81920 MiB
2026/06/10 11:40:10.155, 0 %, 0 MiB, 81920 MiB
2026/06/10 11:40:15.156, 0 %, 531 MiB, 81920 MiB
2026/06/10 11:40:15.156, 0 %, 0 MiB, 81920 MiB
2026/06/10 11:40:20.157, 0 %, 531 MiB, 81920 MiB
2026/06/10 11:40:20.157, 0 %, 0 MiB, 81920 MiB
2026/06/10 11:40:25.158, 0 %, 531 MiB, 81920 MiB
2026/06/10 11:40:25.158, 0 %, 0 MiB, 81920 MiB
2026/06/10 11:40:30.159, 0 %, 531 MiB, 81920 MiB
2026/06/10 11:40:30.159, 0 %, 0 MiB, 81920 MiB
2026/06/10 11:40:35.160, 0 %, 531 MiB, 81920 MiB
2026/06/10 11:40:35.160, 0 %, 0 MiB, 81920 MiB
2026/06/10 11:40:40.161, 0 %, 531 MiB, 81920 MiB
2026/06/10 11:40:40.161, 0 %, 0 MiB, 81920 MiB
2026/06/10 11:40:45.162, 0 %, 531 MiB, 81920 MiB
2026/06/10 11:40:45.162, 0 %, 0 MiB, 81920 MiB
2026/06/10 11:40:50.163, 0 %, 531 MiB, 81920 MiB
2026/06/10 11:40:50.163, 0 %, 0 MiB, 81920 MiB
2026/06/10 11:40:55.164, 0 %, 531 MiB, 81920 MiB
2026/06/10 11:40:55.164, 0 %, 0 MiB, 81920 MiB
2026/06/10 11:41:00.165, 0 %, 531 MiB, 81920 MiB
2026/06/10 11:41:00.165, 0 %, 0 MiB, 81920 MiB
2026/06/10 11:41:05.166, 0 %, 531 MiB, 81920 MiB
2026/06/10 11:41:05.166, 0 %, 0 MiB, 81920 MiB
2026/06/10 11:41:10.167, 0 %, 531 MiB, 81920 MiB
2026/06/10 11:41:10.167, 0 %, 0 MiB, 81920 MiB
2026/06/10 11:41:15.168, 0 %, 531 MiB, 81920 MiB
2026/06/10 11:41:15.168, 0 %, 0 MiB, 81920 MiB
2026/06/10 11:41:20.169, 0 %, 531 MiB, 81920 MiB
2026/06/10 11:41:20.169, 0 %, 0 MiB, 81920 MiB
2026/06/10 11:41:25.170, 0 %, 531 MiB, 81920 MiB
2026/06/10 11:41:25.170, 0 %, 0 MiB, 81920 MiB
2026/06/10 11:41:30.171, 0 %, 531 MiB, 81920 MiB
2026/06/10 11:41:30.171, 0 %, 0 MiB, 81920 MiB
2026/06/10 11:41:35.172, 0 %, 531 MiB, 81920 MiB
2026/06/10 11:41:35.172, 0 %, 0 MiB, 81920 MiB
2026/06/10 11:41:40.173, 0 %, 531 MiB, 81920 MiB
2026/06/10 11:41:40.173, 0 %, 0 MiB, 81920 MiB
2026/06/10 11:41:45.174, 0 %, 531 MiB, 81920 MiB
2026/06/10 11:41:45.175, 0 %, 0 MiB, 81920 MiB
2026/06/10 11:41:50.175, 0 %, 531 MiB, 81920 MiB
2026/06/10 11:41:50.176, 0 %, 0 MiB, 81920 MiB
2026/06/10 11:41:55.176, 0 %, 531 MiB, 81920 MiB
2026/06/10 11:41:55.177, 0 %, 0 MiB, 81920 MiB
2026/06/10 11:42:00.177, 0 %, 531 MiB, 81920 MiB
2026/06/10 11:42:00.178, 0 %, 0 MiB, 81920 MiB
2026/06/10 11:42:05.179, 0 %, 531 MiB, 81920 MiB
2026/06/10 11:42:05.179, 0 %, 0 MiB, 81920 MiB
2026/06/10 11:42:10.180, 0 %, 531 MiB, 81920 MiB
2026/06/10 11:42:10.180, 0 %, 0 MiB, 81920 MiB
2026/06/10 11:42:15.181, 0 %, 531 MiB, 81920 MiB
2026/06/10 11:42:15.181, 0 %, 0 MiB, 81920 MiB
2026/06/10 11:42:20.182, 0 %, 531 MiB, 81920 MiB
2026/06/10 11:42:20.182, 0 %, 0 MiB, 81920 MiB
2026/06/10 11:42:25.183, 0 %, 531 MiB, 81920 MiB
2026/06/10 11:42:25.183, 0 %, 0 MiB, 81920 MiB
2026/06/10 11:42:30.184, 0 %, 531 MiB, 81920 MiB
2026/06/10 11:42:30.184, 0 %, 0 MiB, 81920 MiB
2026/06/10 11:42:35.185, 0 %, 531 MiB, 81920 MiB
2026/06/10 11:42:35.185, 0 %, 0 MiB, 81920 MiB
2026/06/10 11:42:40.186, 0 %, 531 MiB, 81920 MiB
2026/06/10 11:42:40.186, 0 %, 0 MiB, 81920 MiB
2026/06/10 11:42:45.187, 0 %, 531 MiB, 81920 MiB
2026/06/10 11:42:45.187, 0 %, 0 MiB, 81920 MiB
2026/06/10 11:42:50.188, 0 %, 531 MiB, 81920 MiB
2026/06/10 11:42:50.188, 0 %, 0 MiB, 81920 MiB
2026/06/10 11:42:55.189, 0 %, 531 MiB, 81920 MiB
2026/06/10 11:42:55.189, 0 %, 0 MiB, 81920 MiB
2026/06/10 11:43:00.190, 0 %, 531 MiB, 81920 MiB
2026/06/10 11:43:00.190, 0 %, 0 MiB, 81920 MiB
2026/06/10 11:43:05.191, 0 %, 531 MiB, 81920 MiB
2026/06/10 11:43:05.191, 0 %, 0 MiB, 81920 MiB
2026/06/10 11:43:10.192, 0 %, 531 MiB, 81920 MiB
2026/06/10 11:43:10.192, 0 %, 0 MiB, 81920 MiB
2026/06/10 11:43:15.193, 0 %, 531 MiB, 81920 MiB
2026/06/10 11:43:15.193, 0 %, 0 MiB, 81920 MiB
2026/06/10 11:43:20.194, 0 %, 531 MiB, 81920 MiB
2026/06/10 11:43:20.194, 0 %, 0 MiB, 81920 MiB
2026/06/10 11:43:25.195, 0 %, 531 MiB, 81920 MiB
2026/06/10 11:43:25.195, 0 %, 0 MiB, 81920 MiB
2026/06/10 11:43:30.196, 0 %, 531 MiB, 81920 MiB
2026/06/10 11:43:30.196, 0 %, 0 MiB, 81920 MiB
2026/06/10 11:43:35.197, 0 %, 531 MiB, 81920 MiB
2026/06/10 11:43:35.197, 0 %, 0 MiB, 81920 MiB
2026/06/10 11:43:40.198, 0 %, 531 MiB, 81920 MiB
2026/06/10 11:43:40.198, 0 %, 0 MiB, 81920 MiB
2026/06/10 11:43:45.199, 0 %, 531 MiB, 81920 MiB
2026/06/10 11:43:45.199, 0 %, 0 MiB, 81920 MiB
2026/06/10 11:43:50.200, 0 %, 531 MiB, 81920 MiB
2026/06/10 11:43:50.200, 0 %, 0 MiB, 81920 MiB
2026/06/10 11:43:55.201, 0 %, 531 MiB, 81920 MiB
2026/06/10 11:43:55.202, 0 %, 0 MiB, 81920 MiB
2026/06/10 11:44:00.202, 0 %, 531 MiB, 81920 MiB
2026/06/10 11:44:00.203, 0 %, 0 MiB, 81920 MiB
2026/06/10 11:44:05.203, 0 %, 531 MiB, 81920 MiB
2026/06/10 11:44:05.204, 0 %, 0 MiB, 81920 MiB
2026/06/10 11:44:10.204, 0 %, 531 MiB, 81920 MiB
2026/06/10 11:44:10.204, 0 %, 0 MiB, 81920 MiB
2026/06/10 11:44:15.205, 0 %, 531 MiB, 81920 MiB
2026/06/10 11:44:15.205, 0 %, 0 MiB, 81920 MiB
2026/06/10 11:44:20.206, 0 %, 531 MiB, 81920 MiB
2026/06/10 11:44:20.206, 0 %, 0 MiB, 81920 MiB
2026/06/10 11:44:25.207, 0 %, 531 MiB, 81920 MiB
2026/06/10 11:44:25.208, 0 %, 0 MiB, 81920 MiB
2026/06/10 11:44:30.208, 0 %, 531 MiB, 81920 MiB
2026/06/10 11:44:30.209, 0 %, 0 MiB, 81920 MiB
2026/06/10 11:44:35.210, 0 %, 531 MiB, 81920 MiB
2026/06/10 11:44:35.210, 0 %, 0 MiB, 81920 MiB
2026/06/10 11:44:40.211, 0 %, 531 MiB, 81920 MiB
2026/06/10 11:44:40.211, 0 %, 0 MiB, 81920 MiB
2026/06/10 11:44:45.212, 0 %, 531 MiB, 81920 MiB
2026/06/10 11:44:45.212, 0 %, 0 MiB, 81920 MiB
2026/06/10 11:44:50.213, 0 %, 531 MiB, 81920 MiB
2026/06/10 11:44:50.213, 0 %, 0 MiB, 81920 MiB
2026/06/10 11:44:55.214, 0 %, 531 MiB, 81920 MiB
2026/06/10 11:44:55.214, 0 %, 0 MiB, 81920 MiB
2026/06/10 11:45:00.215, 0 %, 531 MiB, 81920 MiB
2026/06/10 11:45:00.215, 0 %, 0 MiB, 81920 MiB
2026/06/10 11:45:05.216, 0 %, 531 MiB, 81920 MiB
2026/06/10 11:45:05.216, 0 %, 0 MiB, 81920 MiB
2026/06/10 11:45:10.217, 0 %, 531 MiB, 81920 MiB
2026/06/10 11:45:10.217, 0 %, 0 MiB, 81920 MiB
2026/06/10 11:45:15.218, 0 %, 531 MiB, 81920 MiB
2026/06/10 11:45:15.218, 0 %, 0 MiB, 81920 MiB
2026/06/10 11:45:20.219, 0 %, 531 MiB, 81920 MiB
2026/06/10 11:45:20.219, 0 %, 0 MiB, 81920 MiB
2026/06/10 11:45:25.220, 0 %, 531 MiB, 81920 MiB
2026/06/10 11:45:25.220, 0 %, 0 MiB, 81920 MiB
2026/06/10 11:45:30.221, 0 %, 531 MiB, 81920 MiB
2026/06/10 11:45:30.221, 0 %, 0 MiB, 81920 MiB
2026/06/10 11:45:35.222, 0 %, 531 MiB, 81920 MiB
2026/06/10 11:45:35.222, 0 %, 0 MiB, 81920 MiB
2026/06/10 11:45:40.223, 0 %, 531 MiB, 81920 MiB
2026/06/10 11:45:40.223, 0 %, 0 MiB, 81920 MiB
2026/06/10 11:45:45.224, 0 %, 531 MiB, 81920 MiB
2026/06/10 11:45:45.224, 0 %, 0 MiB, 81920 MiB
2026/06/10 11:45:50.225, 0 %, 531 MiB, 81920 MiB
2026/06/10 11:45:50.225, 0 %, 0 MiB, 81920 MiB
2026/06/10 11:45:55.226, 0 %, 531 MiB, 81920 MiB
2026/06/10 11:45:55.226, 0 %, 0 MiB, 81920 MiB
2026/06/10 11:46:00.227, 0 %, 531 MiB, 81920 MiB
2026/06/10 11:46:00.227, 0 %, 0 MiB, 81920 MiB
2026/06/10 11:46:05.228, 0 %, 531 MiB, 81920 MiB
2026/06/10 11:46:05.228, 0 %, 0 MiB, 81920 MiB
2026/06/10 11:46:10.229, 0 %, 531 MiB, 81920 MiB
2026/06/10 11:46:10.229, 0 %, 0 MiB, 81920 MiB
2026/06/10 11:46:15.230, 0 %, 531 MiB, 81920 MiB
2026/06/10 11:46:15.230, 0 %, 0 MiB, 81920 MiB
2026/06/10 11:46:20.231, 0 %, 531 MiB, 81920 MiB
2026/06/10 11:46:20.231, 0 %, 0 MiB, 81920 MiB
2026/06/10 11:46:25.232, 0 %, 531 MiB, 81920 MiB
2026/06/10 11:46:25.232, 0 %, 0 MiB, 81920 MiB
2026/06/10 11:46:30.233, 0 %, 531 MiB, 81920 MiB
2026/06/10 11:46:30.233, 0 %, 0 MiB, 81920 MiB
2026/06/10 11:46:35.234, 0 %, 531 MiB, 81920 MiB
2026/06/10 11:46:35.234, 0 %, 0 MiB, 81920 MiB
2026/06/10 11:46:40.235, 0 %, 531 MiB, 81920 MiB
2026/06/10 11:46:40.235, 0 %, 0 MiB, 81920 MiB
2026/06/10 11:46:45.236, 0 %, 531 MiB, 81920 MiB
2026/06/10 11:46:45.236, 0 %, 0 MiB, 81920 MiB
2026/06/10 11:46:50.237, 0 %, 531 MiB, 81920 MiB
2026/06/10 11:46:50.237, 0 %, 0 MiB, 81920 MiB
2026/06/10 11:46:55.238, 0 %, 531 MiB, 81920 MiB
2026/06/10 11:46:55.238, 0 %, 0 MiB, 81920 MiB
2026/06/10 11:47:00.239, 0 %, 531 MiB, 81920 MiB
2026/06/10 11:47:00.239, 0 %, 0 MiB, 81920 MiB
2026/06/10 11:47:05.240, 0 %, 531 MiB, 81920 MiB
2026/06/10 11:47:05.240, 0 %, 0 MiB, 81920 MiB
2026/06/10 11:47:10.241, 0 %, 531 MiB, 81920 MiB
2026/06/10 11:47:10.241, 0 %, 0 MiB, 81920 MiB
2026/06/10 11:47:15.242, 0 %, 531 MiB, 81920 MiB
2026/06/10 11:47:15.242, 0 %, 0 MiB, 81920 MiB
2026/06/10 11:47:20.243, 0 %, 531 MiB, 81920 MiB
2026/06/10 11:47:20.244, 0 %, 0 MiB, 81920 MiB
2026/06/10 11:47:25.244, 0 %, 531 MiB, 81920 MiB
2026/06/10 11:47:25.245, 0 %, 0 MiB, 81920 MiB
2026/06/10 11:47:30.245, 0 %, 531 MiB, 81920 MiB
2026/06/10 11:47:30.246, 0 %, 0 MiB, 81920 MiB
2026/06/10 11:47:35.246, 0 %, 531 MiB, 81920 MiB
2026/06/10 11:47:35.247, 0 %, 0 MiB, 81920 MiB
2026/06/10 11:47:40.248, 0 %, 531 MiB, 81920 MiB
2026/06/10 11:47:40.248, 0 %, 0 MiB, 81920 MiB
2026/06/10 11:47:45.249, 0 %, 531 MiB, 81920 MiB
2026/06/10 11:47:45.249, 0 %, 0 MiB, 81920 MiB
2026/06/10 11:47:50.250, 0 %, 531 MiB, 81920 MiB
2026/06/10 11:47:50.250, 0 %, 0 MiB, 81920 MiB
2026/06/10 11:47:55.251, 0 %, 531 MiB, 81920 MiB
2026/06/10 11:47:55.251, 0 %, 0 MiB, 81920 MiB
2026/06/10 11:48:00.252, 0 %, 531 MiB, 81920 MiB
2026/06/10 11:48:00.252, 0 %, 0 MiB, 81920 MiB
2026/06/10 11:48:05.253, 0 %, 531 MiB, 81920 MiB
2026/06/10 11:48:05.253, 0 %, 0 MiB, 81920 MiB
2026/06/10 11:48:10.254, 0 %, 531 MiB, 81920 MiB
2026/06/10 11:48:10.254, 0 %, 0 MiB, 81920 MiB
2026/06/10 11:48:15.255, 0 %, 531 MiB, 81920 MiB
2026/06/10 11:48:15.255, 0 %, 0 MiB, 81920 MiB
2026/06/10 11:48:20.256, 0 %, 531 MiB, 81920 MiB
2026/06/10 11:48:20.256, 0 %, 0 MiB, 81920 MiB
2026/06/10 11:48:25.257, 0 %, 531 MiB, 81920 MiB
2026/06/10 11:48:25.257, 0 %, 0 MiB, 81920 MiB
2026/06/10 11:48:30.258, 0 %, 531 MiB, 81920 MiB
2026/06/10 11:48:30.258, 0 %, 0 MiB, 81920 MiB
2026/06/10 11:48:35.259, 0 %, 531 MiB, 81920 MiB
2026/06/10 11:48:35.259, 0 %, 0 MiB, 81920 MiB
2026/06/10 11:48:40.260, 0 %, 531 MiB, 81920 MiB
2026/06/10 11:48:40.260, 0 %, 0 MiB, 81920 MiB
2026/06/10 11:48:45.261, 0 %, 531 MiB, 81920 MiB
2026/06/10 11:48:45.261, 0 %, 0 MiB, 81920 MiB
2026/06/10 11:48:50.262, 0 %, 531 MiB, 81920 MiB
2026/06/10 11:48:50.262, 0 %, 0 MiB, 81920 MiB
2026/06/10 11:48:55.263, 0 %, 531 MiB, 81920 MiB
2026/06/10 11:48:55.263, 0 %, 0 MiB, 81920 MiB
2026/06/10 11:49:00.264, 0 %, 531 MiB, 81920 MiB
2026/06/10 11:49:00.265, 0 %, 0 MiB, 81920 MiB
2026/06/10 11:49:05.266, 0 %, 531 MiB, 81920 MiB
2026/06/10 11:49:05.266, 0 %, 0 MiB, 81920 MiB
2026/06/10 11:49:10.267, 0 %, 531 MiB, 81920 MiB
2026/06/10 11:49:10.267, 0 %, 0 MiB, 81920 MiB
2026/06/10 11:49:15.268, 0 %, 531 MiB, 81920 MiB
2026/06/10 11:49:15.268, 0 %, 0 MiB, 81920 MiB
2026/06/10 11:49:20.269, 0 %, 531 MiB, 81920 MiB
2026/06/10 11:49:20.269, 0 %, 0 MiB, 81920 MiB
2026/06/10 11:49:25.269, 0 %, 531 MiB, 81920 MiB
2026/06/10 11:49:25.270, 0 %, 0 MiB, 81920 MiB
2026/06/10 11:49:30.270, 0 %, 531 MiB, 81920 MiB
2026/06/10 11:49:30.271, 0 %, 0 MiB, 81920 MiB
2026/06/10 11:49:35.272, 0 %, 531 MiB, 81920 MiB
2026/06/10 11:49:35.272, 0 %, 0 MiB, 81920 MiB
2026/06/10 11:49:40.273, 0 %, 531 MiB, 81920 MiB
2026/06/10 11:49:40.273, 0 %, 0 MiB, 81920 MiB
2026/06/10 11:49:45.274, 0 %, 531 MiB, 81920 MiB
2026/06/10 11:49:45.274, 0 %, 0 MiB, 81920 MiB
2026/06/10 11:49:50.275, 0 %, 531 MiB, 81920 MiB
2026/06/10 11:49:50.275, 0 %, 0 MiB, 81920 MiB
2026/06/10 11:49:55.276, 0 %, 497 MiB, 81920 MiB
2026/06/10 11:49:55.276, 0 %, 0 MiB, 81920 MiB
2026/06/10 11:50:00.277, 0 %, 497 MiB, 81920 MiB
2026/06/10 11:50:00.277, 0 %, 0 MiB, 81920 MiB
2026/06/10 11:50:05.278, 0 %, 497 MiB, 81920 MiB
2026/06/10 11:50:05.278, 0 %, 0 MiB, 81920 MiB
2026/06/10 11:50:10.279, 0 %, 497 MiB, 81920 MiB
2026/06/10 11:50:10.279, 0 %, 0 MiB, 81920 MiB
2026/06/10 11:50:15.280, 0 %, 497 MiB, 81920 MiB
2026/06/10 11:50:15.280, 0 %, 0 MiB, 81920 MiB
2026/06/10 11:50:20.281, 0 %, 497 MiB, 81920 MiB
2026/06/10 11:50:20.281, 0 %, 0 MiB, 81920 MiB
2026/06/10 11:50:25.282, 0 %, 497 MiB, 81920 MiB
2026/06/10 11:50:25.282, 0 %, 0 MiB, 81920 MiB
2026/06/10 11:50:30.283, 0 %, 497 MiB, 81920 MiB
2026/06/10 11:50:30.283, 0 %, 0 MiB, 81920 MiB
2026/06/10 11:50:35.284, 0 %, 497 MiB, 81920 MiB
2026/06/10 11:50:35.284, 0 %, 0 MiB, 81920 MiB
2026/06/10 11:50:40.285, 0 %, 497 MiB, 81920 MiB
2026/06/10 11:50:40.285, 0 %, 0 MiB, 81920 MiB
2026/06/10 11:50:45.286, 0 %, 497 MiB, 81920 MiB
2026/06/10 11:50:45.286, 0 %, 0 MiB, 81920 MiB
2026/06/10 11:50:50.287, 0 %, 497 MiB, 81920 MiB
2026/06/10 11:50:50.287, 0 %, 0 MiB, 81920 MiB
2026/06/10 11:50:55.288, 0 %, 497 MiB, 81920 MiB
2026/06/10 11:50:55.288, 0 %, 0 MiB, 81920 MiB
2026/06/10 11:51:00.289, 0 %, 497 MiB, 81920 MiB
2026/06/10 11:51:00.289, 0 %, 0 MiB, 81920 MiB
2026/06/10 11:51:05.290, 0 %, 497 MiB, 81920 MiB
2026/06/10 11:51:05.290, 0 %, 0 MiB, 81920 MiB
2026/06/10 11:51:10.291, 0 %, 497 MiB, 81920 MiB
2026/06/10 11:51:10.291, 0 %, 0 MiB, 81920 MiB
2026/06/10 11:51:15.292, 0 %, 497 MiB, 81920 MiB
2026/06/10 11:51:15.292, 0 %, 0 MiB, 81920 MiB
2026/06/10 11:51:20.293, 0 %, 497 MiB, 81920 MiB
2026/06/10 11:51:20.293, 0 %, 0 MiB, 81920 MiB
2026/06/10 11:51:25.294, 0 %, 497 MiB, 81920 MiB
2026/06/10 11:51:25.294, 0 %, 0 MiB, 81920 MiB
2026/06/10 11:51:30.295, 0 %, 497 MiB, 81920 MiB
2026/06/10 11:51:30.295, 0 %, 0 MiB, 81920 MiB
2026/06/10 11:51:35.296, 0 %, 497 MiB, 81920 MiB
2026/06/10 11:51:35.296, 0 %, 0 MiB, 81920 MiB
2026/06/10 11:51:40.297, 0 %, 497 MiB, 81920 MiB
2026/06/10 11:51:40.297, 0 %, 0 MiB, 81920 MiB
2026/06/10 11:51:45.298, 0 %, 497 MiB, 81920 MiB
2026/06/10 11:51:45.298, 0 %, 0 MiB, 81920 MiB
2026/06/10 11:51:50.299, 0 %, 497 MiB, 81920 MiB
2026/06/10 11:51:50.299, 0 %, 0 MiB, 81920 MiB
2026/06/10 11:51:55.300, 0 %, 497 MiB, 81920 MiB
2026/06/10 11:51:55.300, 0 %, 0 MiB, 81920 MiB
2026/06/10 11:52:00.301, 0 %, 497 MiB, 81920 MiB
2026/06/10 11:52:00.301, 0 %, 0 MiB, 81920 MiB
2026/06/10 11:52:05.302, 0 %, 497 MiB, 81920 MiB
2026/06/10 11:52:05.302, 0 %, 0 MiB, 81920 MiB
2026/06/10 11:52:10.303, 0 %, 497 MiB, 81920 MiB
2026/06/10 11:52:10.303, 0 %, 0 MiB, 81920 MiB
2026/06/10 11:52:15.304, 0 %, 497 MiB, 81920 MiB
2026/06/10 11:52:15.304, 0 %, 0 MiB, 81920 MiB
2026/06/10 11:52:20.305, 0 %, 497 MiB, 81920 MiB
2026/06/10 11:52:20.305, 0 %, 0 MiB, 81920 MiB
2026/06/10 11:52:25.306, 0 %, 497 MiB, 81920 MiB
2026/06/10 11:52:25.306, 0 %, 0 MiB, 81920 MiB
2026/06/10 11:52:30.307, 0 %, 497 MiB, 81920 MiB
2026/06/10 11:52:30.307, 0 %, 0 MiB, 81920 MiB
2026/06/10 11:52:35.308, 0 %, 497 MiB, 81920 MiB
2026/06/10 11:52:35.308, 0 %, 0 MiB, 81920 MiB
2026/06/10 11:52:40.309, 0 %, 497 MiB, 81920 MiB
2026/06/10 11:52:40.310, 0 %, 0 MiB, 81920 MiB
2026/06/10 11:52:45.311, 0 %, 497 MiB, 81920 MiB
2026/06/10 11:52:45.311, 0 %, 0 MiB, 81920 MiB
2026/06/10 11:52:50.312, 0 %, 497 MiB, 81920 MiB
2026/06/10 11:52:50.312, 0 %, 0 MiB, 81920 MiB
2026/06/10 11:52:55.313, 0 %, 497 MiB, 81920 MiB
2026/06/10 11:52:55.313, 0 %, 0 MiB, 81920 MiB
2026/06/10 11:53:00.314, 0 %, 497 MiB, 81920 MiB
2026/06/10 11:53:00.314, 0 %, 0 MiB, 81920 MiB
2026/06/10 11:53:05.315, 0 %, 497 MiB, 81920 MiB
2026/06/10 11:53:05.316, 0 %, 0 MiB, 81920 MiB
2026/06/10 11:53:10.317, 16 %, 531 MiB, 81920 MiB
2026/06/10 11:53:10.317, 0 %, 0 MiB, 81920 MiB
2026/06/10 11:53:15.318, 0 %, 531 MiB, 81920 MiB
2026/06/10 11:53:15.318, 0 %, 0 MiB, 81920 MiB
2026/06/10 11:53:20.319, 0 %, 531 MiB, 81920 MiB
2026/06/10 11:53:20.319, 0 %, 0 MiB, 81920 MiB
2026/06/10 11:53:25.320, 0 %, 531 MiB, 81920 MiB
2026/06/10 11:53:25.320, 0 %, 0 MiB, 81920 MiB
2026/06/10 11:53:30.321, 0 %, 531 MiB, 81920 MiB
2026/06/10 11:53:30.321, 0 %, 0 MiB, 81920 MiB
2026/06/10 11:53:35.322, 0 %, 531 MiB, 81920 MiB
2026/06/10 11:53:35.322, 0 %, 0 MiB, 81920 MiB
2026/06/10 11:53:40.323, 0 %, 531 MiB, 81920 MiB
2026/06/10 11:53:40.323, 0 %, 0 MiB, 81920 MiB
2026/06/10 11:53:45.324, 0 %, 531 MiB, 81920 MiB
2026/06/10 11:53:45.324, 0 %, 0 MiB, 81920 MiB
2026/06/10 11:53:50.325, 0 %, 531 MiB, 81920 MiB
2026/06/10 11:53:50.325, 0 %, 0 MiB, 81920 MiB
2026/06/10 11:53:55.326, 0 %, 531 MiB, 81920 MiB
2026/06/10 11:53:55.326, 0 %, 0 MiB, 81920 MiB
2026/06/10 11:54:00.327, 0 %, 531 MiB, 81920 MiB
2026/06/10 11:54:00.327, 0 %, 0 MiB, 81920 MiB
2026/06/10 11:54:05.328, 0 %, 531 MiB, 81920 MiB
2026/06/10 11:54:05.328, 0 %, 0 MiB, 81920 MiB
2026/06/10 11:54:10.329, 0 %, 531 MiB, 81920 MiB
2026/06/10 11:54:10.330, 0 %, 0 MiB, 81920 MiB
2026/06/10 11:54:15.330, 0 %, 531 MiB, 81920 MiB
2026/06/10 11:54:15.331, 0 %, 0 MiB, 81920 MiB
2026/06/10 11:54:20.332, 0 %, 531 MiB, 81920 MiB
2026/06/10 11:54:20.332, 0 %, 0 MiB, 81920 MiB
2026/06/10 11:54:25.333, 0 %, 531 MiB, 81920 MiB
2026/06/10 11:54:25.333, 0 %, 0 MiB, 81920 MiB
2026/06/10 11:54:30.334, 0 %, 531 MiB, 81920 MiB
2026/06/10 11:54:30.334, 0 %, 0 MiB, 81920 MiB
2026/06/10 11:54:35.335, 0 %, 531 MiB, 81920 MiB
2026/06/10 11:54:35.335, 0 %, 0 MiB, 81920 MiB
2026/06/10 11:54:40.336, 0 %, 531 MiB, 81920 MiB
2026/06/10 11:54:40.336, 0 %, 0 MiB, 81920 MiB
2026/06/10 11:54:45.337, 0 %, 531 MiB, 81920 MiB
2026/06/10 11:54:45.337, 0 %, 0 MiB, 81920 MiB
2026/06/10 11:54:50.338, 0 %, 531 MiB, 81920 MiB
2026/06/10 11:54:50.338, 0 %, 0 MiB, 81920 MiB
2026/06/10 11:54:55.339, 0 %, 531 MiB, 81920 MiB
2026/06/10 11:54:55.339, 0 %, 0 MiB, 81920 MiB
2026/06/10 11:55:00.340, 0 %, 531 MiB, 81920 MiB
2026/06/10 11:55:00.340, 0 %, 0 MiB, 81920 MiB
2026/06/10 11:55:05.341, 0 %, 531 MiB, 81920 MiB
2026/06/10 11:55:05.341, 0 %, 0 MiB, 81920 MiB
2026/06/10 11:55:10.342, 0 %, 531 MiB, 81920 MiB
2026/06/10 11:55:10.342, 0 %, 0 MiB, 81920 MiB
2026/06/10 11:55:15.343, 0 %, 531 MiB, 81920 MiB
2026/06/10 11:55:15.343, 0 %, 0 MiB, 81920 MiB
2026/06/10 11:55:20.344, 0 %, 531 MiB, 81920 MiB
2026/06/10 11:55:20.344, 0 %, 0 MiB, 81920 MiB
2026/06/10 11:55:25.345, 0 %, 531 MiB, 81920 MiB
2026/06/10 11:55:25.345, 0 %, 0 MiB, 81920 MiB
2026/06/10 11:55:30.346, 0 %, 531 MiB, 81920 MiB
2026/06/10 11:55:30.346, 0 %, 0 MiB, 81920 MiB
2026/06/10 11:55:35.347, 0 %, 531 MiB, 81920 MiB
2026/06/10 11:55:35.347, 0 %, 0 MiB, 81920 MiB
2026/06/10 11:55:40.348, 0 %, 531 MiB, 81920 MiB
2026/06/10 11:55:40.348, 0 %, 0 MiB, 81920 MiB
2026/06/10 11:55:45.349, 0 %, 531 MiB, 81920 MiB
2026/06/10 11:55:45.349, 0 %, 0 MiB, 81920 MiB
2026/06/10 11:55:50.350, 0 %, 531 MiB, 81920 MiB
2026/06/10 11:55:50.350, 0 %, 0 MiB, 81920 MiB
2026/06/10 11:55:55.351, 0 %, 531 MiB, 81920 MiB
2026/06/10 11:55:55.351, 0 %, 0 MiB, 81920 MiB
2026/06/10 11:56:00.352, 0 %, 531 MiB, 81920 MiB
2026/06/10 11:56:00.352, 0 %, 0 MiB, 81920 MiB
2026/06/10 11:56:05.353, 0 %, 531 MiB, 81920 MiB
2026/06/10 11:56:05.353, 0 %, 0 MiB, 81920 MiB
2026/06/10 11:56:10.354, 0 %, 531 MiB, 81920 MiB
2026/06/10 11:56:10.355, 0 %, 0 MiB, 81920 MiB
2026/06/10 11:56:15.355, 0 %, 531 MiB, 81920 MiB
2026/06/10 11:56:15.356, 0 %, 0 MiB, 81920 MiB
2026/06/10 11:56:20.356, 0 %, 531 MiB, 81920 MiB
2026/06/10 11:56:20.357, 0 %, 0 MiB, 81920 MiB
2026/06/10 11:56:25.357, 0 %, 531 MiB, 81920 MiB
2026/06/10 11:56:25.358, 0 %, 0 MiB, 81920 MiB
2026/06/10 11:56:30.359, 0 %, 531 MiB, 81920 MiB
2026/06/10 11:56:30.359, 0 %, 0 MiB, 81920 MiB
2026/06/10 11:56:35.360, 0 %, 531 MiB, 81920 MiB
2026/06/10 11:56:35.360, 0 %, 0 MiB, 81920 MiB
2026/06/10 11:56:40.361, 0 %, 531 MiB, 81920 MiB
2026/06/10 11:56:40.361, 0 %, 0 MiB, 81920 MiB
2026/06/10 11:56:45.362, 0 %, 531 MiB, 81920 MiB
2026/06/10 11:56:45.362, 0 %, 0 MiB, 81920 MiB
2026/06/10 11:56:50.363, 0 %, 531 MiB, 81920 MiB
2026/06/10 11:56:50.363, 0 %, 0 MiB, 81920 MiB
2026/06/10 11:56:55.364, 0 %, 531 MiB, 81920 MiB
2026/06/10 11:56:55.364, 0 %, 0 MiB, 81920 MiB
2026/06/10 11:57:00.365, 0 %, 531 MiB, 81920 MiB
2026/06/10 11:57:00.365, 0 %, 0 MiB, 81920 MiB
2026/06/10 11:57:05.366, 0 %, 531 MiB, 81920 MiB
2026/06/10 11:57:05.366, 0 %, 0 MiB, 81920 MiB
2026/06/10 11:57:10.367, 0 %, 531 MiB, 81920 MiB
2026/06/10 11:57:10.367, 0 %, 0 MiB, 81920 MiB
2026/06/10 11:57:15.368, 0 %, 531 MiB, 81920 MiB
2026/06/10 11:57:15.368, 0 %, 0 MiB, 81920 MiB
2026/06/10 11:57:20.369, 0 %, 531 MiB, 81920 MiB
2026/06/10 11:57:20.369, 0 %, 0 MiB, 81920 MiB
2026/06/10 11:57:25.370, 0 %, 531 MiB, 81920 MiB
2026/06/10 11:57:25.370, 0 %, 0 MiB, 81920 MiB
2026/06/10 11:57:30.371, 0 %, 531 MiB, 81920 MiB
2026/06/10 11:57:30.372, 0 %, 0 MiB, 81920 MiB
2026/06/10 11:57:35.372, 0 %, 531 MiB, 81920 MiB
2026/06/10 11:57:35.373, 0 %, 0 MiB, 81920 MiB
2026/06/10 11:57:40.374, 0 %, 531 MiB, 81920 MiB
2026/06/10 11:57:40.374, 0 %, 0 MiB, 81920 MiB
2026/06/10 11:57:45.375, 0 %, 531 MiB, 81920 MiB
2026/06/10 11:57:45.375, 0 %, 0 MiB, 81920 MiB
2026/06/10 11:57:50.376, 0 %, 531 MiB, 81920 MiB
2026/06/10 11:57:50.376, 0 %, 0 MiB, 81920 MiB
2026/06/10 11:57:55.377, 0 %, 531 MiB, 81920 MiB
2026/06/10 11:57:55.377, 0 %, 0 MiB, 81920 MiB
2026/06/10 11:58:00.378, 0 %, 531 MiB, 81920 MiB
2026/06/10 11:58:00.378, 0 %, 0 MiB, 81920 MiB
2026/06/10 11:58:05.379, 0 %, 531 MiB, 81920 MiB
2026/06/10 11:58:05.379, 0 %, 0 MiB, 81920 MiB
2026/06/10 11:58:10.380, 0 %, 531 MiB, 81920 MiB
2026/06/10 11:58:10.380, 0 %, 0 MiB, 81920 MiB
2026/06/10 11:58:15.381, 0 %, 531 MiB, 81920 MiB
2026/06/10 11:58:15.381, 0 %, 0 MiB, 81920 MiB
2026/06/10 11:58:20.382, 0 %, 531 MiB, 81920 MiB
2026/06/10 11:58:20.382, 0 %, 0 MiB, 81920 MiB
2026/06/10 11:58:25.383, 0 %, 531 MiB, 81920 MiB
2026/06/10 11:58:25.383, 0 %, 0 MiB, 81920 MiB
2026/06/10 11:58:30.384, 0 %, 531 MiB, 81920 MiB
2026/06/10 11:58:30.384, 0 %, 0 MiB, 81920 MiB
2026/06/10 11:58:35.385, 0 %, 531 MiB, 81920 MiB
2026/06/10 11:58:35.385, 0 %, 0 MiB, 81920 MiB
2026/06/10 11:58:40.386, 0 %, 531 MiB, 81920 MiB
2026/06/10 11:58:40.386, 0 %, 0 MiB, 81920 MiB
2026/06/10 11:58:45.387, 0 %, 531 MiB, 81920 MiB
2026/06/10 11:58:45.387, 0 %, 0 MiB, 81920 MiB
2026/06/10 11:58:50.388, 0 %, 531 MiB, 81920 MiB
2026/06/10 11:58:50.388, 0 %, 0 MiB, 81920 MiB
2026/06/10 11:58:55.389, 0 %, 531 MiB, 81920 MiB
2026/06/10 11:58:55.389, 0 %, 0 MiB, 81920 MiB
2026/06/10 11:59:00.390, 0 %, 531 MiB, 81920 MiB
2026/06/10 11:59:00.390, 0 %, 0 MiB, 81920 MiB
2026/06/10 11:59:05.391, 0 %, 531 MiB, 81920 MiB
2026/06/10 11:59:05.391, 0 %, 0 MiB, 81920 MiB
2026/06/10 11:59:10.392, 0 %, 531 MiB, 81920 MiB
2026/06/10 11:59:10.392, 0 %, 0 MiB, 81920 MiB
2026/06/10 11:59:15.393, 0 %, 531 MiB, 81920 MiB
2026/06/10 11:59:15.393, 0 %, 0 MiB, 81920 MiB
2026/06/10 11:59:20.394, 0 %, 531 MiB, 81920 MiB
2026/06/10 11:59:20.395, 0 %, 0 MiB, 81920 MiB
2026/06/10 11:59:25.395, 0 %, 531 MiB, 81920 MiB
2026/06/10 11:59:25.396, 0 %, 0 MiB, 81920 MiB
2026/06/10 11:59:30.396, 0 %, 531 MiB, 81920 MiB
2026/06/10 11:59:30.397, 0 %, 0 MiB, 81920 MiB
2026/06/10 11:59:35.398, 0 %, 531 MiB, 81920 MiB
2026/06/10 11:59:35.398, 0 %, 0 MiB, 81920 MiB
2026/06/10 11:59:40.399, 0 %, 531 MiB, 81920 MiB
2026/06/10 11:59:40.399, 0 %, 0 MiB, 81920 MiB
2026/06/10 11:59:45.400, 0 %, 531 MiB, 81920 MiB
2026/06/10 11:59:45.400, 0 %, 0 MiB, 81920 MiB
2026/06/10 11:59:50.401, 0 %, 531 MiB, 81920 MiB
2026/06/10 11:59:50.401, 0 %, 0 MiB, 81920 MiB
2026/06/10 11:59:55.402, 0 %, 531 MiB, 81920 MiB
2026/06/10 11:59:55.402, 0 %, 0 MiB, 81920 MiB
2026/06/10 12:00:00.403, 0 %, 531 MiB, 81920 MiB
2026/06/10 12:00:00.403, 0 %, 0 MiB, 81920 MiB
2026/06/10 12:00:05.404, 0 %, 531 MiB, 81920 MiB
2026/06/10 12:00:05.404, 0 %, 0 MiB, 81920 MiB
2026/06/10 12:00:10.405, 0 %, 531 MiB, 81920 MiB
2026/06/10 12:00:10.405, 0 %, 0 MiB, 81920 MiB
2026/06/10 12:00:15.406, 0 %, 531 MiB, 81920 MiB
2026/06/10 12:00:15.406, 0 %, 0 MiB, 81920 MiB
2026/06/10 12:00:20.407, 0 %, 531 MiB, 81920 MiB
2026/06/10 12:00:20.407, 0 %, 0 MiB, 81920 MiB
2026/06/10 12:00:25.408, 0 %, 531 MiB, 81920 MiB
2026/06/10 12:00:25.408, 0 %, 0 MiB, 81920 MiB
2026/06/10 12:00:30.409, 0 %, 531 MiB, 81920 MiB
2026/06/10 12:00:30.410, 0 %, 0 MiB, 81920 MiB
2026/06/10 12:00:35.410, 0 %, 531 MiB, 81920 MiB
2026/06/10 12:00:35.411, 0 %, 0 MiB, 81920 MiB
2026/06/10 12:00:40.411, 0 %, 531 MiB, 81920 MiB
2026/06/10 12:00:40.412, 0 %, 0 MiB, 81920 MiB
2026/06/10 12:00:45.412, 0 %, 531 MiB, 81920 MiB
2026/06/10 12:00:45.413, 0 %, 0 MiB, 81920 MiB
2026/06/10 12:00:50.413, 0 %, 531 MiB, 81920 MiB
2026/06/10 12:00:50.413, 0 %, 0 MiB, 81920 MiB
2026/06/10 12:00:55.414, 0 %, 531 MiB, 81920 MiB
2026/06/10 12:00:55.415, 0 %, 0 MiB, 81920 MiB
2026/06/10 12:01:00.415, 0 %, 531 MiB, 81920 MiB
2026/06/10 12:01:00.416, 0 %, 0 MiB, 81920 MiB
2026/06/10 12:01:05.417, 0 %, 531 MiB, 81920 MiB
2026/06/10 12:01:05.417, 0 %, 0 MiB, 81920 MiB
2026/06/10 12:01:10.418, 0 %, 531 MiB, 81920 MiB
2026/06/10 12:01:10.418, 0 %, 0 MiB, 81920 MiB
2026/06/10 12:01:15.419, 0 %, 531 MiB, 81920 MiB
2026/06/10 12:01:15.419, 0 %, 0 MiB, 81920 MiB
2026/06/10 12:01:20.420, 0 %, 531 MiB, 81920 MiB
2026/06/10 12:01:20.420, 0 %, 0 MiB, 81920 MiB
2026/06/10 12:01:25.421, 0 %, 531 MiB, 81920 MiB
2026/06/10 12:01:25.421, 0 %, 0 MiB, 81920 MiB
2026/06/10 12:01:30.422, 0 %, 531 MiB, 81920 MiB
2026/06/10 12:01:30.422, 0 %, 0 MiB, 81920 MiB
2026/06/10 12:01:35.423, 0 %, 531 MiB, 81920 MiB
2026/06/10 12:01:35.423, 0 %, 0 MiB, 81920 MiB
2026/06/10 12:01:40.424, 0 %, 531 MiB, 81920 MiB
2026/06/10 12:01:40.424, 0 %, 0 MiB, 81920 MiB
2026/06/10 12:01:45.425, 0 %, 531 MiB, 81920 MiB
2026/06/10 12:01:45.425, 0 %, 0 MiB, 81920 MiB
2026/06/10 12:01:50.426, 0 %, 531 MiB, 81920 MiB
2026/06/10 12:01:50.426, 0 %, 0 MiB, 81920 MiB
2026/06/10 12:01:55.427, 0 %, 531 MiB, 81920 MiB
2026/06/10 12:01:55.427, 0 %, 0 MiB, 81920 MiB
2026/06/10 12:02:00.428, 0 %, 531 MiB, 81920 MiB
2026/06/10 12:02:00.428, 0 %, 0 MiB, 81920 MiB
2026/06/10 12:02:05.429, 0 %, 531 MiB, 81920 MiB
2026/06/10 12:02:05.429, 0 %, 0 MiB, 81920 MiB
2026/06/10 12:02:10.430, 0 %, 531 MiB, 81920 MiB
2026/06/10 12:02:10.430, 0 %, 0 MiB, 81920 MiB
2026/06/10 12:02:15.431, 0 %, 531 MiB, 81920 MiB
2026/06/10 12:02:15.431, 0 %, 0 MiB, 81920 MiB
2026/06/10 12:02:20.432, 0 %, 531 MiB, 81920 MiB
2026/06/10 12:02:20.432, 0 %, 0 MiB, 81920 MiB
2026/06/10 12:02:25.433, 0 %, 531 MiB, 81920 MiB
2026/06/10 12:02:25.433, 0 %, 0 MiB, 81920 MiB
2026/06/10 12:02:30.434, 0 %, 531 MiB, 81920 MiB
2026/06/10 12:02:30.435, 0 %, 0 MiB, 81920 MiB
2026/06/10 12:02:35.436, 0 %, 531 MiB, 81920 MiB
2026/06/10 12:02:35.436, 0 %, 0 MiB, 81920 MiB
2026/06/10 12:02:40.437, 0 %, 531 MiB, 81920 MiB
2026/06/10 12:02:40.437, 0 %, 0 MiB, 81920 MiB
2026/06/10 12:02:45.438, 0 %, 531 MiB, 81920 MiB
2026/06/10 12:02:45.438, 0 %, 0 MiB, 81920 MiB
2026/06/10 12:02:50.439, 0 %, 531 MiB, 81920 MiB
2026/06/10 12:02:50.439, 0 %, 0 MiB, 81920 MiB
2026/06/10 12:02:55.440, 0 %, 531 MiB, 81920 MiB
2026/06/10 12:02:55.440, 0 %, 0 MiB, 81920 MiB
2026/06/10 12:03:00.441, 0 %, 531 MiB, 81920 MiB
2026/06/10 12:03:00.441, 0 %, 0 MiB, 81920 MiB
2026/06/10 12:03:05.442, 0 %, 531 MiB, 81920 MiB
2026/06/10 12:03:05.442, 0 %, 0 MiB, 81920 MiB
2026/06/10 12:03:10.443, 0 %, 531 MiB, 81920 MiB
2026/06/10 12:03:10.443, 0 %, 0 MiB, 81920 MiB
2026/06/10 12:03:15.444, 0 %, 531 MiB, 81920 MiB
2026/06/10 12:03:15.444, 0 %, 0 MiB, 81920 MiB
2026/06/10 12:03:20.445, 0 %, 531 MiB, 81920 MiB
2026/06/10 12:03:20.445, 0 %, 0 MiB, 81920 MiB
2026/06/10 12:03:25.446, 0 %, 531 MiB, 81920 MiB
2026/06/10 12:03:25.446, 0 %, 0 MiB, 81920 MiB
2026/06/10 12:03:30.447, 0 %, 497 MiB, 81920 MiB
2026/06/10 12:03:30.447, 0 %, 0 MiB, 81920 MiB
2026/06/10 12:03:35.449, 0 %, 497 MiB, 81920 MiB
2026/06/10 12:03:35.449, 0 %, 0 MiB, 81920 MiB
2026/06/10 12:03:40.450, 0 %, 497 MiB, 81920 MiB
2026/06/10 12:03:40.450, 0 %, 0 MiB, 81920 MiB
2026/06/10 12:03:45.451, 0 %, 497 MiB, 81920 MiB
2026/06/10 12:03:45.451, 0 %, 0 MiB, 81920 MiB
2026/06/10 12:03:50.452, 0 %, 497 MiB, 81920 MiB
2026/06/10 12:03:50.452, 0 %, 0 MiB, 81920 MiB
2026/06/10 12:03:55.453, 0 %, 497 MiB, 81920 MiB
2026/06/10 12:03:55.453, 0 %, 0 MiB, 81920 MiB
2026/06/10 12:04:00.455, 0 %, 497 MiB, 81920 MiB
2026/06/10 12:04:00.455, 0 %, 0 MiB, 81920 MiB
2026/06/10 12:04:05.456, 0 %, 497 MiB, 81920 MiB
2026/06/10 12:04:05.456, 0 %, 0 MiB, 81920 MiB
2026/06/10 12:04:10.457, 0 %, 497 MiB, 81920 MiB
2026/06/10 12:04:10.457, 0 %, 0 MiB, 81920 MiB
2026/06/10 12:04:15.457, 0 %, 497 MiB, 81920 MiB
2026/06/10 12:04:15.457, 0 %, 0 MiB, 81920 MiB
2026/06/10 12:04:20.458, 0 %, 497 MiB, 81920 MiB
2026/06/10 12:04:20.459, 0 %, 0 MiB, 81920 MiB
2026/06/10 12:04:25.459, 0 %, 497 MiB, 81920 MiB
2026/06/10 12:04:25.460, 0 %, 0 MiB, 81920 MiB
2026/06/10 12:04:30.461, 0 %, 497 MiB, 81920 MiB
2026/06/10 12:04:30.461, 0 %, 0 MiB, 81920 MiB
2026/06/10 12:04:35.462, 0 %, 497 MiB, 81920 MiB
2026/06/10 12:04:35.462, 0 %, 0 MiB, 81920 MiB
2026/06/10 12:04:40.463, 0 %, 497 MiB, 81920 MiB
2026/06/10 12:04:40.463, 0 %, 0 MiB, 81920 MiB
2026/06/10 12:04:45.464, 0 %, 497 MiB, 81920 MiB
2026/06/10 12:04:45.464, 0 %, 0 MiB, 81920 MiB
2026/06/10 12:04:50.465, 0 %, 497 MiB, 81920 MiB
2026/06/10 12:04:50.466, 0 %, 0 MiB, 81920 MiB
2026/06/10 12:04:55.467, 0 %, 497 MiB, 81920 MiB
2026/06/10 12:04:55.467, 0 %, 0 MiB, 81920 MiB
2026/06/10 12:05:00.468, 0 %, 497 MiB, 81920 MiB
2026/06/10 12:05:00.468, 0 %, 0 MiB, 81920 MiB
2026/06/10 12:05:05.469, 0 %, 497 MiB, 81920 MiB
2026/06/10 12:05:05.469, 0 %, 0 MiB, 81920 MiB
2026/06/10 12:05:10.470, 0 %, 497 MiB, 81920 MiB
2026/06/10 12:05:10.470, 0 %, 0 MiB, 81920 MiB
2026/06/10 12:05:15.471, 0 %, 497 MiB, 81920 MiB
2026/06/10 12:05:15.471, 0 %, 0 MiB, 81920 MiB
2026/06/10 12:05:20.472, 0 %, 497 MiB, 81920 MiB
2026/06/10 12:05:20.472, 0 %, 0 MiB, 81920 MiB
2026/06/10 12:05:25.473, 0 %, 497 MiB, 81920 MiB
2026/06/10 12:05:25.473, 0 %, 0 MiB, 81920 MiB
2026/06/10 12:05:30.474, 0 %, 497 MiB, 81920 MiB
2026/06/10 12:05:30.474, 0 %, 0 MiB, 81920 MiB
2026/06/10 12:05:35.475, 0 %, 497 MiB, 81920 MiB
2026/06/10 12:05:35.475, 0 %, 0 MiB, 81920 MiB
2026/06/10 12:05:40.476, 0 %, 497 MiB, 81920 MiB
2026/06/10 12:05:40.476, 0 %, 0 MiB, 81920 MiB
2026/06/10 12:05:45.477, 0 %, 497 MiB, 81920 MiB
2026/06/10 12:05:45.477, 0 %, 0 MiB, 81920 MiB
2026/06/10 12:05:50.478, 0 %, 497 MiB, 81920 MiB
2026/06/10 12:05:50.478, 0 %, 0 MiB, 81920 MiB
2026/06/10 12:05:55.479, 0 %, 497 MiB, 81920 MiB
2026/06/10 12:05:55.479, 0 %, 0 MiB, 81920 MiB
2026/06/10 12:06:00.480, 0 %, 497 MiB, 81920 MiB
2026/06/10 12:06:00.480, 0 %, 0 MiB, 81920 MiB
2026/06/10 12:06:05.481, 0 %, 497 MiB, 81920 MiB
2026/06/10 12:06:05.481, 0 %, 0 MiB, 81920 MiB
2026/06/10 12:06:10.482, 0 %, 497 MiB, 81920 MiB
2026/06/10 12:06:10.482, 0 %, 0 MiB, 81920 MiB
2026/06/10 12:06:15.483, 0 %, 497 MiB, 81920 MiB
2026/06/10 12:06:15.484, 0 %, 0 MiB, 81920 MiB
2026/06/10 12:06:20.484, 0 %, 497 MiB, 81920 MiB
2026/06/10 12:06:20.485, 0 %, 0 MiB, 81920 MiB
2026/06/10 12:06:25.485, 0 %, 497 MiB, 81920 MiB
2026/06/10 12:06:25.486, 0 %, 0 MiB, 81920 MiB
2026/06/10 12:06:30.487, 0 %, 497 MiB, 81920 MiB
2026/06/10 12:06:30.487, 0 %, 0 MiB, 81920 MiB
2026/06/10 12:06:35.488, 0 %, 497 MiB, 81920 MiB
2026/06/10 12:06:35.488, 0 %, 0 MiB, 81920 MiB
2026/06/10 12:06:40.489, 15 %, 531 MiB, 81920 MiB
2026/06/10 12:06:40.489, 0 %, 0 MiB, 81920 MiB
2026/06/10 12:06:45.489, 0 %, 531 MiB, 81920 MiB
2026/06/10 12:06:45.490, 0 %, 0 MiB, 81920 MiB
2026/06/10 12:06:50.490, 0 %, 531 MiB, 81920 MiB
2026/06/10 12:06:50.490, 0 %, 0 MiB, 81920 MiB
2026/06/10 12:06:55.491, 0 %, 531 MiB, 81920 MiB
2026/06/10 12:06:55.491, 0 %, 0 MiB, 81920 MiB
2026/06/10 12:07:00.492, 0 %, 531 MiB, 81920 MiB
2026/06/10 12:07:00.492, 0 %, 0 MiB, 81920 MiB
2026/06/10 12:07:05.492, 0 %, 531 MiB, 81920 MiB
2026/06/10 12:07:05.492, 0 %, 0 MiB, 81920 MiB
2026/06/10 12:07:10.493, 0 %, 531 MiB, 81920 MiB
2026/06/10 12:07:10.493, 0 %, 0 MiB, 81920 MiB
2026/06/10 12:07:15.494, 0 %, 531 MiB, 81920 MiB
2026/06/10 12:07:15.494, 0 %, 0 MiB, 81920 MiB
2026/06/10 12:07:20.494, 0 %, 531 MiB, 81920 MiB
2026/06/10 12:07:20.494, 0 %, 0 MiB, 81920 MiB
2026/06/10 12:07:25.495, 0 %, 531 MiB, 81920 MiB
2026/06/10 12:07:25.495, 0 %, 0 MiB, 81920 MiB
2026/06/10 12:07:30.496, 0 %, 531 MiB, 81920 MiB
2026/06/10 12:07:30.496, 0 %, 0 MiB, 81920 MiB
2026/06/10 12:07:35.496, 0 %, 531 MiB, 81920 MiB
2026/06/10 12:07:35.496, 0 %, 0 MiB, 81920 MiB
2026/06/10 12:07:40.497, 0 %, 531 MiB, 81920 MiB
2026/06/10 12:07:40.497, 0 %, 0 MiB, 81920 MiB
2026/06/10 12:07:45.498, 0 %, 531 MiB, 81920 MiB
2026/06/10 12:07:45.498, 0 %, 0 MiB, 81920 MiB
2026/06/10 12:07:50.499, 0 %, 531 MiB, 81920 MiB
2026/06/10 12:07:50.499, 0 %, 0 MiB, 81920 MiB
2026/06/10 12:07:55.500, 0 %, 531 MiB, 81920 MiB
2026/06/10 12:07:55.500, 0 %, 0 MiB, 81920 MiB
2026/06/10 12:08:00.501, 0 %, 531 MiB, 81920 MiB
2026/06/10 12:08:00.501, 0 %, 0 MiB, 81920 MiB
2026/06/10 12:08:05.501, 0 %, 531 MiB, 81920 MiB
2026/06/10 12:08:05.501, 0 %, 0 MiB, 81920 MiB
2026/06/10 12:08:10.502, 0 %, 531 MiB, 81920 MiB
2026/06/10 12:08:10.502, 0 %, 0 MiB, 81920 MiB
2026/06/10 12:08:15.503, 0 %, 531 MiB, 81920 MiB
2026/06/10 12:08:15.503, 0 %, 0 MiB, 81920 MiB
2026/06/10 12:08:20.504, 0 %, 531 MiB, 81920 MiB
2026/06/10 12:08:20.504, 0 %, 0 MiB, 81920 MiB
2026/06/10 12:08:25.505, 0 %, 531 MiB, 81920 MiB
2026/06/10 12:08:25.505, 0 %, 0 MiB, 81920 MiB
2026/06/10 12:08:30.505, 0 %, 531 MiB, 81920 MiB
2026/06/10 12:08:30.505, 0 %, 0 MiB, 81920 MiB
2026/06/10 12:08:35.506, 0 %, 531 MiB, 81920 MiB
2026/06/10 12:08:35.506, 0 %, 0 MiB, 81920 MiB
2026/06/10 12:08:40.507, 0 %, 531 MiB, 81920 MiB
2026/06/10 12:08:40.507, 0 %, 0 MiB, 81920 MiB
2026/06/10 12:08:45.508, 0 %, 531 MiB, 81920 MiB
2026/06/10 12:08:45.508, 0 %, 0 MiB, 81920 MiB
2026/06/10 12:08:50.508, 0 %, 531 MiB, 81920 MiB
2026/06/10 12:08:50.508, 0 %, 0 MiB, 81920 MiB
2026/06/10 12:08:55.509, 0 %, 531 MiB, 81920 MiB
2026/06/10 12:08:55.509, 0 %, 0 MiB, 81920 MiB
2026/06/10 12:09:00.510, 0 %, 531 MiB, 81920 MiB
2026/06/10 12:09:00.510, 0 %, 0 MiB, 81920 MiB
2026/06/10 12:09:05.510, 0 %, 531 MiB, 81920 MiB
2026/06/10 12:09:05.510, 0 %, 0 MiB, 81920 MiB
2026/06/10 12:09:10.511, 0 %, 531 MiB, 81920 MiB
2026/06/10 12:09:10.511, 0 %, 0 MiB, 81920 MiB
2026/06/10 12:09:15.512, 0 %, 531 MiB, 81920 MiB
2026/06/10 12:09:15.512, 0 %, 0 MiB, 81920 MiB
2026/06/10 12:09:20.512, 0 %, 531 MiB, 81920 MiB
2026/06/10 12:09:20.513, 0 %, 0 MiB, 81920 MiB
2026/06/10 12:09:25.513, 0 %, 531 MiB, 81920 MiB
2026/06/10 12:09:25.513, 0 %, 0 MiB, 81920 MiB
2026/06/10 12:09:30.514, 0 %, 531 MiB, 81920 MiB
2026/06/10 12:09:30.514, 0 %, 0 MiB, 81920 MiB
2026/06/10 12:09:35.515, 0 %, 531 MiB, 81920 MiB
2026/06/10 12:09:35.515, 0 %, 0 MiB, 81920 MiB
2026/06/10 12:09:40.515, 0 %, 531 MiB, 81920 MiB
2026/06/10 12:09:40.515, 0 %, 0 MiB, 81920 MiB
2026/06/10 12:09:45.516, 0 %, 531 MiB, 81920 MiB
2026/06/10 12:09:45.516, 0 %, 0 MiB, 81920 MiB
2026/06/10 12:09:50.517, 0 %, 531 MiB, 81920 MiB
2026/06/10 12:09:50.517, 0 %, 0 MiB, 81920 MiB
2026/06/10 12:09:55.517, 0 %, 531 MiB, 81920 MiB
2026/06/10 12:09:55.518, 0 %, 0 MiB, 81920 MiB
2026/06/10 12:10:00.518, 0 %, 531 MiB, 81920 MiB
2026/06/10 12:10:00.518, 0 %, 0 MiB, 81920 MiB
2026/06/10 12:10:05.519, 0 %, 531 MiB, 81920 MiB
2026/06/10 12:10:05.519, 0 %, 0 MiB, 81920 MiB
2026/06/10 12:10:10.520, 0 %, 531 MiB, 81920 MiB
2026/06/10 12:10:10.520, 0 %, 0 MiB, 81920 MiB
2026/06/10 12:10:15.520, 0 %, 531 MiB, 81920 MiB
2026/06/10 12:10:15.520, 0 %, 0 MiB, 81920 MiB
2026/06/10 12:10:20.521, 0 %, 531 MiB, 81920 MiB
2026/06/10 12:10:20.521, 0 %, 0 MiB, 81920 MiB
2026/06/10 12:10:25.522, 0 %, 531 MiB, 81920 MiB
2026/06/10 12:10:25.522, 0 %, 0 MiB, 81920 MiB
2026/06/10 12:10:30.522, 0 %, 531 MiB, 81920 MiB
2026/06/10 12:10:30.523, 0 %, 0 MiB, 81920 MiB
2026/06/10 12:10:35.523, 0 %, 531 MiB, 81920 MiB
2026/06/10 12:10:35.523, 0 %, 0 MiB, 81920 MiB
2026/06/10 12:10:40.524, 0 %, 531 MiB, 81920 MiB
2026/06/10 12:10:40.524, 0 %, 0 MiB, 81920 MiB
2026/06/10 12:10:45.525, 0 %, 531 MiB, 81920 MiB
2026/06/10 12:10:45.525, 0 %, 0 MiB, 81920 MiB
2026/06/10 12:10:50.525, 0 %, 531 MiB, 81920 MiB
2026/06/10 12:10:50.525, 0 %, 0 MiB, 81920 MiB
2026/06/10 12:10:55.526, 0 %, 531 MiB, 81920 MiB
2026/06/10 12:10:55.526, 0 %, 0 MiB, 81920 MiB
2026/06/10 12:11:00.527, 0 %, 531 MiB, 81920 MiB
2026/06/10 12:11:00.527, 0 %, 0 MiB, 81920 MiB
2026/06/10 12:11:05.527, 0 %, 531 MiB, 81920 MiB
2026/06/10 12:11:05.528, 0 %, 0 MiB, 81920 MiB
2026/06/10 12:11:10.528, 0 %, 531 MiB, 81920 MiB
2026/06/10 12:11:10.528, 0 %, 0 MiB, 81920 MiB
2026/06/10 12:11:15.529, 0 %, 531 MiB, 81920 MiB
2026/06/10 12:11:15.529, 0 %, 0 MiB, 81920 MiB
2026/06/10 12:11:20.530, 0 %, 531 MiB, 81920 MiB
2026/06/10 12:11:20.530, 0 %, 0 MiB, 81920 MiB
2026/06/10 12:11:25.531, 0 %, 531 MiB, 81920 MiB
2026/06/10 12:11:25.531, 0 %, 0 MiB, 81920 MiB
2026/06/10 12:11:30.531, 0 %, 531 MiB, 81920 MiB
2026/06/10 12:11:30.532, 0 %, 0 MiB, 81920 MiB
2026/06/10 12:11:35.532, 0 %, 531 MiB, 81920 MiB
2026/06/10 12:11:35.532, 0 %, 0 MiB, 81920 MiB
2026/06/10 12:11:40.533, 0 %, 531 MiB, 81920 MiB
2026/06/10 12:11:40.533, 0 %, 0 MiB, 81920 MiB
2026/06/10 12:11:45.534, 0 %, 531 MiB, 81920 MiB
2026/06/10 12:11:45.534, 0 %, 0 MiB, 81920 MiB
2026/06/10 12:11:50.535, 0 %, 531 MiB, 81920 MiB
2026/06/10 12:11:50.535, 0 %, 0 MiB, 81920 MiB
2026/06/10 12:11:55.535, 0 %, 531 MiB, 81920 MiB
2026/06/10 12:11:55.535, 0 %, 0 MiB, 81920 MiB
2026/06/10 12:12:00.536, 0 %, 531 MiB, 81920 MiB
2026/06/10 12:12:00.536, 0 %, 0 MiB, 81920 MiB
2026/06/10 12:12:05.537, 0 %, 531 MiB, 81920 MiB
2026/06/10 12:12:05.537, 0 %, 0 MiB, 81920 MiB
2026/06/10 12:12:10.537, 0 %, 531 MiB, 81920 MiB
2026/06/10 12:12:10.537, 0 %, 0 MiB, 81920 MiB
2026/06/10 12:12:15.538, 0 %, 531 MiB, 81920 MiB
2026/06/10 12:12:15.538, 0 %, 0 MiB, 81920 MiB
2026/06/10 12:12:20.539, 0 %, 531 MiB, 81920 MiB
2026/06/10 12:12:20.539, 0 %, 0 MiB, 81920 MiB
2026/06/10 12:12:25.540, 0 %, 531 MiB, 81920 MiB
2026/06/10 12:12:25.540, 0 %, 0 MiB, 81920 MiB
2026/06/10 12:12:30.541, 0 %, 531 MiB, 81920 MiB
2026/06/10 12:12:30.541, 0 %, 0 MiB, 81920 MiB
2026/06/10 12:12:35.542, 0 %, 531 MiB, 81920 MiB
2026/06/10 12:12:35.542, 0 %, 0 MiB, 81920 MiB
2026/06/10 12:12:40.542, 0 %, 531 MiB, 81920 MiB
2026/06/10 12:12:40.542, 0 %, 0 MiB, 81920 MiB
2026/06/10 12:12:45.543, 0 %, 531 MiB, 81920 MiB
2026/06/10 12:12:45.543, 0 %, 0 MiB, 81920 MiB
2026/06/10 12:12:50.544, 0 %, 531 MiB, 81920 MiB
2026/06/10 12:12:50.544, 0 %, 0 MiB, 81920 MiB
2026/06/10 12:12:55.544, 0 %, 531 MiB, 81920 MiB
2026/06/10 12:12:55.545, 0 %, 0 MiB, 81920 MiB
2026/06/10 12:13:00.545, 0 %, 531 MiB, 81920 MiB
2026/06/10 12:13:00.545, 0 %, 0 MiB, 81920 MiB
2026/06/10 12:13:05.546, 0 %, 531 MiB, 81920 MiB
2026/06/10 12:13:05.546, 0 %, 0 MiB, 81920 MiB
2026/06/10 12:13:10.547, 0 %, 531 MiB, 81920 MiB
2026/06/10 12:13:10.547, 0 %, 0 MiB, 81920 MiB
2026/06/10 12:13:15.547, 0 %, 531 MiB, 81920 MiB
2026/06/10 12:13:15.547, 0 %, 0 MiB, 81920 MiB
2026/06/10 12:13:20.548, 0 %, 531 MiB, 81920 MiB
2026/06/10 12:13:20.548, 0 %, 0 MiB, 81920 MiB
2026/06/10 12:13:25.549, 0 %, 531 MiB, 81920 MiB
2026/06/10 12:13:25.549, 0 %, 0 MiB, 81920 MiB
2026/06/10 12:13:30.550, 0 %, 531 MiB, 81920 MiB
2026/06/10 12:13:30.550, 0 %, 0 MiB, 81920 MiB
2026/06/10 12:13:35.551, 0 %, 531 MiB, 81920 MiB
2026/06/10 12:13:35.551, 0 %, 0 MiB, 81920 MiB
2026/06/10 12:13:40.552, 0 %, 531 MiB, 81920 MiB
2026/06/10 12:13:40.552, 0 %, 0 MiB, 81920 MiB
2026/06/10 12:13:45.553, 0 %, 531 MiB, 81920 MiB
2026/06/10 12:13:45.553, 0 %, 0 MiB, 81920 MiB
2026/06/10 12:13:50.554, 0 %, 531 MiB, 81920 MiB
2026/06/10 12:13:50.554, 0 %, 0 MiB, 81920 MiB
2026/06/10 12:13:55.557, 0 %, 531 MiB, 81920 MiB
2026/06/10 12:13:55.557, 0 %, 0 MiB, 81920 MiB
2026/06/10 12:14:00.558, 0 %, 531 MiB, 81920 MiB
2026/06/10 12:14:00.558, 0 %, 0 MiB, 81920 MiB
2026/06/10 12:14:05.559, 0 %, 531 MiB, 81920 MiB
2026/06/10 12:14:05.559, 0 %, 0 MiB, 81920 MiB
2026/06/10 12:14:10.559, 0 %, 531 MiB, 81920 MiB
2026/06/10 12:14:10.560, 0 %, 0 MiB, 81920 MiB
2026/06/10 12:14:15.560, 0 %, 531 MiB, 81920 MiB
2026/06/10 12:14:15.560, 0 %, 0 MiB, 81920 MiB
2026/06/10 12:14:20.561, 0 %, 531 MiB, 81920 MiB
2026/06/10 12:14:20.561, 0 %, 0 MiB, 81920 MiB
2026/06/10 12:14:25.562, 0 %, 531 MiB, 81920 MiB
2026/06/10 12:14:25.562, 0 %, 0 MiB, 81920 MiB
2026/06/10 12:14:30.562, 0 %, 531 MiB, 81920 MiB
2026/06/10 12:14:30.562, 0 %, 0 MiB, 81920 MiB
2026/06/10 12:14:35.563, 0 %, 531 MiB, 81920 MiB
2026/06/10 12:14:35.563, 0 %, 0 MiB, 81920 MiB
2026/06/10 12:14:40.564, 0 %, 531 MiB, 81920 MiB
2026/06/10 12:14:40.564, 0 %, 0 MiB, 81920 MiB
2026/06/10 12:14:45.564, 0 %, 531 MiB, 81920 MiB
2026/06/10 12:14:45.565, 0 %, 0 MiB, 81920 MiB
2026/06/10 12:14:50.565, 0 %, 531 MiB, 81920 MiB
2026/06/10 12:14:50.565, 0 %, 0 MiB, 81920 MiB
2026/06/10 12:14:55.566, 0 %, 531 MiB, 81920 MiB
2026/06/10 12:14:55.566, 0 %, 0 MiB, 81920 MiB
2026/06/10 12:15:00.567, 0 %, 531 MiB, 81920 MiB
2026/06/10 12:15:00.567, 0 %, 0 MiB, 81920 MiB
2026/06/10 12:15:05.567, 0 %, 531 MiB, 81920 MiB
2026/06/10 12:15:05.567, 0 %, 0 MiB, 81920 MiB
2026/06/10 12:15:10.568, 0 %, 531 MiB, 81920 MiB
2026/06/10 12:15:10.568, 0 %, 0 MiB, 81920 MiB
2026/06/10 12:15:15.569, 0 %, 531 MiB, 81920 MiB
2026/06/10 12:15:15.569, 0 %, 0 MiB, 81920 MiB
2026/06/10 12:15:20.569, 0 %, 531 MiB, 81920 MiB
2026/06/10 12:15:20.570, 0 %, 0 MiB, 81920 MiB
2026/06/10 12:15:25.570, 0 %, 531 MiB, 81920 MiB
2026/06/10 12:15:25.570, 0 %, 0 MiB, 81920 MiB
2026/06/10 12:15:30.571, 0 %, 531 MiB, 81920 MiB
2026/06/10 12:15:30.571, 0 %, 0 MiB, 81920 MiB
2026/06/10 12:15:35.571, 0 %, 531 MiB, 81920 MiB
2026/06/10 12:15:35.572, 0 %, 0 MiB, 81920 MiB
2026/06/10 12:15:40.572, 0 %, 531 MiB, 81920 MiB
2026/06/10 12:15:40.572, 0 %, 0 MiB, 81920 MiB
2026/06/10 12:15:45.573, 0 %, 531 MiB, 81920 MiB
2026/06/10 12:15:45.573, 0 %, 0 MiB, 81920 MiB
2026/06/10 12:15:50.574, 0 %, 531 MiB, 81920 MiB
2026/06/10 12:15:50.574, 0 %, 0 MiB, 81920 MiB
2026/06/10 12:15:55.574, 0 %, 531 MiB, 81920 MiB
2026/06/10 12:15:55.574, 0 %, 0 MiB, 81920 MiB
2026/06/10 12:16:00.575, 0 %, 531 MiB, 81920 MiB
2026/06/10 12:16:00.575, 0 %, 0 MiB, 81920 MiB
2026/06/10 12:16:05.576, 0 %, 531 MiB, 81920 MiB
2026/06/10 12:16:05.576, 0 %, 0 MiB, 81920 MiB
2026/06/10 12:16:10.577, 0 %, 531 MiB, 81920 MiB
2026/06/10 12:16:10.577, 0 %, 0 MiB, 81920 MiB
2026/06/10 12:16:15.578, 0 %, 531 MiB, 81920 MiB
2026/06/10 12:16:15.578, 0 %, 0 MiB, 81920 MiB
2026/06/10 12:16:20.578, 0 %, 531 MiB, 81920 MiB
2026/06/10 12:16:20.579, 0 %, 0 MiB, 81920 MiB
2026/06/10 12:16:25.579, 0 %, 531 MiB, 81920 MiB
2026/06/10 12:16:25.579, 0 %, 0 MiB, 81920 MiB
2026/06/10 12:16:30.580, 0 %, 531 MiB, 81920 MiB
2026/06/10 12:16:30.580, 0 %, 0 MiB, 81920 MiB
2026/06/10 12:16:35.581, 0 %, 531 MiB, 81920 MiB
2026/06/10 12:16:35.581, 0 %, 0 MiB, 81920 MiB
2026/06/10 12:16:40.581, 0 %, 531 MiB, 81920 MiB
2026/06/10 12:16:40.581, 0 %, 0 MiB, 81920 MiB
2026/06/10 12:16:45.582, 0 %, 531 MiB, 81920 MiB
2026/06/10 12:16:45.582, 0 %, 0 MiB, 81920 MiB
2026/06/10 12:16:50.583, 0 %, 497 MiB, 81920 MiB
2026/06/10 12:16:50.583, 0 %, 0 MiB, 81920 MiB
2026/06/10 12:16:55.583, 0 %, 497 MiB, 81920 MiB
2026/06/10 12:16:55.583, 0 %, 0 MiB, 81920 MiB
2026/06/10 12:17:00.593, 0 %, 497 MiB, 81920 MiB
2026/06/10 12:17:00.593, 0 %, 0 MiB, 81920 MiB
2026/06/10 12:17:05.594, 0 %, 497 MiB, 81920 MiB
2026/06/10 12:17:05.594, 0 %, 0 MiB, 81920 MiB
2026/06/10 12:17:10.595, 0 %, 497 MiB, 81920 MiB
2026/06/10 12:17:10.595, 0 %, 0 MiB, 81920 MiB
2026/06/10 12:17:15.596, 0 %, 497 MiB, 81920 MiB
2026/06/10 12:17:15.596, 0 %, 0 MiB, 81920 MiB
2026/06/10 12:17:20.596, 0 %, 497 MiB, 81920 MiB
2026/06/10 12:17:20.597, 0 %, 0 MiB, 81920 MiB
2026/06/10 12:17:25.597, 0 %, 497 MiB, 81920 MiB
2026/06/10 12:17:25.597, 0 %, 0 MiB, 81920 MiB
2026/06/10 12:17:30.598, 0 %, 497 MiB, 81920 MiB
2026/06/10 12:17:30.598, 0 %, 0 MiB, 81920 MiB
2026/06/10 12:17:35.599, 0 %, 497 MiB, 81920 MiB
2026/06/10 12:17:35.599, 0 %, 0 MiB, 81920 MiB
2026/06/10 12:17:40.601, 0 %, 497 MiB, 81920 MiB
2026/06/10 12:17:40.601, 0 %, 0 MiB, 81920 MiB
2026/06/10 12:17:45.602, 0 %, 497 MiB, 81920 MiB
2026/06/10 12:17:45.602, 0 %, 0 MiB, 81920 MiB
2026/06/10 12:17:50.603, 0 %, 497 MiB, 81920 MiB
2026/06/10 12:17:50.603, 0 %, 0 MiB, 81920 MiB
2026/06/10 12:17:55.604, 0 %, 497 MiB, 81920 MiB
2026/06/10 12:17:55.605, 0 %, 0 MiB, 81920 MiB
2026/06/10 12:18:00.605, 0 %, 497 MiB, 81920 MiB
2026/06/10 12:18:00.606, 0 %, 0 MiB, 81920 MiB
2026/06/10 12:18:05.606, 0 %, 497 MiB, 81920 MiB
2026/06/10 12:18:05.607, 0 %, 0 MiB, 81920 MiB
2026/06/10 12:18:10.607, 0 %, 497 MiB, 81920 MiB
2026/06/10 12:18:10.608, 0 %, 0 MiB, 81920 MiB
2026/06/10 12:18:15.608, 0 %, 497 MiB, 81920 MiB
2026/06/10 12:18:15.609, 0 %, 0 MiB, 81920 MiB
2026/06/10 12:18:20.609, 0 %, 497 MiB, 81920 MiB
2026/06/10 12:18:20.610, 0 %, 0 MiB, 81920 MiB
2026/06/10 12:18:25.611, 0 %, 497 MiB, 81920 MiB
2026/06/10 12:18:25.611, 0 %, 0 MiB, 81920 MiB
2026/06/10 12:18:30.612, 0 %, 497 MiB, 81920 MiB
2026/06/10 12:18:30.612, 0 %, 0 MiB, 81920 MiB
2026/06/10 12:18:35.613, 0 %, 497 MiB, 81920 MiB
2026/06/10 12:18:35.613, 0 %, 0 MiB, 81920 MiB
2026/06/10 12:18:40.614, 0 %, 497 MiB, 81920 MiB
2026/06/10 12:18:40.614, 0 %, 0 MiB, 81920 MiB
2026/06/10 12:18:45.615, 0 %, 497 MiB, 81920 MiB
2026/06/10 12:18:45.615, 0 %, 0 MiB, 81920 MiB
2026/06/10 12:18:50.616, 0 %, 497 MiB, 81920 MiB
2026/06/10 12:18:50.616, 0 %, 0 MiB, 81920 MiB
2026/06/10 12:18:55.617, 0 %, 497 MiB, 81920 MiB
2026/06/10 12:18:55.617, 0 %, 0 MiB, 81920 MiB
2026/06/10 12:19:00.618, 0 %, 497 MiB, 81920 MiB
2026/06/10 12:19:00.618, 0 %, 0 MiB, 81920 MiB
2026/06/10 12:19:05.619, 0 %, 497 MiB, 81920 MiB
2026/06/10 12:19:05.619, 0 %, 0 MiB, 81920 MiB
2026/06/10 12:19:10.620, 0 %, 497 MiB, 81920 MiB
2026/06/10 12:19:10.620, 0 %, 0 MiB, 81920 MiB
2026/06/10 12:19:15.621, 0 %, 497 MiB, 81920 MiB
2026/06/10 12:19:15.621, 0 %, 0 MiB, 81920 MiB
2026/06/10 12:19:20.622, 0 %, 497 MiB, 81920 MiB
2026/06/10 12:19:20.622, 0 %, 0 MiB, 81920 MiB
2026/06/10 12:19:25.623, 0 %, 497 MiB, 81920 MiB
2026/06/10 12:19:25.623, 0 %, 0 MiB, 81920 MiB
2026/06/10 12:19:30.623, 0 %, 497 MiB, 81920 MiB
2026/06/10 12:19:30.624, 0 %, 0 MiB, 81920 MiB
2026/06/10 12:19:35.625, 0 %, 497 MiB, 81920 MiB
2026/06/10 12:19:35.625, 0 %, 0 MiB, 81920 MiB
2026/06/10 12:19:40.626, 0 %, 497 MiB, 81920 MiB
2026/06/10 12:19:40.626, 0 %, 0 MiB, 81920 MiB
2026/06/10 12:19:45.627, 0 %, 497 MiB, 81920 MiB
2026/06/10 12:19:45.627, 0 %, 0 MiB, 81920 MiB
2026/06/10 12:19:50.628, 0 %, 497 MiB, 81920 MiB
2026/06/10 12:19:50.628, 0 %, 0 MiB, 81920 MiB
2026/06/10 12:19:55.629, 0 %, 497 MiB, 81920 MiB
2026/06/10 12:19:55.630, 0 %, 0 MiB, 81920 MiB
2026/06/10 12:20:00.630, 22 %, 531 MiB, 81920 MiB
2026/06/10 12:20:00.630, 0 %, 0 MiB, 81920 MiB
2026/06/10 12:20:05.631, 0 %, 531 MiB, 81920 MiB
2026/06/10 12:20:05.631, 0 %, 0 MiB, 81920 MiB
2026/06/10 12:20:10.632, 0 %, 531 MiB, 81920 MiB
2026/06/10 12:20:10.632, 0 %, 0 MiB, 81920 MiB
2026/06/10 12:20:15.632, 0 %, 531 MiB, 81920 MiB
2026/06/10 12:20:15.633, 0 %, 0 MiB, 81920 MiB
2026/06/10 12:20:20.633, 0 %, 531 MiB, 81920 MiB
2026/06/10 12:20:20.633, 0 %, 0 MiB, 81920 MiB
2026/06/10 12:20:25.634, 0 %, 531 MiB, 81920 MiB
2026/06/10 12:20:25.634, 0 %, 0 MiB, 81920 MiB
2026/06/10 12:20:30.635, 0 %, 531 MiB, 81920 MiB
2026/06/10 12:20:30.635, 0 %, 0 MiB, 81920 MiB
2026/06/10 12:20:35.636, 0 %, 531 MiB, 81920 MiB
2026/06/10 12:20:35.636, 0 %, 0 MiB, 81920 MiB
2026/06/10 12:20:40.637, 0 %, 531 MiB, 81920 MiB
2026/06/10 12:20:40.637, 0 %, 0 MiB, 81920 MiB
2026/06/10 12:20:45.638, 0 %, 531 MiB, 81920 MiB
2026/06/10 12:20:45.638, 0 %, 0 MiB, 81920 MiB
2026/06/10 12:20:50.639, 0 %, 531 MiB, 81920 MiB
2026/06/10 12:20:50.639, 0 %, 0 MiB, 81920 MiB
2026/06/10 12:20:55.640, 0 %, 531 MiB, 81920 MiB
2026/06/10 12:20:55.640, 0 %, 0 MiB, 81920 MiB
2026/06/10 12:21:00.640, 0 %, 531 MiB, 81920 MiB
2026/06/10 12:21:00.641, 0 %, 0 MiB, 81920 MiB
2026/06/10 12:21:05.641, 0 %, 531 MiB, 81920 MiB
2026/06/10 12:21:05.642, 0 %, 0 MiB, 81920 MiB
2026/06/10 12:21:10.642, 0 %, 531 MiB, 81920 MiB
2026/06/10 12:21:10.643, 0 %, 0 MiB, 81920 MiB
2026/06/10 12:21:15.643, 0 %, 531 MiB, 81920 MiB
2026/06/10 12:21:15.643, 0 %, 0 MiB, 81920 MiB
2026/06/10 12:21:20.644, 0 %, 531 MiB, 81920 MiB
2026/06/10 12:21:20.644, 0 %, 0 MiB, 81920 MiB
2026/06/10 12:21:25.645, 0 %, 531 MiB, 81920 MiB
2026/06/10 12:21:25.645, 0 %, 0 MiB, 81920 MiB
2026/06/10 12:21:30.646, 0 %, 531 MiB, 81920 MiB
2026/06/10 12:21:30.646, 0 %, 0 MiB, 81920 MiB
2026/06/10 12:21:35.647, 0 %, 531 MiB, 81920 MiB
2026/06/10 12:21:35.647, 0 %, 0 MiB, 81920 MiB
2026/06/10 12:21:40.648, 0 %, 531 MiB, 81920 MiB
2026/06/10 12:21:40.648, 0 %, 0 MiB, 81920 MiB
2026/06/10 12:21:45.649, 0 %, 531 MiB, 81920 MiB
2026/06/10 12:21:45.649, 0 %, 0 MiB, 81920 MiB
2026/06/10 12:21:50.650, 0 %, 531 MiB, 81920 MiB
2026/06/10 12:21:50.650, 0 %, 0 MiB, 81920 MiB
2026/06/10 12:21:55.651, 0 %, 531 MiB, 81920 MiB
2026/06/10 12:21:55.651, 0 %, 0 MiB, 81920 MiB
2026/06/10 12:22:00.651, 0 %, 531 MiB, 81920 MiB
2026/06/10 12:22:00.652, 0 %, 0 MiB, 81920 MiB
2026/06/10 12:22:05.652, 0 %, 531 MiB, 81920 MiB
2026/06/10 12:22:05.652, 0 %, 0 MiB, 81920 MiB
2026/06/10 12:22:10.653, 0 %, 531 MiB, 81920 MiB
2026/06/10 12:22:10.653, 0 %, 0 MiB, 81920 MiB
2026/06/10 12:22:15.654, 0 %, 531 MiB, 81920 MiB
2026/06/10 12:22:15.654, 0 %, 0 MiB, 81920 MiB
2026/06/10 12:22:20.655, 0 %, 531 MiB, 81920 MiB
2026/06/10 12:22:20.655, 0 %, 0 MiB, 81920 MiB
2026/06/10 12:22:25.656, 0 %, 531 MiB, 81920 MiB
2026/06/10 12:22:25.656, 0 %, 0 MiB, 81920 MiB
2026/06/10 12:22:30.657, 0 %, 531 MiB, 81920 MiB
2026/06/10 12:22:30.657, 0 %, 0 MiB, 81920 MiB
2026/06/10 12:22:35.657, 0 %, 531 MiB, 81920 MiB
2026/06/10 12:22:35.657, 0 %, 0 MiB, 81920 MiB
2026/06/10 12:22:40.658, 0 %, 531 MiB, 81920 MiB
2026/06/10 12:22:40.658, 0 %, 0 MiB, 81920 MiB
2026/06/10 12:22:45.659, 0 %, 531 MiB, 81920 MiB
2026/06/10 12:22:45.659, 0 %, 0 MiB, 81920 MiB
2026/06/10 12:22:50.660, 0 %, 531 MiB, 81920 MiB
2026/06/10 12:22:50.660, 0 %, 0 MiB, 81920 MiB
2026/06/10 12:22:55.660, 0 %, 531 MiB, 81920 MiB
2026/06/10 12:22:55.660, 0 %, 0 MiB, 81920 MiB
2026/06/10 12:23:00.661, 0 %, 531 MiB, 81920 MiB
2026/06/10 12:23:00.661, 0 %, 0 MiB, 81920 MiB
2026/06/10 12:23:05.662, 0 %, 531 MiB, 81920 MiB
2026/06/10 12:23:05.662, 0 %, 0 MiB, 81920 MiB
2026/06/10 12:23:10.663, 0 %, 531 MiB, 81920 MiB
2026/06/10 12:23:10.663, 0 %, 0 MiB, 81920 MiB
2026/06/10 12:23:15.664, 0 %, 531 MiB, 81920 MiB
2026/06/10 12:23:15.664, 0 %, 0 MiB, 81920 MiB
2026/06/10 12:23:20.665, 0 %, 531 MiB, 81920 MiB
2026/06/10 12:23:20.665, 0 %, 0 MiB, 81920 MiB
2026/06/10 12:23:25.666, 0 %, 531 MiB, 81920 MiB
2026/06/10 12:23:25.666, 0 %, 0 MiB, 81920 MiB
2026/06/10 12:23:30.667, 0 %, 531 MiB, 81920 MiB
2026/06/10 12:23:30.667, 0 %, 0 MiB, 81920 MiB
2026/06/10 12:23:35.668, 0 %, 531 MiB, 81920 MiB
2026/06/10 12:23:35.668, 0 %, 0 MiB, 81920 MiB
2026/06/10 12:23:40.668, 0 %, 531 MiB, 81920 MiB
2026/06/10 12:23:40.669, 0 %, 0 MiB, 81920 MiB
2026/06/10 12:23:45.669, 0 %, 531 MiB, 81920 MiB
2026/06/10 12:23:45.669, 0 %, 0 MiB, 81920 MiB
2026/06/10 12:23:50.670, 0 %, 531 MiB, 81920 MiB
2026/06/10 12:23:50.670, 0 %, 0 MiB, 81920 MiB
2026/06/10 12:23:55.671, 0 %, 531 MiB, 81920 MiB
2026/06/10 12:23:55.671, 0 %, 0 MiB, 81920 MiB
2026/06/10 12:24:00.671, 0 %, 531 MiB, 81920 MiB
2026/06/10 12:24:00.672, 0 %, 0 MiB, 81920 MiB
2026/06/10 12:24:05.672, 0 %, 531 MiB, 81920 MiB
2026/06/10 12:24:05.673, 0 %, 0 MiB, 81920 MiB
2026/06/10 12:24:10.673, 0 %, 531 MiB, 81920 MiB
2026/06/10 12:24:10.673, 0 %, 0 MiB, 81920 MiB
2026/06/10 12:24:15.674, 0 %, 531 MiB, 81920 MiB
2026/06/10 12:24:15.674, 0 %, 0 MiB, 81920 MiB
2026/06/10 12:24:20.675, 0 %, 531 MiB, 81920 MiB
2026/06/10 12:24:20.675, 0 %, 0 MiB, 81920 MiB
2026/06/10 12:24:25.676, 0 %, 531 MiB, 81920 MiB
2026/06/10 12:24:25.676, 0 %, 0 MiB, 81920 MiB
2026/06/10 12:24:30.677, 0 %, 531 MiB, 81920 MiB
2026/06/10 12:24:30.677, 0 %, 0 MiB, 81920 MiB
2026/06/10 12:24:35.678, 0 %, 531 MiB, 81920 MiB
2026/06/10 12:24:35.678, 0 %, 0 MiB, 81920 MiB
2026/06/10 12:24:40.679, 0 %, 531 MiB, 81920 MiB
2026/06/10 12:24:40.679, 0 %, 0 MiB, 81920 MiB
2026/06/10 12:24:45.680, 0 %, 531 MiB, 81920 MiB
2026/06/10 12:24:45.680, 0 %, 0 MiB, 81920 MiB
2026/06/10 12:24:50.681, 0 %, 531 MiB, 81920 MiB
2026/06/10 12:24:50.681, 0 %, 0 MiB, 81920 MiB
2026/06/10 12:24:55.682, 0 %, 531 MiB, 81920 MiB
2026/06/10 12:24:55.682, 0 %, 0 MiB, 81920 MiB
2026/06/10 12:25:00.683, 0 %, 531 MiB, 81920 MiB
2026/06/10 12:25:00.683, 0 %, 0 MiB, 81920 MiB
2026/06/10 12:25:05.684, 0 %, 531 MiB, 81920 MiB
2026/06/10 12:25:05.684, 0 %, 0 MiB, 81920 MiB
2026/06/10 12:25:10.685, 0 %, 531 MiB, 81920 MiB
2026/06/10 12:25:10.685, 0 %, 0 MiB, 81920 MiB
2026/06/10 12:25:15.686, 0 %, 531 MiB, 81920 MiB
2026/06/10 12:25:15.686, 0 %, 0 MiB, 81920 MiB
2026/06/10 12:25:20.687, 0 %, 531 MiB, 81920 MiB
2026/06/10 12:25:20.687, 0 %, 0 MiB, 81920 MiB
2026/06/10 12:25:25.688, 0 %, 531 MiB, 81920 MiB
2026/06/10 12:25:25.688, 0 %, 0 MiB, 81920 MiB
2026/06/10 12:25:30.688, 0 %, 531 MiB, 81920 MiB
2026/06/10 12:25:30.689, 0 %, 0 MiB, 81920 MiB
2026/06/10 12:25:35.689, 0 %, 531 MiB, 81920 MiB
2026/06/10 12:25:35.690, 0 %, 0 MiB, 81920 MiB
2026/06/10 12:25:40.690, 0 %, 531 MiB, 81920 MiB
2026/06/10 12:25:40.690, 0 %, 0 MiB, 81920 MiB
2026/06/10 12:25:45.691, 0 %, 531 MiB, 81920 MiB
2026/06/10 12:25:45.691, 0 %, 0 MiB, 81920 MiB
2026/06/10 12:25:50.692, 0 %, 531 MiB, 81920 MiB
2026/06/10 12:25:50.692, 0 %, 0 MiB, 81920 MiB
2026/06/10 12:25:55.693, 0 %, 531 MiB, 81920 MiB
2026/06/10 12:25:55.693, 0 %, 0 MiB, 81920 MiB
2026/06/10 12:26:00.694, 0 %, 531 MiB, 81920 MiB
2026/06/10 12:26:00.694, 0 %, 0 MiB, 81920 MiB
2026/06/10 12:26:05.695, 0 %, 531 MiB, 81920 MiB
2026/06/10 12:26:05.695, 0 %, 0 MiB, 81920 MiB
2026/06/10 12:26:10.696, 0 %, 531 MiB, 81920 MiB
2026/06/10 12:26:10.696, 0 %, 0 MiB, 81920 MiB
2026/06/10 12:26:15.697, 0 %, 531 MiB, 81920 MiB
2026/06/10 12:26:15.697, 0 %, 0 MiB, 81920 MiB
2026/06/10 12:26:20.698, 0 %, 531 MiB, 81920 MiB
2026/06/10 12:26:20.698, 0 %, 0 MiB, 81920 MiB
2026/06/10 12:26:25.699, 0 %, 531 MiB, 81920 MiB
2026/06/10 12:26:25.699, 0 %, 0 MiB, 81920 MiB
2026/06/10 12:26:30.700, 0 %, 531 MiB, 81920 MiB
2026/06/10 12:26:30.700, 0 %, 0 MiB, 81920 MiB
2026/06/10 12:26:35.701, 0 %, 531 MiB, 81920 MiB
2026/06/10 12:26:35.701, 0 %, 0 MiB, 81920 MiB
2026/06/10 12:26:40.701, 0 %, 531 MiB, 81920 MiB
2026/06/10 12:26:40.702, 0 %, 0 MiB, 81920 MiB
2026/06/10 12:26:45.702, 0 %, 531 MiB, 81920 MiB
2026/06/10 12:26:45.703, 0 %, 0 MiB, 81920 MiB
2026/06/10 12:26:50.703, 0 %, 531 MiB, 81920 MiB
2026/06/10 12:26:50.703, 0 %, 0 MiB, 81920 MiB
2026/06/10 12:26:55.704, 0 %, 531 MiB, 81920 MiB
2026/06/10 12:26:55.704, 0 %, 0 MiB, 81920 MiB
2026/06/10 12:27:00.705, 0 %, 531 MiB, 81920 MiB
2026/06/10 12:27:00.705, 0 %, 0 MiB, 81920 MiB
2026/06/10 12:27:05.706, 0 %, 531 MiB, 81920 MiB
2026/06/10 12:27:05.706, 0 %, 0 MiB, 81920 MiB
2026/06/10 12:27:10.707, 0 %, 531 MiB, 81920 MiB
2026/06/10 12:27:10.707, 0 %, 0 MiB, 81920 MiB
2026/06/10 12:27:15.708, 0 %, 531 MiB, 81920 MiB
2026/06/10 12:27:15.708, 0 %, 0 MiB, 81920 MiB
2026/06/10 12:27:20.709, 0 %, 531 MiB, 81920 MiB
2026/06/10 12:27:20.709, 0 %, 0 MiB, 81920 MiB
2026/06/10 12:27:25.710, 0 %, 531 MiB, 81920 MiB
2026/06/10 12:27:25.710, 0 %, 0 MiB, 81920 MiB
2026/06/10 12:27:30.711, 0 %, 531 MiB, 81920 MiB
2026/06/10 12:27:30.711, 0 %, 0 MiB, 81920 MiB
2026/06/10 12:27:35.712, 0 %, 531 MiB, 81920 MiB
2026/06/10 12:27:35.712, 0 %, 0 MiB, 81920 MiB
2026/06/10 12:27:40.713, 0 %, 531 MiB, 81920 MiB
2026/06/10 12:27:40.713, 0 %, 0 MiB, 81920 MiB
2026/06/10 12:27:45.714, 0 %, 531 MiB, 81920 MiB
2026/06/10 12:27:45.714, 0 %, 0 MiB, 81920 MiB
2026/06/10 12:27:50.715, 0 %, 531 MiB, 81920 MiB
2026/06/10 12:27:50.715, 0 %, 0 MiB, 81920 MiB
2026/06/10 12:27:55.716, 0 %, 531 MiB, 81920 MiB
2026/06/10 12:27:55.716, 0 %, 0 MiB, 81920 MiB
2026/06/10 12:28:00.717, 0 %, 531 MiB, 81920 MiB
2026/06/10 12:28:00.717, 0 %, 0 MiB, 81920 MiB
2026/06/10 12:28:05.718, 0 %, 531 MiB, 81920 MiB
2026/06/10 12:28:05.718, 0 %, 0 MiB, 81920 MiB
2026/06/10 12:28:10.719, 0 %, 531 MiB, 81920 MiB
2026/06/10 12:28:10.719, 0 %, 0 MiB, 81920 MiB
2026/06/10 12:28:15.720, 0 %, 531 MiB, 81920 MiB
2026/06/10 12:28:15.720, 0 %, 0 MiB, 81920 MiB
2026/06/10 12:28:20.721, 0 %, 531 MiB, 81920 MiB
2026/06/10 12:28:20.721, 0 %, 0 MiB, 81920 MiB
2026/06/10 12:28:25.722, 0 %, 531 MiB, 81920 MiB
2026/06/10 12:28:25.722, 0 %, 0 MiB, 81920 MiB
2026/06/10 12:28:30.723, 0 %, 531 MiB, 81920 MiB
2026/06/10 12:28:30.723, 0 %, 0 MiB, 81920 MiB
2026/06/10 12:28:35.723, 0 %, 531 MiB, 81920 MiB
2026/06/10 12:28:35.724, 0 %, 0 MiB, 81920 MiB
2026/06/10 12:28:40.724, 0 %, 531 MiB, 81920 MiB
2026/06/10 12:28:40.724, 0 %, 0 MiB, 81920 MiB
2026/06/10 12:28:45.725, 0 %, 531 MiB, 81920 MiB
2026/06/10 12:28:45.725, 0 %, 0 MiB, 81920 MiB
2026/06/10 12:28:50.726, 0 %, 531 MiB, 81920 MiB
2026/06/10 12:28:50.726, 0 %, 0 MiB, 81920 MiB
2026/06/10 12:28:55.727, 0 %, 531 MiB, 81920 MiB
2026/06/10 12:28:55.727, 0 %, 0 MiB, 81920 MiB
2026/06/10 12:29:00.728, 0 %, 531 MiB, 81920 MiB
2026/06/10 12:29:00.728, 0 %, 0 MiB, 81920 MiB
2026/06/10 12:29:05.729, 0 %, 531 MiB, 81920 MiB
2026/06/10 12:29:05.729, 0 %, 0 MiB, 81920 MiB
2026/06/10 12:29:10.730, 0 %, 531 MiB, 81920 MiB
2026/06/10 12:29:10.730, 0 %, 0 MiB, 81920 MiB
2026/06/10 12:29:15.731, 0 %, 531 MiB, 81920 MiB
2026/06/10 12:29:15.731, 0 %, 0 MiB, 81920 MiB
2026/06/10 12:29:20.732, 0 %, 531 MiB, 81920 MiB
2026/06/10 12:29:20.732, 0 %, 0 MiB, 81920 MiB
2026/06/10 12:29:25.733, 0 %, 531 MiB, 81920 MiB
2026/06/10 12:29:25.733, 0 %, 0 MiB, 81920 MiB
2026/06/10 12:29:30.734, 0 %, 531 MiB, 81920 MiB
2026/06/10 12:29:30.734, 0 %, 0 MiB, 81920 MiB
2026/06/10 12:29:35.735, 0 %, 531 MiB, 81920 MiB
2026/06/10 12:29:35.735, 0 %, 0 MiB, 81920 MiB
2026/06/10 12:29:40.736, 0 %, 531 MiB, 81920 MiB
2026/06/10 12:29:40.736, 0 %, 0 MiB, 81920 MiB
2026/06/10 12:29:45.737, 0 %, 531 MiB, 81920 MiB
2026/06/10 12:29:45.737, 0 %, 0 MiB, 81920 MiB
2026/06/10 12:29:50.738, 0 %, 531 MiB, 81920 MiB
2026/06/10 12:29:50.738, 0 %, 0 MiB, 81920 MiB
2026/06/10 12:29:55.738, 0 %, 531 MiB, 81920 MiB
2026/06/10 12:29:55.739, 0 %, 0 MiB, 81920 MiB
2026/06/10 12:30:00.739, 0 %, 531 MiB, 81920 MiB
2026/06/10 12:30:00.740, 0 %, 0 MiB, 81920 MiB
2026/06/10 12:30:05.740, 0 %, 531 MiB, 81920 MiB
2026/06/10 12:30:05.740, 0 %, 0 MiB, 81920 MiB
2026/06/10 12:30:10.741, 0 %, 531 MiB, 81920 MiB
2026/06/10 12:30:10.741, 0 %, 0 MiB, 81920 MiB
2026/06/10 12:30:15.742, 0 %, 497 MiB, 81920 MiB
2026/06/10 12:30:15.742, 0 %, 0 MiB, 81920 MiB
2026/06/10 12:30:20.743, 0 %, 497 MiB, 81920 MiB
2026/06/10 12:30:20.743, 0 %, 0 MiB, 81920 MiB
2026/06/10 12:30:25.744, 0 %, 497 MiB, 81920 MiB
2026/06/10 12:30:25.744, 0 %, 0 MiB, 81920 MiB
2026/06/10 12:30:30.745, 0 %, 497 MiB, 81920 MiB
2026/06/10 12:30:30.745, 0 %, 0 MiB, 81920 MiB
2026/06/10 12:30:35.746, 0 %, 497 MiB, 81920 MiB
2026/06/10 12:30:35.746, 0 %, 0 MiB, 81920 MiB
2026/06/10 12:30:40.747, 0 %, 497 MiB, 81920 MiB
2026/06/10 12:30:40.747, 0 %, 0 MiB, 81920 MiB
2026/06/10 12:30:45.748, 0 %, 497 MiB, 81920 MiB
2026/06/10 12:30:45.748, 0 %, 0 MiB, 81920 MiB
2026/06/10 12:30:50.749, 0 %, 497 MiB, 81920 MiB
2026/06/10 12:30:50.749, 0 %, 0 MiB, 81920 MiB
2026/06/10 12:30:55.750, 0 %, 497 MiB, 81920 MiB
2026/06/10 12:30:55.750, 0 %, 0 MiB, 81920 MiB
2026/06/10 12:31:00.751, 0 %, 497 MiB, 81920 MiB
2026/06/10 12:31:00.752, 0 %, 0 MiB, 81920 MiB
2026/06/10 12:31:05.753, 0 %, 497 MiB, 81920 MiB
2026/06/10 12:31:05.753, 0 %, 0 MiB, 81920 MiB
2026/06/10 12:31:10.754, 0 %, 497 MiB, 81920 MiB
2026/06/10 12:31:10.754, 0 %, 0 MiB, 81920 MiB
2026/06/10 12:31:15.755, 0 %, 497 MiB, 81920 MiB
2026/06/10 12:31:15.755, 0 %, 0 MiB, 81920 MiB
2026/06/10 12:31:20.756, 0 %, 497 MiB, 81920 MiB
2026/06/10 12:31:20.756, 0 %, 0 MiB, 81920 MiB
2026/06/10 12:31:25.757, 0 %, 497 MiB, 81920 MiB
2026/06/10 12:31:25.757, 0 %, 0 MiB, 81920 MiB
2026/06/10 12:31:30.758, 0 %, 497 MiB, 81920 MiB
2026/06/10 12:31:30.758, 0 %, 0 MiB, 81920 MiB
2026/06/10 12:31:35.759, 0 %, 497 MiB, 81920 MiB
2026/06/10 12:31:35.759, 0 %, 0 MiB, 81920 MiB
2026/06/10 12:31:40.760, 0 %, 497 MiB, 81920 MiB
2026/06/10 12:31:40.760, 0 %, 0 MiB, 81920 MiB
2026/06/10 12:31:45.761, 0 %, 497 MiB, 81920 MiB
2026/06/10 12:31:45.761, 0 %, 0 MiB, 81920 MiB
2026/06/10 12:31:50.762, 0 %, 497 MiB, 81920 MiB
2026/06/10 12:31:50.762, 0 %, 0 MiB, 81920 MiB
2026/06/10 12:31:55.763, 0 %, 497 MiB, 81920 MiB
2026/06/10 12:31:55.763, 0 %, 0 MiB, 81920 MiB
2026/06/10 12:32:00.764, 0 %, 497 MiB, 81920 MiB
2026/06/10 12:32:00.764, 0 %, 0 MiB, 81920 MiB
2026/06/10 12:32:05.765, 0 %, 497 MiB, 81920 MiB
2026/06/10 12:32:05.765, 0 %, 0 MiB, 81920 MiB
2026/06/10 12:32:10.766, 0 %, 497 MiB, 81920 MiB
2026/06/10 12:32:10.766, 0 %, 0 MiB, 81920 MiB
2026/06/10 12:32:15.767, 0 %, 497 MiB, 81920 MiB
2026/06/10 12:32:15.767, 0 %, 0 MiB, 81920 MiB
2026/06/10 12:32:20.768, 0 %, 497 MiB, 81920 MiB
2026/06/10 12:32:20.768, 0 %, 0 MiB, 81920 MiB
2026/06/10 12:32:25.769, 0 %, 497 MiB, 81920 MiB
2026/06/10 12:32:25.769, 0 %, 0 MiB, 81920 MiB
2026/06/10 12:32:30.770, 0 %, 497 MiB, 81920 MiB
2026/06/10 12:32:30.770, 0 %, 0 MiB, 81920 MiB
2026/06/10 12:32:35.771, 0 %, 497 MiB, 81920 MiB
2026/06/10 12:32:35.772, 0 %, 0 MiB, 81920 MiB
2026/06/10 12:32:40.772, 0 %, 497 MiB, 81920 MiB
2026/06/10 12:32:40.772, 0 %, 0 MiB, 81920 MiB
2026/06/10 12:32:45.773, 0 %, 497 MiB, 81920 MiB
2026/06/10 12:32:45.773, 0 %, 0 MiB, 81920 MiB
2026/06/10 12:32:50.774, 0 %, 497 MiB, 81920 MiB
2026/06/10 12:32:50.775, 0 %, 0 MiB, 81920 MiB
2026/06/10 12:32:55.776, 0 %, 497 MiB, 81920 MiB
2026/06/10 12:32:55.776, 0 %, 0 MiB, 81920 MiB
2026/06/10 12:33:00.778, 0 %, 497 MiB, 81920 MiB
2026/06/10 12:33:00.778, 0 %, 0 MiB, 81920 MiB
2026/06/10 12:33:05.779, 0 %, 497 MiB, 81920 MiB
2026/06/10 12:33:05.779, 0 %, 0 MiB, 81920 MiB
2026/06/10 12:33:10.779, 0 %, 497 MiB, 81920 MiB
2026/06/10 12:33:10.780, 0 %, 0 MiB, 81920 MiB
2026/06/10 12:33:15.780, 0 %, 497 MiB, 81920 MiB
2026/06/10 12:33:15.780, 0 %, 0 MiB, 81920 MiB
2026/06/10 12:33:20.781, 16 %, 531 MiB, 81920 MiB
2026/06/10 12:33:20.781, 0 %, 0 MiB, 81920 MiB
2026/06/10 12:33:25.782, 0 %, 531 MiB, 81920 MiB
2026/06/10 12:33:25.782, 0 %, 0 MiB, 81920 MiB
2026/06/10 12:33:30.783, 0 %, 531 MiB, 81920 MiB
2026/06/10 12:33:30.783, 0 %, 0 MiB, 81920 MiB
2026/06/10 12:33:35.784, 0 %, 531 MiB, 81920 MiB
2026/06/10 12:33:35.784, 0 %, 0 MiB, 81920 MiB
2026/06/10 12:33:40.784, 0 %, 531 MiB, 81920 MiB
2026/06/10 12:33:40.785, 0 %, 0 MiB, 81920 MiB
2026/06/10 12:33:45.785, 0 %, 531 MiB, 81920 MiB
2026/06/10 12:33:45.785, 0 %, 0 MiB, 81920 MiB
2026/06/10 12:33:50.786, 0 %, 531 MiB, 81920 MiB
2026/06/10 12:33:50.786, 0 %, 0 MiB, 81920 MiB
2026/06/10 12:33:55.787, 0 %, 531 MiB, 81920 MiB
2026/06/10 12:33:55.787, 0 %, 0 MiB, 81920 MiB
2026/06/10 12:34:00.787, 0 %, 531 MiB, 81920 MiB
2026/06/10 12:34:00.787, 0 %, 0 MiB, 81920 MiB
2026/06/10 12:34:05.788, 0 %, 531 MiB, 81920 MiB
2026/06/10 12:34:05.788, 0 %, 0 MiB, 81920 MiB
2026/06/10 12:34:10.789, 0 %, 531 MiB, 81920 MiB
2026/06/10 12:34:10.789, 0 %, 0 MiB, 81920 MiB
2026/06/10 12:34:15.790, 0 %, 531 MiB, 81920 MiB
2026/06/10 12:34:15.790, 0 %, 0 MiB, 81920 MiB
2026/06/10 12:34:20.790, 0 %, 531 MiB, 81920 MiB
2026/06/10 12:34:20.791, 0 %, 0 MiB, 81920 MiB
2026/06/10 12:34:25.791, 0 %, 531 MiB, 81920 MiB
2026/06/10 12:34:25.791, 0 %, 0 MiB, 81920 MiB
2026/06/10 12:34:30.792, 0 %, 531 MiB, 81920 MiB
2026/06/10 12:34:30.792, 0 %, 0 MiB, 81920 MiB
2026/06/10 12:34:35.793, 0 %, 531 MiB, 81920 MiB
2026/06/10 12:34:35.793, 0 %, 0 MiB, 81920 MiB
2026/06/10 12:34:40.794, 0 %, 531 MiB, 81920 MiB
2026/06/10 12:34:40.794, 0 %, 0 MiB, 81920 MiB
2026/06/10 12:34:45.795, 0 %, 531 MiB, 81920 MiB
2026/06/10 12:34:45.795, 0 %, 0 MiB, 81920 MiB
2026/06/10 12:34:50.795, 0 %, 531 MiB, 81920 MiB
2026/06/10 12:34:50.795, 0 %, 0 MiB, 81920 MiB
2026/06/10 12:34:55.796, 0 %, 531 MiB, 81920 MiB
2026/06/10 12:34:55.796, 0 %, 0 MiB, 81920 MiB
2026/06/10 12:35:00.797, 0 %, 531 MiB, 81920 MiB
2026/06/10 12:35:00.797, 0 %, 0 MiB, 81920 MiB
2026/06/10 12:35:05.798, 0 %, 531 MiB, 81920 MiB
2026/06/10 12:35:05.798, 0 %, 0 MiB, 81920 MiB
2026/06/10 12:35:10.799, 0 %, 531 MiB, 81920 MiB
2026/06/10 12:35:10.799, 0 %, 0 MiB, 81920 MiB
2026/06/10 12:35:15.799, 0 %, 531 MiB, 81920 MiB
2026/06/10 12:35:15.800, 0 %, 0 MiB, 81920 MiB
2026/06/10 12:35:20.800, 0 %, 531 MiB, 81920 MiB
2026/06/10 12:35:20.800, 0 %, 0 MiB, 81920 MiB
2026/06/10 12:35:25.801, 0 %, 531 MiB, 81920 MiB
2026/06/10 12:35:25.801, 0 %, 0 MiB, 81920 MiB
2026/06/10 12:35:30.802, 0 %, 531 MiB, 81920 MiB
2026/06/10 12:35:30.802, 0 %, 0 MiB, 81920 MiB
2026/06/10 12:35:35.802, 0 %, 531 MiB, 81920 MiB
2026/06/10 12:35:35.803, 0 %, 0 MiB, 81920 MiB
2026/06/10 12:35:40.803, 0 %, 531 MiB, 81920 MiB
2026/06/10 12:35:40.803, 0 %, 0 MiB, 81920 MiB
2026/06/10 12:35:45.804, 0 %, 531 MiB, 81920 MiB
2026/06/10 12:35:45.804, 0 %, 0 MiB, 81920 MiB
2026/06/10 12:35:50.805, 0 %, 531 MiB, 81920 MiB
2026/06/10 12:35:50.805, 0 %, 0 MiB, 81920 MiB
2026/06/10 12:35:55.805, 0 %, 531 MiB, 81920 MiB
2026/06/10 12:35:55.806, 0 %, 0 MiB, 81920 MiB
2026/06/10 12:36:00.806, 0 %, 531 MiB, 81920 MiB
2026/06/10 12:36:00.806, 0 %, 0 MiB, 81920 MiB
2026/06/10 12:36:05.807, 0 %, 531 MiB, 81920 MiB
2026/06/10 12:36:05.807, 0 %, 0 MiB, 81920 MiB
2026/06/10 12:36:10.808, 0 %, 531 MiB, 81920 MiB
2026/06/10 12:36:10.808, 0 %, 0 MiB, 81920 MiB
2026/06/10 12:36:15.809, 0 %, 531 MiB, 81920 MiB
2026/06/10 12:36:15.809, 0 %, 0 MiB, 81920 MiB
2026/06/10 12:36:20.809, 0 %, 531 MiB, 81920 MiB
2026/06/10 12:36:20.809, 0 %, 0 MiB, 81920 MiB
2026/06/10 12:36:25.810, 0 %, 531 MiB, 81920 MiB
2026/06/10 12:36:25.810, 0 %, 0 MiB, 81920 MiB
2026/06/10 12:36:30.811, 0 %, 531 MiB, 81920 MiB
2026/06/10 12:36:30.811, 0 %, 0 MiB, 81920 MiB
2026/06/10 12:36:35.811, 0 %, 531 MiB, 81920 MiB
2026/06/10 12:36:35.812, 0 %, 0 MiB, 81920 MiB
2026/06/10 12:36:40.812, 0 %, 531 MiB, 81920 MiB
2026/06/10 12:36:40.812, 0 %, 0 MiB, 81920 MiB
2026/06/10 12:36:45.813, 0 %, 531 MiB, 81920 MiB
2026/06/10 12:36:45.813, 0 %, 0 MiB, 81920 MiB
2026/06/10 12:36:50.814, 0 %, 531 MiB, 81920 MiB
2026/06/10 12:36:50.814, 0 %, 0 MiB, 81920 MiB
2026/06/10 12:36:55.815, 0 %, 531 MiB, 81920 MiB
2026/06/10 12:36:55.815, 0 %, 0 MiB, 81920 MiB
2026/06/10 12:37:00.815, 0 %, 531 MiB, 81920 MiB
2026/06/10 12:37:00.815, 0 %, 0 MiB, 81920 MiB
2026/06/10 12:37:05.816, 0 %, 531 MiB, 81920 MiB
2026/06/10 12:37:05.816, 0 %, 0 MiB, 81920 MiB
2026/06/10 12:37:10.817, 0 %, 531 MiB, 81920 MiB
2026/06/10 12:37:10.817, 0 %, 0 MiB, 81920 MiB
2026/06/10 12:37:15.818, 0 %, 531 MiB, 81920 MiB
2026/06/10 12:37:15.818, 0 %, 0 MiB, 81920 MiB
2026/06/10 12:37:20.818, 0 %, 531 MiB, 81920 MiB
2026/06/10 12:37:20.818, 0 %, 0 MiB, 81920 MiB
2026/06/10 12:37:25.819, 0 %, 531 MiB, 81920 MiB
2026/06/10 12:37:25.819, 0 %, 0 MiB, 81920 MiB
2026/06/10 12:37:30.820, 0 %, 531 MiB, 81920 MiB
2026/06/10 12:37:30.820, 0 %, 0 MiB, 81920 MiB
2026/06/10 12:37:35.820, 0 %, 531 MiB, 81920 MiB
2026/06/10 12:37:35.821, 0 %, 0 MiB, 81920 MiB
2026/06/10 12:37:40.821, 0 %, 531 MiB, 81920 MiB
2026/06/10 12:37:40.822, 0 %, 0 MiB, 81920 MiB
2026/06/10 12:37:45.822, 0 %, 531 MiB, 81920 MiB
2026/06/10 12:37:45.822, 0 %, 0 MiB, 81920 MiB
2026/06/10 12:37:50.823, 0 %, 531 MiB, 81920 MiB
2026/06/10 12:37:50.823, 0 %, 0 MiB, 81920 MiB
2026/06/10 12:37:55.824, 0 %, 531 MiB, 81920 MiB
2026/06/10 12:37:55.824, 0 %, 0 MiB, 81920 MiB
2026/06/10 12:38:00.824, 0 %, 531 MiB, 81920 MiB
2026/06/10 12:38:00.825, 0 %, 0 MiB, 81920 MiB
2026/06/10 12:38:05.825, 0 %, 531 MiB, 81920 MiB
2026/06/10 12:38:05.825, 0 %, 0 MiB, 81920 MiB
2026/06/10 12:38:10.826, 0 %, 531 MiB, 81920 MiB
2026/06/10 12:38:10.826, 0 %, 0 MiB, 81920 MiB
2026/06/10 12:38:15.827, 0 %, 531 MiB, 81920 MiB
2026/06/10 12:38:15.827, 0 %, 0 MiB, 81920 MiB
2026/06/10 12:38:20.828, 0 %, 531 MiB, 81920 MiB
2026/06/10 12:38:20.828, 0 %, 0 MiB, 81920 MiB
2026/06/10 12:38:25.829, 0 %, 531 MiB, 81920 MiB
2026/06/10 12:38:25.829, 0 %, 0 MiB, 81920 MiB
2026/06/10 12:38:30.830, 0 %, 531 MiB, 81920 MiB
2026/06/10 12:38:30.830, 0 %, 0 MiB, 81920 MiB
2026/06/10 12:38:35.830, 0 %, 531 MiB, 81920 MiB
2026/06/10 12:38:35.830, 0 %, 0 MiB, 81920 MiB
2026/06/10 12:38:40.831, 0 %, 531 MiB, 81920 MiB
2026/06/10 12:38:40.831, 0 %, 0 MiB, 81920 MiB
2026/06/10 12:38:45.832, 0 %, 531 MiB, 81920 MiB
2026/06/10 12:38:45.832, 0 %, 0 MiB, 81920 MiB
2026/06/10 12:38:50.833, 0 %, 531 MiB, 81920 MiB
2026/06/10 12:38:50.833, 0 %, 0 MiB, 81920 MiB
2026/06/10 12:38:55.834, 0 %, 531 MiB, 81920 MiB
2026/06/10 12:38:55.834, 0 %, 0 MiB, 81920 MiB
2026/06/10 12:39:00.834, 0 %, 531 MiB, 81920 MiB
2026/06/10 12:39:00.835, 0 %, 0 MiB, 81920 MiB
2026/06/10 12:39:05.835, 0 %, 531 MiB, 81920 MiB
2026/06/10 12:39:05.835, 0 %, 0 MiB, 81920 MiB
2026/06/10 12:39:10.836, 0 %, 531 MiB, 81920 MiB
2026/06/10 12:39:10.836, 0 %, 0 MiB, 81920 MiB
2026/06/10 12:39:15.837, 0 %, 531 MiB, 81920 MiB
2026/06/10 12:39:15.837, 0 %, 0 MiB, 81920 MiB
2026/06/10 12:39:20.838, 0 %, 531 MiB, 81920 MiB
2026/06/10 12:39:20.838, 0 %, 0 MiB, 81920 MiB
2026/06/10 12:39:25.838, 0 %, 531 MiB, 81920 MiB
2026/06/10 12:39:25.839, 0 %, 0 MiB, 81920 MiB
2026/06/10 12:39:30.839, 0 %, 531 MiB, 81920 MiB
2026/06/10 12:39:30.839, 0 %, 0 MiB, 81920 MiB
2026/06/10 12:39:35.840, 0 %, 531 MiB, 81920 MiB
2026/06/10 12:39:35.840, 0 %, 0 MiB, 81920 MiB
2026/06/10 12:39:40.841, 0 %, 531 MiB, 81920 MiB
2026/06/10 12:39:40.841, 0 %, 0 MiB, 81920 MiB
2026/06/10 12:39:45.841, 0 %, 531 MiB, 81920 MiB
2026/06/10 12:39:45.842, 0 %, 0 MiB, 81920 MiB
2026/06/10 12:39:50.842, 0 %, 531 MiB, 81920 MiB
2026/06/10 12:39:50.842, 0 %, 0 MiB, 81920 MiB
2026/06/10 12:39:55.843, 0 %, 531 MiB, 81920 MiB
2026/06/10 12:39:55.843, 0 %, 0 MiB, 81920 MiB
2026/06/10 12:40:00.844, 0 %, 531 MiB, 81920 MiB
2026/06/10 12:40:00.844, 0 %, 0 MiB, 81920 MiB
2026/06/10 12:40:05.845, 0 %, 531 MiB, 81920 MiB
2026/06/10 12:40:05.845, 0 %, 0 MiB, 81920 MiB
2026/06/10 12:40:10.845, 0 %, 531 MiB, 81920 MiB
2026/06/10 12:40:10.846, 0 %, 0 MiB, 81920 MiB
2026/06/10 12:40:15.846, 0 %, 531 MiB, 81920 MiB
2026/06/10 12:40:15.846, 0 %, 0 MiB, 81920 MiB
2026/06/10 12:40:20.847, 0 %, 531 MiB, 81920 MiB
2026/06/10 12:40:20.847, 0 %, 0 MiB, 81920 MiB
2026/06/10 12:40:25.848, 0 %, 531 MiB, 81920 MiB
2026/06/10 12:40:25.848, 0 %, 0 MiB, 81920 MiB
2026/06/10 12:40:30.849, 0 %, 531 MiB, 81920 MiB
2026/06/10 12:40:30.849, 0 %, 0 MiB, 81920 MiB
2026/06/10 12:40:35.849, 0 %, 531 MiB, 81920 MiB
2026/06/10 12:40:35.850, 0 %, 0 MiB, 81920 MiB
2026/06/10 12:40:40.850, 0 %, 531 MiB, 81920 MiB
2026/06/10 12:40:40.850, 0 %, 0 MiB, 81920 MiB
2026/06/10 12:40:45.851, 0 %, 531 MiB, 81920 MiB
2026/06/10 12:40:45.851, 0 %, 0 MiB, 81920 MiB
2026/06/10 12:40:50.851, 0 %, 531 MiB, 81920 MiB
2026/06/10 12:40:50.851, 0 %, 0 MiB, 81920 MiB
2026/06/10 12:40:55.852, 0 %, 531 MiB, 81920 MiB
2026/06/10 12:40:55.852, 0 %, 0 MiB, 81920 MiB
2026/06/10 12:41:00.853, 0 %, 531 MiB, 81920 MiB
2026/06/10 12:41:00.853, 0 %, 0 MiB, 81920 MiB
2026/06/10 12:41:05.853, 0 %, 531 MiB, 81920 MiB
2026/06/10 12:41:05.854, 0 %, 0 MiB, 81920 MiB
2026/06/10 12:41:10.854, 0 %, 531 MiB, 81920 MiB
2026/06/10 12:41:10.854, 0 %, 0 MiB, 81920 MiB
2026/06/10 12:41:15.855, 0 %, 531 MiB, 81920 MiB
2026/06/10 12:41:15.855, 0 %, 0 MiB, 81920 MiB
2026/06/10 12:41:20.856, 0 %, 531 MiB, 81920 MiB
2026/06/10 12:41:20.856, 0 %, 0 MiB, 81920 MiB
2026/06/10 12:41:25.856, 0 %, 531 MiB, 81920 MiB
2026/06/10 12:41:25.856, 0 %, 0 MiB, 81920 MiB
2026/06/10 12:41:30.857, 0 %, 531 MiB, 81920 MiB
2026/06/10 12:41:30.857, 0 %, 0 MiB, 81920 MiB
2026/06/10 12:41:35.858, 0 %, 531 MiB, 81920 MiB
2026/06/10 12:41:35.858, 0 %, 0 MiB, 81920 MiB
2026/06/10 12:41:40.859, 0 %, 531 MiB, 81920 MiB
2026/06/10 12:41:40.859, 0 %, 0 MiB, 81920 MiB
2026/06/10 12:41:45.859, 0 %, 531 MiB, 81920 MiB
2026/06/10 12:41:45.860, 0 %, 0 MiB, 81920 MiB
2026/06/10 12:41:50.860, 0 %, 531 MiB, 81920 MiB
2026/06/10 12:41:50.860, 0 %, 0 MiB, 81920 MiB
2026/06/10 12:41:55.861, 0 %, 531 MiB, 81920 MiB
2026/06/10 12:41:55.861, 0 %, 0 MiB, 81920 MiB
2026/06/10 12:42:00.862, 0 %, 531 MiB, 81920 MiB
2026/06/10 12:42:00.862, 0 %, 0 MiB, 81920 MiB
2026/06/10 12:42:05.863, 0 %, 531 MiB, 81920 MiB
2026/06/10 12:42:05.863, 0 %, 0 MiB, 81920 MiB
2026/06/10 12:42:10.863, 0 %, 531 MiB, 81920 MiB
2026/06/10 12:42:10.863, 0 %, 0 MiB, 81920 MiB
2026/06/10 12:42:15.864, 0 %, 531 MiB, 81920 MiB
2026/06/10 12:42:15.864, 0 %, 0 MiB, 81920 MiB
2026/06/10 12:42:20.865, 0 %, 531 MiB, 81920 MiB
2026/06/10 12:42:20.865, 0 %, 0 MiB, 81920 MiB
2026/06/10 12:42:25.866, 0 %, 531 MiB, 81920 MiB
2026/06/10 12:42:25.866, 0 %, 0 MiB, 81920 MiB
2026/06/10 12:42:30.867, 0 %, 531 MiB, 81920 MiB
2026/06/10 12:42:30.867, 0 %, 0 MiB, 81920 MiB
2026/06/10 12:42:35.867, 0 %, 531 MiB, 81920 MiB
2026/06/10 12:42:35.867, 0 %, 0 MiB, 81920 MiB
2026/06/10 12:42:40.868, 0 %, 531 MiB, 81920 MiB
2026/06/10 12:42:40.868, 0 %, 0 MiB, 81920 MiB
2026/06/10 12:42:45.869, 0 %, 531 MiB, 81920 MiB
2026/06/10 12:42:45.869, 0 %, 0 MiB, 81920 MiB
2026/06/10 12:42:50.870, 0 %, 531 MiB, 81920 MiB
2026/06/10 12:42:50.870, 0 %, 0 MiB, 81920 MiB
2026/06/10 12:42:55.871, 0 %, 531 MiB, 81920 MiB
2026/06/10 12:42:55.871, 0 %, 0 MiB, 81920 MiB
2026/06/10 12:43:00.871, 0 %, 531 MiB, 81920 MiB
2026/06/10 12:43:00.871, 0 %, 0 MiB, 81920 MiB
2026/06/10 12:43:05.872, 0 %, 531 MiB, 81920 MiB
2026/06/10 12:43:05.872, 0 %, 0 MiB, 81920 MiB
2026/06/10 12:43:10.873, 0 %, 531 MiB, 81920 MiB
2026/06/10 12:43:10.873, 0 %, 0 MiB, 81920 MiB
2026/06/10 12:43:15.874, 0 %, 531 MiB, 81920 MiB
2026/06/10 12:43:15.874, 0 %, 0 MiB, 81920 MiB
2026/06/10 12:43:20.875, 0 %, 531 MiB, 81920 MiB
2026/06/10 12:43:20.875, 0 %, 0 MiB, 81920 MiB
2026/06/10 12:43:25.875, 0 %, 531 MiB, 81920 MiB
2026/06/10 12:43:25.876, 0 %, 0 MiB, 81920 MiB
2026/06/10 12:43:30.876, 0 %, 531 MiB, 81920 MiB
2026/06/10 12:43:30.876, 0 %, 0 MiB, 81920 MiB
2026/06/10 12:43:35.878, 0 %, 497 MiB, 81920 MiB
2026/06/10 12:43:35.878, 0 %, 0 MiB, 81920 MiB
2026/06/10 12:43:40.880, 0 %, 497 MiB, 81920 MiB
2026/06/10 12:43:40.880, 0 %, 0 MiB, 81920 MiB
2026/06/10 12:43:45.881, 0 %, 497 MiB, 81920 MiB
2026/06/10 12:43:45.881, 0 %, 0 MiB, 81920 MiB
2026/06/10 12:43:50.882, 0 %, 497 MiB, 81920 MiB
2026/06/10 12:43:50.882, 0 %, 0 MiB, 81920 MiB
2026/06/10 12:43:55.883, 0 %, 497 MiB, 81920 MiB
2026/06/10 12:43:55.883, 0 %, 0 MiB, 81920 MiB
2026/06/10 12:44:00.884, 0 %, 497 MiB, 81920 MiB
2026/06/10 12:44:00.884, 0 %, 0 MiB, 81920 MiB
2026/06/10 12:44:05.885, 0 %, 497 MiB, 81920 MiB
2026/06/10 12:44:05.885, 0 %, 0 MiB, 81920 MiB
2026/06/10 12:44:10.886, 0 %, 497 MiB, 81920 MiB
2026/06/10 12:44:10.886, 0 %, 0 MiB, 81920 MiB
2026/06/10 12:44:15.887, 0 %, 497 MiB, 81920 MiB
2026/06/10 12:44:15.887, 0 %, 0 MiB, 81920 MiB
2026/06/10 12:44:20.888, 0 %, 497 MiB, 81920 MiB
2026/06/10 12:44:20.889, 0 %, 0 MiB, 81920 MiB
2026/06/10 12:44:25.889, 0 %, 497 MiB, 81920 MiB
2026/06/10 12:44:25.890, 0 %, 0 MiB, 81920 MiB
2026/06/10 12:44:30.890, 0 %, 497 MiB, 81920 MiB
2026/06/10 12:44:30.890, 0 %, 0 MiB, 81920 MiB
2026/06/10 12:44:35.891, 0 %, 497 MiB, 81920 MiB
2026/06/10 12:44:35.891, 0 %, 0 MiB, 81920 MiB
2026/06/10 12:44:40.892, 0 %, 497 MiB, 81920 MiB
2026/06/10 12:44:40.893, 0 %, 0 MiB, 81920 MiB
2026/06/10 12:44:45.893, 0 %, 497 MiB, 81920 MiB
2026/06/10 12:44:45.893, 0 %, 0 MiB, 81920 MiB
2026/06/10 12:44:50.894, 0 %, 497 MiB, 81920 MiB
2026/06/10 12:44:50.895, 0 %, 0 MiB, 81920 MiB
2026/06/10 12:44:55.896, 0 %, 497 MiB, 81920 MiB
2026/06/10 12:44:55.897, 0 %, 0 MiB, 81920 MiB
2026/06/10 12:45:00.897, 0 %, 497 MiB, 81920 MiB
2026/06/10 12:45:00.898, 0 %, 0 MiB, 81920 MiB
2026/06/10 12:45:05.898, 0 %, 497 MiB, 81920 MiB
2026/06/10 12:45:05.898, 0 %, 0 MiB, 81920 MiB
2026/06/10 12:45:10.899, 0 %, 497 MiB, 81920 MiB
2026/06/10 12:45:10.899, 0 %, 0 MiB, 81920 MiB
2026/06/10 12:45:15.900, 0 %, 497 MiB, 81920 MiB
2026/06/10 12:45:15.900, 0 %, 0 MiB, 81920 MiB
2026/06/10 12:45:20.901, 0 %, 497 MiB, 81920 MiB
2026/06/10 12:45:20.901, 0 %, 0 MiB, 81920 MiB
2026/06/10 12:45:25.902, 0 %, 497 MiB, 81920 MiB
2026/06/10 12:45:25.902, 0 %, 0 MiB, 81920 MiB
2026/06/10 12:45:30.903, 0 %, 497 MiB, 81920 MiB
2026/06/10 12:45:30.903, 0 %, 0 MiB, 81920 MiB
2026/06/10 12:45:35.904, 0 %, 497 MiB, 81920 MiB
2026/06/10 12:45:35.904, 0 %, 0 MiB, 81920 MiB
2026/06/10 12:45:40.905, 0 %, 497 MiB, 81920 MiB
2026/06/10 12:45:40.905, 0 %, 0 MiB, 81920 MiB
2026/06/10 12:45:45.906, 0 %, 497 MiB, 81920 MiB
2026/06/10 12:45:45.906, 0 %, 0 MiB, 81920 MiB
2026/06/10 12:45:50.907, 0 %, 497 MiB, 81920 MiB
2026/06/10 12:45:50.907, 0 %, 0 MiB, 81920 MiB
2026/06/10 12:45:55.908, 0 %, 497 MiB, 81920 MiB
2026/06/10 12:45:55.908, 0 %, 0 MiB, 81920 MiB
2026/06/10 12:46:00.910, 0 %, 497 MiB, 81920 MiB
2026/06/10 12:46:00.910, 0 %, 0 MiB, 81920 MiB
2026/06/10 12:46:05.911, 0 %, 497 MiB, 81920 MiB
2026/06/10 12:46:05.911, 0 %, 0 MiB, 81920 MiB
2026/06/10 12:46:10.911, 0 %, 497 MiB, 81920 MiB
2026/06/10 12:46:10.912, 0 %, 0 MiB, 81920 MiB
2026/06/10 12:46:15.912, 0 %, 497 MiB, 81920 MiB
2026/06/10 12:46:15.912, 0 %, 0 MiB, 81920 MiB
2026/06/10 12:46:20.913, 0 %, 497 MiB, 81920 MiB
2026/06/10 12:46:20.914, 0 %, 0 MiB, 81920 MiB
2026/06/10 12:46:25.914, 0 %, 497 MiB, 81920 MiB
2026/06/10 12:46:25.915, 0 %, 0 MiB, 81920 MiB
2026/06/10 12:46:30.915, 0 %, 497 MiB, 81920 MiB
2026/06/10 12:46:30.915, 0 %, 0 MiB, 81920 MiB
2026/06/10 12:46:35.916, 0 %, 497 MiB, 81920 MiB
2026/06/10 12:46:35.916, 0 %, 0 MiB, 81920 MiB
2026/06/10 12:46:40.917, 0 %, 497 MiB, 81920 MiB
2026/06/10 12:46:40.917, 0 %, 0 MiB, 81920 MiB
2026/06/10 12:46:45.917, 22 %, 531 MiB, 81920 MiB
2026/06/10 12:46:45.918, 0 %, 0 MiB, 81920 MiB
2026/06/10 12:46:50.918, 0 %, 531 MiB, 81920 MiB
2026/06/10 12:46:50.919, 0 %, 0 MiB, 81920 MiB
2026/06/10 12:46:55.919, 0 %, 531 MiB, 81920 MiB
2026/06/10 12:46:55.919, 0 %, 0 MiB, 81920 MiB
2026/06/10 12:47:00.920, 0 %, 531 MiB, 81920 MiB
2026/06/10 12:47:00.920, 0 %, 0 MiB, 81920 MiB
2026/06/10 12:47:05.921, 0 %, 531 MiB, 81920 MiB
2026/06/10 12:47:05.921, 0 %, 0 MiB, 81920 MiB
2026/06/10 12:47:10.921, 0 %, 531 MiB, 81920 MiB
2026/06/10 12:47:10.921, 0 %, 0 MiB, 81920 MiB
2026/06/10 12:47:15.922, 0 %, 531 MiB, 81920 MiB
2026/06/10 12:47:15.922, 0 %, 0 MiB, 81920 MiB
2026/06/10 12:47:20.923, 0 %, 531 MiB, 81920 MiB
2026/06/10 12:47:20.923, 0 %, 0 MiB, 81920 MiB
2026/06/10 12:47:25.924, 0 %, 531 MiB, 81920 MiB
2026/06/10 12:47:25.924, 0 %, 0 MiB, 81920 MiB
2026/06/10 12:47:30.925, 0 %, 531 MiB, 81920 MiB
2026/06/10 12:47:30.925, 0 %, 0 MiB, 81920 MiB
2026/06/10 12:47:35.925, 0 %, 531 MiB, 81920 MiB
2026/06/10 12:47:35.926, 0 %, 0 MiB, 81920 MiB
2026/06/10 12:47:40.926, 0 %, 531 MiB, 81920 MiB
2026/06/10 12:47:40.926, 0 %, 0 MiB, 81920 MiB
2026/06/10 12:47:45.927, 0 %, 531 MiB, 81920 MiB
2026/06/10 12:47:45.927, 0 %, 0 MiB, 81920 MiB
2026/06/10 12:47:50.927, 0 %, 531 MiB, 81920 MiB
2026/06/10 12:47:50.928, 0 %, 0 MiB, 81920 MiB
2026/06/10 12:47:55.928, 0 %, 531 MiB, 81920 MiB
2026/06/10 12:47:55.928, 0 %, 0 MiB, 81920 MiB
2026/06/10 12:48:00.929, 0 %, 531 MiB, 81920 MiB
2026/06/10 12:48:00.929, 0 %, 0 MiB, 81920 MiB
2026/06/10 12:48:05.930, 0 %, 531 MiB, 81920 MiB
2026/06/10 12:48:05.930, 0 %, 0 MiB, 81920 MiB
2026/06/10 12:48:10.931, 0 %, 531 MiB, 81920 MiB
2026/06/10 12:48:10.931, 0 %, 0 MiB, 81920 MiB
2026/06/10 12:48:15.931, 0 %, 531 MiB, 81920 MiB
2026/06/10 12:48:15.931, 0 %, 0 MiB, 81920 MiB
2026/06/10 12:48:20.932, 0 %, 531 MiB, 81920 MiB
2026/06/10 12:48:20.932, 0 %, 0 MiB, 81920 MiB
2026/06/10 12:48:25.933, 0 %, 531 MiB, 81920 MiB
2026/06/10 12:48:25.933, 0 %, 0 MiB, 81920 MiB
2026/06/10 12:48:30.934, 0 %, 531 MiB, 81920 MiB
2026/06/10 12:48:30.934, 0 %, 0 MiB, 81920 MiB
2026/06/10 12:48:35.934, 0 %, 531 MiB, 81920 MiB
2026/06/10 12:48:35.934, 0 %, 0 MiB, 81920 MiB
2026/06/10 12:48:40.935, 0 %, 531 MiB, 81920 MiB
2026/06/10 12:48:40.935, 0 %, 0 MiB, 81920 MiB
2026/06/10 12:48:45.936, 0 %, 531 MiB, 81920 MiB
2026/06/10 12:48:45.936, 0 %, 0 MiB, 81920 MiB
2026/06/10 12:48:50.937, 0 %, 531 MiB, 81920 MiB
2026/06/10 12:48:50.937, 0 %, 0 MiB, 81920 MiB
2026/06/10 12:48:55.937, 0 %, 531 MiB, 81920 MiB
2026/06/10 12:48:55.938, 0 %, 0 MiB, 81920 MiB
2026/06/10 12:49:00.938, 0 %, 531 MiB, 81920 MiB
2026/06/10 12:49:00.938, 0 %, 0 MiB, 81920 MiB
2026/06/10 12:49:05.939, 0 %, 531 MiB, 81920 MiB
2026/06/10 12:49:05.939, 0 %, 0 MiB, 81920 MiB
2026/06/10 12:49:10.940, 0 %, 531 MiB, 81920 MiB
2026/06/10 12:49:10.940, 0 %, 0 MiB, 81920 MiB
2026/06/10 12:49:15.941, 0 %, 531 MiB, 81920 MiB
2026/06/10 12:49:15.941, 0 %, 0 MiB, 81920 MiB
2026/06/10 12:49:20.941, 0 %, 531 MiB, 81920 MiB
2026/06/10 12:49:20.942, 0 %, 0 MiB, 81920 MiB
2026/06/10 12:49:25.942, 0 %, 531 MiB, 81920 MiB
2026/06/10 12:49:25.942, 0 %, 0 MiB, 81920 MiB
2026/06/10 12:49:30.943, 0 %, 531 MiB, 81920 MiB
2026/06/10 12:49:30.943, 0 %, 0 MiB, 81920 MiB
2026/06/10 12:49:35.944, 0 %, 531 MiB, 81920 MiB
2026/06/10 12:49:35.944, 0 %, 0 MiB, 81920 MiB
2026/06/10 12:49:40.944, 0 %, 531 MiB, 81920 MiB
2026/06/10 12:49:40.945, 0 %, 0 MiB, 81920 MiB
2026/06/10 12:49:45.945, 0 %, 531 MiB, 81920 MiB
2026/06/10 12:49:45.945, 0 %, 0 MiB, 81920 MiB
2026/06/10 12:49:50.946, 0 %, 531 MiB, 81920 MiB
2026/06/10 12:49:50.946, 0 %, 0 MiB, 81920 MiB
2026/06/10 12:49:55.947, 0 %, 531 MiB, 81920 MiB
2026/06/10 12:49:55.947, 0 %, 0 MiB, 81920 MiB
2026/06/10 12:50:00.947, 0 %, 531 MiB, 81920 MiB
2026/06/10 12:50:00.948, 0 %, 0 MiB, 81920 MiB
2026/06/10 12:50:05.948, 0 %, 531 MiB, 81920 MiB
2026/06/10 12:50:05.948, 0 %, 0 MiB, 81920 MiB
2026/06/10 12:50:10.949, 0 %, 531 MiB, 81920 MiB
2026/06/10 12:50:10.949, 0 %, 0 MiB, 81920 MiB
2026/06/10 12:50:15.950, 0 %, 531 MiB, 81920 MiB
2026/06/10 12:50:15.950, 0 %, 0 MiB, 81920 MiB
2026/06/10 12:50:20.950, 0 %, 531 MiB, 81920 MiB
2026/06/10 12:50:20.951, 0 %, 0 MiB, 81920 MiB
2026/06/10 12:50:25.951, 0 %, 531 MiB, 81920 MiB
2026/06/10 12:50:25.951, 0 %, 0 MiB, 81920 MiB
2026/06/10 12:50:30.952, 0 %, 531 MiB, 81920 MiB
2026/06/10 12:50:30.952, 0 %, 0 MiB, 81920 MiB
2026/06/10 12:50:35.953, 0 %, 531 MiB, 81920 MiB
2026/06/10 12:50:35.953, 0 %, 0 MiB, 81920 MiB
2026/06/10 12:50:40.954, 0 %, 531 MiB, 81920 MiB
2026/06/10 12:50:40.954, 0 %, 0 MiB, 81920 MiB
2026/06/10 12:50:45.955, 0 %, 531 MiB, 81920 MiB
2026/06/10 12:50:45.955, 0 %, 0 MiB, 81920 MiB
2026/06/10 12:50:50.955, 0 %, 531 MiB, 81920 MiB
2026/06/10 12:50:50.955, 0 %, 0 MiB, 81920 MiB
2026/06/10 12:50:55.956, 0 %, 531 MiB, 81920 MiB
2026/06/10 12:50:55.956, 0 %, 0 MiB, 81920 MiB
2026/06/10 12:51:00.957, 0 %, 531 MiB, 81920 MiB
2026/06/10 12:51:00.957, 0 %, 0 MiB, 81920 MiB
2026/06/10 12:51:05.958, 0 %, 531 MiB, 81920 MiB
2026/06/10 12:51:05.958, 0 %, 0 MiB, 81920 MiB
2026/06/10 12:51:10.958, 0 %, 531 MiB, 81920 MiB
2026/06/10 12:51:10.958, 0 %, 0 MiB, 81920 MiB
2026/06/10 12:51:15.959, 0 %, 531 MiB, 81920 MiB
2026/06/10 12:51:15.959, 0 %, 0 MiB, 81920 MiB
2026/06/10 12:51:20.960, 0 %, 531 MiB, 81920 MiB
2026/06/10 12:51:20.960, 0 %, 0 MiB, 81920 MiB
2026/06/10 12:51:25.961, 0 %, 531 MiB, 81920 MiB
2026/06/10 12:51:25.961, 0 %, 0 MiB, 81920 MiB
2026/06/10 12:51:30.962, 0 %, 531 MiB, 81920 MiB
2026/06/10 12:51:30.962, 0 %, 0 MiB, 81920 MiB
2026/06/10 12:51:35.962, 0 %, 531 MiB, 81920 MiB
2026/06/10 12:51:35.962, 0 %, 0 MiB, 81920 MiB
2026/06/10 12:51:40.963, 0 %, 531 MiB, 81920 MiB
2026/06/10 12:51:40.963, 0 %, 0 MiB, 81920 MiB
2026/06/10 12:51:45.964, 0 %, 531 MiB, 81920 MiB
2026/06/10 12:51:45.964, 0 %, 0 MiB, 81920 MiB
2026/06/10 12:51:50.965, 0 %, 531 MiB, 81920 MiB
2026/06/10 12:51:50.965, 0 %, 0 MiB, 81920 MiB
2026/06/10 12:51:55.965, 0 %, 531 MiB, 81920 MiB
2026/06/10 12:51:55.966, 0 %, 0 MiB, 81920 MiB
2026/06/10 12:52:00.966, 0 %, 531 MiB, 81920 MiB
2026/06/10 12:52:00.966, 0 %, 0 MiB, 81920 MiB
2026/06/10 12:52:05.967, 0 %, 531 MiB, 81920 MiB
2026/06/10 12:52:05.967, 0 %, 0 MiB, 81920 MiB
2026/06/10 12:52:10.968, 0 %, 531 MiB, 81920 MiB
2026/06/10 12:52:10.968, 0 %, 0 MiB, 81920 MiB
2026/06/10 12:52:15.969, 0 %, 531 MiB, 81920 MiB
2026/06/10 12:52:15.969, 0 %, 0 MiB, 81920 MiB
2026/06/10 12:52:20.970, 0 %, 531 MiB, 81920 MiB
2026/06/10 12:52:20.970, 0 %, 0 MiB, 81920 MiB
2026/06/10 12:52:25.970, 0 %, 531 MiB, 81920 MiB
2026/06/10 12:52:25.970, 0 %, 0 MiB, 81920 MiB
2026/06/10 12:52:30.971, 0 %, 531 MiB, 81920 MiB
2026/06/10 12:52:30.971, 0 %, 0 MiB, 81920 MiB
2026/06/10 12:52:35.972, 0 %, 531 MiB, 81920 MiB
2026/06/10 12:52:35.972, 0 %, 0 MiB, 81920 MiB
2026/06/10 12:52:40.973, 0 %, 531 MiB, 81920 MiB
2026/06/10 12:52:40.973, 0 %, 0 MiB, 81920 MiB
2026/06/10 12:52:45.973, 0 %, 531 MiB, 81920 MiB
2026/06/10 12:52:45.973, 0 %, 0 MiB, 81920 MiB
2026/06/10 12:52:50.974, 0 %, 531 MiB, 81920 MiB
2026/06/10 12:52:50.974, 0 %, 0 MiB, 81920 MiB
2026/06/10 12:52:55.975, 0 %, 531 MiB, 81920 MiB
2026/06/10 12:52:55.975, 0 %, 0 MiB, 81920 MiB
2026/06/10 12:53:00.976, 0 %, 531 MiB, 81920 MiB
2026/06/10 12:53:00.976, 0 %, 0 MiB, 81920 MiB
2026/06/10 12:53:05.977, 0 %, 531 MiB, 81920 MiB
2026/06/10 12:53:05.977, 0 %, 0 MiB, 81920 MiB
2026/06/10 12:53:10.977, 0 %, 531 MiB, 81920 MiB
2026/06/10 12:53:10.978, 0 %, 0 MiB, 81920 MiB
2026/06/10 12:53:15.978, 0 %, 531 MiB, 81920 MiB
2026/06/10 12:53:15.978, 0 %, 0 MiB, 81920 MiB
2026/06/10 12:53:20.979, 0 %, 531 MiB, 81920 MiB
2026/06/10 12:53:20.979, 0 %, 0 MiB, 81920 MiB
2026/06/10 12:53:25.980, 0 %, 531 MiB, 81920 MiB
2026/06/10 12:53:25.980, 0 %, 0 MiB, 81920 MiB
2026/06/10 12:53:30.981, 0 %, 531 MiB, 81920 MiB
2026/06/10 12:53:30.981, 0 %, 0 MiB, 81920 MiB
2026/06/10 12:53:35.981, 0 %, 531 MiB, 81920 MiB
2026/06/10 12:53:35.982, 0 %, 0 MiB, 81920 MiB
2026/06/10 12:53:40.982, 0 %, 531 MiB, 81920 MiB
2026/06/10 12:53:40.982, 0 %, 0 MiB, 81920 MiB
2026/06/10 12:53:45.983, 0 %, 531 MiB, 81920 MiB
2026/06/10 12:53:45.983, 0 %, 0 MiB, 81920 MiB
2026/06/10 12:53:50.984, 0 %, 531 MiB, 81920 MiB
2026/06/10 12:53:50.984, 0 %, 0 MiB, 81920 MiB
2026/06/10 12:53:55.985, 0 %, 531 MiB, 81920 MiB
2026/06/10 12:53:55.985, 0 %, 0 MiB, 81920 MiB
2026/06/10 12:54:00.986, 0 %, 531 MiB, 81920 MiB
2026/06/10 12:54:00.986, 0 %, 0 MiB, 81920 MiB
2026/06/10 12:54:05.986, 0 %, 531 MiB, 81920 MiB
2026/06/10 12:54:05.986, 0 %, 0 MiB, 81920 MiB
2026/06/10 12:54:10.987, 0 %, 531 MiB, 81920 MiB
2026/06/10 12:54:10.987, 0 %, 0 MiB, 81920 MiB
2026/06/10 12:54:15.988, 0 %, 531 MiB, 81920 MiB
2026/06/10 12:54:15.988, 0 %, 0 MiB, 81920 MiB
2026/06/10 12:54:20.989, 0 %, 531 MiB, 81920 MiB
2026/06/10 12:54:20.989, 0 %, 0 MiB, 81920 MiB
2026/06/10 12:54:25.989, 0 %, 531 MiB, 81920 MiB
2026/06/10 12:54:25.990, 0 %, 0 MiB, 81920 MiB
2026/06/10 12:54:30.990, 0 %, 531 MiB, 81920 MiB
2026/06/10 12:54:30.990, 0 %, 0 MiB, 81920 MiB
2026/06/10 12:54:35.991, 0 %, 531 MiB, 81920 MiB
2026/06/10 12:54:35.991, 0 %, 0 MiB, 81920 MiB
2026/06/10 12:54:40.992, 0 %, 531 MiB, 81920 MiB
2026/06/10 12:54:40.992, 0 %, 0 MiB, 81920 MiB
2026/06/10 12:54:45.992, 0 %, 531 MiB, 81920 MiB
2026/06/10 12:54:45.992, 0 %, 0 MiB, 81920 MiB
2026/06/10 12:54:50.993, 0 %, 531 MiB, 81920 MiB
2026/06/10 12:54:50.993, 0 %, 0 MiB, 81920 MiB
2026/06/10 12:54:55.994, 0 %, 531 MiB, 81920 MiB
2026/06/10 12:54:55.994, 0 %, 0 MiB, 81920 MiB
2026/06/10 12:55:00.995, 0 %, 531 MiB, 81920 MiB
2026/06/10 12:55:00.995, 0 %, 0 MiB, 81920 MiB
2026/06/10 12:55:05.995, 0 %, 531 MiB, 81920 MiB
2026/06/10 12:55:05.995, 0 %, 0 MiB, 81920 MiB
2026/06/10 12:55:10.996, 0 %, 531 MiB, 81920 MiB
2026/06/10 12:55:10.996, 0 %, 0 MiB, 81920 MiB
2026/06/10 12:55:15.997, 0 %, 531 MiB, 81920 MiB
2026/06/10 12:55:15.997, 0 %, 0 MiB, 81920 MiB
2026/06/10 12:55:20.998, 0 %, 531 MiB, 81920 MiB
2026/06/10 12:55:20.998, 0 %, 0 MiB, 81920 MiB
2026/06/10 12:55:25.999, 0 %, 531 MiB, 81920 MiB
2026/06/10 12:55:25.999, 0 %, 0 MiB, 81920 MiB
2026/06/10 12:55:30.999, 0 %, 531 MiB, 81920 MiB
2026/06/10 12:55:31.000, 0 %, 0 MiB, 81920 MiB
2026/06/10 12:55:36.000, 0 %, 531 MiB, 81920 MiB
2026/06/10 12:55:36.000, 0 %, 0 MiB, 81920 MiB
2026/06/10 12:55:41.001, 0 %, 531 MiB, 81920 MiB
2026/06/10 12:55:41.001, 0 %, 0 MiB, 81920 MiB
2026/06/10 12:55:46.002, 0 %, 531 MiB, 81920 MiB
2026/06/10 12:55:46.002, 0 %, 0 MiB, 81920 MiB
2026/06/10 12:55:51.003, 0 %, 531 MiB, 81920 MiB
2026/06/10 12:55:51.003, 0 %, 0 MiB, 81920 MiB
2026/06/10 12:55:56.003, 0 %, 531 MiB, 81920 MiB
2026/06/10 12:55:56.004, 0 %, 0 MiB, 81920 MiB
2026/06/10 12:56:01.004, 0 %, 531 MiB, 81920 MiB
2026/06/10 12:56:01.004, 0 %, 0 MiB, 81920 MiB
2026/06/10 12:56:06.005, 0 %, 531 MiB, 81920 MiB
2026/06/10 12:56:06.006, 0 %, 0 MiB, 81920 MiB
2026/06/10 12:56:11.006, 0 %, 531 MiB, 81920 MiB
2026/06/10 12:56:11.006, 0 %, 0 MiB, 81920 MiB
2026/06/10 12:56:16.007, 0 %, 531 MiB, 81920 MiB
2026/06/10 12:56:16.007, 0 %, 0 MiB, 81920 MiB
2026/06/10 12:56:21.008, 0 %, 531 MiB, 81920 MiB
2026/06/10 12:56:21.008, 0 %, 0 MiB, 81920 MiB
2026/06/10 12:56:26.008, 0 %, 531 MiB, 81920 MiB
2026/06/10 12:56:26.009, 0 %, 0 MiB, 81920 MiB
2026/06/10 12:56:31.009, 0 %, 531 MiB, 81920 MiB
2026/06/10 12:56:31.009, 0 %, 0 MiB, 81920 MiB
2026/06/10 12:56:36.010, 0 %, 531 MiB, 81920 MiB
2026/06/10 12:56:36.010, 0 %, 0 MiB, 81920 MiB
2026/06/10 12:56:41.011, 0 %, 531 MiB, 81920 MiB
2026/06/10 12:56:41.011, 0 %, 0 MiB, 81920 MiB
2026/06/10 12:56:46.012, 0 %, 531 MiB, 81920 MiB
2026/06/10 12:56:46.012, 0 %, 0 MiB, 81920 MiB
2026/06/10 12:56:51.013, 0 %, 531 MiB, 81920 MiB
2026/06/10 12:56:51.013, 0 %, 0 MiB, 81920 MiB
2026/06/10 12:56:56.013, 0 %, 531 MiB, 81920 MiB
2026/06/10 12:56:56.013, 0 %, 0 MiB, 81920 MiB
2026/06/10 12:57:01.014, 0 %, 497 MiB, 81920 MiB
2026/06/10 12:57:01.014, 0 %, 0 MiB, 81920 MiB
2026/06/10 12:57:06.015, 0 %, 497 MiB, 81920 MiB
2026/06/10 12:57:06.015, 0 %, 0 MiB, 81920 MiB
2026/06/10 12:57:11.016, 0 %, 497 MiB, 81920 MiB
2026/06/10 12:57:11.016, 0 %, 0 MiB, 81920 MiB
2026/06/10 12:57:16.017, 0 %, 497 MiB, 81920 MiB
2026/06/10 12:57:16.017, 0 %, 0 MiB, 81920 MiB
2026/06/10 12:57:21.018, 0 %, 497 MiB, 81920 MiB
2026/06/10 12:57:21.018, 0 %, 0 MiB, 81920 MiB
2026/06/10 12:57:26.019, 0 %, 497 MiB, 81920 MiB
2026/06/10 12:57:26.019, 0 %, 0 MiB, 81920 MiB
2026/06/10 12:57:31.020, 0 %, 497 MiB, 81920 MiB
2026/06/10 12:57:31.020, 0 %, 0 MiB, 81920 MiB
2026/06/10 12:57:36.021, 0 %, 497 MiB, 81920 MiB
2026/06/10 12:57:36.022, 0 %, 0 MiB, 81920 MiB
2026/06/10 12:57:41.022, 0 %, 497 MiB, 81920 MiB
2026/06/10 12:57:41.023, 0 %, 0 MiB, 81920 MiB
2026/06/10 12:57:46.023, 0 %, 497 MiB, 81920 MiB
2026/06/10 12:57:46.023, 0 %, 0 MiB, 81920 MiB
2026/06/10 12:57:51.025, 0 %, 497 MiB, 81920 MiB
2026/06/10 12:57:51.025, 0 %, 0 MiB, 81920 MiB
2026/06/10 12:57:56.026, 0 %, 497 MiB, 81920 MiB
2026/06/10 12:57:56.026, 0 %, 0 MiB, 81920 MiB
2026/06/10 12:58:01.027, 0 %, 497 MiB, 81920 MiB
2026/06/10 12:58:01.027, 0 %, 0 MiB, 81920 MiB
2026/06/10 12:58:06.028, 0 %, 497 MiB, 81920 MiB
2026/06/10 12:58:06.028, 0 %, 0 MiB, 81920 MiB
2026/06/10 12:58:11.029, 0 %, 497 MiB, 81920 MiB
2026/06/10 12:58:11.029, 0 %, 0 MiB, 81920 MiB
2026/06/10 12:58:16.030, 0 %, 497 MiB, 81920 MiB
2026/06/10 12:58:16.030, 0 %, 0 MiB, 81920 MiB
2026/06/10 12:58:21.031, 0 %, 497 MiB, 81920 MiB
2026/06/10 12:58:21.031, 0 %, 0 MiB, 81920 MiB
2026/06/10 12:58:26.032, 0 %, 497 MiB, 81920 MiB
2026/06/10 12:58:26.032, 0 %, 0 MiB, 81920 MiB
2026/06/10 12:58:31.033, 0 %, 497 MiB, 81920 MiB
2026/06/10 12:58:31.033, 0 %, 0 MiB, 81920 MiB
2026/06/10 12:58:36.034, 0 %, 497 MiB, 81920 MiB
2026/06/10 12:58:36.034, 0 %, 0 MiB, 81920 MiB
2026/06/10 12:58:41.035, 0 %, 497 MiB, 81920 MiB
2026/06/10 12:58:41.035, 0 %, 0 MiB, 81920 MiB
2026/06/10 12:58:46.036, 0 %, 497 MiB, 81920 MiB
2026/06/10 12:58:46.036, 0 %, 0 MiB, 81920 MiB
2026/06/10 12:58:51.036, 0 %, 497 MiB, 81920 MiB
2026/06/10 12:58:51.036, 0 %, 0 MiB, 81920 MiB
2026/06/10 12:58:56.037, 0 %, 497 MiB, 81920 MiB
2026/06/10 12:58:56.037, 0 %, 0 MiB, 81920 MiB
2026/06/10 12:59:01.038, 0 %, 497 MiB, 81920 MiB
2026/06/10 12:59:01.038, 0 %, 0 MiB, 81920 MiB
2026/06/10 12:59:06.039, 0 %, 497 MiB, 81920 MiB
2026/06/10 12:59:06.039, 0 %, 0 MiB, 81920 MiB
2026/06/10 12:59:11.040, 0 %, 497 MiB, 81920 MiB
2026/06/10 12:59:11.040, 0 %, 0 MiB, 81920 MiB
2026/06/10 12:59:16.041, 0 %, 497 MiB, 81920 MiB
2026/06/10 12:59:16.041, 0 %, 0 MiB, 81920 MiB
2026/06/10 12:59:21.041, 0 %, 497 MiB, 81920 MiB
2026/06/10 12:59:21.042, 0 %, 0 MiB, 81920 MiB
2026/06/10 12:59:26.042, 0 %, 497 MiB, 81920 MiB
2026/06/10 12:59:26.043, 0 %, 0 MiB, 81920 MiB
2026/06/10 12:59:31.044, 0 %, 497 MiB, 81920 MiB
2026/06/10 12:59:31.044, 0 %, 0 MiB, 81920 MiB
2026/06/10 12:59:36.045, 0 %, 497 MiB, 81920 MiB
2026/06/10 12:59:36.045, 0 %, 0 MiB, 81920 MiB
2026/06/10 12:59:41.046, 0 %, 497 MiB, 81920 MiB
2026/06/10 12:59:41.046, 0 %, 0 MiB, 81920 MiB
2026/06/10 12:59:46.047, 0 %, 497 MiB, 81920 MiB
2026/06/10 12:59:46.047, 0 %, 0 MiB, 81920 MiB
2026/06/10 12:59:51.048, 0 %, 497 MiB, 81920 MiB
2026/06/10 12:59:51.048, 0 %, 0 MiB, 81920 MiB
2026/06/10 12:59:56.049, 0 %, 497 MiB, 81920 MiB
2026/06/10 12:59:56.049, 0 %, 0 MiB, 81920 MiB
2026/06/10 13:00:01.050, 0 %, 497 MiB, 81920 MiB
2026/06/10 13:00:01.050, 0 %, 0 MiB, 81920 MiB
2026/06/10 13:00:06.051, 0 %, 497 MiB, 81920 MiB
2026/06/10 13:00:06.051, 0 %, 0 MiB, 81920 MiB
2026/06/10 13:00:11.051, 14 %, 531 MiB, 81920 MiB
2026/06/10 13:00:11.052, 0 %, 0 MiB, 81920 MiB
2026/06/10 13:00:16.052, 18 %, 567 MiB, 81920 MiB
2026/06/10 13:00:16.053, 0 %, 0 MiB, 81920 MiB
2026/06/10 13:00:21.053, 0 %, 531 MiB, 81920 MiB
2026/06/10 13:00:21.053, 0 %, 0 MiB, 81920 MiB
2026/06/10 13:00:26.054, 0 %, 531 MiB, 81920 MiB
2026/06/10 13:00:26.054, 0 %, 0 MiB, 81920 MiB
2026/06/10 13:00:31.055, 0 %, 531 MiB, 81920 MiB
2026/06/10 13:00:31.055, 0 %, 0 MiB, 81920 MiB
2026/06/10 13:00:36.056, 0 %, 531 MiB, 81920 MiB
2026/06/10 13:00:36.056, 0 %, 0 MiB, 81920 MiB
2026/06/10 13:00:41.057, 0 %, 531 MiB, 81920 MiB
2026/06/10 13:00:41.057, 0 %, 0 MiB, 81920 MiB
2026/06/10 13:00:46.058, 0 %, 531 MiB, 81920 MiB
2026/06/10 13:00:46.058, 0 %, 0 MiB, 81920 MiB
2026/06/10 13:00:51.059, 0 %, 531 MiB, 81920 MiB
2026/06/10 13:00:51.059, 0 %, 0 MiB, 81920 MiB
2026/06/10 13:00:56.060, 0 %, 531 MiB, 81920 MiB
2026/06/10 13:00:56.060, 0 %, 0 MiB, 81920 MiB
2026/06/10 13:01:01.061, 0 %, 531 MiB, 81920 MiB
2026/06/10 13:01:01.061, 0 %, 0 MiB, 81920 MiB
2026/06/10 13:01:06.062, 0 %, 531 MiB, 81920 MiB
2026/06/10 13:01:06.062, 0 %, 0 MiB, 81920 MiB
2026/06/10 13:01:11.063, 0 %, 531 MiB, 81920 MiB
2026/06/10 13:01:11.063, 0 %, 0 MiB, 81920 MiB
2026/06/10 13:01:16.064, 0 %, 531 MiB, 81920 MiB
2026/06/10 13:01:16.064, 0 %, 0 MiB, 81920 MiB
2026/06/10 13:01:21.065, 0 %, 531 MiB, 81920 MiB
2026/06/10 13:01:21.065, 0 %, 0 MiB, 81920 MiB
2026/06/10 13:01:26.066, 0 %, 531 MiB, 81920 MiB
2026/06/10 13:01:26.066, 0 %, 0 MiB, 81920 MiB
2026/06/10 13:01:31.067, 0 %, 531 MiB, 81920 MiB
2026/06/10 13:01:31.067, 0 %, 0 MiB, 81920 MiB
2026/06/10 13:01:36.068, 0 %, 531 MiB, 81920 MiB
2026/06/10 13:01:36.068, 0 %, 0 MiB, 81920 MiB
2026/06/10 13:01:41.069, 0 %, 531 MiB, 81920 MiB
2026/06/10 13:01:41.069, 0 %, 0 MiB, 81920 MiB
2026/06/10 13:01:46.070, 0 %, 531 MiB, 81920 MiB
2026/06/10 13:01:46.070, 0 %, 0 MiB, 81920 MiB
2026/06/10 13:01:51.071, 0 %, 531 MiB, 81920 MiB
2026/06/10 13:01:51.071, 0 %, 0 MiB, 81920 MiB
2026/06/10 13:01:56.072, 0 %, 531 MiB, 81920 MiB
2026/06/10 13:01:56.072, 0 %, 0 MiB, 81920 MiB
2026/06/10 13:02:01.073, 0 %, 531 MiB, 81920 MiB
2026/06/10 13:02:01.073, 0 %, 0 MiB, 81920 MiB
2026/06/10 13:02:06.074, 0 %, 531 MiB, 81920 MiB
2026/06/10 13:02:06.074, 0 %, 0 MiB, 81920 MiB
2026/06/10 13:02:11.075, 0 %, 531 MiB, 81920 MiB
2026/06/10 13:02:11.075, 0 %, 0 MiB, 81920 MiB
2026/06/10 13:02:16.076, 0 %, 531 MiB, 81920 MiB
2026/06/10 13:02:16.076, 0 %, 0 MiB, 81920 MiB
2026/06/10 13:02:21.077, 0 %, 531 MiB, 81920 MiB
2026/06/10 13:02:21.077, 0 %, 0 MiB, 81920 MiB
2026/06/10 13:02:26.078, 0 %, 531 MiB, 81920 MiB
2026/06/10 13:02:26.078, 0 %, 0 MiB, 81920 MiB
2026/06/10 13:02:31.078, 0 %, 531 MiB, 81920 MiB
2026/06/10 13:02:31.079, 0 %, 0 MiB, 81920 MiB
2026/06/10 13:02:36.080, 0 %, 531 MiB, 81920 MiB
2026/06/10 13:02:36.080, 0 %, 0 MiB, 81920 MiB
2026/06/10 13:02:41.081, 0 %, 531 MiB, 81920 MiB
2026/06/10 13:02:41.081, 0 %, 0 MiB, 81920 MiB
2026/06/10 13:02:46.082, 0 %, 531 MiB, 81920 MiB
2026/06/10 13:02:46.082, 0 %, 0 MiB, 81920 MiB
2026/06/10 13:02:51.083, 0 %, 531 MiB, 81920 MiB
2026/06/10 13:02:51.083, 0 %, 0 MiB, 81920 MiB
2026/06/10 13:02:56.084, 0 %, 531 MiB, 81920 MiB
2026/06/10 13:02:56.084, 0 %, 0 MiB, 81920 MiB
2026/06/10 13:03:01.085, 0 %, 531 MiB, 81920 MiB
2026/06/10 13:03:01.085, 0 %, 0 MiB, 81920 MiB
2026/06/10 13:03:06.086, 0 %, 531 MiB, 81920 MiB
2026/06/10 13:03:06.086, 0 %, 0 MiB, 81920 MiB
2026/06/10 13:03:11.087, 0 %, 531 MiB, 81920 MiB
2026/06/10 13:03:11.087, 0 %, 0 MiB, 81920 MiB
2026/06/10 13:03:16.088, 0 %, 531 MiB, 81920 MiB
2026/06/10 13:03:16.088, 0 %, 0 MiB, 81920 MiB
2026/06/10 13:03:21.089, 0 %, 531 MiB, 81920 MiB
2026/06/10 13:03:21.089, 0 %, 0 MiB, 81920 MiB
2026/06/10 13:03:26.090, 0 %, 531 MiB, 81920 MiB
2026/06/10 13:03:26.090, 0 %, 0 MiB, 81920 MiB
2026/06/10 13:03:31.091, 0 %, 531 MiB, 81920 MiB
2026/06/10 13:03:31.091, 0 %, 0 MiB, 81920 MiB
2026/06/10 13:03:36.092, 0 %, 531 MiB, 81920 MiB
2026/06/10 13:03:36.092, 0 %, 0 MiB, 81920 MiB
2026/06/10 13:03:41.093, 0 %, 531 MiB, 81920 MiB
2026/06/10 13:03:41.093, 0 %, 0 MiB, 81920 MiB
2026/06/10 13:03:46.094, 0 %, 531 MiB, 81920 MiB
2026/06/10 13:03:46.094, 0 %, 0 MiB, 81920 MiB
2026/06/10 13:03:51.095, 0 %, 531 MiB, 81920 MiB
2026/06/10 13:03:51.095, 0 %, 0 MiB, 81920 MiB
2026/06/10 13:03:56.096, 0 %, 531 MiB, 81920 MiB
2026/06/10 13:03:56.096, 0 %, 0 MiB, 81920 MiB
2026/06/10 13:04:01.097, 0 %, 531 MiB, 81920 MiB
2026/06/10 13:04:01.097, 0 %, 0 MiB, 81920 MiB
2026/06/10 13:04:06.098, 0 %, 531 MiB, 81920 MiB
2026/06/10 13:04:06.098, 0 %, 0 MiB, 81920 MiB
2026/06/10 13:04:11.099, 0 %, 531 MiB, 81920 MiB
2026/06/10 13:04:11.099, 0 %, 0 MiB, 81920 MiB
2026/06/10 13:04:16.100, 0 %, 531 MiB, 81920 MiB
2026/06/10 13:04:16.100, 0 %, 0 MiB, 81920 MiB
2026/06/10 13:04:21.101, 0 %, 531 MiB, 81920 MiB
2026/06/10 13:04:21.101, 0 %, 0 MiB, 81920 MiB
2026/06/10 13:04:26.102, 0 %, 531 MiB, 81920 MiB
2026/06/10 13:04:26.102, 0 %, 0 MiB, 81920 MiB
2026/06/10 13:04:31.103, 0 %, 531 MiB, 81920 MiB
2026/06/10 13:04:31.103, 0 %, 0 MiB, 81920 MiB
2026/06/10 13:04:36.104, 0 %, 531 MiB, 81920 MiB
2026/06/10 13:04:36.104, 0 %, 0 MiB, 81920 MiB
2026/06/10 13:04:41.105, 0 %, 531 MiB, 81920 MiB
2026/06/10 13:04:41.105, 0 %, 0 MiB, 81920 MiB
2026/06/10 13:04:46.106, 0 %, 531 MiB, 81920 MiB
2026/06/10 13:04:46.106, 0 %, 0 MiB, 81920 MiB
2026/06/10 13:04:51.107, 0 %, 531 MiB, 81920 MiB
2026/06/10 13:04:51.107, 0 %, 0 MiB, 81920 MiB
2026/06/10 13:04:56.108, 0 %, 531 MiB, 81920 MiB
2026/06/10 13:04:56.108, 0 %, 0 MiB, 81920 MiB
2026/06/10 13:05:01.109, 0 %, 531 MiB, 81920 MiB
2026/06/10 13:05:01.109, 0 %, 0 MiB, 81920 MiB
2026/06/10 13:05:06.110, 0 %, 531 MiB, 81920 MiB
2026/06/10 13:05:06.110, 0 %, 0 MiB, 81920 MiB
2026/06/10 13:05:11.111, 0 %, 531 MiB, 81920 MiB
2026/06/10 13:05:11.111, 0 %, 0 MiB, 81920 MiB
2026/06/10 13:05:16.112, 0 %, 531 MiB, 81920 MiB
2026/06/10 13:05:16.112, 0 %, 0 MiB, 81920 MiB
2026/06/10 13:05:21.113, 0 %, 531 MiB, 81920 MiB
2026/06/10 13:05:21.113, 0 %, 0 MiB, 81920 MiB
2026/06/10 13:05:26.114, 0 %, 531 MiB, 81920 MiB
2026/06/10 13:05:26.114, 0 %, 0 MiB, 81920 MiB
2026/06/10 13:05:31.115, 0 %, 531 MiB, 81920 MiB
2026/06/10 13:05:31.115, 0 %, 0 MiB, 81920 MiB
2026/06/10 13:05:36.116, 0 %, 531 MiB, 81920 MiB
2026/06/10 13:05:36.116, 0 %, 0 MiB, 81920 MiB
2026/06/10 13:05:41.117, 0 %, 531 MiB, 81920 MiB
2026/06/10 13:05:41.117, 0 %, 0 MiB, 81920 MiB
2026/06/10 13:05:46.118, 0 %, 531 MiB, 81920 MiB
2026/06/10 13:05:46.118, 0 %, 0 MiB, 81920 MiB
2026/06/10 13:05:51.119, 0 %, 531 MiB, 81920 MiB
2026/06/10 13:05:51.119, 0 %, 0 MiB, 81920 MiB
2026/06/10 13:05:56.120, 0 %, 531 MiB, 81920 MiB
2026/06/10 13:05:56.120, 0 %, 0 MiB, 81920 MiB
2026/06/10 13:06:01.121, 0 %, 531 MiB, 81920 MiB
2026/06/10 13:06:01.121, 0 %, 0 MiB, 81920 MiB
2026/06/10 13:06:06.122, 0 %, 531 MiB, 81920 MiB
2026/06/10 13:06:06.122, 0 %, 0 MiB, 81920 MiB
2026/06/10 13:06:11.123, 0 %, 531 MiB, 81920 MiB
2026/06/10 13:06:11.123, 0 %, 0 MiB, 81920 MiB
2026/06/10 13:06:16.124, 0 %, 531 MiB, 81920 MiB
2026/06/10 13:06:16.124, 0 %, 0 MiB, 81920 MiB
2026/06/10 13:06:21.125, 0 %, 531 MiB, 81920 MiB
2026/06/10 13:06:21.125, 0 %, 0 MiB, 81920 MiB
2026/06/10 13:06:26.126, 0 %, 531 MiB, 81920 MiB
2026/06/10 13:06:26.126, 0 %, 0 MiB, 81920 MiB
2026/06/10 13:06:31.127, 0 %, 531 MiB, 81920 MiB
2026/06/10 13:06:31.127, 0 %, 0 MiB, 81920 MiB
2026/06/10 13:06:36.128, 0 %, 531 MiB, 81920 MiB
2026/06/10 13:06:36.129, 0 %, 0 MiB, 81920 MiB
2026/06/10 13:06:41.129, 0 %, 531 MiB, 81920 MiB
2026/06/10 13:06:41.130, 0 %, 0 MiB, 81920 MiB
2026/06/10 13:06:46.130, 0 %, 531 MiB, 81920 MiB
2026/06/10 13:06:46.130, 0 %, 0 MiB, 81920 MiB
2026/06/10 13:06:51.131, 0 %, 531 MiB, 81920 MiB
2026/06/10 13:06:51.131, 0 %, 0 MiB, 81920 MiB
2026/06/10 13:06:56.132, 0 %, 531 MiB, 81920 MiB
2026/06/10 13:06:56.132, 0 %, 0 MiB, 81920 MiB
2026/06/10 13:07:01.133, 0 %, 531 MiB, 81920 MiB
2026/06/10 13:07:01.133, 0 %, 0 MiB, 81920 MiB
2026/06/10 13:07:06.134, 0 %, 531 MiB, 81920 MiB
2026/06/10 13:07:06.134, 0 %, 0 MiB, 81920 MiB
2026/06/10 13:07:11.135, 0 %, 531 MiB, 81920 MiB
2026/06/10 13:07:11.135, 0 %, 0 MiB, 81920 MiB
2026/06/10 13:07:16.136, 0 %, 531 MiB, 81920 MiB
2026/06/10 13:07:16.136, 0 %, 0 MiB, 81920 MiB
2026/06/10 13:07:21.137, 0 %, 531 MiB, 81920 MiB
2026/06/10 13:07:21.137, 0 %, 0 MiB, 81920 MiB
2026/06/10 13:07:26.138, 0 %, 531 MiB, 81920 MiB
2026/06/10 13:07:26.138, 0 %, 0 MiB, 81920 MiB
2026/06/10 13:07:31.139, 0 %, 531 MiB, 81920 MiB
2026/06/10 13:07:31.139, 0 %, 0 MiB, 81920 MiB
2026/06/10 13:07:36.140, 0 %, 531 MiB, 81920 MiB
2026/06/10 13:07:36.141, 0 %, 0 MiB, 81920 MiB
2026/06/10 13:07:41.141, 0 %, 531 MiB, 81920 MiB
2026/06/10 13:07:41.142, 0 %, 0 MiB, 81920 MiB
2026/06/10 13:07:46.142, 0 %, 531 MiB, 81920 MiB
2026/06/10 13:07:46.142, 0 %, 0 MiB, 81920 MiB
2026/06/10 13:07:51.143, 0 %, 531 MiB, 81920 MiB
2026/06/10 13:07:51.144, 0 %, 0 MiB, 81920 MiB
2026/06/10 13:07:56.144, 0 %, 531 MiB, 81920 MiB
2026/06/10 13:07:56.145, 0 %, 0 MiB, 81920 MiB
2026/06/10 13:08:01.145, 0 %, 531 MiB, 81920 MiB
2026/06/10 13:08:01.146, 0 %, 0 MiB, 81920 MiB
2026/06/10 13:08:06.146, 0 %, 531 MiB, 81920 MiB
2026/06/10 13:08:06.147, 0 %, 0 MiB, 81920 MiB
2026/06/10 13:08:11.148, 0 %, 531 MiB, 81920 MiB
2026/06/10 13:08:11.148, 0 %, 0 MiB, 81920 MiB
2026/06/10 13:08:16.149, 0 %, 531 MiB, 81920 MiB
2026/06/10 13:08:16.149, 0 %, 0 MiB, 81920 MiB
2026/06/10 13:08:21.150, 0 %, 531 MiB, 81920 MiB
2026/06/10 13:08:21.150, 0 %, 0 MiB, 81920 MiB
2026/06/10 13:08:26.151, 0 %, 531 MiB, 81920 MiB
2026/06/10 13:08:26.151, 0 %, 0 MiB, 81920 MiB
2026/06/10 13:08:31.152, 0 %, 531 MiB, 81920 MiB
2026/06/10 13:08:31.152, 0 %, 0 MiB, 81920 MiB
2026/06/10 13:08:36.153, 0 %, 531 MiB, 81920 MiB
2026/06/10 13:08:36.153, 0 %, 0 MiB, 81920 MiB
2026/06/10 13:08:41.154, 0 %, 531 MiB, 81920 MiB
2026/06/10 13:08:41.154, 0 %, 0 MiB, 81920 MiB
2026/06/10 13:08:46.155, 0 %, 531 MiB, 81920 MiB
2026/06/10 13:08:46.155, 0 %, 0 MiB, 81920 MiB
2026/06/10 13:08:51.156, 0 %, 531 MiB, 81920 MiB
2026/06/10 13:08:51.156, 0 %, 0 MiB, 81920 MiB
2026/06/10 13:08:56.157, 0 %, 531 MiB, 81920 MiB
2026/06/10 13:08:56.157, 0 %, 0 MiB, 81920 MiB
2026/06/10 13:09:01.158, 0 %, 531 MiB, 81920 MiB
2026/06/10 13:09:01.158, 0 %, 0 MiB, 81920 MiB
2026/06/10 13:09:06.159, 0 %, 531 MiB, 81920 MiB
2026/06/10 13:09:06.159, 0 %, 0 MiB, 81920 MiB
2026/06/10 13:09:11.160, 0 %, 531 MiB, 81920 MiB
2026/06/10 13:09:11.160, 0 %, 0 MiB, 81920 MiB
2026/06/10 13:09:16.161, 0 %, 531 MiB, 81920 MiB
2026/06/10 13:09:16.161, 0 %, 0 MiB, 81920 MiB
2026/06/10 13:09:21.162, 0 %, 531 MiB, 81920 MiB
2026/06/10 13:09:21.162, 0 %, 0 MiB, 81920 MiB
2026/06/10 13:09:26.163, 0 %, 531 MiB, 81920 MiB
2026/06/10 13:09:26.163, 0 %, 0 MiB, 81920 MiB
2026/06/10 13:09:31.164, 0 %, 531 MiB, 81920 MiB
2026/06/10 13:09:31.164, 0 %, 0 MiB, 81920 MiB
2026/06/10 13:09:36.165, 0 %, 531 MiB, 81920 MiB
2026/06/10 13:09:36.165, 0 %, 0 MiB, 81920 MiB
2026/06/10 13:09:41.166, 0 %, 531 MiB, 81920 MiB
2026/06/10 13:09:41.166, 0 %, 0 MiB, 81920 MiB
2026/06/10 13:09:46.167, 0 %, 531 MiB, 81920 MiB
2026/06/10 13:09:46.167, 0 %, 0 MiB, 81920 MiB
2026/06/10 13:09:51.168, 0 %, 531 MiB, 81920 MiB
2026/06/10 13:09:51.168, 0 %, 0 MiB, 81920 MiB
2026/06/10 13:09:56.169, 0 %, 531 MiB, 81920 MiB
2026/06/10 13:09:56.169, 0 %, 0 MiB, 81920 MiB
2026/06/10 13:10:01.170, 0 %, 531 MiB, 81920 MiB
2026/06/10 13:10:01.170, 0 %, 0 MiB, 81920 MiB
2026/06/10 13:10:06.171, 0 %, 531 MiB, 81920 MiB
2026/06/10 13:10:06.171, 0 %, 0 MiB, 81920 MiB
2026/06/10 13:10:11.172, 0 %, 531 MiB, 81920 MiB
2026/06/10 13:10:11.172, 0 %, 0 MiB, 81920 MiB
2026/06/10 13:10:16.173, 0 %, 531 MiB, 81920 MiB
2026/06/10 13:10:16.173, 0 %, 0 MiB, 81920 MiB
2026/06/10 13:10:21.174, 0 %, 531 MiB, 81920 MiB
2026/06/10 13:10:21.174, 0 %, 0 MiB, 81920 MiB
2026/06/10 13:10:26.175, 0 %, 531 MiB, 81920 MiB
2026/06/10 13:10:26.175, 0 %, 0 MiB, 81920 MiB
2026/06/10 13:10:31.177, 0 %, 497 MiB, 81920 MiB
2026/06/10 13:10:31.177, 0 %, 0 MiB, 81920 MiB
2026/06/10 13:10:36.179, 0 %, 497 MiB, 81920 MiB
2026/06/10 13:10:36.179, 0 %, 0 MiB, 81920 MiB
2026/06/10 13:10:41.180, 0 %, 497 MiB, 81920 MiB
2026/06/10 13:10:41.180, 0 %, 0 MiB, 81920 MiB
2026/06/10 13:10:46.180, 0 %, 497 MiB, 81920 MiB
2026/06/10 13:10:46.181, 0 %, 0 MiB, 81920 MiB
2026/06/10 13:10:51.181, 0 %, 497 MiB, 81920 MiB
2026/06/10 13:10:51.182, 0 %, 0 MiB, 81920 MiB
2026/06/10 13:10:56.182, 0 %, 497 MiB, 81920 MiB
2026/06/10 13:10:56.183, 0 %, 0 MiB, 81920 MiB
2026/06/10 13:11:01.184, 0 %, 497 MiB, 81920 MiB
2026/06/10 13:11:01.184, 0 %, 0 MiB, 81920 MiB
2026/06/10 13:11:06.184, 0 %, 497 MiB, 81920 MiB
2026/06/10 13:11:06.185, 0 %, 0 MiB, 81920 MiB
2026/06/10 13:11:11.185, 0 %, 497 MiB, 81920 MiB
2026/06/10 13:11:11.185, 0 %, 0 MiB, 81920 MiB
2026/06/10 13:11:16.285, 0 %, 497 MiB, 81920 MiB
2026/06/10 13:11:16.286, 0 %, 0 MiB, 81920 MiB
2026/06/10 13:11:21.286, 0 %, 497 MiB, 81920 MiB
2026/06/10 13:11:21.287, 0 %, 0 MiB, 81920 MiB
2026/06/10 13:11:26.287, 0 %, 497 MiB, 81920 MiB
2026/06/10 13:11:26.287, 0 %, 0 MiB, 81920 MiB
2026/06/10 13:11:31.288, 0 %, 497 MiB, 81920 MiB
2026/06/10 13:11:31.288, 0 %, 0 MiB, 81920 MiB
2026/06/10 13:11:36.289, 0 %, 497 MiB, 81920 MiB
2026/06/10 13:11:36.290, 0 %, 0 MiB, 81920 MiB
2026/06/10 13:11:41.290, 0 %, 497 MiB, 81920 MiB
2026/06/10 13:11:41.290, 0 %, 0 MiB, 81920 MiB
2026/06/10 13:11:46.291, 0 %, 497 MiB, 81920 MiB
2026/06/10 13:11:46.291, 0 %, 0 MiB, 81920 MiB
2026/06/10 13:11:51.292, 0 %, 497 MiB, 81920 MiB
2026/06/10 13:11:51.292, 0 %, 0 MiB, 81920 MiB
2026/06/10 13:11:56.293, 0 %, 497 MiB, 81920 MiB
2026/06/10 13:11:56.293, 0 %, 0 MiB, 81920 MiB
2026/06/10 13:12:01.294, 0 %, 497 MiB, 81920 MiB
2026/06/10 13:12:01.294, 0 %, 0 MiB, 81920 MiB
2026/06/10 13:12:06.294, 0 %, 497 MiB, 81920 MiB
2026/06/10 13:12:06.294, 0 %, 0 MiB, 81920 MiB
2026/06/10 13:12:11.295, 0 %, 497 MiB, 81920 MiB
2026/06/10 13:12:11.295, 0 %, 0 MiB, 81920 MiB
2026/06/10 13:12:16.296, 0 %, 497 MiB, 81920 MiB
2026/06/10 13:12:16.296, 0 %, 0 MiB, 81920 MiB
2026/06/10 13:12:21.297, 0 %, 497 MiB, 81920 MiB
2026/06/10 13:12:21.297, 0 %, 0 MiB, 81920 MiB
2026/06/10 13:12:26.298, 0 %, 497 MiB, 81920 MiB
2026/06/10 13:12:26.298, 0 %, 0 MiB, 81920 MiB
2026/06/10 13:12:31.299, 0 %, 497 MiB, 81920 MiB
2026/06/10 13:12:31.299, 0 %, 0 MiB, 81920 MiB
2026/06/10 13:12:36.299, 0 %, 497 MiB, 81920 MiB
2026/06/10 13:12:36.300, 0 %, 0 MiB, 81920 MiB
2026/06/10 13:12:41.300, 0 %, 497 MiB, 81920 MiB
2026/06/10 13:12:41.300, 0 %, 0 MiB, 81920 MiB
2026/06/10 13:12:46.301, 0 %, 497 MiB, 81920 MiB
2026/06/10 13:12:46.301, 0 %, 0 MiB, 81920 MiB
2026/06/10 13:12:51.302, 0 %, 497 MiB, 81920 MiB
2026/06/10 13:12:51.302, 0 %, 0 MiB, 81920 MiB
2026/06/10 13:12:56.303, 0 %, 497 MiB, 81920 MiB
2026/06/10 13:12:56.304, 0 %, 0 MiB, 81920 MiB
2026/06/10 13:13:01.305, 0 %, 497 MiB, 81920 MiB
2026/06/10 13:13:01.305, 0 %, 0 MiB, 81920 MiB
2026/06/10 13:13:06.306, 0 %, 497 MiB, 81920 MiB
2026/06/10 13:13:06.306, 0 %, 0 MiB, 81920 MiB
2026/06/10 13:13:11.306, 0 %, 497 MiB, 81920 MiB
2026/06/10 13:13:11.306, 0 %, 0 MiB, 81920 MiB
2026/06/10 13:13:16.307, 0 %, 497 MiB, 81920 MiB
2026/06/10 13:13:16.307, 0 %, 0 MiB, 81920 MiB
2026/06/10 13:13:21.308, 0 %, 497 MiB, 81920 MiB
2026/06/10 13:13:21.308, 0 %, 0 MiB, 81920 MiB
2026/06/10 13:13:26.309, 0 %, 497 MiB, 81920 MiB
2026/06/10 13:13:26.309, 0 %, 0 MiB, 81920 MiB
2026/06/10 13:13:31.310, 0 %, 497 MiB, 81920 MiB
2026/06/10 13:13:31.310, 0 %, 0 MiB, 81920 MiB
2026/06/10 13:13:36.311, 0 %, 497 MiB, 81920 MiB
2026/06/10 13:13:36.311, 0 %, 0 MiB, 81920 MiB
2026/06/10 13:13:41.312, 1 %, 567 MiB, 81920 MiB
2026/06/10 13:13:41.312, 0 %, 0 MiB, 81920 MiB
2026/06/10 13:13:46.312, 0 %, 531 MiB, 81920 MiB
2026/06/10 13:13:46.313, 0 %, 0 MiB, 81920 MiB
2026/06/10 13:13:51.313, 0 %, 531 MiB, 81920 MiB
2026/06/10 13:13:51.313, 0 %, 0 MiB, 81920 MiB
2026/06/10 13:13:56.314, 0 %, 531 MiB, 81920 MiB
2026/06/10 13:13:56.314, 0 %, 0 MiB, 81920 MiB
2026/06/10 13:14:01.315, 0 %, 531 MiB, 81920 MiB
2026/06/10 13:14:01.315, 0 %, 0 MiB, 81920 MiB
2026/06/10 13:14:06.316, 0 %, 531 MiB, 81920 MiB
2026/06/10 13:14:06.316, 0 %, 0 MiB, 81920 MiB
2026/06/10 13:14:11.317, 0 %, 531 MiB, 81920 MiB
2026/06/10 13:14:11.317, 0 %, 0 MiB, 81920 MiB
2026/06/10 13:14:16.318, 0 %, 531 MiB, 81920 MiB
2026/06/10 13:14:16.318, 0 %, 0 MiB, 81920 MiB
2026/06/10 13:14:21.319, 0 %, 531 MiB, 81920 MiB
2026/06/10 13:14:21.319, 0 %, 0 MiB, 81920 MiB
2026/06/10 13:14:26.320, 0 %, 531 MiB, 81920 MiB
2026/06/10 13:14:26.320, 0 %, 0 MiB, 81920 MiB
2026/06/10 13:14:31.320, 0 %, 531 MiB, 81920 MiB
2026/06/10 13:14:31.321, 0 %, 0 MiB, 81920 MiB
2026/06/10 13:14:36.321, 0 %, 531 MiB, 81920 MiB
2026/06/10 13:14:36.321, 0 %, 0 MiB, 81920 MiB
2026/06/10 13:14:41.322, 0 %, 531 MiB, 81920 MiB
2026/06/10 13:14:41.322, 0 %, 0 MiB, 81920 MiB
2026/06/10 13:14:46.323, 0 %, 531 MiB, 81920 MiB
2026/06/10 13:14:46.323, 0 %, 0 MiB, 81920 MiB
2026/06/10 13:14:51.324, 0 %, 531 MiB, 81920 MiB
2026/06/10 13:14:51.324, 0 %, 0 MiB, 81920 MiB
2026/06/10 13:14:56.325, 0 %, 531 MiB, 81920 MiB
2026/06/10 13:14:56.325, 0 %, 0 MiB, 81920 MiB
2026/06/10 13:15:01.325, 0 %, 531 MiB, 81920 MiB
2026/06/10 13:15:01.326, 0 %, 0 MiB, 81920 MiB
2026/06/10 13:15:06.326, 0 %, 531 MiB, 81920 MiB
2026/06/10 13:15:06.326, 0 %, 0 MiB, 81920 MiB
2026/06/10 13:15:11.327, 0 %, 531 MiB, 81920 MiB
2026/06/10 13:15:11.327, 0 %, 0 MiB, 81920 MiB
2026/06/10 13:15:16.328, 0 %, 531 MiB, 81920 MiB
2026/06/10 13:15:16.328, 0 %, 0 MiB, 81920 MiB
2026/06/10 13:15:21.329, 0 %, 531 MiB, 81920 MiB
2026/06/10 13:15:21.329, 0 %, 0 MiB, 81920 MiB
2026/06/10 13:15:26.330, 0 %, 531 MiB, 81920 MiB
2026/06/10 13:15:26.330, 0 %, 0 MiB, 81920 MiB
2026/06/10 13:15:31.331, 0 %, 531 MiB, 81920 MiB
2026/06/10 13:15:31.331, 0 %, 0 MiB, 81920 MiB
2026/06/10 13:15:36.332, 0 %, 531 MiB, 81920 MiB
2026/06/10 13:15:36.332, 0 %, 0 MiB, 81920 MiB
2026/06/10 13:15:41.333, 0 %, 531 MiB, 81920 MiB
2026/06/10 13:15:41.333, 0 %, 0 MiB, 81920 MiB
2026/06/10 13:15:46.333, 0 %, 531 MiB, 81920 MiB
2026/06/10 13:15:46.334, 0 %, 0 MiB, 81920 MiB
2026/06/10 13:15:51.334, 0 %, 531 MiB, 81920 MiB
2026/06/10 13:15:51.334, 0 %, 0 MiB, 81920 MiB
2026/06/10 13:15:56.335, 0 %, 531 MiB, 81920 MiB
2026/06/10 13:15:56.335, 0 %, 0 MiB, 81920 MiB
2026/06/10 13:16:01.336, 0 %, 531 MiB, 81920 MiB
2026/06/10 13:16:01.336, 0 %, 0 MiB, 81920 MiB
2026/06/10 13:16:06.337, 0 %, 531 MiB, 81920 MiB
2026/06/10 13:16:06.337, 0 %, 0 MiB, 81920 MiB
2026/06/10 13:16:11.338, 0 %, 531 MiB, 81920 MiB
2026/06/10 13:16:11.338, 0 %, 0 MiB, 81920 MiB
2026/06/10 13:16:16.339, 0 %, 531 MiB, 81920 MiB
2026/06/10 13:16:16.339, 0 %, 0 MiB, 81920 MiB
2026/06/10 13:16:21.340, 0 %, 531 MiB, 81920 MiB
2026/06/10 13:16:21.340, 0 %, 0 MiB, 81920 MiB
2026/06/10 13:16:26.340, 0 %, 531 MiB, 81920 MiB
2026/06/10 13:16:26.341, 0 %, 0 MiB, 81920 MiB
2026/06/10 13:16:31.341, 0 %, 531 MiB, 81920 MiB
2026/06/10 13:16:31.341, 0 %, 0 MiB, 81920 MiB
2026/06/10 13:16:36.342, 0 %, 531 MiB, 81920 MiB
2026/06/10 13:16:36.342, 0 %, 0 MiB, 81920 MiB
2026/06/10 13:16:41.343, 0 %, 531 MiB, 81920 MiB
2026/06/10 13:16:41.343, 0 %, 0 MiB, 81920 MiB
2026/06/10 13:16:46.344, 0 %, 531 MiB, 81920 MiB
2026/06/10 13:16:46.344, 0 %, 0 MiB, 81920 MiB
2026/06/10 13:16:51.345, 0 %, 531 MiB, 81920 MiB
2026/06/10 13:16:51.345, 0 %, 0 MiB, 81920 MiB
2026/06/10 13:16:56.346, 0 %, 531 MiB, 81920 MiB
2026/06/10 13:16:56.346, 0 %, 0 MiB, 81920 MiB
2026/06/10 13:17:01.347, 0 %, 531 MiB, 81920 MiB
2026/06/10 13:17:01.347, 0 %, 0 MiB, 81920 MiB
2026/06/10 13:17:06.347, 0 %, 531 MiB, 81920 MiB
2026/06/10 13:17:06.348, 0 %, 0 MiB, 81920 MiB
2026/06/10 13:17:11.348, 0 %, 531 MiB, 81920 MiB
2026/06/10 13:17:11.349, 0 %, 0 MiB, 81920 MiB
2026/06/10 13:17:16.349, 0 %, 531 MiB, 81920 MiB
2026/06/10 13:17:16.349, 0 %, 0 MiB, 81920 MiB
2026/06/10 13:17:21.350, 0 %, 531 MiB, 81920 MiB
2026/06/10 13:17:21.350, 0 %, 0 MiB, 81920 MiB
2026/06/10 13:17:26.351, 0 %, 531 MiB, 81920 MiB
2026/06/10 13:17:26.351, 0 %, 0 MiB, 81920 MiB
2026/06/10 13:17:31.352, 0 %, 531 MiB, 81920 MiB
2026/06/10 13:17:31.352, 0 %, 0 MiB, 81920 MiB
2026/06/10 13:17:36.353, 0 %, 531 MiB, 81920 MiB
2026/06/10 13:17:36.353, 0 %, 0 MiB, 81920 MiB
2026/06/10 13:17:41.354, 0 %, 531 MiB, 81920 MiB
2026/06/10 13:17:41.354, 0 %, 0 MiB, 81920 MiB
2026/06/10 13:17:46.355, 0 %, 531 MiB, 81920 MiB
2026/06/10 13:17:46.355, 0 %, 0 MiB, 81920 MiB
2026/06/10 13:17:51.355, 0 %, 531 MiB, 81920 MiB
2026/06/10 13:17:51.356, 0 %, 0 MiB, 81920 MiB
2026/06/10 13:17:56.356, 0 %, 531 MiB, 81920 MiB
2026/06/10 13:17:56.356, 0 %, 0 MiB, 81920 MiB
2026/06/10 13:18:01.357, 0 %, 531 MiB, 81920 MiB
2026/06/10 13:18:01.357, 0 %, 0 MiB, 81920 MiB
2026/06/10 13:18:06.358, 0 %, 531 MiB, 81920 MiB
2026/06/10 13:18:06.358, 0 %, 0 MiB, 81920 MiB
2026/06/10 13:18:11.359, 0 %, 531 MiB, 81920 MiB
2026/06/10 13:18:11.359, 0 %, 0 MiB, 81920 MiB
2026/06/10 13:18:16.360, 0 %, 531 MiB, 81920 MiB
2026/06/10 13:18:16.360, 0 %, 0 MiB, 81920 MiB
2026/06/10 13:18:21.361, 0 %, 531 MiB, 81920 MiB
2026/06/10 13:18:21.361, 0 %, 0 MiB, 81920 MiB
2026/06/10 13:18:26.361, 0 %, 531 MiB, 81920 MiB
2026/06/10 13:18:26.362, 0 %, 0 MiB, 81920 MiB
2026/06/10 13:18:31.362, 0 %, 531 MiB, 81920 MiB
2026/06/10 13:18:31.362, 0 %, 0 MiB, 81920 MiB
2026/06/10 13:18:36.363, 0 %, 531 MiB, 81920 MiB
2026/06/10 13:18:36.363, 0 %, 0 MiB, 81920 MiB
2026/06/10 13:18:41.364, 0 %, 531 MiB, 81920 MiB
2026/06/10 13:18:41.364, 0 %, 0 MiB, 81920 MiB
2026/06/10 13:18:46.365, 0 %, 531 MiB, 81920 MiB
2026/06/10 13:18:46.365, 0 %, 0 MiB, 81920 MiB
2026/06/10 13:18:51.366, 0 %, 531 MiB, 81920 MiB
2026/06/10 13:18:51.366, 0 %, 0 MiB, 81920 MiB
2026/06/10 13:18:56.367, 0 %, 531 MiB, 81920 MiB
2026/06/10 13:18:56.367, 0 %, 0 MiB, 81920 MiB
2026/06/10 13:19:01.368, 0 %, 531 MiB, 81920 MiB
2026/06/10 13:19:01.368, 0 %, 0 MiB, 81920 MiB
2026/06/10 13:19:06.368, 0 %, 531 MiB, 81920 MiB
2026/06/10 13:19:06.369, 0 %, 0 MiB, 81920 MiB
2026/06/10 13:19:11.369, 0 %, 531 MiB, 81920 MiB
2026/06/10 13:19:11.370, 0 %, 0 MiB, 81920 MiB
2026/06/10 13:19:16.370, 0 %, 531 MiB, 81920 MiB
2026/06/10 13:19:16.370, 0 %, 0 MiB, 81920 MiB
2026/06/10 13:19:21.371, 0 %, 531 MiB, 81920 MiB
2026/06/10 13:19:21.371, 0 %, 0 MiB, 81920 MiB
2026/06/10 13:19:26.372, 0 %, 531 MiB, 81920 MiB
2026/06/10 13:19:26.372, 0 %, 0 MiB, 81920 MiB
2026/06/10 13:19:31.373, 0 %, 531 MiB, 81920 MiB
2026/06/10 13:19:31.373, 0 %, 0 MiB, 81920 MiB
2026/06/10 13:19:36.374, 0 %, 531 MiB, 81920 MiB
2026/06/10 13:19:36.374, 0 %, 0 MiB, 81920 MiB
2026/06/10 13:19:41.375, 0 %, 531 MiB, 81920 MiB
2026/06/10 13:19:41.375, 0 %, 0 MiB, 81920 MiB
2026/06/10 13:19:46.376, 0 %, 531 MiB, 81920 MiB
2026/06/10 13:19:46.376, 0 %, 0 MiB, 81920 MiB
2026/06/10 13:19:51.377, 0 %, 531 MiB, 81920 MiB
2026/06/10 13:19:51.377, 0 %, 0 MiB, 81920 MiB
2026/06/10 13:19:56.377, 0 %, 531 MiB, 81920 MiB
2026/06/10 13:19:56.378, 0 %, 0 MiB, 81920 MiB
2026/06/10 13:20:01.378, 0 %, 531 MiB, 81920 MiB
2026/06/10 13:20:01.378, 0 %, 0 MiB, 81920 MiB
2026/06/10 13:20:06.379, 0 %, 531 MiB, 81920 MiB
2026/06/10 13:20:06.379, 0 %, 0 MiB, 81920 MiB
2026/06/10 13:20:11.380, 0 %, 531 MiB, 81920 MiB
2026/06/10 13:20:11.380, 0 %, 0 MiB, 81920 MiB
2026/06/10 13:20:16.381, 0 %, 531 MiB, 81920 MiB
2026/06/10 13:20:16.381, 0 %, 0 MiB, 81920 MiB
2026/06/10 13:20:21.382, 0 %, 531 MiB, 81920 MiB
2026/06/10 13:20:21.382, 0 %, 0 MiB, 81920 MiB
2026/06/10 13:20:26.382, 0 %, 531 MiB, 81920 MiB
2026/06/10 13:20:26.383, 0 %, 0 MiB, 81920 MiB
2026/06/10 13:20:31.383, 0 %, 531 MiB, 81920 MiB
2026/06/10 13:20:31.383, 0 %, 0 MiB, 81920 MiB
2026/06/10 13:20:36.384, 0 %, 531 MiB, 81920 MiB
2026/06/10 13:20:36.384, 0 %, 0 MiB, 81920 MiB
2026/06/10 13:20:41.385, 0 %, 531 MiB, 81920 MiB
2026/06/10 13:20:41.385, 0 %, 0 MiB, 81920 MiB
2026/06/10 13:20:46.386, 0 %, 531 MiB, 81920 MiB
2026/06/10 13:20:46.386, 0 %, 0 MiB, 81920 MiB
2026/06/10 13:20:51.387, 0 %, 531 MiB, 81920 MiB
2026/06/10 13:20:51.387, 0 %, 0 MiB, 81920 MiB
2026/06/10 13:20:56.388, 0 %, 531 MiB, 81920 MiB
2026/06/10 13:20:56.388, 0 %, 0 MiB, 81920 MiB
2026/06/10 13:21:01.389, 0 %, 531 MiB, 81920 MiB
2026/06/10 13:21:01.389, 0 %, 0 MiB, 81920 MiB
2026/06/10 13:21:06.390, 0 %, 531 MiB, 81920 MiB
2026/06/10 13:21:06.390, 0 %, 0 MiB, 81920 MiB
2026/06/10 13:21:11.390, 0 %, 531 MiB, 81920 MiB
2026/06/10 13:21:11.391, 0 %, 0 MiB, 81920 MiB
2026/06/10 13:21:16.391, 0 %, 531 MiB, 81920 MiB
2026/06/10 13:21:16.391, 0 %, 0 MiB, 81920 MiB
2026/06/10 13:21:21.392, 0 %, 531 MiB, 81920 MiB
2026/06/10 13:21:21.392, 0 %, 0 MiB, 81920 MiB
2026/06/10 13:21:26.393, 0 %, 531 MiB, 81920 MiB
2026/06/10 13:21:26.393, 0 %, 0 MiB, 81920 MiB
2026/06/10 13:21:31.394, 0 %, 531 MiB, 81920 MiB
2026/06/10 13:21:31.394, 0 %, 0 MiB, 81920 MiB
2026/06/10 13:21:36.395, 0 %, 531 MiB, 81920 MiB
2026/06/10 13:21:36.395, 0 %, 0 MiB, 81920 MiB
2026/06/10 13:21:41.396, 0 %, 531 MiB, 81920 MiB
2026/06/10 13:21:41.396, 0 %, 0 MiB, 81920 MiB
2026/06/10 13:21:46.397, 0 %, 531 MiB, 81920 MiB
2026/06/10 13:21:46.397, 0 %, 0 MiB, 81920 MiB
2026/06/10 13:21:51.397, 0 %, 531 MiB, 81920 MiB
2026/06/10 13:21:51.398, 0 %, 0 MiB, 81920 MiB
2026/06/10 13:21:56.398, 0 %, 531 MiB, 81920 MiB
2026/06/10 13:21:56.398, 0 %, 0 MiB, 81920 MiB
2026/06/10 13:22:01.399, 0 %, 531 MiB, 81920 MiB
2026/06/10 13:22:01.399, 0 %, 0 MiB, 81920 MiB
2026/06/10 13:22:06.400, 0 %, 531 MiB, 81920 MiB
2026/06/10 13:22:06.400, 0 %, 0 MiB, 81920 MiB
2026/06/10 13:22:11.401, 0 %, 531 MiB, 81920 MiB
2026/06/10 13:22:11.401, 0 %, 0 MiB, 81920 MiB
2026/06/10 13:22:16.402, 0 %, 531 MiB, 81920 MiB
2026/06/10 13:22:16.402, 0 %, 0 MiB, 81920 MiB
2026/06/10 13:22:21.403, 0 %, 531 MiB, 81920 MiB
2026/06/10 13:22:21.403, 0 %, 0 MiB, 81920 MiB
2026/06/10 13:22:26.404, 0 %, 531 MiB, 81920 MiB
2026/06/10 13:22:26.404, 0 %, 0 MiB, 81920 MiB
2026/06/10 13:22:31.405, 0 %, 531 MiB, 81920 MiB
2026/06/10 13:22:31.405, 0 %, 0 MiB, 81920 MiB
2026/06/10 13:22:36.405, 0 %, 531 MiB, 81920 MiB
2026/06/10 13:22:36.405, 0 %, 0 MiB, 81920 MiB
2026/06/10 13:22:41.406, 0 %, 531 MiB, 81920 MiB
2026/06/10 13:22:41.406, 0 %, 0 MiB, 81920 MiB
2026/06/10 13:22:46.407, 0 %, 531 MiB, 81920 MiB
2026/06/10 13:22:46.407, 0 %, 0 MiB, 81920 MiB
2026/06/10 13:22:51.408, 0 %, 531 MiB, 81920 MiB
2026/06/10 13:22:51.408, 0 %, 0 MiB, 81920 MiB
2026/06/10 13:22:56.409, 0 %, 531 MiB, 81920 MiB
2026/06/10 13:22:56.409, 0 %, 0 MiB, 81920 MiB
2026/06/10 13:23:01.410, 0 %, 531 MiB, 81920 MiB
2026/06/10 13:23:01.410, 0 %, 0 MiB, 81920 MiB
2026/06/10 13:23:06.411, 0 %, 531 MiB, 81920 MiB
2026/06/10 13:23:06.411, 0 %, 0 MiB, 81920 MiB
2026/06/10 13:23:11.412, 0 %, 531 MiB, 81920 MiB
2026/06/10 13:23:11.412, 0 %, 0 MiB, 81920 MiB
2026/06/10 13:23:16.412, 0 %, 531 MiB, 81920 MiB
2026/06/10 13:23:16.413, 0 %, 0 MiB, 81920 MiB
2026/06/10 13:23:21.413, 0 %, 531 MiB, 81920 MiB
2026/06/10 13:23:21.413, 0 %, 0 MiB, 81920 MiB
2026/06/10 13:23:26.414, 0 %, 531 MiB, 81920 MiB
2026/06/10 13:23:26.414, 0 %, 0 MiB, 81920 MiB
2026/06/10 13:23:31.415, 0 %, 531 MiB, 81920 MiB
2026/06/10 13:23:31.415, 0 %, 0 MiB, 81920 MiB
2026/06/10 13:23:36.416, 0 %, 531 MiB, 81920 MiB
2026/06/10 13:23:36.416, 0 %, 0 MiB, 81920 MiB
2026/06/10 13:23:41.417, 0 %, 531 MiB, 81920 MiB
2026/06/10 13:23:41.417, 0 %, 0 MiB, 81920 MiB
2026/06/10 13:23:46.418, 0 %, 531 MiB, 81920 MiB
2026/06/10 13:23:46.418, 0 %, 0 MiB, 81920 MiB
2026/06/10 13:23:51.419, 0 %, 531 MiB, 81920 MiB
2026/06/10 13:23:51.419, 0 %, 0 MiB, 81920 MiB
2026/06/10 13:23:56.420, 0 %, 463 MiB, 81920 MiB
2026/06/10 13:23:56.420, 0 %, 0 MiB, 81920 MiB
2026/06/10 13:24:01.421, 0 %, 417 MiB, 81920 MiB
2026/06/10 13:24:01.421, 0 %, 0 MiB, 81920 MiB
2026/06/10 13:24:06.422, 0 %, 417 MiB, 81920 MiB
2026/06/10 13:24:06.422, 0 %, 0 MiB, 81920 MiB
2026/06/10 13:24:11.423, 0 %, 417 MiB, 81920 MiB
2026/06/10 13:24:11.423, 0 %, 0 MiB, 81920 MiB
