timestamp, utilization.gpu [%], memory.used [MiB], memory.total [MiB]
2026/06/09 23:58:58.744, 0 %, 0 MiB, 81920 MiB
2026/06/09 23:58:58.751, 2 %, 0 MiB, 81920 MiB
2026/06/09 23:59:03.758, 0 %, 0 MiB, 81920 MiB
2026/06/09 23:59:03.758, 0 %, 0 MiB, 81920 MiB
2026/06/09 23:59:08.759, 0 %, 0 MiB, 81920 MiB
2026/06/09 23:59:08.759, 0 %, 0 MiB, 81920 MiB
2026/06/09 23:59:13.759, 0 %, 0 MiB, 81920 MiB
2026/06/09 23:59:13.760, 0 %, 0 MiB, 81920 MiB
2026/06/09 23:59:18.760, 0 %, 0 MiB, 81920 MiB
2026/06/09 23:59:18.761, 0 %, 0 MiB, 81920 MiB
2026/06/09 23:59:23.761, 0 %, 0 MiB, 81920 MiB
2026/06/09 23:59:23.761, 0 %, 0 MiB, 81920 MiB
2026/06/09 23:59:28.762, 0 %, 0 MiB, 81920 MiB
2026/06/09 23:59:28.762, 0 %, 0 MiB, 81920 MiB
2026/06/09 23:59:33.763, 0 %, 0 MiB, 81920 MiB
2026/06/09 23:59:33.763, 0 %, 0 MiB, 81920 MiB
2026/06/09 23:59:38.764, 0 %, 0 MiB, 81920 MiB
2026/06/09 23:59:38.764, 0 %, 0 MiB, 81920 MiB
2026/06/09 23:59:43.765, 0 %, 0 MiB, 81920 MiB
2026/06/09 23:59:43.765, 0 %, 0 MiB, 81920 MiB
2026/06/09 23:59:48.766, 0 %, 0 MiB, 81920 MiB
2026/06/09 23:59:48.766, 0 %, 0 MiB, 81920 MiB
2026/06/09 23:59:53.767, 0 %, 0 MiB, 81920 MiB
2026/06/09 23:59:53.767, 0 %, 0 MiB, 81920 MiB
2026/06/09 23:59:58.768, 0 %, 0 MiB, 81920 MiB
2026/06/09 23:59:58.768, 0 %, 0 MiB, 81920 MiB
2026/06/10 00:00:03.769, 0 %, 0 MiB, 81920 MiB
2026/06/10 00:00:03.769, 0 %, 0 MiB, 81920 MiB
2026/06/10 00:00:08.770, 0 %, 0 MiB, 81920 MiB
2026/06/10 00:00:08.770, 0 %, 0 MiB, 81920 MiB
2026/06/10 00:00:13.771, 0 %, 0 MiB, 81920 MiB
2026/06/10 00:00:13.771, 0 %, 0 MiB, 81920 MiB
2026/06/10 00:00:18.772, 0 %, 0 MiB, 81920 MiB
2026/06/10 00:00:18.772, 0 %, 0 MiB, 81920 MiB
2026/06/10 00:00:23.773, 0 %, 0 MiB, 81920 MiB
2026/06/10 00:00:23.773, 0 %, 0 MiB, 81920 MiB
2026/06/10 00:00:28.774, 0 %, 0 MiB, 81920 MiB
2026/06/10 00:00:28.774, 0 %, 0 MiB, 81920 MiB
2026/06/10 00:00:33.775, 0 %, 0 MiB, 81920 MiB
2026/06/10 00:00:33.775, 0 %, 0 MiB, 81920 MiB
2026/06/10 00:00:38.776, 0 %, 0 MiB, 81920 MiB
2026/06/10 00:00:38.776, 0 %, 0 MiB, 81920 MiB
2026/06/10 00:00:43.777, 0 %, 423 MiB, 81920 MiB
2026/06/10 00:00:43.777, 0 %, 0 MiB, 81920 MiB
2026/06/10 00:00:48.778, 0 %, 425 MiB, 81920 MiB
2026/06/10 00:00:48.778, 0 %, 0 MiB, 81920 MiB
2026/06/10 00:00:53.778, 0 %, 435 MiB, 81920 MiB
2026/06/10 00:00:53.779, 0 %, 0 MiB, 81920 MiB
2026/06/10 00:00:58.779, 0 %, 435 MiB, 81920 MiB
2026/06/10 00:00:58.780, 0 %, 0 MiB, 81920 MiB
2026/06/10 00:01:03.780, 0 %, 461 MiB, 81920 MiB
2026/06/10 00:01:03.781, 0 %, 0 MiB, 81920 MiB
2026/06/10 00:01:08.781, 35 %, 453 MiB, 81920 MiB
2026/06/10 00:01:08.781, 0 %, 0 MiB, 81920 MiB
2026/06/10 00:01:13.782, 0 %, 463 MiB, 81920 MiB
2026/06/10 00:01:13.783, 0 %, 0 MiB, 81920 MiB
2026/06/10 00:01:18.793, 0 %, 463 MiB, 81920 MiB
2026/06/10 00:01:18.793, 0 %, 0 MiB, 81920 MiB
2026/06/10 00:01:23.794, 0 %, 463 MiB, 81920 MiB
2026/06/10 00:01:23.794, 0 %, 0 MiB, 81920 MiB
2026/06/10 00:01:28.795, 0 %, 463 MiB, 81920 MiB
2026/06/10 00:01:28.795, 0 %, 0 MiB, 81920 MiB
2026/06/10 00:01:33.796, 0 %, 463 MiB, 81920 MiB
2026/06/10 00:01:33.796, 0 %, 0 MiB, 81920 MiB
2026/06/10 00:01:38.797, 0 %, 463 MiB, 81920 MiB
2026/06/10 00:01:38.797, 0 %, 0 MiB, 81920 MiB
2026/06/10 00:01:43.798, 0 %, 463 MiB, 81920 MiB
2026/06/10 00:01:43.798, 0 %, 0 MiB, 81920 MiB
2026/06/10 00:01:48.799, 0 %, 463 MiB, 81920 MiB
2026/06/10 00:01:48.799, 0 %, 0 MiB, 81920 MiB
2026/06/10 00:01:53.800, 0 %, 463 MiB, 81920 MiB
2026/06/10 00:01:53.800, 0 %, 0 MiB, 81920 MiB
2026/06/10 00:01:58.801, 0 %, 463 MiB, 81920 MiB
2026/06/10 00:01:58.801, 0 %, 0 MiB, 81920 MiB
2026/06/10 00:02:03.802, 0 %, 463 MiB, 81920 MiB
2026/06/10 00:02:03.802, 0 %, 0 MiB, 81920 MiB
2026/06/10 00:02:08.803, 0 %, 463 MiB, 81920 MiB
2026/06/10 00:02:08.803, 0 %, 0 MiB, 81920 MiB
2026/06/10 00:02:13.804, 0 %, 463 MiB, 81920 MiB
2026/06/10 00:02:13.804, 0 %, 0 MiB, 81920 MiB
2026/06/10 00:02:18.805, 0 %, 463 MiB, 81920 MiB
2026/06/10 00:02:18.805, 0 %, 0 MiB, 81920 MiB
2026/06/10 00:02:23.806, 0 %, 463 MiB, 81920 MiB
2026/06/10 00:02:23.807, 0 %, 0 MiB, 81920 MiB
2026/06/10 00:02:28.807, 0 %, 463 MiB, 81920 MiB
2026/06/10 00:02:28.808, 0 %, 0 MiB, 81920 MiB
2026/06/10 00:02:33.808, 0 %, 463 MiB, 81920 MiB
2026/06/10 00:02:33.809, 0 %, 0 MiB, 81920 MiB
2026/06/10 00:02:38.810, 0 %, 463 MiB, 81920 MiB
2026/06/10 00:02:38.810, 0 %, 0 MiB, 81920 MiB
2026/06/10 00:02:43.811, 0 %, 463 MiB, 81920 MiB
2026/06/10 00:02:43.811, 0 %, 0 MiB, 81920 MiB
2026/06/10 00:02:48.812, 0 %, 463 MiB, 81920 MiB
2026/06/10 00:02:48.812, 0 %, 0 MiB, 81920 MiB
2026/06/10 00:02:53.813, 0 %, 463 MiB, 81920 MiB
2026/06/10 00:02:53.813, 0 %, 0 MiB, 81920 MiB
2026/06/10 00:02:58.814, 0 %, 463 MiB, 81920 MiB
2026/06/10 00:02:58.814, 0 %, 0 MiB, 81920 MiB
2026/06/10 00:03:03.815, 0 %, 463 MiB, 81920 MiB
2026/06/10 00:03:03.815, 0 %, 0 MiB, 81920 MiB
2026/06/10 00:03:08.816, 0 %, 463 MiB, 81920 MiB
2026/06/10 00:03:08.816, 0 %, 0 MiB, 81920 MiB
2026/06/10 00:03:13.817, 0 %, 463 MiB, 81920 MiB
2026/06/10 00:03:13.817, 0 %, 0 MiB, 81920 MiB
2026/06/10 00:03:18.818, 0 %, 463 MiB, 81920 MiB
2026/06/10 00:03:18.818, 0 %, 0 MiB, 81920 MiB
2026/06/10 00:03:23.819, 0 %, 463 MiB, 81920 MiB
2026/06/10 00:03:23.819, 0 %, 0 MiB, 81920 MiB
2026/06/10 00:03:28.820, 0 %, 463 MiB, 81920 MiB
2026/06/10 00:03:28.820, 0 %, 0 MiB, 81920 MiB
2026/06/10 00:03:33.823, 0 %, 463 MiB, 81920 MiB
2026/06/10 00:03:33.823, 0 %, 0 MiB, 81920 MiB
2026/06/10 00:03:38.824, 0 %, 463 MiB, 81920 MiB
2026/06/10 00:03:38.824, 0 %, 0 MiB, 81920 MiB
2026/06/10 00:03:43.826, 0 %, 463 MiB, 81920 MiB
2026/06/10 00:03:43.826, 0 %, 0 MiB, 81920 MiB
2026/06/10 00:03:48.827, 0 %, 463 MiB, 81920 MiB
2026/06/10 00:03:48.827, 0 %, 0 MiB, 81920 MiB
2026/06/10 00:03:53.828, 0 %, 463 MiB, 81920 MiB
2026/06/10 00:03:53.828, 0 %, 0 MiB, 81920 MiB
2026/06/10 00:03:58.829, 0 %, 463 MiB, 81920 MiB
2026/06/10 00:03:58.829, 0 %, 0 MiB, 81920 MiB
2026/06/10 00:04:03.830, 0 %, 463 MiB, 81920 MiB
2026/06/10 00:04:03.830, 0 %, 0 MiB, 81920 MiB
2026/06/10 00:04:08.831, 0 %, 463 MiB, 81920 MiB
2026/06/10 00:04:08.831, 0 %, 0 MiB, 81920 MiB
2026/06/10 00:04:13.832, 0 %, 463 MiB, 81920 MiB
2026/06/10 00:04:13.832, 0 %, 0 MiB, 81920 MiB
2026/06/10 00:04:18.833, 0 %, 463 MiB, 81920 MiB
2026/06/10 00:04:18.833, 0 %, 0 MiB, 81920 MiB
2026/06/10 00:04:23.834, 0 %, 463 MiB, 81920 MiB
2026/06/10 00:04:23.835, 0 %, 0 MiB, 81920 MiB
2026/06/10 00:04:28.835, 0 %, 463 MiB, 81920 MiB
2026/06/10 00:04:28.836, 0 %, 0 MiB, 81920 MiB
2026/06/10 00:04:33.837, 0 %, 463 MiB, 81920 MiB
2026/06/10 00:04:33.837, 0 %, 0 MiB, 81920 MiB
2026/06/10 00:04:38.838, 0 %, 463 MiB, 81920 MiB
2026/06/10 00:04:38.838, 0 %, 0 MiB, 81920 MiB
2026/06/10 00:04:43.839, 0 %, 463 MiB, 81920 MiB
2026/06/10 00:04:43.839, 0 %, 0 MiB, 81920 MiB
2026/06/10 00:04:48.840, 0 %, 463 MiB, 81920 MiB
2026/06/10 00:04:48.840, 0 %, 0 MiB, 81920 MiB
2026/06/10 00:04:53.841, 0 %, 463 MiB, 81920 MiB
2026/06/10 00:04:53.841, 0 %, 0 MiB, 81920 MiB
2026/06/10 00:04:58.842, 0 %, 463 MiB, 81920 MiB
2026/06/10 00:04:58.842, 0 %, 0 MiB, 81920 MiB
2026/06/10 00:05:03.844, 0 %, 463 MiB, 81920 MiB
2026/06/10 00:05:03.844, 0 %, 0 MiB, 81920 MiB
2026/06/10 00:05:08.845, 0 %, 463 MiB, 81920 MiB
2026/06/10 00:05:08.845, 0 %, 0 MiB, 81920 MiB
2026/06/10 00:05:13.846, 0 %, 463 MiB, 81920 MiB
2026/06/10 00:05:13.846, 0 %, 0 MiB, 81920 MiB
2026/06/10 00:05:18.847, 0 %, 463 MiB, 81920 MiB
2026/06/10 00:05:18.847, 0 %, 0 MiB, 81920 MiB
2026/06/10 00:05:23.848, 0 %, 463 MiB, 81920 MiB
2026/06/10 00:05:23.848, 0 %, 0 MiB, 81920 MiB
2026/06/10 00:05:28.849, 0 %, 463 MiB, 81920 MiB
2026/06/10 00:05:28.849, 0 %, 0 MiB, 81920 MiB
2026/06/10 00:05:33.850, 0 %, 463 MiB, 81920 MiB
2026/06/10 00:05:33.850, 0 %, 0 MiB, 81920 MiB
2026/06/10 00:05:38.851, 0 %, 463 MiB, 81920 MiB
2026/06/10 00:05:38.851, 0 %, 0 MiB, 81920 MiB
2026/06/10 00:05:43.852, 0 %, 463 MiB, 81920 MiB
2026/06/10 00:05:43.852, 0 %, 0 MiB, 81920 MiB
2026/06/10 00:05:48.853, 0 %, 463 MiB, 81920 MiB
2026/06/10 00:05:48.853, 0 %, 0 MiB, 81920 MiB
2026/06/10 00:05:53.854, 0 %, 463 MiB, 81920 MiB
2026/06/10 00:05:53.854, 0 %, 0 MiB, 81920 MiB
2026/06/10 00:05:58.855, 0 %, 463 MiB, 81920 MiB
2026/06/10 00:05:58.855, 0 %, 0 MiB, 81920 MiB
2026/06/10 00:06:03.856, 0 %, 463 MiB, 81920 MiB
2026/06/10 00:06:03.856, 0 %, 0 MiB, 81920 MiB
2026/06/10 00:06:08.856, 0 %, 463 MiB, 81920 MiB
2026/06/10 00:06:08.857, 0 %, 0 MiB, 81920 MiB
2026/06/10 00:06:13.857, 0 %, 463 MiB, 81920 MiB
2026/06/10 00:06:13.857, 0 %, 0 MiB, 81920 MiB
2026/06/10 00:06:18.858, 0 %, 463 MiB, 81920 MiB
2026/06/10 00:06:18.858, 0 %, 0 MiB, 81920 MiB
2026/06/10 00:06:23.859, 0 %, 463 MiB, 81920 MiB
2026/06/10 00:06:23.859, 0 %, 0 MiB, 81920 MiB
2026/06/10 00:06:28.861, 0 %, 463 MiB, 81920 MiB
2026/06/10 00:06:28.861, 0 %, 0 MiB, 81920 MiB
2026/06/10 00:06:33.862, 0 %, 463 MiB, 81920 MiB
2026/06/10 00:06:33.862, 0 %, 0 MiB, 81920 MiB
2026/06/10 00:06:38.863, 0 %, 463 MiB, 81920 MiB
2026/06/10 00:06:38.863, 0 %, 0 MiB, 81920 MiB
2026/06/10 00:06:43.864, 0 %, 463 MiB, 81920 MiB
2026/06/10 00:06:43.864, 0 %, 0 MiB, 81920 MiB
2026/06/10 00:06:48.865, 0 %, 463 MiB, 81920 MiB
2026/06/10 00:06:48.865, 0 %, 0 MiB, 81920 MiB
2026/06/10 00:06:53.866, 0 %, 463 MiB, 81920 MiB
2026/06/10 00:06:53.866, 0 %, 0 MiB, 81920 MiB
2026/06/10 00:06:58.867, 0 %, 463 MiB, 81920 MiB
2026/06/10 00:06:58.867, 0 %, 0 MiB, 81920 MiB
2026/06/10 00:07:03.868, 0 %, 497 MiB, 81920 MiB
2026/06/10 00:07:03.868, 0 %, 0 MiB, 81920 MiB
2026/06/10 00:07:08.869, 0 %, 497 MiB, 81920 MiB
2026/06/10 00:07:08.869, 0 %, 0 MiB, 81920 MiB
2026/06/10 00:07:13.870, 0 %, 497 MiB, 81920 MiB
2026/06/10 00:07:13.870, 0 %, 0 MiB, 81920 MiB
2026/06/10 00:07:18.871, 0 %, 497 MiB, 81920 MiB
2026/06/10 00:07:18.872, 0 %, 0 MiB, 81920 MiB
2026/06/10 00:07:23.872, 0 %, 497 MiB, 81920 MiB
2026/06/10 00:07:23.873, 0 %, 0 MiB, 81920 MiB
2026/06/10 00:07:28.873, 0 %, 497 MiB, 81920 MiB
2026/06/10 00:07:28.874, 0 %, 0 MiB, 81920 MiB
2026/06/10 00:07:33.875, 0 %, 497 MiB, 81920 MiB
2026/06/10 00:07:33.875, 0 %, 0 MiB, 81920 MiB
2026/06/10 00:07:38.876, 0 %, 497 MiB, 81920 MiB
2026/06/10 00:07:38.876, 0 %, 0 MiB, 81920 MiB
2026/06/10 00:07:43.877, 0 %, 497 MiB, 81920 MiB
2026/06/10 00:07:43.877, 0 %, 0 MiB, 81920 MiB
2026/06/10 00:07:48.878, 0 %, 497 MiB, 81920 MiB
2026/06/10 00:07:48.878, 0 %, 0 MiB, 81920 MiB
2026/06/10 00:07:53.879, 0 %, 497 MiB, 81920 MiB
2026/06/10 00:07:53.879, 0 %, 0 MiB, 81920 MiB
2026/06/10 00:07:58.880, 0 %, 497 MiB, 81920 MiB
2026/06/10 00:07:58.880, 0 %, 0 MiB, 81920 MiB
2026/06/10 00:08:03.881, 0 %, 497 MiB, 81920 MiB
2026/06/10 00:08:03.881, 0 %, 0 MiB, 81920 MiB
2026/06/10 00:08:08.882, 0 %, 497 MiB, 81920 MiB
2026/06/10 00:08:08.882, 0 %, 0 MiB, 81920 MiB
2026/06/10 00:08:13.883, 0 %, 497 MiB, 81920 MiB
2026/06/10 00:08:13.883, 0 %, 0 MiB, 81920 MiB
2026/06/10 00:08:18.884, 0 %, 497 MiB, 81920 MiB
2026/06/10 00:08:18.884, 0 %, 0 MiB, 81920 MiB
2026/06/10 00:08:23.885, 0 %, 497 MiB, 81920 MiB
2026/06/10 00:08:23.885, 0 %, 0 MiB, 81920 MiB
2026/06/10 00:08:28.886, 0 %, 497 MiB, 81920 MiB
2026/06/10 00:08:28.887, 0 %, 0 MiB, 81920 MiB
2026/06/10 00:08:33.887, 0 %, 497 MiB, 81920 MiB
2026/06/10 00:08:33.888, 0 %, 0 MiB, 81920 MiB
2026/06/10 00:08:38.889, 0 %, 497 MiB, 81920 MiB
2026/06/10 00:08:38.889, 0 %, 0 MiB, 81920 MiB
2026/06/10 00:08:43.890, 0 %, 497 MiB, 81920 MiB
2026/06/10 00:08:43.890, 0 %, 0 MiB, 81920 MiB
2026/06/10 00:08:48.891, 0 %, 497 MiB, 81920 MiB
2026/06/10 00:08:48.891, 0 %, 0 MiB, 81920 MiB
2026/06/10 00:08:53.892, 0 %, 497 MiB, 81920 MiB
2026/06/10 00:08:53.892, 0 %, 0 MiB, 81920 MiB
2026/06/10 00:08:58.893, 0 %, 497 MiB, 81920 MiB
2026/06/10 00:08:58.893, 0 %, 0 MiB, 81920 MiB
2026/06/10 00:09:03.894, 0 %, 497 MiB, 81920 MiB
2026/06/10 00:09:03.894, 0 %, 0 MiB, 81920 MiB
2026/06/10 00:09:08.895, 0 %, 497 MiB, 81920 MiB
2026/06/10 00:09:08.895, 0 %, 0 MiB, 81920 MiB
2026/06/10 00:09:13.896, 0 %, 497 MiB, 81920 MiB
2026/06/10 00:09:13.896, 0 %, 0 MiB, 81920 MiB
2026/06/10 00:09:18.897, 0 %, 497 MiB, 81920 MiB
2026/06/10 00:09:18.897, 0 %, 0 MiB, 81920 MiB
2026/06/10 00:09:23.898, 0 %, 497 MiB, 81920 MiB
2026/06/10 00:09:23.898, 0 %, 0 MiB, 81920 MiB
2026/06/10 00:09:28.899, 0 %, 497 MiB, 81920 MiB
2026/06/10 00:09:28.899, 0 %, 0 MiB, 81920 MiB
2026/06/10 00:09:33.900, 0 %, 497 MiB, 81920 MiB
2026/06/10 00:09:33.901, 0 %, 0 MiB, 81920 MiB
2026/06/10 00:09:38.902, 0 %, 497 MiB, 81920 MiB
2026/06/10 00:09:38.902, 0 %, 0 MiB, 81920 MiB
2026/06/10 00:09:43.903, 0 %, 497 MiB, 81920 MiB
2026/06/10 00:09:43.903, 0 %, 0 MiB, 81920 MiB
2026/06/10 00:09:48.904, 0 %, 497 MiB, 81920 MiB
2026/06/10 00:09:48.904, 0 %, 0 MiB, 81920 MiB
2026/06/10 00:09:53.905, 0 %, 497 MiB, 81920 MiB
2026/06/10 00:09:53.905, 0 %, 0 MiB, 81920 MiB
2026/06/10 00:09:58.906, 0 %, 497 MiB, 81920 MiB
2026/06/10 00:09:58.906, 0 %, 0 MiB, 81920 MiB
2026/06/10 00:10:03.907, 0 %, 497 MiB, 81920 MiB
2026/06/10 00:10:03.907, 0 %, 0 MiB, 81920 MiB
2026/06/10 00:10:08.908, 0 %, 497 MiB, 81920 MiB
2026/06/10 00:10:08.908, 0 %, 0 MiB, 81920 MiB
2026/06/10 00:10:13.909, 0 %, 497 MiB, 81920 MiB
2026/06/10 00:10:13.909, 0 %, 0 MiB, 81920 MiB
2026/06/10 00:10:18.910, 0 %, 497 MiB, 81920 MiB
2026/06/10 00:10:18.910, 0 %, 0 MiB, 81920 MiB
2026/06/10 00:10:23.911, 0 %, 497 MiB, 81920 MiB
2026/06/10 00:10:23.911, 0 %, 0 MiB, 81920 MiB
2026/06/10 00:10:28.912, 0 %, 497 MiB, 81920 MiB
2026/06/10 00:10:28.912, 0 %, 0 MiB, 81920 MiB
2026/06/10 00:10:33.913, 0 %, 497 MiB, 81920 MiB
2026/06/10 00:10:33.914, 0 %, 0 MiB, 81920 MiB
2026/06/10 00:10:38.914, 0 %, 497 MiB, 81920 MiB
2026/06/10 00:10:38.915, 0 %, 0 MiB, 81920 MiB
2026/06/10 00:10:43.916, 0 %, 497 MiB, 81920 MiB
2026/06/10 00:10:43.916, 0 %, 0 MiB, 81920 MiB
2026/06/10 00:10:48.917, 0 %, 497 MiB, 81920 MiB
2026/06/10 00:10:48.917, 0 %, 0 MiB, 81920 MiB
2026/06/10 00:10:53.918, 0 %, 497 MiB, 81920 MiB
2026/06/10 00:10:53.918, 0 %, 0 MiB, 81920 MiB
2026/06/10 00:10:58.919, 0 %, 497 MiB, 81920 MiB
2026/06/10 00:10:58.919, 0 %, 0 MiB, 81920 MiB
2026/06/10 00:11:03.920, 0 %, 497 MiB, 81920 MiB
2026/06/10 00:11:03.920, 0 %, 0 MiB, 81920 MiB
2026/06/10 00:11:08.921, 0 %, 497 MiB, 81920 MiB
2026/06/10 00:11:08.921, 0 %, 0 MiB, 81920 MiB
2026/06/10 00:11:13.922, 0 %, 497 MiB, 81920 MiB
2026/06/10 00:11:13.922, 0 %, 0 MiB, 81920 MiB
2026/06/10 00:11:18.923, 0 %, 497 MiB, 81920 MiB
2026/06/10 00:11:18.924, 0 %, 0 MiB, 81920 MiB
2026/06/10 00:11:23.924, 0 %, 497 MiB, 81920 MiB
2026/06/10 00:11:23.925, 0 %, 0 MiB, 81920 MiB
2026/06/10 00:11:28.926, 0 %, 497 MiB, 81920 MiB
2026/06/10 00:11:28.926, 0 %, 0 MiB, 81920 MiB
2026/06/10 00:11:33.927, 0 %, 497 MiB, 81920 MiB
2026/06/10 00:11:33.927, 0 %, 0 MiB, 81920 MiB
2026/06/10 00:11:38.928, 0 %, 497 MiB, 81920 MiB
2026/06/10 00:11:38.928, 0 %, 0 MiB, 81920 MiB
2026/06/10 00:11:43.929, 0 %, 497 MiB, 81920 MiB
2026/06/10 00:11:43.929, 0 %, 0 MiB, 81920 MiB
2026/06/10 00:11:48.930, 0 %, 497 MiB, 81920 MiB
2026/06/10 00:11:48.930, 0 %, 0 MiB, 81920 MiB
2026/06/10 00:11:53.931, 0 %, 497 MiB, 81920 MiB
2026/06/10 00:11:53.931, 0 %, 0 MiB, 81920 MiB
2026/06/10 00:11:58.932, 0 %, 497 MiB, 81920 MiB
2026/06/10 00:11:58.932, 0 %, 0 MiB, 81920 MiB
2026/06/10 00:12:03.933, 0 %, 497 MiB, 81920 MiB
2026/06/10 00:12:03.933, 0 %, 0 MiB, 81920 MiB
2026/06/10 00:12:08.934, 0 %, 497 MiB, 81920 MiB
2026/06/10 00:12:08.934, 0 %, 0 MiB, 81920 MiB
2026/06/10 00:12:13.935, 0 %, 497 MiB, 81920 MiB
2026/06/10 00:12:13.935, 0 %, 0 MiB, 81920 MiB
2026/06/10 00:12:18.936, 0 %, 497 MiB, 81920 MiB
2026/06/10 00:12:18.936, 0 %, 0 MiB, 81920 MiB
2026/06/10 00:12:23.937, 0 %, 497 MiB, 81920 MiB
2026/06/10 00:12:23.937, 0 %, 0 MiB, 81920 MiB
2026/06/10 00:12:28.938, 0 %, 497 MiB, 81920 MiB
2026/06/10 00:12:28.938, 0 %, 0 MiB, 81920 MiB
2026/06/10 00:12:33.939, 0 %, 497 MiB, 81920 MiB
2026/06/10 00:12:33.939, 0 %, 0 MiB, 81920 MiB
2026/06/10 00:12:38.940, 0 %, 497 MiB, 81920 MiB
2026/06/10 00:12:38.940, 0 %, 0 MiB, 81920 MiB
2026/06/10 00:12:43.941, 0 %, 497 MiB, 81920 MiB
2026/06/10 00:12:43.942, 0 %, 0 MiB, 81920 MiB
2026/06/10 00:12:48.943, 0 %, 497 MiB, 81920 MiB
2026/06/10 00:12:48.943, 0 %, 0 MiB, 81920 MiB
2026/06/10 00:12:53.944, 0 %, 497 MiB, 81920 MiB
2026/06/10 00:12:53.944, 0 %, 0 MiB, 81920 MiB
2026/06/10 00:12:58.945, 0 %, 497 MiB, 81920 MiB
2026/06/10 00:12:58.945, 0 %, 0 MiB, 81920 MiB
2026/06/10 00:13:03.946, 0 %, 497 MiB, 81920 MiB
2026/06/10 00:13:03.946, 0 %, 0 MiB, 81920 MiB
2026/06/10 00:13:08.947, 0 %, 497 MiB, 81920 MiB
2026/06/10 00:13:08.947, 0 %, 0 MiB, 81920 MiB
2026/06/10 00:13:13.948, 0 %, 497 MiB, 81920 MiB
2026/06/10 00:13:13.948, 0 %, 0 MiB, 81920 MiB
2026/06/10 00:13:18.949, 0 %, 497 MiB, 81920 MiB
2026/06/10 00:13:18.949, 0 %, 0 MiB, 81920 MiB
2026/06/10 00:13:23.950, 0 %, 497 MiB, 81920 MiB
2026/06/10 00:13:23.950, 0 %, 0 MiB, 81920 MiB
2026/06/10 00:13:28.951, 0 %, 497 MiB, 81920 MiB
2026/06/10 00:13:28.951, 0 %, 0 MiB, 81920 MiB
2026/06/10 00:13:33.952, 0 %, 497 MiB, 81920 MiB
2026/06/10 00:13:33.953, 0 %, 0 MiB, 81920 MiB
2026/06/10 00:13:38.954, 0 %, 497 MiB, 81920 MiB
2026/06/10 00:13:38.954, 0 %, 0 MiB, 81920 MiB
2026/06/10 00:13:43.955, 0 %, 497 MiB, 81920 MiB
2026/06/10 00:13:43.955, 0 %, 0 MiB, 81920 MiB
2026/06/10 00:13:48.956, 0 %, 497 MiB, 81920 MiB
2026/06/10 00:13:48.956, 0 %, 0 MiB, 81920 MiB
2026/06/10 00:13:53.957, 0 %, 497 MiB, 81920 MiB
2026/06/10 00:13:53.957, 0 %, 0 MiB, 81920 MiB
2026/06/10 00:13:58.958, 0 %, 497 MiB, 81920 MiB
2026/06/10 00:13:58.958, 0 %, 0 MiB, 81920 MiB
2026/06/10 00:14:03.959, 0 %, 497 MiB, 81920 MiB
2026/06/10 00:14:03.959, 0 %, 0 MiB, 81920 MiB
2026/06/10 00:14:08.960, 0 %, 497 MiB, 81920 MiB
2026/06/10 00:14:08.960, 0 %, 0 MiB, 81920 MiB
2026/06/10 00:14:13.961, 0 %, 497 MiB, 81920 MiB
2026/06/10 00:14:13.961, 0 %, 0 MiB, 81920 MiB
2026/06/10 00:14:18.962, 0 %, 497 MiB, 81920 MiB
2026/06/10 00:14:18.962, 0 %, 0 MiB, 81920 MiB
2026/06/10 00:14:23.963, 0 %, 497 MiB, 81920 MiB
2026/06/10 00:14:23.964, 0 %, 0 MiB, 81920 MiB
2026/06/10 00:14:28.965, 0 %, 497 MiB, 81920 MiB
2026/06/10 00:14:28.965, 0 %, 0 MiB, 81920 MiB
2026/06/10 00:14:33.966, 0 %, 497 MiB, 81920 MiB
2026/06/10 00:14:33.966, 0 %, 0 MiB, 81920 MiB
2026/06/10 00:14:38.967, 0 %, 497 MiB, 81920 MiB
2026/06/10 00:14:38.967, 0 %, 0 MiB, 81920 MiB
2026/06/10 00:14:43.968, 0 %, 497 MiB, 81920 MiB
2026/06/10 00:14:43.968, 0 %, 0 MiB, 81920 MiB
2026/06/10 00:14:48.969, 0 %, 497 MiB, 81920 MiB
2026/06/10 00:14:48.969, 0 %, 0 MiB, 81920 MiB
2026/06/10 00:14:53.970, 0 %, 497 MiB, 81920 MiB
2026/06/10 00:14:53.970, 0 %, 0 MiB, 81920 MiB
2026/06/10 00:14:58.971, 0 %, 497 MiB, 81920 MiB
2026/06/10 00:14:58.971, 0 %, 0 MiB, 81920 MiB
2026/06/10 00:15:03.972, 0 %, 497 MiB, 81920 MiB
2026/06/10 00:15:03.972, 0 %, 0 MiB, 81920 MiB
2026/06/10 00:15:08.973, 0 %, 497 MiB, 81920 MiB
2026/06/10 00:15:08.973, 0 %, 0 MiB, 81920 MiB
2026/06/10 00:15:13.974, 0 %, 497 MiB, 81920 MiB
2026/06/10 00:15:13.975, 0 %, 0 MiB, 81920 MiB
2026/06/10 00:15:18.976, 0 %, 497 MiB, 81920 MiB
2026/06/10 00:15:18.976, 0 %, 0 MiB, 81920 MiB
2026/06/10 00:15:23.977, 0 %, 497 MiB, 81920 MiB
2026/06/10 00:15:23.977, 0 %, 0 MiB, 81920 MiB
2026/06/10 00:15:28.978, 0 %, 497 MiB, 81920 MiB
2026/06/10 00:15:28.978, 0 %, 0 MiB, 81920 MiB
2026/06/10 00:15:33.979, 0 %, 497 MiB, 81920 MiB
2026/06/10 00:15:33.979, 0 %, 0 MiB, 81920 MiB
2026/06/10 00:15:38.980, 0 %, 497 MiB, 81920 MiB
2026/06/10 00:15:38.980, 0 %, 0 MiB, 81920 MiB
2026/06/10 00:15:43.981, 0 %, 497 MiB, 81920 MiB
2026/06/10 00:15:43.981, 0 %, 0 MiB, 81920 MiB
2026/06/10 00:15:48.982, 0 %, 497 MiB, 81920 MiB
2026/06/10 00:15:48.982, 0 %, 0 MiB, 81920 MiB
2026/06/10 00:15:53.983, 0 %, 497 MiB, 81920 MiB
2026/06/10 00:15:53.983, 0 %, 0 MiB, 81920 MiB
2026/06/10 00:15:58.984, 0 %, 497 MiB, 81920 MiB
2026/06/10 00:15:58.984, 0 %, 0 MiB, 81920 MiB
2026/06/10 00:16:03.985, 0 %, 497 MiB, 81920 MiB
2026/06/10 00:16:03.985, 0 %, 0 MiB, 81920 MiB
2026/06/10 00:16:08.986, 0 %, 497 MiB, 81920 MiB
2026/06/10 00:16:08.986, 0 %, 0 MiB, 81920 MiB
2026/06/10 00:16:13.987, 0 %, 497 MiB, 81920 MiB
2026/06/10 00:16:13.987, 0 %, 0 MiB, 81920 MiB
2026/06/10 00:16:18.988, 0 %, 497 MiB, 81920 MiB
2026/06/10 00:16:18.988, 0 %, 0 MiB, 81920 MiB
2026/06/10 00:16:23.989, 0 %, 497 MiB, 81920 MiB
2026/06/10 00:16:23.990, 0 %, 0 MiB, 81920 MiB
2026/06/10 00:16:28.990, 0 %, 497 MiB, 81920 MiB
2026/06/10 00:16:28.991, 0 %, 0 MiB, 81920 MiB
2026/06/10 00:16:33.991, 0 %, 497 MiB, 81920 MiB
2026/06/10 00:16:33.992, 0 %, 0 MiB, 81920 MiB
2026/06/10 00:16:38.993, 0 %, 497 MiB, 81920 MiB
2026/06/10 00:16:38.993, 0 %, 0 MiB, 81920 MiB
2026/06/10 00:16:43.993, 0 %, 497 MiB, 81920 MiB
2026/06/10 00:16:43.994, 0 %, 0 MiB, 81920 MiB
2026/06/10 00:16:48.995, 0 %, 497 MiB, 81920 MiB
2026/06/10 00:16:48.995, 0 %, 0 MiB, 81920 MiB
2026/06/10 00:16:53.996, 0 %, 497 MiB, 81920 MiB
2026/06/10 00:16:53.996, 0 %, 0 MiB, 81920 MiB
2026/06/10 00:16:58.997, 0 %, 497 MiB, 81920 MiB
2026/06/10 00:16:58.997, 0 %, 0 MiB, 81920 MiB
2026/06/10 00:17:03.998, 0 %, 497 MiB, 81920 MiB
2026/06/10 00:17:03.998, 0 %, 0 MiB, 81920 MiB
2026/06/10 00:17:08.999, 0 %, 497 MiB, 81920 MiB
2026/06/10 00:17:08.999, 0 %, 0 MiB, 81920 MiB
2026/06/10 00:17:14.000, 0 %, 497 MiB, 81920 MiB
2026/06/10 00:17:14.000, 0 %, 0 MiB, 81920 MiB
2026/06/10 00:17:19.001, 0 %, 497 MiB, 81920 MiB
2026/06/10 00:17:19.001, 0 %, 0 MiB, 81920 MiB
2026/06/10 00:17:24.002, 0 %, 497 MiB, 81920 MiB
2026/06/10 00:17:24.002, 0 %, 0 MiB, 81920 MiB
2026/06/10 00:17:29.003, 0 %, 497 MiB, 81920 MiB
2026/06/10 00:17:29.003, 0 %, 0 MiB, 81920 MiB
2026/06/10 00:17:34.004, 0 %, 497 MiB, 81920 MiB
2026/06/10 00:17:34.004, 0 %, 0 MiB, 81920 MiB
2026/06/10 00:17:39.005, 0 %, 497 MiB, 81920 MiB
2026/06/10 00:17:39.005, 0 %, 0 MiB, 81920 MiB
2026/06/10 00:17:44.007, 0 %, 497 MiB, 81920 MiB
2026/06/10 00:17:44.007, 0 %, 0 MiB, 81920 MiB
2026/06/10 00:17:49.008, 0 %, 497 MiB, 81920 MiB
2026/06/10 00:17:49.008, 0 %, 0 MiB, 81920 MiB
2026/06/10 00:17:54.010, 0 %, 497 MiB, 81920 MiB
2026/06/10 00:17:54.010, 0 %, 0 MiB, 81920 MiB
2026/06/10 00:17:59.010, 0 %, 497 MiB, 81920 MiB
2026/06/10 00:17:59.011, 0 %, 0 MiB, 81920 MiB
2026/06/10 00:18:04.011, 0 %, 497 MiB, 81920 MiB
2026/06/10 00:18:04.012, 0 %, 0 MiB, 81920 MiB
2026/06/10 00:18:09.012, 0 %, 497 MiB, 81920 MiB
2026/06/10 00:18:09.013, 0 %, 0 MiB, 81920 MiB
2026/06/10 00:18:14.014, 0 %, 497 MiB, 81920 MiB
2026/06/10 00:18:14.014, 0 %, 0 MiB, 81920 MiB
2026/06/10 00:18:19.015, 0 %, 497 MiB, 81920 MiB
2026/06/10 00:18:19.015, 0 %, 0 MiB, 81920 MiB
2026/06/10 00:18:24.015, 0 %, 497 MiB, 81920 MiB
2026/06/10 00:18:24.015, 0 %, 0 MiB, 81920 MiB
2026/06/10 00:18:29.017, 0 %, 497 MiB, 81920 MiB
2026/06/10 00:18:29.018, 0 %, 0 MiB, 81920 MiB
2026/06/10 00:18:34.019, 0 %, 497 MiB, 81920 MiB
2026/06/10 00:18:34.019, 0 %, 0 MiB, 81920 MiB
2026/06/10 00:18:39.020, 0 %, 497 MiB, 81920 MiB
2026/06/10 00:18:39.020, 0 %, 0 MiB, 81920 MiB
2026/06/10 00:18:44.021, 0 %, 497 MiB, 81920 MiB
2026/06/10 00:18:44.021, 0 %, 0 MiB, 81920 MiB
2026/06/10 00:18:49.022, 0 %, 497 MiB, 81920 MiB
2026/06/10 00:18:49.022, 0 %, 0 MiB, 81920 MiB
2026/06/10 00:18:54.023, 0 %, 497 MiB, 81920 MiB
2026/06/10 00:18:54.023, 0 %, 0 MiB, 81920 MiB
2026/06/10 00:18:59.023, 0 %, 497 MiB, 81920 MiB
2026/06/10 00:18:59.024, 0 %, 0 MiB, 81920 MiB
2026/06/10 00:19:04.024, 0 %, 497 MiB, 81920 MiB
2026/06/10 00:19:04.025, 0 %, 0 MiB, 81920 MiB
2026/06/10 00:19:09.026, 0 %, 497 MiB, 81920 MiB
2026/06/10 00:19:09.026, 0 %, 0 MiB, 81920 MiB
2026/06/10 00:19:14.026, 0 %, 497 MiB, 81920 MiB
2026/06/10 00:19:14.026, 0 %, 0 MiB, 81920 MiB
2026/06/10 00:19:19.027, 0 %, 497 MiB, 81920 MiB
2026/06/10 00:19:19.027, 0 %, 0 MiB, 81920 MiB
2026/06/10 00:19:24.028, 0 %, 497 MiB, 81920 MiB
2026/06/10 00:19:24.028, 0 %, 0 MiB, 81920 MiB
2026/06/10 00:19:29.029, 0 %, 497 MiB, 81920 MiB
2026/06/10 00:19:29.029, 0 %, 0 MiB, 81920 MiB
2026/06/10 00:19:34.029, 0 %, 497 MiB, 81920 MiB
2026/06/10 00:19:34.029, 0 %, 0 MiB, 81920 MiB
2026/06/10 00:19:39.030, 0 %, 497 MiB, 81920 MiB
2026/06/10 00:19:39.030, 0 %, 0 MiB, 81920 MiB
2026/06/10 00:19:44.031, 0 %, 497 MiB, 81920 MiB
2026/06/10 00:19:44.031, 0 %, 0 MiB, 81920 MiB
2026/06/10 00:19:49.032, 0 %, 497 MiB, 81920 MiB
2026/06/10 00:19:49.032, 0 %, 0 MiB, 81920 MiB
2026/06/10 00:19:54.032, 0 %, 497 MiB, 81920 MiB
2026/06/10 00:19:54.032, 0 %, 0 MiB, 81920 MiB
2026/06/10 00:19:59.033, 0 %, 497 MiB, 81920 MiB
2026/06/10 00:19:59.033, 0 %, 0 MiB, 81920 MiB
2026/06/10 00:20:04.034, 0 %, 497 MiB, 81920 MiB
2026/06/10 00:20:04.034, 0 %, 0 MiB, 81920 MiB
2026/06/10 00:20:09.035, 0 %, 497 MiB, 81920 MiB
2026/06/10 00:20:09.035, 0 %, 0 MiB, 81920 MiB
2026/06/10 00:20:14.036, 0 %, 497 MiB, 81920 MiB
2026/06/10 00:20:14.036, 0 %, 0 MiB, 81920 MiB
2026/06/10 00:20:19.036, 0 %, 497 MiB, 81920 MiB
2026/06/10 00:20:19.036, 0 %, 0 MiB, 81920 MiB
2026/06/10 00:20:24.037, 0 %, 497 MiB, 81920 MiB
2026/06/10 00:20:24.037, 0 %, 0 MiB, 81920 MiB
2026/06/10 00:20:29.038, 0 %, 497 MiB, 81920 MiB
2026/06/10 00:20:29.038, 0 %, 0 MiB, 81920 MiB
2026/06/10 00:20:34.039, 0 %, 497 MiB, 81920 MiB
2026/06/10 00:20:34.039, 0 %, 0 MiB, 81920 MiB
2026/06/10 00:20:39.040, 0 %, 497 MiB, 81920 MiB
2026/06/10 00:20:39.040, 0 %, 0 MiB, 81920 MiB
2026/06/10 00:20:44.041, 0 %, 497 MiB, 81920 MiB
2026/06/10 00:20:44.041, 0 %, 0 MiB, 81920 MiB
2026/06/10 00:20:49.104, 0 %, 497 MiB, 81920 MiB
2026/06/10 00:20:49.105, 0 %, 0 MiB, 81920 MiB
2026/06/10 00:20:54.105, 0 %, 531 MiB, 81920 MiB
2026/06/10 00:20:54.105, 0 %, 0 MiB, 81920 MiB
2026/06/10 00:20:59.106, 0 %, 531 MiB, 81920 MiB
2026/06/10 00:20:59.106, 0 %, 0 MiB, 81920 MiB
2026/06/10 00:21:04.107, 0 %, 531 MiB, 81920 MiB
2026/06/10 00:21:04.107, 0 %, 0 MiB, 81920 MiB
2026/06/10 00:21:09.107, 0 %, 531 MiB, 81920 MiB
2026/06/10 00:21:09.107, 0 %, 0 MiB, 81920 MiB
2026/06/10 00:21:14.108, 0 %, 531 MiB, 81920 MiB
2026/06/10 00:21:14.108, 0 %, 0 MiB, 81920 MiB
2026/06/10 00:21:19.109, 0 %, 531 MiB, 81920 MiB
2026/06/10 00:21:19.109, 0 %, 0 MiB, 81920 MiB
2026/06/10 00:21:24.109, 0 %, 531 MiB, 81920 MiB
2026/06/10 00:21:24.110, 0 %, 0 MiB, 81920 MiB
2026/06/10 00:21:29.110, 0 %, 531 MiB, 81920 MiB
2026/06/10 00:21:29.110, 0 %, 0 MiB, 81920 MiB
2026/06/10 00:21:34.111, 0 %, 531 MiB, 81920 MiB
2026/06/10 00:21:34.111, 0 %, 0 MiB, 81920 MiB
2026/06/10 00:21:39.112, 0 %, 531 MiB, 81920 MiB
2026/06/10 00:21:39.112, 0 %, 0 MiB, 81920 MiB
2026/06/10 00:21:44.112, 0 %, 531 MiB, 81920 MiB
2026/06/10 00:21:44.112, 0 %, 0 MiB, 81920 MiB
2026/06/10 00:21:49.113, 0 %, 531 MiB, 81920 MiB
2026/06/10 00:21:49.113, 0 %, 0 MiB, 81920 MiB
2026/06/10 00:21:54.113, 0 %, 531 MiB, 81920 MiB
2026/06/10 00:21:54.114, 0 %, 0 MiB, 81920 MiB
2026/06/10 00:21:59.114, 0 %, 531 MiB, 81920 MiB
2026/06/10 00:21:59.114, 0 %, 0 MiB, 81920 MiB
2026/06/10 00:22:04.115, 0 %, 531 MiB, 81920 MiB
2026/06/10 00:22:04.115, 0 %, 0 MiB, 81920 MiB
2026/06/10 00:22:09.116, 0 %, 531 MiB, 81920 MiB
2026/06/10 00:22:09.116, 0 %, 0 MiB, 81920 MiB
2026/06/10 00:22:14.117, 0 %, 531 MiB, 81920 MiB
2026/06/10 00:22:14.117, 0 %, 0 MiB, 81920 MiB
2026/06/10 00:22:19.117, 0 %, 531 MiB, 81920 MiB
2026/06/10 00:22:19.117, 0 %, 0 MiB, 81920 MiB
2026/06/10 00:22:24.118, 0 %, 531 MiB, 81920 MiB
2026/06/10 00:22:24.118, 0 %, 0 MiB, 81920 MiB
2026/06/10 00:22:29.119, 0 %, 531 MiB, 81920 MiB
2026/06/10 00:22:29.119, 0 %, 0 MiB, 81920 MiB
2026/06/10 00:22:34.119, 0 %, 531 MiB, 81920 MiB
2026/06/10 00:22:34.120, 0 %, 0 MiB, 81920 MiB
2026/06/10 00:22:39.120, 0 %, 531 MiB, 81920 MiB
2026/06/10 00:22:39.120, 0 %, 0 MiB, 81920 MiB
2026/06/10 00:22:44.121, 0 %, 531 MiB, 81920 MiB
2026/06/10 00:22:44.121, 0 %, 0 MiB, 81920 MiB
2026/06/10 00:22:49.122, 0 %, 531 MiB, 81920 MiB
2026/06/10 00:22:49.122, 0 %, 0 MiB, 81920 MiB
2026/06/10 00:22:54.122, 0 %, 531 MiB, 81920 MiB
2026/06/10 00:22:54.122, 0 %, 0 MiB, 81920 MiB
2026/06/10 00:22:59.123, 0 %, 531 MiB, 81920 MiB
2026/06/10 00:22:59.123, 0 %, 0 MiB, 81920 MiB
2026/06/10 00:23:04.124, 0 %, 531 MiB, 81920 MiB
2026/06/10 00:23:04.124, 0 %, 0 MiB, 81920 MiB
2026/06/10 00:23:09.125, 0 %, 531 MiB, 81920 MiB
2026/06/10 00:23:09.125, 0 %, 0 MiB, 81920 MiB
2026/06/10 00:23:14.125, 0 %, 531 MiB, 81920 MiB
2026/06/10 00:23:14.125, 0 %, 0 MiB, 81920 MiB
2026/06/10 00:23:19.126, 0 %, 531 MiB, 81920 MiB
2026/06/10 00:23:19.126, 0 %, 0 MiB, 81920 MiB
2026/06/10 00:23:24.126, 0 %, 531 MiB, 81920 MiB
2026/06/10 00:23:24.127, 0 %, 0 MiB, 81920 MiB
2026/06/10 00:23:29.127, 0 %, 531 MiB, 81920 MiB
2026/06/10 00:23:29.127, 0 %, 0 MiB, 81920 MiB
2026/06/10 00:23:34.128, 0 %, 531 MiB, 81920 MiB
2026/06/10 00:23:34.128, 0 %, 0 MiB, 81920 MiB
2026/06/10 00:23:39.128, 0 %, 531 MiB, 81920 MiB
2026/06/10 00:23:39.129, 0 %, 0 MiB, 81920 MiB
2026/06/10 00:23:44.129, 0 %, 531 MiB, 81920 MiB
2026/06/10 00:23:44.129, 0 %, 0 MiB, 81920 MiB
2026/06/10 00:23:49.130, 0 %, 531 MiB, 81920 MiB
2026/06/10 00:23:49.130, 0 %, 0 MiB, 81920 MiB
2026/06/10 00:23:54.131, 0 %, 531 MiB, 81920 MiB
2026/06/10 00:23:54.131, 0 %, 0 MiB, 81920 MiB
2026/06/10 00:23:59.131, 0 %, 531 MiB, 81920 MiB
2026/06/10 00:23:59.131, 0 %, 0 MiB, 81920 MiB
2026/06/10 00:24:04.132, 0 %, 531 MiB, 81920 MiB
2026/06/10 00:24:04.132, 0 %, 0 MiB, 81920 MiB
2026/06/10 00:24:09.133, 0 %, 531 MiB, 81920 MiB
2026/06/10 00:24:09.133, 0 %, 0 MiB, 81920 MiB
2026/06/10 00:24:14.133, 0 %, 531 MiB, 81920 MiB
2026/06/10 00:24:14.133, 0 %, 0 MiB, 81920 MiB
2026/06/10 00:24:19.134, 0 %, 531 MiB, 81920 MiB
2026/06/10 00:24:19.134, 0 %, 0 MiB, 81920 MiB
2026/06/10 00:24:24.135, 0 %, 531 MiB, 81920 MiB
2026/06/10 00:24:24.135, 0 %, 0 MiB, 81920 MiB
2026/06/10 00:24:29.135, 0 %, 531 MiB, 81920 MiB
2026/06/10 00:24:29.135, 0 %, 0 MiB, 81920 MiB
2026/06/10 00:24:34.136, 0 %, 531 MiB, 81920 MiB
2026/06/10 00:24:34.136, 0 %, 0 MiB, 81920 MiB
2026/06/10 00:24:39.137, 0 %, 531 MiB, 81920 MiB
2026/06/10 00:24:39.137, 0 %, 0 MiB, 81920 MiB
2026/06/10 00:24:44.138, 0 %, 531 MiB, 81920 MiB
2026/06/10 00:24:44.138, 0 %, 0 MiB, 81920 MiB
2026/06/10 00:24:49.138, 0 %, 531 MiB, 81920 MiB
2026/06/10 00:24:49.139, 0 %, 0 MiB, 81920 MiB
2026/06/10 00:24:54.139, 0 %, 531 MiB, 81920 MiB
2026/06/10 00:24:54.139, 0 %, 0 MiB, 81920 MiB
2026/06/10 00:24:59.140, 0 %, 531 MiB, 81920 MiB
2026/06/10 00:24:59.140, 0 %, 0 MiB, 81920 MiB
2026/06/10 00:25:04.140, 0 %, 531 MiB, 81920 MiB
2026/06/10 00:25:04.141, 0 %, 0 MiB, 81920 MiB
2026/06/10 00:25:09.141, 0 %, 531 MiB, 81920 MiB
2026/06/10 00:25:09.141, 0 %, 0 MiB, 81920 MiB
2026/06/10 00:25:14.142, 0 %, 531 MiB, 81920 MiB
2026/06/10 00:25:14.142, 0 %, 0 MiB, 81920 MiB
2026/06/10 00:25:19.142, 0 %, 531 MiB, 81920 MiB
2026/06/10 00:25:19.143, 0 %, 0 MiB, 81920 MiB
2026/06/10 00:25:24.143, 0 %, 531 MiB, 81920 MiB
2026/06/10 00:25:24.143, 0 %, 0 MiB, 81920 MiB
2026/06/10 00:25:29.144, 0 %, 531 MiB, 81920 MiB
2026/06/10 00:25:29.144, 0 %, 0 MiB, 81920 MiB
2026/06/10 00:25:34.144, 0 %, 531 MiB, 81920 MiB
2026/06/10 00:25:34.145, 0 %, 0 MiB, 81920 MiB
2026/06/10 00:25:39.145, 0 %, 531 MiB, 81920 MiB
2026/06/10 00:25:39.145, 0 %, 0 MiB, 81920 MiB
2026/06/10 00:25:44.146, 0 %, 531 MiB, 81920 MiB
2026/06/10 00:25:44.146, 0 %, 0 MiB, 81920 MiB
2026/06/10 00:25:49.147, 0 %, 531 MiB, 81920 MiB
2026/06/10 00:25:49.147, 0 %, 0 MiB, 81920 MiB
2026/06/10 00:25:54.148, 0 %, 531 MiB, 81920 MiB
2026/06/10 00:25:54.148, 0 %, 0 MiB, 81920 MiB
2026/06/10 00:25:59.148, 0 %, 531 MiB, 81920 MiB
2026/06/10 00:25:59.149, 0 %, 0 MiB, 81920 MiB
2026/06/10 00:26:04.149, 0 %, 531 MiB, 81920 MiB
2026/06/10 00:26:04.149, 0 %, 0 MiB, 81920 MiB
2026/06/10 00:26:09.150, 0 %, 531 MiB, 81920 MiB
2026/06/10 00:26:09.150, 0 %, 0 MiB, 81920 MiB
2026/06/10 00:26:14.151, 0 %, 531 MiB, 81920 MiB
2026/06/10 00:26:14.151, 0 %, 0 MiB, 81920 MiB
2026/06/10 00:26:19.151, 0 %, 531 MiB, 81920 MiB
2026/06/10 00:26:19.151, 0 %, 0 MiB, 81920 MiB
2026/06/10 00:26:24.152, 0 %, 531 MiB, 81920 MiB
2026/06/10 00:26:24.152, 0 %, 0 MiB, 81920 MiB
2026/06/10 00:26:29.153, 0 %, 531 MiB, 81920 MiB
2026/06/10 00:26:29.153, 0 %, 0 MiB, 81920 MiB
2026/06/10 00:26:34.153, 0 %, 531 MiB, 81920 MiB
2026/06/10 00:26:34.153, 0 %, 0 MiB, 81920 MiB
2026/06/10 00:26:39.154, 0 %, 531 MiB, 81920 MiB
2026/06/10 00:26:39.154, 0 %, 0 MiB, 81920 MiB
2026/06/10 00:26:44.155, 0 %, 531 MiB, 81920 MiB
2026/06/10 00:26:44.155, 0 %, 0 MiB, 81920 MiB
2026/06/10 00:26:49.156, 0 %, 531 MiB, 81920 MiB
2026/06/10 00:26:49.156, 0 %, 0 MiB, 81920 MiB
2026/06/10 00:26:54.156, 0 %, 531 MiB, 81920 MiB
2026/06/10 00:26:54.157, 0 %, 0 MiB, 81920 MiB
2026/06/10 00:26:59.157, 0 %, 531 MiB, 81920 MiB
2026/06/10 00:26:59.157, 0 %, 0 MiB, 81920 MiB
2026/06/10 00:27:04.158, 0 %, 531 MiB, 81920 MiB
2026/06/10 00:27:04.158, 0 %, 0 MiB, 81920 MiB
2026/06/10 00:27:09.158, 0 %, 531 MiB, 81920 MiB
2026/06/10 00:27:09.159, 0 %, 0 MiB, 81920 MiB
2026/06/10 00:27:14.159, 0 %, 531 MiB, 81920 MiB
2026/06/10 00:27:14.159, 0 %, 0 MiB, 81920 MiB
2026/06/10 00:27:19.160, 0 %, 531 MiB, 81920 MiB
2026/06/10 00:27:19.160, 0 %, 0 MiB, 81920 MiB
2026/06/10 00:27:24.161, 0 %, 531 MiB, 81920 MiB
2026/06/10 00:27:24.161, 0 %, 0 MiB, 81920 MiB
2026/06/10 00:27:29.161, 0 %, 531 MiB, 81920 MiB
2026/06/10 00:27:29.162, 0 %, 0 MiB, 81920 MiB
2026/06/10 00:27:34.162, 0 %, 531 MiB, 81920 MiB
2026/06/10 00:27:34.162, 0 %, 0 MiB, 81920 MiB
2026/06/10 00:27:39.163, 0 %, 531 MiB, 81920 MiB
2026/06/10 00:27:39.163, 0 %, 0 MiB, 81920 MiB
2026/06/10 00:27:44.164, 0 %, 531 MiB, 81920 MiB
2026/06/10 00:27:44.164, 0 %, 0 MiB, 81920 MiB
2026/06/10 00:27:49.164, 0 %, 531 MiB, 81920 MiB
2026/06/10 00:27:49.165, 0 %, 0 MiB, 81920 MiB
2026/06/10 00:27:54.165, 0 %, 531 MiB, 81920 MiB
2026/06/10 00:27:54.165, 0 %, 0 MiB, 81920 MiB
2026/06/10 00:27:59.166, 0 %, 531 MiB, 81920 MiB
2026/06/10 00:27:59.166, 0 %, 0 MiB, 81920 MiB
2026/06/10 00:28:04.167, 0 %, 531 MiB, 81920 MiB
2026/06/10 00:28:04.167, 0 %, 0 MiB, 81920 MiB
2026/06/10 00:28:09.167, 0 %, 531 MiB, 81920 MiB
2026/06/10 00:28:09.167, 0 %, 0 MiB, 81920 MiB
2026/06/10 00:28:14.168, 0 %, 531 MiB, 81920 MiB
2026/06/10 00:28:14.168, 0 %, 0 MiB, 81920 MiB
2026/06/10 00:28:19.169, 0 %, 531 MiB, 81920 MiB
2026/06/10 00:28:19.169, 0 %, 0 MiB, 81920 MiB
2026/06/10 00:28:24.170, 0 %, 531 MiB, 81920 MiB
2026/06/10 00:28:24.170, 0 %, 0 MiB, 81920 MiB
2026/06/10 00:28:29.170, 0 %, 531 MiB, 81920 MiB
2026/06/10 00:28:29.170, 0 %, 0 MiB, 81920 MiB
2026/06/10 00:28:34.171, 0 %, 531 MiB, 81920 MiB
2026/06/10 00:28:34.171, 0 %, 0 MiB, 81920 MiB
2026/06/10 00:28:39.172, 0 %, 531 MiB, 81920 MiB
2026/06/10 00:28:39.172, 0 %, 0 MiB, 81920 MiB
2026/06/10 00:28:44.172, 0 %, 531 MiB, 81920 MiB
2026/06/10 00:28:44.173, 0 %, 0 MiB, 81920 MiB
2026/06/10 00:28:49.173, 0 %, 531 MiB, 81920 MiB
2026/06/10 00:28:49.173, 0 %, 0 MiB, 81920 MiB
2026/06/10 00:28:54.174, 0 %, 531 MiB, 81920 MiB
2026/06/10 00:28:54.174, 0 %, 0 MiB, 81920 MiB
2026/06/10 00:28:59.174, 0 %, 531 MiB, 81920 MiB
2026/06/10 00:28:59.175, 0 %, 0 MiB, 81920 MiB
2026/06/10 00:29:04.175, 0 %, 531 MiB, 81920 MiB
2026/06/10 00:29:04.175, 0 %, 0 MiB, 81920 MiB
2026/06/10 00:29:09.176, 0 %, 531 MiB, 81920 MiB
2026/06/10 00:29:09.176, 0 %, 0 MiB, 81920 MiB
2026/06/10 00:29:14.176, 0 %, 531 MiB, 81920 MiB
2026/06/10 00:29:14.176, 0 %, 0 MiB, 81920 MiB
2026/06/10 00:29:19.177, 0 %, 531 MiB, 81920 MiB
2026/06/10 00:29:19.177, 0 %, 0 MiB, 81920 MiB
2026/06/10 00:29:24.178, 0 %, 531 MiB, 81920 MiB
2026/06/10 00:29:24.178, 0 %, 0 MiB, 81920 MiB
2026/06/10 00:29:29.178, 0 %, 531 MiB, 81920 MiB
2026/06/10 00:29:29.178, 0 %, 0 MiB, 81920 MiB
2026/06/10 00:29:34.179, 0 %, 531 MiB, 81920 MiB
2026/06/10 00:29:34.179, 0 %, 0 MiB, 81920 MiB
2026/06/10 00:29:39.180, 0 %, 531 MiB, 81920 MiB
2026/06/10 00:29:39.180, 0 %, 0 MiB, 81920 MiB
2026/06/10 00:29:44.180, 0 %, 531 MiB, 81920 MiB
2026/06/10 00:29:44.180, 0 %, 0 MiB, 81920 MiB
2026/06/10 00:29:49.181, 0 %, 531 MiB, 81920 MiB
2026/06/10 00:29:49.181, 0 %, 0 MiB, 81920 MiB
2026/06/10 00:29:54.182, 0 %, 531 MiB, 81920 MiB
2026/06/10 00:29:54.182, 0 %, 0 MiB, 81920 MiB
2026/06/10 00:29:59.182, 0 %, 531 MiB, 81920 MiB
2026/06/10 00:29:59.182, 0 %, 0 MiB, 81920 MiB
2026/06/10 00:30:04.183, 0 %, 531 MiB, 81920 MiB
2026/06/10 00:30:04.183, 0 %, 0 MiB, 81920 MiB
2026/06/10 00:30:09.183, 0 %, 531 MiB, 81920 MiB
2026/06/10 00:30:09.184, 0 %, 0 MiB, 81920 MiB
2026/06/10 00:30:14.184, 0 %, 531 MiB, 81920 MiB
2026/06/10 00:30:14.184, 0 %, 0 MiB, 81920 MiB
2026/06/10 00:30:19.185, 0 %, 531 MiB, 81920 MiB
2026/06/10 00:30:19.185, 0 %, 0 MiB, 81920 MiB
2026/06/10 00:30:24.186, 0 %, 531 MiB, 81920 MiB
2026/06/10 00:30:24.186, 0 %, 0 MiB, 81920 MiB
2026/06/10 00:30:29.186, 0 %, 531 MiB, 81920 MiB
2026/06/10 00:30:29.186, 0 %, 0 MiB, 81920 MiB
2026/06/10 00:30:34.187, 0 %, 531 MiB, 81920 MiB
2026/06/10 00:30:34.187, 0 %, 0 MiB, 81920 MiB
2026/06/10 00:30:39.187, 0 %, 531 MiB, 81920 MiB
2026/06/10 00:30:39.187, 0 %, 0 MiB, 81920 MiB
2026/06/10 00:30:44.188, 0 %, 531 MiB, 81920 MiB
2026/06/10 00:30:44.188, 0 %, 0 MiB, 81920 MiB
2026/06/10 00:30:49.189, 0 %, 531 MiB, 81920 MiB
2026/06/10 00:30:49.189, 0 %, 0 MiB, 81920 MiB
2026/06/10 00:30:54.189, 0 %, 531 MiB, 81920 MiB
2026/06/10 00:30:54.190, 0 %, 0 MiB, 81920 MiB
2026/06/10 00:30:59.190, 0 %, 531 MiB, 81920 MiB
2026/06/10 00:30:59.190, 0 %, 0 MiB, 81920 MiB
2026/06/10 00:31:04.191, 0 %, 531 MiB, 81920 MiB
2026/06/10 00:31:04.191, 0 %, 0 MiB, 81920 MiB
2026/06/10 00:31:09.191, 0 %, 531 MiB, 81920 MiB
2026/06/10 00:31:09.191, 0 %, 0 MiB, 81920 MiB
2026/06/10 00:31:14.192, 0 %, 531 MiB, 81920 MiB
2026/06/10 00:31:14.192, 0 %, 0 MiB, 81920 MiB
2026/06/10 00:31:19.193, 0 %, 531 MiB, 81920 MiB
2026/06/10 00:31:19.193, 0 %, 0 MiB, 81920 MiB
2026/06/10 00:31:24.193, 0 %, 531 MiB, 81920 MiB
2026/06/10 00:31:24.193, 0 %, 0 MiB, 81920 MiB
2026/06/10 00:31:29.194, 0 %, 497 MiB, 81920 MiB
2026/06/10 00:31:29.194, 0 %, 0 MiB, 81920 MiB
2026/06/10 00:31:34.198, 0 %, 497 MiB, 81920 MiB
2026/06/10 00:31:34.199, 0 %, 0 MiB, 81920 MiB
2026/06/10 00:31:39.199, 0 %, 497 MiB, 81920 MiB
2026/06/10 00:31:39.200, 0 %, 0 MiB, 81920 MiB
2026/06/10 00:31:44.200, 0 %, 497 MiB, 81920 MiB
2026/06/10 00:31:44.200, 0 %, 0 MiB, 81920 MiB
2026/06/10 00:31:49.201, 0 %, 497 MiB, 81920 MiB
2026/06/10 00:31:49.202, 0 %, 0 MiB, 81920 MiB
2026/06/10 00:31:54.202, 0 %, 497 MiB, 81920 MiB
2026/06/10 00:31:54.203, 0 %, 0 MiB, 81920 MiB
2026/06/10 00:31:59.203, 0 %, 497 MiB, 81920 MiB
2026/06/10 00:31:59.204, 0 %, 0 MiB, 81920 MiB
2026/06/10 00:32:04.204, 0 %, 497 MiB, 81920 MiB
2026/06/10 00:32:04.205, 0 %, 0 MiB, 81920 MiB
2026/06/10 00:32:09.205, 0 %, 497 MiB, 81920 MiB
2026/06/10 00:32:09.206, 0 %, 0 MiB, 81920 MiB
2026/06/10 00:32:14.206, 0 %, 497 MiB, 81920 MiB
2026/06/10 00:32:14.207, 0 %, 0 MiB, 81920 MiB
2026/06/10 00:32:19.208, 0 %, 497 MiB, 81920 MiB
2026/06/10 00:32:19.208, 0 %, 0 MiB, 81920 MiB
2026/06/10 00:32:24.209, 0 %, 497 MiB, 81920 MiB
2026/06/10 00:32:24.209, 0 %, 0 MiB, 81920 MiB
2026/06/10 00:32:29.210, 0 %, 497 MiB, 81920 MiB
2026/06/10 00:32:29.210, 0 %, 0 MiB, 81920 MiB
2026/06/10 00:32:34.211, 0 %, 497 MiB, 81920 MiB
2026/06/10 00:32:34.211, 0 %, 0 MiB, 81920 MiB
2026/06/10 00:32:39.212, 0 %, 497 MiB, 81920 MiB
2026/06/10 00:32:39.212, 0 %, 0 MiB, 81920 MiB
2026/06/10 00:32:44.213, 0 %, 497 MiB, 81920 MiB
2026/06/10 00:32:44.213, 0 %, 0 MiB, 81920 MiB
2026/06/10 00:32:49.214, 0 %, 497 MiB, 81920 MiB
2026/06/10 00:32:49.215, 0 %, 0 MiB, 81920 MiB
2026/06/10 00:32:54.216, 0 %, 497 MiB, 81920 MiB
2026/06/10 00:32:54.216, 0 %, 0 MiB, 81920 MiB
2026/06/10 00:32:59.217, 0 %, 497 MiB, 81920 MiB
2026/06/10 00:32:59.217, 0 %, 0 MiB, 81920 MiB
2026/06/10 00:33:04.218, 0 %, 497 MiB, 81920 MiB
2026/06/10 00:33:04.218, 0 %, 0 MiB, 81920 MiB
2026/06/10 00:33:09.219, 0 %, 497 MiB, 81920 MiB
2026/06/10 00:33:09.219, 0 %, 0 MiB, 81920 MiB
2026/06/10 00:33:14.220, 0 %, 497 MiB, 81920 MiB
2026/06/10 00:33:14.220, 0 %, 0 MiB, 81920 MiB
2026/06/10 00:33:19.221, 0 %, 497 MiB, 81920 MiB
2026/06/10 00:33:19.221, 0 %, 0 MiB, 81920 MiB
2026/06/10 00:33:24.222, 0 %, 497 MiB, 81920 MiB
2026/06/10 00:33:24.222, 0 %, 0 MiB, 81920 MiB
2026/06/10 00:33:29.223, 0 %, 497 MiB, 81920 MiB
2026/06/10 00:33:29.223, 0 %, 0 MiB, 81920 MiB
2026/06/10 00:33:34.224, 0 %, 497 MiB, 81920 MiB
2026/06/10 00:33:34.224, 0 %, 0 MiB, 81920 MiB
2026/06/10 00:33:39.225, 0 %, 497 MiB, 81920 MiB
2026/06/10 00:33:39.225, 0 %, 0 MiB, 81920 MiB
2026/06/10 00:33:44.226, 0 %, 497 MiB, 81920 MiB
2026/06/10 00:33:44.226, 0 %, 0 MiB, 81920 MiB
2026/06/10 00:33:49.227, 0 %, 497 MiB, 81920 MiB
2026/06/10 00:33:49.227, 0 %, 0 MiB, 81920 MiB
2026/06/10 00:33:54.228, 0 %, 497 MiB, 81920 MiB
2026/06/10 00:33:54.228, 0 %, 0 MiB, 81920 MiB
2026/06/10 00:33:59.229, 0 %, 497 MiB, 81920 MiB
2026/06/10 00:33:59.229, 0 %, 0 MiB, 81920 MiB
2026/06/10 00:34:04.230, 0 %, 497 MiB, 81920 MiB
2026/06/10 00:34:04.230, 0 %, 0 MiB, 81920 MiB
2026/06/10 00:34:09.230, 0 %, 497 MiB, 81920 MiB
2026/06/10 00:34:09.230, 0 %, 0 MiB, 81920 MiB
2026/06/10 00:34:14.258, 0 %, 497 MiB, 81920 MiB
2026/06/10 00:34:14.258, 0 %, 0 MiB, 81920 MiB
2026/06/10 00:34:19.259, 0 %, 497 MiB, 81920 MiB
2026/06/10 00:34:19.259, 0 %, 0 MiB, 81920 MiB
2026/06/10 00:34:24.260, 0 %, 497 MiB, 81920 MiB
2026/06/10 00:34:24.260, 0 %, 0 MiB, 81920 MiB
2026/06/10 00:34:29.260, 0 %, 497 MiB, 81920 MiB
2026/06/10 00:34:29.261, 0 %, 0 MiB, 81920 MiB
2026/06/10 00:34:34.262, 0 %, 497 MiB, 81920 MiB
2026/06/10 00:34:34.262, 0 %, 0 MiB, 81920 MiB
2026/06/10 00:34:39.263, 38 %, 531 MiB, 81920 MiB
2026/06/10 00:34:39.263, 0 %, 0 MiB, 81920 MiB
2026/06/10 00:34:44.263, 0 %, 531 MiB, 81920 MiB
2026/06/10 00:34:44.264, 0 %, 0 MiB, 81920 MiB
2026/06/10 00:34:49.264, 0 %, 531 MiB, 81920 MiB
2026/06/10 00:34:49.264, 0 %, 0 MiB, 81920 MiB
2026/06/10 00:34:54.265, 0 %, 531 MiB, 81920 MiB
2026/06/10 00:34:54.265, 0 %, 0 MiB, 81920 MiB
2026/06/10 00:34:59.266, 0 %, 531 MiB, 81920 MiB
2026/06/10 00:34:59.266, 0 %, 0 MiB, 81920 MiB
2026/06/10 00:35:04.267, 0 %, 531 MiB, 81920 MiB
2026/06/10 00:35:04.267, 0 %, 0 MiB, 81920 MiB
2026/06/10 00:35:09.268, 0 %, 531 MiB, 81920 MiB
2026/06/10 00:35:09.268, 0 %, 0 MiB, 81920 MiB
2026/06/10 00:35:14.269, 0 %, 531 MiB, 81920 MiB
2026/06/10 00:35:14.269, 0 %, 0 MiB, 81920 MiB
2026/06/10 00:35:19.269, 0 %, 531 MiB, 81920 MiB
2026/06/10 00:35:19.270, 0 %, 0 MiB, 81920 MiB
2026/06/10 00:35:24.270, 0 %, 531 MiB, 81920 MiB
2026/06/10 00:35:24.271, 0 %, 0 MiB, 81920 MiB
2026/06/10 00:35:29.271, 0 %, 531 MiB, 81920 MiB
2026/06/10 00:35:29.271, 0 %, 0 MiB, 81920 MiB
2026/06/10 00:35:34.272, 0 %, 531 MiB, 81920 MiB
2026/06/10 00:35:34.272, 0 %, 0 MiB, 81920 MiB
2026/06/10 00:35:39.273, 0 %, 531 MiB, 81920 MiB
2026/06/10 00:35:39.273, 0 %, 0 MiB, 81920 MiB
2026/06/10 00:35:44.274, 0 %, 531 MiB, 81920 MiB
2026/06/10 00:35:44.274, 0 %, 0 MiB, 81920 MiB
2026/06/10 00:35:49.274, 0 %, 531 MiB, 81920 MiB
2026/06/10 00:35:49.275, 0 %, 0 MiB, 81920 MiB
2026/06/10 00:35:54.275, 0 %, 531 MiB, 81920 MiB
2026/06/10 00:35:54.276, 0 %, 0 MiB, 81920 MiB
2026/06/10 00:35:59.276, 0 %, 531 MiB, 81920 MiB
2026/06/10 00:35:59.276, 0 %, 0 MiB, 81920 MiB
2026/06/10 00:36:04.277, 0 %, 531 MiB, 81920 MiB
2026/06/10 00:36:04.277, 0 %, 0 MiB, 81920 MiB
2026/06/10 00:36:09.278, 0 %, 531 MiB, 81920 MiB
2026/06/10 00:36:09.278, 0 %, 0 MiB, 81920 MiB
2026/06/10 00:36:14.279, 0 %, 531 MiB, 81920 MiB
2026/06/10 00:36:14.279, 0 %, 0 MiB, 81920 MiB
2026/06/10 00:36:19.280, 0 %, 531 MiB, 81920 MiB
2026/06/10 00:36:19.280, 0 %, 0 MiB, 81920 MiB
2026/06/10 00:36:24.280, 0 %, 531 MiB, 81920 MiB
2026/06/10 00:36:24.280, 0 %, 0 MiB, 81920 MiB
2026/06/10 00:36:29.281, 0 %, 531 MiB, 81920 MiB
2026/06/10 00:36:29.281, 0 %, 0 MiB, 81920 MiB
2026/06/10 00:36:34.282, 0 %, 531 MiB, 81920 MiB
2026/06/10 00:36:34.282, 0 %, 0 MiB, 81920 MiB
2026/06/10 00:36:39.283, 0 %, 531 MiB, 81920 MiB
2026/06/10 00:36:39.283, 0 %, 0 MiB, 81920 MiB
2026/06/10 00:36:44.284, 0 %, 531 MiB, 81920 MiB
2026/06/10 00:36:44.284, 0 %, 0 MiB, 81920 MiB
2026/06/10 00:36:49.284, 0 %, 531 MiB, 81920 MiB
2026/06/10 00:36:49.284, 0 %, 0 MiB, 81920 MiB
2026/06/10 00:36:54.285, 0 %, 531 MiB, 81920 MiB
2026/06/10 00:36:54.285, 0 %, 0 MiB, 81920 MiB
2026/06/10 00:36:59.286, 0 %, 531 MiB, 81920 MiB
2026/06/10 00:36:59.286, 0 %, 0 MiB, 81920 MiB
2026/06/10 00:37:04.287, 0 %, 531 MiB, 81920 MiB
2026/06/10 00:37:04.287, 0 %, 0 MiB, 81920 MiB
2026/06/10 00:37:09.287, 0 %, 531 MiB, 81920 MiB
2026/06/10 00:37:09.287, 0 %, 0 MiB, 81920 MiB
2026/06/10 00:37:14.288, 0 %, 531 MiB, 81920 MiB
2026/06/10 00:37:14.288, 0 %, 0 MiB, 81920 MiB
2026/06/10 00:37:19.289, 0 %, 531 MiB, 81920 MiB
2026/06/10 00:37:19.289, 0 %, 0 MiB, 81920 MiB
2026/06/10 00:37:24.289, 0 %, 531 MiB, 81920 MiB
2026/06/10 00:37:24.289, 0 %, 0 MiB, 81920 MiB
2026/06/10 00:37:29.290, 0 %, 531 MiB, 81920 MiB
2026/06/10 00:37:29.290, 0 %, 0 MiB, 81920 MiB
2026/06/10 00:37:34.291, 0 %, 531 MiB, 81920 MiB
2026/06/10 00:37:34.291, 0 %, 0 MiB, 81920 MiB
2026/06/10 00:37:39.292, 0 %, 531 MiB, 81920 MiB
2026/06/10 00:37:39.292, 0 %, 0 MiB, 81920 MiB
2026/06/10 00:37:44.293, 0 %, 531 MiB, 81920 MiB
2026/06/10 00:37:44.293, 0 %, 0 MiB, 81920 MiB
2026/06/10 00:37:49.294, 0 %, 531 MiB, 81920 MiB
2026/06/10 00:37:49.294, 0 %, 0 MiB, 81920 MiB
2026/06/10 00:37:54.294, 0 %, 531 MiB, 81920 MiB
2026/06/10 00:37:54.295, 0 %, 0 MiB, 81920 MiB
2026/06/10 00:37:59.295, 0 %, 531 MiB, 81920 MiB
2026/06/10 00:37:59.296, 0 %, 0 MiB, 81920 MiB
2026/06/10 00:38:04.296, 0 %, 531 MiB, 81920 MiB
2026/06/10 00:38:04.296, 0 %, 0 MiB, 81920 MiB
2026/06/10 00:38:09.297, 0 %, 531 MiB, 81920 MiB
2026/06/10 00:38:09.297, 0 %, 0 MiB, 81920 MiB
2026/06/10 00:38:14.298, 0 %, 531 MiB, 81920 MiB
2026/06/10 00:38:14.298, 0 %, 0 MiB, 81920 MiB
2026/06/10 00:38:19.299, 0 %, 531 MiB, 81920 MiB
2026/06/10 00:38:19.299, 0 %, 0 MiB, 81920 MiB
2026/06/10 00:38:24.300, 0 %, 531 MiB, 81920 MiB
2026/06/10 00:38:24.300, 0 %, 0 MiB, 81920 MiB
2026/06/10 00:38:29.301, 0 %, 531 MiB, 81920 MiB
2026/06/10 00:38:29.301, 0 %, 0 MiB, 81920 MiB
2026/06/10 00:38:34.301, 0 %, 531 MiB, 81920 MiB
2026/06/10 00:38:34.301, 0 %, 0 MiB, 81920 MiB
2026/06/10 00:38:39.302, 0 %, 531 MiB, 81920 MiB
2026/06/10 00:38:39.302, 0 %, 0 MiB, 81920 MiB
2026/06/10 00:38:44.303, 0 %, 531 MiB, 81920 MiB
2026/06/10 00:38:44.303, 0 %, 0 MiB, 81920 MiB
2026/06/10 00:38:49.304, 0 %, 531 MiB, 81920 MiB
2026/06/10 00:38:49.304, 0 %, 0 MiB, 81920 MiB
2026/06/10 00:38:54.305, 0 %, 531 MiB, 81920 MiB
2026/06/10 00:38:54.305, 0 %, 0 MiB, 81920 MiB
2026/06/10 00:38:59.306, 0 %, 531 MiB, 81920 MiB
2026/06/10 00:38:59.306, 0 %, 0 MiB, 81920 MiB
2026/06/10 00:39:04.306, 0 %, 531 MiB, 81920 MiB
2026/06/10 00:39:04.307, 0 %, 0 MiB, 81920 MiB
2026/06/10 00:39:09.307, 0 %, 531 MiB, 81920 MiB
2026/06/10 00:39:09.307, 0 %, 0 MiB, 81920 MiB
2026/06/10 00:39:14.308, 0 %, 531 MiB, 81920 MiB
2026/06/10 00:39:14.308, 0 %, 0 MiB, 81920 MiB
2026/06/10 00:39:19.309, 0 %, 531 MiB, 81920 MiB
2026/06/10 00:39:19.309, 0 %, 0 MiB, 81920 MiB
2026/06/10 00:39:24.310, 0 %, 531 MiB, 81920 MiB
2026/06/10 00:39:24.310, 0 %, 0 MiB, 81920 MiB
2026/06/10 00:39:29.311, 0 %, 531 MiB, 81920 MiB
2026/06/10 00:39:29.311, 0 %, 0 MiB, 81920 MiB
2026/06/10 00:39:34.312, 0 %, 531 MiB, 81920 MiB
2026/06/10 00:39:34.312, 0 %, 0 MiB, 81920 MiB
2026/06/10 00:39:39.312, 0 %, 531 MiB, 81920 MiB
2026/06/10 00:39:39.312, 0 %, 0 MiB, 81920 MiB
2026/06/10 00:39:44.313, 0 %, 531 MiB, 81920 MiB
2026/06/10 00:39:44.313, 0 %, 0 MiB, 81920 MiB
2026/06/10 00:39:49.314, 0 %, 531 MiB, 81920 MiB
2026/06/10 00:39:49.314, 0 %, 0 MiB, 81920 MiB
2026/06/10 00:39:54.315, 0 %, 531 MiB, 81920 MiB
2026/06/10 00:39:54.315, 0 %, 0 MiB, 81920 MiB
2026/06/10 00:39:59.316, 0 %, 531 MiB, 81920 MiB
2026/06/10 00:39:59.316, 0 %, 0 MiB, 81920 MiB
2026/06/10 00:40:04.317, 0 %, 531 MiB, 81920 MiB
2026/06/10 00:40:04.317, 0 %, 0 MiB, 81920 MiB
2026/06/10 00:40:09.317, 0 %, 531 MiB, 81920 MiB
2026/06/10 00:40:09.318, 0 %, 0 MiB, 81920 MiB
2026/06/10 00:40:14.318, 0 %, 531 MiB, 81920 MiB
2026/06/10 00:40:14.318, 0 %, 0 MiB, 81920 MiB
2026/06/10 00:40:19.319, 0 %, 531 MiB, 81920 MiB
2026/06/10 00:40:19.319, 0 %, 0 MiB, 81920 MiB
2026/06/10 00:40:24.320, 0 %, 531 MiB, 81920 MiB
2026/06/10 00:40:24.320, 0 %, 0 MiB, 81920 MiB
2026/06/10 00:40:29.321, 0 %, 531 MiB, 81920 MiB
2026/06/10 00:40:29.321, 0 %, 0 MiB, 81920 MiB
2026/06/10 00:40:34.322, 0 %, 531 MiB, 81920 MiB
2026/06/10 00:40:34.322, 0 %, 0 MiB, 81920 MiB
2026/06/10 00:40:39.323, 0 %, 531 MiB, 81920 MiB
2026/06/10 00:40:39.323, 0 %, 0 MiB, 81920 MiB
2026/06/10 00:40:44.324, 0 %, 531 MiB, 81920 MiB
2026/06/10 00:40:44.324, 0 %, 0 MiB, 81920 MiB
2026/06/10 00:40:49.324, 0 %, 531 MiB, 81920 MiB
2026/06/10 00:40:49.324, 0 %, 0 MiB, 81920 MiB
2026/06/10 00:40:54.325, 0 %, 531 MiB, 81920 MiB
2026/06/10 00:40:54.325, 0 %, 0 MiB, 81920 MiB
2026/06/10 00:40:59.326, 0 %, 531 MiB, 81920 MiB
2026/06/10 00:40:59.326, 0 %, 0 MiB, 81920 MiB
2026/06/10 00:41:04.327, 0 %, 531 MiB, 81920 MiB
2026/06/10 00:41:04.327, 0 %, 0 MiB, 81920 MiB
2026/06/10 00:41:09.328, 0 %, 531 MiB, 81920 MiB
2026/06/10 00:41:09.328, 0 %, 0 MiB, 81920 MiB
2026/06/10 00:41:14.329, 0 %, 531 MiB, 81920 MiB
2026/06/10 00:41:14.329, 0 %, 0 MiB, 81920 MiB
2026/06/10 00:41:19.330, 0 %, 531 MiB, 81920 MiB
2026/06/10 00:41:19.330, 0 %, 0 MiB, 81920 MiB
2026/06/10 00:41:24.330, 0 %, 531 MiB, 81920 MiB
2026/06/10 00:41:24.331, 0 %, 0 MiB, 81920 MiB
2026/06/10 00:41:29.331, 0 %, 531 MiB, 81920 MiB
2026/06/10 00:41:29.331, 0 %, 0 MiB, 81920 MiB
2026/06/10 00:41:34.332, 0 %, 531 MiB, 81920 MiB
2026/06/10 00:41:34.332, 0 %, 0 MiB, 81920 MiB
2026/06/10 00:41:39.333, 0 %, 531 MiB, 81920 MiB
2026/06/10 00:41:39.333, 0 %, 0 MiB, 81920 MiB
2026/06/10 00:41:44.334, 0 %, 531 MiB, 81920 MiB
2026/06/10 00:41:44.334, 0 %, 0 MiB, 81920 MiB
2026/06/10 00:41:49.335, 0 %, 531 MiB, 81920 MiB
2026/06/10 00:41:49.335, 0 %, 0 MiB, 81920 MiB
2026/06/10 00:41:54.336, 0 %, 531 MiB, 81920 MiB
2026/06/10 00:41:54.336, 0 %, 0 MiB, 81920 MiB
2026/06/10 00:41:59.337, 0 %, 531 MiB, 81920 MiB
2026/06/10 00:41:59.337, 0 %, 0 MiB, 81920 MiB
2026/06/10 00:42:04.338, 0 %, 531 MiB, 81920 MiB
2026/06/10 00:42:04.338, 0 %, 0 MiB, 81920 MiB
2026/06/10 00:42:09.338, 0 %, 531 MiB, 81920 MiB
2026/06/10 00:42:09.339, 0 %, 0 MiB, 81920 MiB
2026/06/10 00:42:14.339, 0 %, 531 MiB, 81920 MiB
2026/06/10 00:42:14.339, 0 %, 0 MiB, 81920 MiB
2026/06/10 00:42:19.340, 0 %, 531 MiB, 81920 MiB
2026/06/10 00:42:19.340, 0 %, 0 MiB, 81920 MiB
2026/06/10 00:42:24.341, 0 %, 531 MiB, 81920 MiB
2026/06/10 00:42:24.341, 0 %, 0 MiB, 81920 MiB
2026/06/10 00:42:29.342, 0 %, 531 MiB, 81920 MiB
2026/06/10 00:42:29.342, 0 %, 0 MiB, 81920 MiB
2026/06/10 00:42:34.343, 0 %, 531 MiB, 81920 MiB
2026/06/10 00:42:34.343, 0 %, 0 MiB, 81920 MiB
2026/06/10 00:42:39.344, 0 %, 531 MiB, 81920 MiB
2026/06/10 00:42:39.344, 0 %, 0 MiB, 81920 MiB
2026/06/10 00:42:44.345, 0 %, 531 MiB, 81920 MiB
2026/06/10 00:42:44.345, 0 %, 0 MiB, 81920 MiB
2026/06/10 00:42:49.345, 0 %, 531 MiB, 81920 MiB
2026/06/10 00:42:49.345, 0 %, 0 MiB, 81920 MiB
2026/06/10 00:42:54.346, 0 %, 531 MiB, 81920 MiB
2026/06/10 00:42:54.346, 0 %, 0 MiB, 81920 MiB
2026/06/10 00:42:59.347, 0 %, 531 MiB, 81920 MiB
2026/06/10 00:42:59.347, 0 %, 0 MiB, 81920 MiB
2026/06/10 00:43:04.348, 0 %, 531 MiB, 81920 MiB
2026/06/10 00:43:04.348, 0 %, 0 MiB, 81920 MiB
2026/06/10 00:43:09.349, 0 %, 531 MiB, 81920 MiB
2026/06/10 00:43:09.349, 0 %, 0 MiB, 81920 MiB
2026/06/10 00:43:14.350, 0 %, 531 MiB, 81920 MiB
2026/06/10 00:43:14.350, 0 %, 0 MiB, 81920 MiB
2026/06/10 00:43:19.351, 0 %, 531 MiB, 81920 MiB
2026/06/10 00:43:19.351, 0 %, 0 MiB, 81920 MiB
2026/06/10 00:43:24.351, 0 %, 531 MiB, 81920 MiB
2026/06/10 00:43:24.352, 0 %, 0 MiB, 81920 MiB
2026/06/10 00:43:29.352, 0 %, 531 MiB, 81920 MiB
2026/06/10 00:43:29.352, 0 %, 0 MiB, 81920 MiB
2026/06/10 00:43:34.353, 0 %, 531 MiB, 81920 MiB
2026/06/10 00:43:34.353, 0 %, 0 MiB, 81920 MiB
2026/06/10 00:43:39.354, 0 %, 531 MiB, 81920 MiB
2026/06/10 00:43:39.354, 0 %, 0 MiB, 81920 MiB
2026/06/10 00:43:44.355, 0 %, 531 MiB, 81920 MiB
2026/06/10 00:43:44.355, 0 %, 0 MiB, 81920 MiB
2026/06/10 00:43:49.356, 0 %, 531 MiB, 81920 MiB
2026/06/10 00:43:49.356, 0 %, 0 MiB, 81920 MiB
2026/06/10 00:43:54.357, 0 %, 531 MiB, 81920 MiB
2026/06/10 00:43:54.357, 0 %, 0 MiB, 81920 MiB
2026/06/10 00:43:59.357, 0 %, 531 MiB, 81920 MiB
2026/06/10 00:43:59.358, 0 %, 0 MiB, 81920 MiB
2026/06/10 00:44:04.358, 0 %, 531 MiB, 81920 MiB
2026/06/10 00:44:04.358, 0 %, 0 MiB, 81920 MiB
2026/06/10 00:44:09.359, 0 %, 531 MiB, 81920 MiB
2026/06/10 00:44:09.359, 0 %, 0 MiB, 81920 MiB
2026/06/10 00:44:14.360, 0 %, 531 MiB, 81920 MiB
2026/06/10 00:44:14.360, 0 %, 0 MiB, 81920 MiB
2026/06/10 00:44:19.361, 0 %, 531 MiB, 81920 MiB
2026/06/10 00:44:19.361, 0 %, 0 MiB, 81920 MiB
2026/06/10 00:44:24.362, 0 %, 531 MiB, 81920 MiB
2026/06/10 00:44:24.362, 0 %, 0 MiB, 81920 MiB
2026/06/10 00:44:29.363, 0 %, 531 MiB, 81920 MiB
2026/06/10 00:44:29.363, 0 %, 0 MiB, 81920 MiB
2026/06/10 00:44:34.363, 0 %, 531 MiB, 81920 MiB
2026/06/10 00:44:34.364, 0 %, 0 MiB, 81920 MiB
2026/06/10 00:44:39.364, 0 %, 531 MiB, 81920 MiB
2026/06/10 00:44:39.365, 0 %, 0 MiB, 81920 MiB
2026/06/10 00:44:44.365, 0 %, 531 MiB, 81920 MiB
2026/06/10 00:44:44.365, 0 %, 0 MiB, 81920 MiB
2026/06/10 00:44:49.366, 0 %, 531 MiB, 81920 MiB
2026/06/10 00:44:49.366, 0 %, 0 MiB, 81920 MiB
2026/06/10 00:44:54.367, 0 %, 531 MiB, 81920 MiB
2026/06/10 00:44:54.367, 0 %, 0 MiB, 81920 MiB
2026/06/10 00:44:59.368, 0 %, 531 MiB, 81920 MiB
2026/06/10 00:44:59.368, 0 %, 0 MiB, 81920 MiB
2026/06/10 00:45:04.369, 0 %, 531 MiB, 81920 MiB
2026/06/10 00:45:04.369, 0 %, 0 MiB, 81920 MiB
2026/06/10 00:45:09.370, 0 %, 531 MiB, 81920 MiB
2026/06/10 00:45:09.370, 0 %, 0 MiB, 81920 MiB
2026/06/10 00:45:14.371, 0 %, 497 MiB, 81920 MiB
2026/06/10 00:45:14.371, 0 %, 0 MiB, 81920 MiB
2026/06/10 00:45:19.373, 0 %, 497 MiB, 81920 MiB
2026/06/10 00:45:19.373, 0 %, 0 MiB, 81920 MiB
2026/06/10 00:45:24.374, 0 %, 497 MiB, 81920 MiB
2026/06/10 00:45:24.375, 0 %, 0 MiB, 81920 MiB
2026/06/10 00:45:29.375, 0 %, 497 MiB, 81920 MiB
2026/06/10 00:45:29.376, 0 %, 0 MiB, 81920 MiB
2026/06/10 00:45:34.376, 0 %, 497 MiB, 81920 MiB
2026/06/10 00:45:34.376, 0 %, 0 MiB, 81920 MiB
2026/06/10 00:45:39.377, 0 %, 497 MiB, 81920 MiB
2026/06/10 00:45:39.377, 0 %, 0 MiB, 81920 MiB
2026/06/10 00:45:44.378, 0 %, 497 MiB, 81920 MiB
2026/06/10 00:45:44.378, 0 %, 0 MiB, 81920 MiB
2026/06/10 00:45:49.379, 0 %, 497 MiB, 81920 MiB
2026/06/10 00:45:49.379, 0 %, 0 MiB, 81920 MiB
2026/06/10 00:45:54.379, 0 %, 497 MiB, 81920 MiB
2026/06/10 00:45:54.379, 0 %, 0 MiB, 81920 MiB
2026/06/10 00:45:59.380, 0 %, 497 MiB, 81920 MiB
2026/06/10 00:45:59.380, 0 %, 0 MiB, 81920 MiB
2026/06/10 00:46:04.382, 0 %, 497 MiB, 81920 MiB
2026/06/10 00:46:04.382, 0 %, 0 MiB, 81920 MiB
2026/06/10 00:46:09.382, 0 %, 497 MiB, 81920 MiB
2026/06/10 00:46:09.382, 0 %, 0 MiB, 81920 MiB
2026/06/10 00:46:14.383, 0 %, 497 MiB, 81920 MiB
2026/06/10 00:46:14.383, 0 %, 0 MiB, 81920 MiB
2026/06/10 00:46:19.384, 0 %, 497 MiB, 81920 MiB
2026/06/10 00:46:19.384, 0 %, 0 MiB, 81920 MiB
2026/06/10 00:46:24.385, 0 %, 497 MiB, 81920 MiB
2026/06/10 00:46:24.385, 0 %, 0 MiB, 81920 MiB
2026/06/10 00:46:29.386, 0 %, 497 MiB, 81920 MiB
2026/06/10 00:46:29.386, 0 %, 0 MiB, 81920 MiB
2026/06/10 00:46:34.386, 0 %, 497 MiB, 81920 MiB
2026/06/10 00:46:34.387, 0 %, 0 MiB, 81920 MiB
2026/06/10 00:46:39.387, 0 %, 497 MiB, 81920 MiB
2026/06/10 00:46:39.388, 0 %, 0 MiB, 81920 MiB
2026/06/10 00:46:44.388, 0 %, 497 MiB, 81920 MiB
2026/06/10 00:46:44.388, 0 %, 0 MiB, 81920 MiB
2026/06/10 00:46:49.389, 0 %, 497 MiB, 81920 MiB
2026/06/10 00:46:49.389, 0 %, 0 MiB, 81920 MiB
2026/06/10 00:46:54.390, 0 %, 497 MiB, 81920 MiB
2026/06/10 00:46:54.390, 0 %, 0 MiB, 81920 MiB
2026/06/10 00:46:59.391, 0 %, 497 MiB, 81920 MiB
2026/06/10 00:46:59.391, 0 %, 0 MiB, 81920 MiB
2026/06/10 00:47:04.391, 0 %, 497 MiB, 81920 MiB
2026/06/10 00:47:04.391, 0 %, 0 MiB, 81920 MiB
2026/06/10 00:47:09.392, 0 %, 497 MiB, 81920 MiB
2026/06/10 00:47:09.392, 0 %, 0 MiB, 81920 MiB
2026/06/10 00:47:14.393, 0 %, 497 MiB, 81920 MiB
2026/06/10 00:47:14.393, 0 %, 0 MiB, 81920 MiB
2026/06/10 00:47:19.394, 0 %, 497 MiB, 81920 MiB
2026/06/10 00:47:19.394, 0 %, 0 MiB, 81920 MiB
2026/06/10 00:47:24.394, 0 %, 497 MiB, 81920 MiB
2026/06/10 00:47:24.394, 0 %, 0 MiB, 81920 MiB
2026/06/10 00:47:29.395, 0 %, 497 MiB, 81920 MiB
2026/06/10 00:47:29.395, 0 %, 0 MiB, 81920 MiB
2026/06/10 00:47:34.396, 0 %, 497 MiB, 81920 MiB
2026/06/10 00:47:34.396, 0 %, 0 MiB, 81920 MiB
2026/06/10 00:47:39.396, 0 %, 497 MiB, 81920 MiB
2026/06/10 00:47:39.397, 0 %, 0 MiB, 81920 MiB
2026/06/10 00:47:44.397, 0 %, 497 MiB, 81920 MiB
2026/06/10 00:47:44.397, 0 %, 0 MiB, 81920 MiB
2026/06/10 00:47:49.398, 0 %, 497 MiB, 81920 MiB
2026/06/10 00:47:49.398, 0 %, 0 MiB, 81920 MiB
2026/06/10 00:47:54.399, 0 %, 497 MiB, 81920 MiB
2026/06/10 00:47:54.399, 0 %, 0 MiB, 81920 MiB
2026/06/10 00:47:59.400, 0 %, 497 MiB, 81920 MiB
2026/06/10 00:47:59.400, 0 %, 0 MiB, 81920 MiB
2026/06/10 00:48:04.401, 0 %, 497 MiB, 81920 MiB
2026/06/10 00:48:04.401, 0 %, 0 MiB, 81920 MiB
2026/06/10 00:48:09.401, 0 %, 497 MiB, 81920 MiB
2026/06/10 00:48:09.402, 0 %, 0 MiB, 81920 MiB
2026/06/10 00:48:14.402, 0 %, 497 MiB, 81920 MiB
2026/06/10 00:48:14.402, 0 %, 0 MiB, 81920 MiB
2026/06/10 00:48:19.403, 0 %, 497 MiB, 81920 MiB
2026/06/10 00:48:19.403, 0 %, 0 MiB, 81920 MiB
2026/06/10 00:48:24.404, 0 %, 497 MiB, 81920 MiB
2026/06/10 00:48:24.404, 0 %, 0 MiB, 81920 MiB
2026/06/10 00:48:29.404, 0 %, 531 MiB, 81920 MiB
2026/06/10 00:48:29.405, 0 %, 0 MiB, 81920 MiB
2026/06/10 00:48:34.405, 0 %, 531 MiB, 81920 MiB
2026/06/10 00:48:34.405, 0 %, 0 MiB, 81920 MiB
2026/06/10 00:48:39.406, 0 %, 531 MiB, 81920 MiB
2026/06/10 00:48:39.406, 0 %, 0 MiB, 81920 MiB
2026/06/10 00:48:44.407, 0 %, 531 MiB, 81920 MiB
2026/06/10 00:48:44.407, 0 %, 0 MiB, 81920 MiB
2026/06/10 00:48:49.407, 0 %, 531 MiB, 81920 MiB
2026/06/10 00:48:49.408, 0 %, 0 MiB, 81920 MiB
2026/06/10 00:48:54.408, 0 %, 531 MiB, 81920 MiB
2026/06/10 00:48:54.408, 0 %, 0 MiB, 81920 MiB
2026/06/10 00:48:59.409, 0 %, 531 MiB, 81920 MiB
2026/06/10 00:48:59.409, 0 %, 0 MiB, 81920 MiB
2026/06/10 00:49:04.409, 0 %, 531 MiB, 81920 MiB
2026/06/10 00:49:04.409, 0 %, 0 MiB, 81920 MiB
2026/06/10 00:49:09.410, 0 %, 531 MiB, 81920 MiB
2026/06/10 00:49:09.410, 0 %, 0 MiB, 81920 MiB
2026/06/10 00:49:14.411, 0 %, 531 MiB, 81920 MiB
2026/06/10 00:49:14.411, 0 %, 0 MiB, 81920 MiB
2026/06/10 00:49:19.412, 0 %, 531 MiB, 81920 MiB
2026/06/10 00:49:19.412, 0 %, 0 MiB, 81920 MiB
2026/06/10 00:49:24.412, 0 %, 531 MiB, 81920 MiB
2026/06/10 00:49:24.412, 0 %, 0 MiB, 81920 MiB
2026/06/10 00:49:29.413, 0 %, 531 MiB, 81920 MiB
2026/06/10 00:49:29.413, 0 %, 0 MiB, 81920 MiB
2026/06/10 00:49:34.414, 0 %, 531 MiB, 81920 MiB
2026/06/10 00:49:34.414, 0 %, 0 MiB, 81920 MiB
2026/06/10 00:49:39.414, 0 %, 531 MiB, 81920 MiB
2026/06/10 00:49:39.415, 0 %, 0 MiB, 81920 MiB
2026/06/10 00:49:44.415, 0 %, 531 MiB, 81920 MiB
2026/06/10 00:49:44.415, 0 %, 0 MiB, 81920 MiB
2026/06/10 00:49:49.416, 0 %, 531 MiB, 81920 MiB
2026/06/10 00:49:49.416, 0 %, 0 MiB, 81920 MiB
2026/06/10 00:49:54.417, 0 %, 531 MiB, 81920 MiB
2026/06/10 00:49:54.417, 0 %, 0 MiB, 81920 MiB
2026/06/10 00:49:59.417, 0 %, 531 MiB, 81920 MiB
2026/06/10 00:49:59.417, 0 %, 0 MiB, 81920 MiB
2026/06/10 00:50:04.418, 0 %, 531 MiB, 81920 MiB
2026/06/10 00:50:04.418, 0 %, 0 MiB, 81920 MiB
2026/06/10 00:50:09.419, 0 %, 531 MiB, 81920 MiB
2026/06/10 00:50:09.419, 0 %, 0 MiB, 81920 MiB
2026/06/10 00:50:14.420, 0 %, 531 MiB, 81920 MiB
2026/06/10 00:50:14.420, 0 %, 0 MiB, 81920 MiB
2026/06/10 00:50:19.420, 0 %, 531 MiB, 81920 MiB
2026/06/10 00:50:19.420, 0 %, 0 MiB, 81920 MiB
2026/06/10 00:50:24.421, 0 %, 531 MiB, 81920 MiB
2026/06/10 00:50:24.421, 0 %, 0 MiB, 81920 MiB
2026/06/10 00:50:29.422, 0 %, 531 MiB, 81920 MiB
2026/06/10 00:50:29.422, 0 %, 0 MiB, 81920 MiB
2026/06/10 00:50:34.422, 0 %, 531 MiB, 81920 MiB
2026/06/10 00:50:34.422, 0 %, 0 MiB, 81920 MiB
2026/06/10 00:50:39.423, 0 %, 531 MiB, 81920 MiB
2026/06/10 00:50:39.423, 0 %, 0 MiB, 81920 MiB
2026/06/10 00:50:44.423, 0 %, 531 MiB, 81920 MiB
2026/06/10 00:50:44.424, 0 %, 0 MiB, 81920 MiB
2026/06/10 00:50:49.424, 0 %, 531 MiB, 81920 MiB
2026/06/10 00:50:49.424, 0 %, 0 MiB, 81920 MiB
2026/06/10 00:50:54.425, 0 %, 531 MiB, 81920 MiB
2026/06/10 00:50:54.425, 0 %, 0 MiB, 81920 MiB
2026/06/10 00:50:59.426, 0 %, 531 MiB, 81920 MiB
2026/06/10 00:50:59.426, 0 %, 0 MiB, 81920 MiB
2026/06/10 00:51:04.426, 0 %, 531 MiB, 81920 MiB
2026/06/10 00:51:04.427, 0 %, 0 MiB, 81920 MiB
2026/06/10 00:51:09.427, 0 %, 531 MiB, 81920 MiB
2026/06/10 00:51:09.427, 0 %, 0 MiB, 81920 MiB
2026/06/10 00:51:14.428, 0 %, 531 MiB, 81920 MiB
2026/06/10 00:51:14.428, 0 %, 0 MiB, 81920 MiB
2026/06/10 00:51:19.429, 0 %, 531 MiB, 81920 MiB
2026/06/10 00:51:19.429, 0 %, 0 MiB, 81920 MiB
2026/06/10 00:51:24.429, 0 %, 531 MiB, 81920 MiB
2026/06/10 00:51:24.430, 0 %, 0 MiB, 81920 MiB
2026/06/10 00:51:29.430, 0 %, 531 MiB, 81920 MiB
2026/06/10 00:51:29.430, 0 %, 0 MiB, 81920 MiB
2026/06/10 00:51:34.431, 0 %, 531 MiB, 81920 MiB
2026/06/10 00:51:34.431, 0 %, 0 MiB, 81920 MiB
2026/06/10 00:51:39.431, 0 %, 531 MiB, 81920 MiB
2026/06/10 00:51:39.432, 0 %, 0 MiB, 81920 MiB
2026/06/10 00:51:44.432, 0 %, 531 MiB, 81920 MiB
2026/06/10 00:51:44.432, 0 %, 0 MiB, 81920 MiB
2026/06/10 00:51:49.433, 0 %, 531 MiB, 81920 MiB
2026/06/10 00:51:49.433, 0 %, 0 MiB, 81920 MiB
2026/06/10 00:51:54.433, 0 %, 531 MiB, 81920 MiB
2026/06/10 00:51:54.434, 0 %, 0 MiB, 81920 MiB
2026/06/10 00:51:59.434, 0 %, 531 MiB, 81920 MiB
2026/06/10 00:51:59.434, 0 %, 0 MiB, 81920 MiB
2026/06/10 00:52:04.435, 0 %, 531 MiB, 81920 MiB
2026/06/10 00:52:04.435, 0 %, 0 MiB, 81920 MiB
2026/06/10 00:52:09.435, 0 %, 531 MiB, 81920 MiB
2026/06/10 00:52:09.435, 0 %, 0 MiB, 81920 MiB
2026/06/10 00:52:14.436, 0 %, 531 MiB, 81920 MiB
2026/06/10 00:52:14.436, 0 %, 0 MiB, 81920 MiB
2026/06/10 00:52:19.437, 0 %, 531 MiB, 81920 MiB
2026/06/10 00:52:19.437, 0 %, 0 MiB, 81920 MiB
2026/06/10 00:52:24.438, 0 %, 531 MiB, 81920 MiB
2026/06/10 00:52:24.438, 0 %, 0 MiB, 81920 MiB
2026/06/10 00:52:29.438, 0 %, 531 MiB, 81920 MiB
2026/06/10 00:52:29.438, 0 %, 0 MiB, 81920 MiB
2026/06/10 00:52:34.439, 0 %, 531 MiB, 81920 MiB
2026/06/10 00:52:34.439, 0 %, 0 MiB, 81920 MiB
2026/06/10 00:52:39.440, 0 %, 531 MiB, 81920 MiB
2026/06/10 00:52:39.440, 0 %, 0 MiB, 81920 MiB
2026/06/10 00:52:44.440, 0 %, 531 MiB, 81920 MiB
2026/06/10 00:52:44.440, 0 %, 0 MiB, 81920 MiB
2026/06/10 00:52:49.441, 0 %, 531 MiB, 81920 MiB
2026/06/10 00:52:49.441, 0 %, 0 MiB, 81920 MiB
2026/06/10 00:52:54.442, 0 %, 531 MiB, 81920 MiB
2026/06/10 00:52:54.442, 0 %, 0 MiB, 81920 MiB
2026/06/10 00:52:59.442, 0 %, 531 MiB, 81920 MiB
2026/06/10 00:52:59.442, 0 %, 0 MiB, 81920 MiB
2026/06/10 00:53:04.443, 0 %, 531 MiB, 81920 MiB
2026/06/10 00:53:04.443, 0 %, 0 MiB, 81920 MiB
2026/06/10 00:53:09.444, 0 %, 531 MiB, 81920 MiB
2026/06/10 00:53:09.444, 0 %, 0 MiB, 81920 MiB
2026/06/10 00:53:14.444, 0 %, 531 MiB, 81920 MiB
2026/06/10 00:53:14.444, 0 %, 0 MiB, 81920 MiB
2026/06/10 00:53:19.445, 0 %, 531 MiB, 81920 MiB
2026/06/10 00:53:19.445, 0 %, 0 MiB, 81920 MiB
2026/06/10 00:53:24.446, 0 %, 531 MiB, 81920 MiB
2026/06/10 00:53:24.446, 0 %, 0 MiB, 81920 MiB
2026/06/10 00:53:29.446, 0 %, 531 MiB, 81920 MiB
2026/06/10 00:53:29.446, 0 %, 0 MiB, 81920 MiB
2026/06/10 00:53:34.447, 0 %, 531 MiB, 81920 MiB
2026/06/10 00:53:34.447, 0 %, 0 MiB, 81920 MiB
2026/06/10 00:53:39.448, 0 %, 531 MiB, 81920 MiB
2026/06/10 00:53:39.448, 0 %, 0 MiB, 81920 MiB
2026/06/10 00:53:44.448, 0 %, 531 MiB, 81920 MiB
2026/06/10 00:53:44.448, 0 %, 0 MiB, 81920 MiB
2026/06/10 00:53:49.449, 0 %, 531 MiB, 81920 MiB
2026/06/10 00:53:49.449, 0 %, 0 MiB, 81920 MiB
2026/06/10 00:53:54.449, 0 %, 531 MiB, 81920 MiB
2026/06/10 00:53:54.450, 0 %, 0 MiB, 81920 MiB
2026/06/10 00:53:59.450, 0 %, 531 MiB, 81920 MiB
2026/06/10 00:53:59.450, 0 %, 0 MiB, 81920 MiB
2026/06/10 00:54:04.451, 0 %, 531 MiB, 81920 MiB
2026/06/10 00:54:04.451, 0 %, 0 MiB, 81920 MiB
2026/06/10 00:54:09.451, 0 %, 531 MiB, 81920 MiB
2026/06/10 00:54:09.451, 0 %, 0 MiB, 81920 MiB
2026/06/10 00:54:14.452, 0 %, 531 MiB, 81920 MiB
2026/06/10 00:54:14.452, 0 %, 0 MiB, 81920 MiB
2026/06/10 00:54:19.453, 0 %, 531 MiB, 81920 MiB
2026/06/10 00:54:19.453, 0 %, 0 MiB, 81920 MiB
2026/06/10 00:54:24.453, 0 %, 531 MiB, 81920 MiB
2026/06/10 00:54:24.453, 0 %, 0 MiB, 81920 MiB
2026/06/10 00:54:29.454, 0 %, 531 MiB, 81920 MiB
2026/06/10 00:54:29.454, 0 %, 0 MiB, 81920 MiB
2026/06/10 00:54:34.455, 0 %, 531 MiB, 81920 MiB
2026/06/10 00:54:34.455, 0 %, 0 MiB, 81920 MiB
2026/06/10 00:54:39.455, 0 %, 531 MiB, 81920 MiB
2026/06/10 00:54:39.455, 0 %, 0 MiB, 81920 MiB
2026/06/10 00:54:44.456, 0 %, 531 MiB, 81920 MiB
2026/06/10 00:54:44.456, 0 %, 0 MiB, 81920 MiB
2026/06/10 00:54:49.457, 0 %, 531 MiB, 81920 MiB
2026/06/10 00:54:49.457, 0 %, 0 MiB, 81920 MiB
2026/06/10 00:54:54.457, 0 %, 531 MiB, 81920 MiB
2026/06/10 00:54:54.457, 0 %, 0 MiB, 81920 MiB
2026/06/10 00:54:59.458, 0 %, 531 MiB, 81920 MiB
2026/06/10 00:54:59.458, 0 %, 0 MiB, 81920 MiB
2026/06/10 00:55:04.459, 0 %, 531 MiB, 81920 MiB
2026/06/10 00:55:04.459, 0 %, 0 MiB, 81920 MiB
2026/06/10 00:55:09.459, 0 %, 531 MiB, 81920 MiB
2026/06/10 00:55:09.460, 0 %, 0 MiB, 81920 MiB
2026/06/10 00:55:14.460, 0 %, 531 MiB, 81920 MiB
2026/06/10 00:55:14.460, 0 %, 0 MiB, 81920 MiB
2026/06/10 00:55:19.461, 0 %, 531 MiB, 81920 MiB
2026/06/10 00:55:19.461, 0 %, 0 MiB, 81920 MiB
2026/06/10 00:55:24.462, 0 %, 531 MiB, 81920 MiB
2026/06/10 00:55:24.462, 0 %, 0 MiB, 81920 MiB
2026/06/10 00:55:29.462, 0 %, 531 MiB, 81920 MiB
2026/06/10 00:55:29.462, 0 %, 0 MiB, 81920 MiB
2026/06/10 00:55:34.463, 0 %, 531 MiB, 81920 MiB
2026/06/10 00:55:34.463, 0 %, 0 MiB, 81920 MiB
2026/06/10 00:55:39.464, 0 %, 531 MiB, 81920 MiB
2026/06/10 00:55:39.464, 0 %, 0 MiB, 81920 MiB
2026/06/10 00:55:44.465, 0 %, 531 MiB, 81920 MiB
2026/06/10 00:55:44.465, 0 %, 0 MiB, 81920 MiB
2026/06/10 00:55:49.465, 0 %, 531 MiB, 81920 MiB
2026/06/10 00:55:49.465, 0 %, 0 MiB, 81920 MiB
2026/06/10 00:55:54.466, 0 %, 531 MiB, 81920 MiB
2026/06/10 00:55:54.466, 0 %, 0 MiB, 81920 MiB
2026/06/10 00:55:59.467, 0 %, 531 MiB, 81920 MiB
2026/06/10 00:55:59.467, 0 %, 0 MiB, 81920 MiB
2026/06/10 00:56:04.467, 0 %, 531 MiB, 81920 MiB
2026/06/10 00:56:04.467, 0 %, 0 MiB, 81920 MiB
2026/06/10 00:56:09.468, 0 %, 531 MiB, 81920 MiB
2026/06/10 00:56:09.468, 0 %, 0 MiB, 81920 MiB
2026/06/10 00:56:14.469, 0 %, 531 MiB, 81920 MiB
2026/06/10 00:56:14.469, 0 %, 0 MiB, 81920 MiB
2026/06/10 00:56:19.469, 0 %, 531 MiB, 81920 MiB
2026/06/10 00:56:19.470, 0 %, 0 MiB, 81920 MiB
2026/06/10 00:56:24.470, 0 %, 531 MiB, 81920 MiB
2026/06/10 00:56:24.470, 0 %, 0 MiB, 81920 MiB
2026/06/10 00:56:29.471, 0 %, 531 MiB, 81920 MiB
2026/06/10 00:56:29.471, 0 %, 0 MiB, 81920 MiB
2026/06/10 00:56:34.472, 0 %, 531 MiB, 81920 MiB
2026/06/10 00:56:34.472, 0 %, 0 MiB, 81920 MiB
2026/06/10 00:56:39.472, 0 %, 531 MiB, 81920 MiB
2026/06/10 00:56:39.473, 0 %, 0 MiB, 81920 MiB
2026/06/10 00:56:44.473, 0 %, 531 MiB, 81920 MiB
2026/06/10 00:56:44.473, 0 %, 0 MiB, 81920 MiB
2026/06/10 00:56:49.474, 0 %, 531 MiB, 81920 MiB
2026/06/10 00:56:49.474, 0 %, 0 MiB, 81920 MiB
2026/06/10 00:56:54.475, 0 %, 531 MiB, 81920 MiB
2026/06/10 00:56:54.475, 0 %, 0 MiB, 81920 MiB
2026/06/10 00:56:59.475, 0 %, 531 MiB, 81920 MiB
2026/06/10 00:56:59.475, 0 %, 0 MiB, 81920 MiB
2026/06/10 00:57:04.476, 0 %, 531 MiB, 81920 MiB
2026/06/10 00:57:04.476, 0 %, 0 MiB, 81920 MiB
2026/06/10 00:57:09.477, 0 %, 531 MiB, 81920 MiB
2026/06/10 00:57:09.477, 0 %, 0 MiB, 81920 MiB
2026/06/10 00:57:14.477, 0 %, 531 MiB, 81920 MiB
2026/06/10 00:57:14.478, 0 %, 0 MiB, 81920 MiB
2026/06/10 00:57:19.478, 0 %, 531 MiB, 81920 MiB
2026/06/10 00:57:19.478, 0 %, 0 MiB, 81920 MiB
2026/06/10 00:57:24.479, 0 %, 531 MiB, 81920 MiB
2026/06/10 00:57:24.479, 0 %, 0 MiB, 81920 MiB
2026/06/10 00:57:29.480, 0 %, 531 MiB, 81920 MiB
2026/06/10 00:57:29.480, 0 %, 0 MiB, 81920 MiB
2026/06/10 00:57:34.480, 0 %, 531 MiB, 81920 MiB
2026/06/10 00:57:34.480, 0 %, 0 MiB, 81920 MiB
2026/06/10 00:57:39.481, 0 %, 531 MiB, 81920 MiB
2026/06/10 00:57:39.481, 0 %, 0 MiB, 81920 MiB
2026/06/10 00:57:44.482, 0 %, 531 MiB, 81920 MiB
2026/06/10 00:57:44.482, 0 %, 0 MiB, 81920 MiB
2026/06/10 00:57:49.482, 0 %, 531 MiB, 81920 MiB
2026/06/10 00:57:49.482, 0 %, 0 MiB, 81920 MiB
2026/06/10 00:57:54.483, 0 %, 531 MiB, 81920 MiB
2026/06/10 00:57:54.483, 0 %, 0 MiB, 81920 MiB
2026/06/10 00:57:59.484, 0 %, 531 MiB, 81920 MiB
2026/06/10 00:57:59.484, 0 %, 0 MiB, 81920 MiB
2026/06/10 00:58:04.485, 0 %, 531 MiB, 81920 MiB
2026/06/10 00:58:04.485, 0 %, 0 MiB, 81920 MiB
2026/06/10 00:58:09.485, 0 %, 531 MiB, 81920 MiB
2026/06/10 00:58:09.485, 0 %, 0 MiB, 81920 MiB
2026/06/10 00:58:14.486, 0 %, 531 MiB, 81920 MiB
2026/06/10 00:58:14.486, 0 %, 0 MiB, 81920 MiB
2026/06/10 00:58:19.487, 0 %, 531 MiB, 81920 MiB
2026/06/10 00:58:19.487, 0 %, 0 MiB, 81920 MiB
2026/06/10 00:58:24.487, 0 %, 531 MiB, 81920 MiB
2026/06/10 00:58:24.487, 0 %, 0 MiB, 81920 MiB
2026/06/10 00:58:29.488, 0 %, 531 MiB, 81920 MiB
2026/06/10 00:58:29.488, 0 %, 0 MiB, 81920 MiB
2026/06/10 00:58:34.489, 0 %, 531 MiB, 81920 MiB
2026/06/10 00:58:34.489, 0 %, 0 MiB, 81920 MiB
2026/06/10 00:58:39.490, 0 %, 531 MiB, 81920 MiB
2026/06/10 00:58:39.490, 0 %, 0 MiB, 81920 MiB
2026/06/10 00:58:44.490, 0 %, 531 MiB, 81920 MiB
2026/06/10 00:58:44.490, 0 %, 0 MiB, 81920 MiB
2026/06/10 00:58:49.491, 0 %, 531 MiB, 81920 MiB
2026/06/10 00:58:49.491, 0 %, 0 MiB, 81920 MiB
2026/06/10 00:58:54.492, 0 %, 531 MiB, 81920 MiB
2026/06/10 00:58:54.492, 0 %, 0 MiB, 81920 MiB
2026/06/10 00:58:59.492, 0 %, 531 MiB, 81920 MiB
2026/06/10 00:58:59.493, 0 %, 0 MiB, 81920 MiB
2026/06/10 00:59:04.493, 0 %, 531 MiB, 81920 MiB
2026/06/10 00:59:04.493, 0 %, 0 MiB, 81920 MiB
2026/06/10 00:59:09.494, 0 %, 531 MiB, 81920 MiB
2026/06/10 00:59:09.494, 0 %, 0 MiB, 81920 MiB
2026/06/10 00:59:14.494, 0 %, 531 MiB, 81920 MiB
2026/06/10 00:59:14.495, 0 %, 0 MiB, 81920 MiB
2026/06/10 00:59:19.495, 0 %, 531 MiB, 81920 MiB
2026/06/10 00:59:19.495, 0 %, 0 MiB, 81920 MiB
2026/06/10 00:59:24.496, 0 %, 531 MiB, 81920 MiB
2026/06/10 00:59:24.496, 0 %, 0 MiB, 81920 MiB
2026/06/10 00:59:29.497, 0 %, 531 MiB, 81920 MiB
2026/06/10 00:59:29.497, 0 %, 0 MiB, 81920 MiB
2026/06/10 00:59:34.497, 0 %, 531 MiB, 81920 MiB
2026/06/10 00:59:34.497, 0 %, 0 MiB, 81920 MiB
2026/06/10 00:59:39.498, 0 %, 531 MiB, 81920 MiB
2026/06/10 00:59:39.498, 0 %, 0 MiB, 81920 MiB
2026/06/10 00:59:44.499, 0 %, 531 MiB, 81920 MiB
2026/06/10 00:59:44.499, 0 %, 0 MiB, 81920 MiB
2026/06/10 00:59:49.499, 0 %, 531 MiB, 81920 MiB
2026/06/10 00:59:49.499, 0 %, 0 MiB, 81920 MiB
2026/06/10 00:59:54.500, 0 %, 531 MiB, 81920 MiB
2026/06/10 00:59:54.500, 0 %, 0 MiB, 81920 MiB
2026/06/10 00:59:59.501, 0 %, 531 MiB, 81920 MiB
2026/06/10 00:59:59.501, 0 %, 0 MiB, 81920 MiB
2026/06/10 01:00:04.501, 0 %, 531 MiB, 81920 MiB
2026/06/10 01:00:04.502, 0 %, 0 MiB, 81920 MiB
2026/06/10 01:00:09.502, 0 %, 531 MiB, 81920 MiB
2026/06/10 01:00:09.502, 0 %, 0 MiB, 81920 MiB
2026/06/10 01:00:14.503, 0 %, 531 MiB, 81920 MiB
2026/06/10 01:00:14.503, 0 %, 0 MiB, 81920 MiB
2026/06/10 01:00:19.503, 0 %, 531 MiB, 81920 MiB
2026/06/10 01:00:19.504, 0 %, 0 MiB, 81920 MiB
2026/06/10 01:00:24.504, 0 %, 531 MiB, 81920 MiB
2026/06/10 01:00:24.504, 0 %, 0 MiB, 81920 MiB
2026/06/10 01:00:29.505, 0 %, 531 MiB, 81920 MiB
2026/06/10 01:00:29.505, 0 %, 0 MiB, 81920 MiB
2026/06/10 01:00:34.506, 0 %, 531 MiB, 81920 MiB
2026/06/10 01:00:34.506, 0 %, 0 MiB, 81920 MiB
2026/06/10 01:00:39.506, 0 %, 531 MiB, 81920 MiB
2026/06/10 01:00:39.506, 0 %, 0 MiB, 81920 MiB
2026/06/10 01:00:44.507, 0 %, 531 MiB, 81920 MiB
2026/06/10 01:00:44.507, 0 %, 0 MiB, 81920 MiB
2026/06/10 01:00:49.508, 0 %, 531 MiB, 81920 MiB
2026/06/10 01:00:49.508, 0 %, 0 MiB, 81920 MiB
2026/06/10 01:00:54.508, 0 %, 531 MiB, 81920 MiB
2026/06/10 01:00:54.508, 0 %, 0 MiB, 81920 MiB
2026/06/10 01:00:59.509, 0 %, 531 MiB, 81920 MiB
2026/06/10 01:00:59.509, 0 %, 0 MiB, 81920 MiB
2026/06/10 01:01:04.510, 0 %, 531 MiB, 81920 MiB
2026/06/10 01:01:04.510, 0 %, 0 MiB, 81920 MiB
2026/06/10 01:01:09.510, 0 %, 531 MiB, 81920 MiB
2026/06/10 01:01:09.510, 0 %, 0 MiB, 81920 MiB
2026/06/10 01:01:14.511, 0 %, 531 MiB, 81920 MiB
2026/06/10 01:01:14.511, 0 %, 0 MiB, 81920 MiB
2026/06/10 01:01:19.512, 0 %, 531 MiB, 81920 MiB
2026/06/10 01:01:19.512, 0 %, 0 MiB, 81920 MiB
2026/06/10 01:01:24.512, 0 %, 531 MiB, 81920 MiB
2026/06/10 01:01:24.512, 0 %, 0 MiB, 81920 MiB
2026/06/10 01:01:29.513, 0 %, 531 MiB, 81920 MiB
2026/06/10 01:01:29.513, 0 %, 0 MiB, 81920 MiB
2026/06/10 01:01:34.514, 0 %, 531 MiB, 81920 MiB
2026/06/10 01:01:34.514, 0 %, 0 MiB, 81920 MiB
2026/06/10 01:01:39.514, 0 %, 531 MiB, 81920 MiB
2026/06/10 01:01:39.514, 0 %, 0 MiB, 81920 MiB
2026/06/10 01:01:44.515, 0 %, 531 MiB, 81920 MiB
2026/06/10 01:01:44.515, 0 %, 0 MiB, 81920 MiB
2026/06/10 01:01:49.516, 0 %, 531 MiB, 81920 MiB
2026/06/10 01:01:49.516, 0 %, 0 MiB, 81920 MiB
2026/06/10 01:01:54.517, 0 %, 531 MiB, 81920 MiB
2026/06/10 01:01:54.517, 0 %, 0 MiB, 81920 MiB
2026/06/10 01:01:59.517, 0 %, 531 MiB, 81920 MiB
2026/06/10 01:01:59.517, 0 %, 0 MiB, 81920 MiB
2026/06/10 01:02:04.518, 0 %, 531 MiB, 81920 MiB
2026/06/10 01:02:04.518, 0 %, 0 MiB, 81920 MiB
2026/06/10 01:02:09.519, 0 %, 531 MiB, 81920 MiB
2026/06/10 01:02:09.519, 0 %, 0 MiB, 81920 MiB
2026/06/10 01:02:14.520, 0 %, 531 MiB, 81920 MiB
2026/06/10 01:02:14.520, 0 %, 0 MiB, 81920 MiB
2026/06/10 01:02:19.521, 0 %, 531 MiB, 81920 MiB
2026/06/10 01:02:19.521, 0 %, 0 MiB, 81920 MiB
2026/06/10 01:02:24.522, 0 %, 531 MiB, 81920 MiB
2026/06/10 01:02:24.522, 0 %, 0 MiB, 81920 MiB
2026/06/10 01:02:29.523, 0 %, 531 MiB, 81920 MiB
2026/06/10 01:02:29.523, 0 %, 0 MiB, 81920 MiB
2026/06/10 01:02:34.524, 0 %, 531 MiB, 81920 MiB
2026/06/10 01:02:34.524, 0 %, 0 MiB, 81920 MiB
2026/06/10 01:02:39.524, 0 %, 531 MiB, 81920 MiB
2026/06/10 01:02:39.525, 0 %, 0 MiB, 81920 MiB
2026/06/10 01:02:44.525, 0 %, 531 MiB, 81920 MiB
2026/06/10 01:02:44.526, 0 %, 0 MiB, 81920 MiB
2026/06/10 01:02:49.526, 0 %, 531 MiB, 81920 MiB
2026/06/10 01:02:49.526, 0 %, 0 MiB, 81920 MiB
2026/06/10 01:02:54.527, 0 %, 497 MiB, 81920 MiB
2026/06/10 01:02:54.528, 0 %, 0 MiB, 81920 MiB
2026/06/10 01:02:59.528, 0 %, 497 MiB, 81920 MiB
2026/06/10 01:02:59.529, 0 %, 0 MiB, 81920 MiB
2026/06/10 01:03:04.529, 0 %, 497 MiB, 81920 MiB
2026/06/10 01:03:04.529, 0 %, 0 MiB, 81920 MiB
2026/06/10 01:03:09.530, 0 %, 497 MiB, 81920 MiB
2026/06/10 01:03:09.530, 0 %, 0 MiB, 81920 MiB
2026/06/10 01:03:14.531, 0 %, 497 MiB, 81920 MiB
2026/06/10 01:03:14.531, 0 %, 0 MiB, 81920 MiB
2026/06/10 01:03:19.532, 0 %, 497 MiB, 81920 MiB
2026/06/10 01:03:19.532, 0 %, 0 MiB, 81920 MiB
2026/06/10 01:03:24.532, 0 %, 497 MiB, 81920 MiB
2026/06/10 01:03:24.533, 0 %, 0 MiB, 81920 MiB
2026/06/10 01:03:29.533, 0 %, 497 MiB, 81920 MiB
2026/06/10 01:03:29.533, 0 %, 0 MiB, 81920 MiB
2026/06/10 01:03:34.534, 0 %, 497 MiB, 81920 MiB
2026/06/10 01:03:34.534, 0 %, 0 MiB, 81920 MiB
2026/06/10 01:03:39.535, 0 %, 497 MiB, 81920 MiB
2026/06/10 01:03:39.535, 0 %, 0 MiB, 81920 MiB
2026/06/10 01:03:44.536, 0 %, 497 MiB, 81920 MiB
2026/06/10 01:03:44.536, 0 %, 0 MiB, 81920 MiB
2026/06/10 01:03:49.537, 0 %, 497 MiB, 81920 MiB
2026/06/10 01:03:49.537, 0 %, 0 MiB, 81920 MiB
2026/06/10 01:03:54.538, 0 %, 497 MiB, 81920 MiB
2026/06/10 01:03:54.538, 0 %, 0 MiB, 81920 MiB
2026/06/10 01:03:59.539, 0 %, 497 MiB, 81920 MiB
2026/06/10 01:03:59.539, 0 %, 0 MiB, 81920 MiB
2026/06/10 01:04:04.540, 0 %, 497 MiB, 81920 MiB
2026/06/10 01:04:04.540, 0 %, 0 MiB, 81920 MiB
2026/06/10 01:04:09.541, 0 %, 497 MiB, 81920 MiB
2026/06/10 01:04:09.541, 0 %, 0 MiB, 81920 MiB
2026/06/10 01:04:14.542, 0 %, 497 MiB, 81920 MiB
2026/06/10 01:04:14.542, 0 %, 0 MiB, 81920 MiB
2026/06/10 01:04:19.543, 0 %, 497 MiB, 81920 MiB
2026/06/10 01:04:19.543, 0 %, 0 MiB, 81920 MiB
2026/06/10 01:04:24.544, 0 %, 497 MiB, 81920 MiB
2026/06/10 01:04:24.544, 0 %, 0 MiB, 81920 MiB
2026/06/10 01:04:29.545, 0 %, 497 MiB, 81920 MiB
2026/06/10 01:04:29.545, 0 %, 0 MiB, 81920 MiB
2026/06/10 01:04:34.546, 0 %, 497 MiB, 81920 MiB
2026/06/10 01:04:34.547, 0 %, 0 MiB, 81920 MiB
2026/06/10 01:04:39.548, 0 %, 497 MiB, 81920 MiB
2026/06/10 01:04:39.548, 0 %, 0 MiB, 81920 MiB
2026/06/10 01:04:44.549, 0 %, 497 MiB, 81920 MiB
2026/06/10 01:04:44.549, 0 %, 0 MiB, 81920 MiB
2026/06/10 01:04:49.550, 0 %, 497 MiB, 81920 MiB
2026/06/10 01:04:49.550, 0 %, 0 MiB, 81920 MiB
2026/06/10 01:04:54.551, 0 %, 497 MiB, 81920 MiB
2026/06/10 01:04:54.551, 0 %, 0 MiB, 81920 MiB
2026/06/10 01:04:59.552, 0 %, 497 MiB, 81920 MiB
2026/06/10 01:04:59.552, 0 %, 0 MiB, 81920 MiB
2026/06/10 01:05:04.553, 0 %, 497 MiB, 81920 MiB
2026/06/10 01:05:04.553, 0 %, 0 MiB, 81920 MiB
2026/06/10 01:05:09.554, 0 %, 497 MiB, 81920 MiB
2026/06/10 01:05:09.554, 0 %, 0 MiB, 81920 MiB
2026/06/10 01:05:14.555, 0 %, 497 MiB, 81920 MiB
2026/06/10 01:05:14.555, 0 %, 0 MiB, 81920 MiB
2026/06/10 01:05:19.556, 0 %, 497 MiB, 81920 MiB
2026/06/10 01:05:19.556, 0 %, 0 MiB, 81920 MiB
2026/06/10 01:05:24.557, 0 %, 497 MiB, 81920 MiB
2026/06/10 01:05:24.557, 0 %, 0 MiB, 81920 MiB
2026/06/10 01:05:29.557, 0 %, 497 MiB, 81920 MiB
2026/06/10 01:05:29.557, 0 %, 0 MiB, 81920 MiB
2026/06/10 01:05:34.558, 0 %, 497 MiB, 81920 MiB
2026/06/10 01:05:34.558, 0 %, 0 MiB, 81920 MiB
2026/06/10 01:05:39.559, 0 %, 497 MiB, 81920 MiB
2026/06/10 01:05:39.559, 0 %, 0 MiB, 81920 MiB
2026/06/10 01:05:44.560, 0 %, 497 MiB, 81920 MiB
2026/06/10 01:05:44.560, 0 %, 0 MiB, 81920 MiB
2026/06/10 01:05:49.561, 0 %, 497 MiB, 81920 MiB
2026/06/10 01:05:49.561, 0 %, 0 MiB, 81920 MiB
2026/06/10 01:05:54.562, 0 %, 497 MiB, 81920 MiB
2026/06/10 01:05:54.562, 0 %, 0 MiB, 81920 MiB
2026/06/10 01:05:59.563, 0 %, 497 MiB, 81920 MiB
2026/06/10 01:05:59.563, 0 %, 0 MiB, 81920 MiB
2026/06/10 01:06:04.564, 0 %, 497 MiB, 81920 MiB
2026/06/10 01:06:04.564, 0 %, 0 MiB, 81920 MiB
2026/06/10 01:06:09.565, 5 %, 531 MiB, 81920 MiB
2026/06/10 01:06:09.565, 0 %, 0 MiB, 81920 MiB
2026/06/10 01:06:14.566, 0 %, 531 MiB, 81920 MiB
2026/06/10 01:06:14.566, 0 %, 0 MiB, 81920 MiB
2026/06/10 01:06:19.566, 0 %, 531 MiB, 81920 MiB
2026/06/10 01:06:19.566, 0 %, 0 MiB, 81920 MiB
2026/06/10 01:06:24.567, 0 %, 531 MiB, 81920 MiB
2026/06/10 01:06:24.567, 0 %, 0 MiB, 81920 MiB
2026/06/10 01:06:29.568, 0 %, 531 MiB, 81920 MiB
2026/06/10 01:06:29.568, 0 %, 0 MiB, 81920 MiB
2026/06/10 01:06:34.569, 0 %, 531 MiB, 81920 MiB
2026/06/10 01:06:34.569, 0 %, 0 MiB, 81920 MiB
2026/06/10 01:06:39.570, 0 %, 531 MiB, 81920 MiB
2026/06/10 01:06:39.570, 0 %, 0 MiB, 81920 MiB
2026/06/10 01:06:44.571, 0 %, 531 MiB, 81920 MiB
2026/06/10 01:06:44.571, 0 %, 0 MiB, 81920 MiB
2026/06/10 01:06:49.571, 0 %, 531 MiB, 81920 MiB
2026/06/10 01:06:49.572, 0 %, 0 MiB, 81920 MiB
2026/06/10 01:06:54.572, 0 %, 531 MiB, 81920 MiB
2026/06/10 01:06:54.572, 0 %, 0 MiB, 81920 MiB
2026/06/10 01:06:59.573, 0 %, 531 MiB, 81920 MiB
2026/06/10 01:06:59.573, 0 %, 0 MiB, 81920 MiB
2026/06/10 01:07:04.574, 0 %, 531 MiB, 81920 MiB
2026/06/10 01:07:04.574, 0 %, 0 MiB, 81920 MiB
2026/06/10 01:07:09.575, 0 %, 531 MiB, 81920 MiB
2026/06/10 01:07:09.575, 0 %, 0 MiB, 81920 MiB
2026/06/10 01:07:14.576, 0 %, 531 MiB, 81920 MiB
2026/06/10 01:07:14.576, 0 %, 0 MiB, 81920 MiB
2026/06/10 01:07:19.576, 0 %, 531 MiB, 81920 MiB
2026/06/10 01:07:19.576, 0 %, 0 MiB, 81920 MiB
2026/06/10 01:07:24.577, 0 %, 531 MiB, 81920 MiB
2026/06/10 01:07:24.577, 0 %, 0 MiB, 81920 MiB
2026/06/10 01:07:29.578, 0 %, 531 MiB, 81920 MiB
2026/06/10 01:07:29.578, 0 %, 0 MiB, 81920 MiB
2026/06/10 01:07:34.579, 0 %, 531 MiB, 81920 MiB
2026/06/10 01:07:34.579, 0 %, 0 MiB, 81920 MiB
2026/06/10 01:07:39.579, 0 %, 531 MiB, 81920 MiB
2026/06/10 01:07:39.580, 0 %, 0 MiB, 81920 MiB
2026/06/10 01:07:44.580, 0 %, 531 MiB, 81920 MiB
2026/06/10 01:07:44.580, 0 %, 0 MiB, 81920 MiB
2026/06/10 01:07:49.581, 0 %, 531 MiB, 81920 MiB
2026/06/10 01:07:49.581, 0 %, 0 MiB, 81920 MiB
2026/06/10 01:07:54.582, 0 %, 531 MiB, 81920 MiB
2026/06/10 01:07:54.582, 0 %, 0 MiB, 81920 MiB
2026/06/10 01:07:59.583, 0 %, 531 MiB, 81920 MiB
2026/06/10 01:07:59.583, 0 %, 0 MiB, 81920 MiB
2026/06/10 01:08:04.584, 0 %, 531 MiB, 81920 MiB
2026/06/10 01:08:04.584, 0 %, 0 MiB, 81920 MiB
2026/06/10 01:08:09.584, 0 %, 531 MiB, 81920 MiB
2026/06/10 01:08:09.585, 0 %, 0 MiB, 81920 MiB
2026/06/10 01:08:14.585, 0 %, 531 MiB, 81920 MiB
2026/06/10 01:08:14.585, 0 %, 0 MiB, 81920 MiB
2026/06/10 01:08:19.586, 0 %, 531 MiB, 81920 MiB
2026/06/10 01:08:19.586, 0 %, 0 MiB, 81920 MiB
2026/06/10 01:08:24.587, 0 %, 531 MiB, 81920 MiB
2026/06/10 01:08:24.587, 0 %, 0 MiB, 81920 MiB
2026/06/10 01:08:29.588, 0 %, 531 MiB, 81920 MiB
2026/06/10 01:08:29.588, 0 %, 0 MiB, 81920 MiB
2026/06/10 01:08:34.588, 0 %, 531 MiB, 81920 MiB
2026/06/10 01:08:34.588, 0 %, 0 MiB, 81920 MiB
2026/06/10 01:08:39.589, 0 %, 531 MiB, 81920 MiB
2026/06/10 01:08:39.589, 0 %, 0 MiB, 81920 MiB
2026/06/10 01:08:44.590, 0 %, 531 MiB, 81920 MiB
2026/06/10 01:08:44.590, 0 %, 0 MiB, 81920 MiB
2026/06/10 01:08:49.591, 0 %, 531 MiB, 81920 MiB
2026/06/10 01:08:49.591, 0 %, 0 MiB, 81920 MiB
2026/06/10 01:08:54.592, 0 %, 531 MiB, 81920 MiB
2026/06/10 01:08:54.592, 0 %, 0 MiB, 81920 MiB
2026/06/10 01:08:59.592, 0 %, 531 MiB, 81920 MiB
2026/06/10 01:08:59.593, 0 %, 0 MiB, 81920 MiB
2026/06/10 01:09:04.593, 0 %, 531 MiB, 81920 MiB
2026/06/10 01:09:04.593, 0 %, 0 MiB, 81920 MiB
2026/06/10 01:09:09.594, 0 %, 531 MiB, 81920 MiB
2026/06/10 01:09:09.594, 0 %, 0 MiB, 81920 MiB
2026/06/10 01:09:14.595, 0 %, 531 MiB, 81920 MiB
2026/06/10 01:09:14.595, 0 %, 0 MiB, 81920 MiB
2026/06/10 01:09:19.595, 0 %, 531 MiB, 81920 MiB
2026/06/10 01:09:19.596, 0 %, 0 MiB, 81920 MiB
2026/06/10 01:09:24.596, 0 %, 531 MiB, 81920 MiB
2026/06/10 01:09:24.596, 0 %, 0 MiB, 81920 MiB
2026/06/10 01:09:29.597, 0 %, 531 MiB, 81920 MiB
2026/06/10 01:09:29.597, 0 %, 0 MiB, 81920 MiB
2026/06/10 01:09:34.598, 0 %, 531 MiB, 81920 MiB
2026/06/10 01:09:34.598, 0 %, 0 MiB, 81920 MiB
2026/06/10 01:09:39.599, 0 %, 531 MiB, 81920 MiB
2026/06/10 01:09:39.599, 0 %, 0 MiB, 81920 MiB
2026/06/10 01:09:44.600, 0 %, 531 MiB, 81920 MiB
2026/06/10 01:09:44.600, 0 %, 0 MiB, 81920 MiB
2026/06/10 01:09:49.601, 0 %, 531 MiB, 81920 MiB
2026/06/10 01:09:49.601, 0 %, 0 MiB, 81920 MiB
2026/06/10 01:09:54.601, 0 %, 531 MiB, 81920 MiB
2026/06/10 01:09:54.602, 0 %, 0 MiB, 81920 MiB
2026/06/10 01:09:59.602, 0 %, 531 MiB, 81920 MiB
2026/06/10 01:09:59.602, 0 %, 0 MiB, 81920 MiB
2026/06/10 01:10:04.603, 0 %, 531 MiB, 81920 MiB
2026/06/10 01:10:04.603, 0 %, 0 MiB, 81920 MiB
2026/06/10 01:10:09.604, 0 %, 531 MiB, 81920 MiB
2026/06/10 01:10:09.604, 0 %, 0 MiB, 81920 MiB
2026/06/10 01:10:14.605, 0 %, 531 MiB, 81920 MiB
2026/06/10 01:10:14.605, 0 %, 0 MiB, 81920 MiB
2026/06/10 01:10:19.606, 0 %, 531 MiB, 81920 MiB
2026/06/10 01:10:19.606, 0 %, 0 MiB, 81920 MiB
2026/06/10 01:10:24.606, 0 %, 531 MiB, 81920 MiB
2026/06/10 01:10:24.606, 0 %, 0 MiB, 81920 MiB
2026/06/10 01:10:29.607, 0 %, 531 MiB, 81920 MiB
2026/06/10 01:10:29.607, 0 %, 0 MiB, 81920 MiB
2026/06/10 01:10:34.608, 0 %, 531 MiB, 81920 MiB
2026/06/10 01:10:34.608, 0 %, 0 MiB, 81920 MiB
2026/06/10 01:10:39.609, 0 %, 531 MiB, 81920 MiB
2026/06/10 01:10:39.609, 0 %, 0 MiB, 81920 MiB
2026/06/10 01:10:44.609, 0 %, 531 MiB, 81920 MiB
2026/06/10 01:10:44.610, 0 %, 0 MiB, 81920 MiB
2026/06/10 01:10:49.610, 0 %, 531 MiB, 81920 MiB
2026/06/10 01:10:49.610, 0 %, 0 MiB, 81920 MiB
2026/06/10 01:10:54.611, 0 %, 531 MiB, 81920 MiB
2026/06/10 01:10:54.611, 0 %, 0 MiB, 81920 MiB
2026/06/10 01:10:59.612, 0 %, 531 MiB, 81920 MiB
2026/06/10 01:10:59.612, 0 %, 0 MiB, 81920 MiB
2026/06/10 01:11:04.613, 0 %, 531 MiB, 81920 MiB
2026/06/10 01:11:04.613, 0 %, 0 MiB, 81920 MiB
2026/06/10 01:11:09.614, 0 %, 531 MiB, 81920 MiB
2026/06/10 01:11:09.614, 0 %, 0 MiB, 81920 MiB
2026/06/10 01:11:14.614, 0 %, 531 MiB, 81920 MiB
2026/06/10 01:11:14.615, 0 %, 0 MiB, 81920 MiB
2026/06/10 01:11:19.615, 0 %, 531 MiB, 81920 MiB
2026/06/10 01:11:19.615, 0 %, 0 MiB, 81920 MiB
2026/06/10 01:11:24.616, 0 %, 531 MiB, 81920 MiB
2026/06/10 01:11:24.616, 0 %, 0 MiB, 81920 MiB
2026/06/10 01:11:29.617, 0 %, 531 MiB, 81920 MiB
2026/06/10 01:11:29.617, 0 %, 0 MiB, 81920 MiB
2026/06/10 01:11:34.618, 0 %, 531 MiB, 81920 MiB
2026/06/10 01:11:34.618, 0 %, 0 MiB, 81920 MiB
2026/06/10 01:11:39.618, 0 %, 531 MiB, 81920 MiB
2026/06/10 01:11:39.619, 0 %, 0 MiB, 81920 MiB
2026/06/10 01:11:44.619, 0 %, 531 MiB, 81920 MiB
2026/06/10 01:11:44.619, 0 %, 0 MiB, 81920 MiB
2026/06/10 01:11:49.620, 0 %, 531 MiB, 81920 MiB
2026/06/10 01:11:49.620, 0 %, 0 MiB, 81920 MiB
2026/06/10 01:11:54.621, 0 %, 531 MiB, 81920 MiB
2026/06/10 01:11:54.621, 0 %, 0 MiB, 81920 MiB
2026/06/10 01:11:59.622, 0 %, 531 MiB, 81920 MiB
2026/06/10 01:11:59.622, 0 %, 0 MiB, 81920 MiB
2026/06/10 01:12:04.622, 0 %, 531 MiB, 81920 MiB
2026/06/10 01:12:04.623, 0 %, 0 MiB, 81920 MiB
2026/06/10 01:12:09.623, 0 %, 531 MiB, 81920 MiB
2026/06/10 01:12:09.623, 0 %, 0 MiB, 81920 MiB
2026/06/10 01:12:14.624, 0 %, 531 MiB, 81920 MiB
2026/06/10 01:12:14.624, 0 %, 0 MiB, 81920 MiB
2026/06/10 01:12:19.625, 0 %, 531 MiB, 81920 MiB
2026/06/10 01:12:19.625, 0 %, 0 MiB, 81920 MiB
2026/06/10 01:12:24.626, 0 %, 531 MiB, 81920 MiB
2026/06/10 01:12:24.626, 0 %, 0 MiB, 81920 MiB
2026/06/10 01:12:29.627, 0 %, 531 MiB, 81920 MiB
2026/06/10 01:12:29.627, 0 %, 0 MiB, 81920 MiB
2026/06/10 01:12:34.627, 0 %, 531 MiB, 81920 MiB
2026/06/10 01:12:34.628, 0 %, 0 MiB, 81920 MiB
2026/06/10 01:12:39.628, 0 %, 531 MiB, 81920 MiB
2026/06/10 01:12:39.628, 0 %, 0 MiB, 81920 MiB
2026/06/10 01:12:44.629, 0 %, 531 MiB, 81920 MiB
2026/06/10 01:12:44.629, 0 %, 0 MiB, 81920 MiB
2026/06/10 01:12:49.630, 0 %, 531 MiB, 81920 MiB
2026/06/10 01:12:49.630, 0 %, 0 MiB, 81920 MiB
2026/06/10 01:12:54.631, 0 %, 531 MiB, 81920 MiB
2026/06/10 01:12:54.631, 0 %, 0 MiB, 81920 MiB
2026/06/10 01:12:59.631, 0 %, 531 MiB, 81920 MiB
2026/06/10 01:12:59.632, 0 %, 0 MiB, 81920 MiB
2026/06/10 01:13:04.632, 0 %, 531 MiB, 81920 MiB
2026/06/10 01:13:04.632, 0 %, 0 MiB, 81920 MiB
2026/06/10 01:13:09.633, 0 %, 531 MiB, 81920 MiB
2026/06/10 01:13:09.633, 0 %, 0 MiB, 81920 MiB
2026/06/10 01:13:14.634, 0 %, 531 MiB, 81920 MiB
2026/06/10 01:13:14.634, 0 %, 0 MiB, 81920 MiB
2026/06/10 01:13:19.635, 0 %, 531 MiB, 81920 MiB
2026/06/10 01:13:19.635, 0 %, 0 MiB, 81920 MiB
2026/06/10 01:13:24.636, 0 %, 531 MiB, 81920 MiB
2026/06/10 01:13:24.636, 0 %, 0 MiB, 81920 MiB
2026/06/10 01:13:29.636, 0 %, 531 MiB, 81920 MiB
2026/06/10 01:13:29.636, 0 %, 0 MiB, 81920 MiB
2026/06/10 01:13:34.637, 0 %, 531 MiB, 81920 MiB
2026/06/10 01:13:34.637, 0 %, 0 MiB, 81920 MiB
2026/06/10 01:13:39.638, 0 %, 531 MiB, 81920 MiB
2026/06/10 01:13:39.638, 0 %, 0 MiB, 81920 MiB
2026/06/10 01:13:44.639, 0 %, 531 MiB, 81920 MiB
2026/06/10 01:13:44.639, 0 %, 0 MiB, 81920 MiB
2026/06/10 01:13:49.640, 0 %, 531 MiB, 81920 MiB
2026/06/10 01:13:49.640, 0 %, 0 MiB, 81920 MiB
2026/06/10 01:13:54.640, 0 %, 531 MiB, 81920 MiB
2026/06/10 01:13:54.641, 0 %, 0 MiB, 81920 MiB
2026/06/10 01:13:59.641, 0 %, 531 MiB, 81920 MiB
2026/06/10 01:13:59.641, 0 %, 0 MiB, 81920 MiB
2026/06/10 01:14:04.642, 0 %, 531 MiB, 81920 MiB
2026/06/10 01:14:04.642, 0 %, 0 MiB, 81920 MiB
2026/06/10 01:14:09.643, 0 %, 531 MiB, 81920 MiB
2026/06/10 01:14:09.643, 0 %, 0 MiB, 81920 MiB
2026/06/10 01:14:14.644, 0 %, 531 MiB, 81920 MiB
2026/06/10 01:14:14.644, 0 %, 0 MiB, 81920 MiB
2026/06/10 01:14:19.644, 0 %, 531 MiB, 81920 MiB
2026/06/10 01:14:19.644, 0 %, 0 MiB, 81920 MiB
2026/06/10 01:14:24.645, 0 %, 531 MiB, 81920 MiB
2026/06/10 01:14:24.645, 0 %, 0 MiB, 81920 MiB
2026/06/10 01:14:29.646, 0 %, 531 MiB, 81920 MiB
2026/06/10 01:14:29.646, 0 %, 0 MiB, 81920 MiB
2026/06/10 01:14:34.647, 0 %, 531 MiB, 81920 MiB
2026/06/10 01:14:34.647, 0 %, 0 MiB, 81920 MiB
2026/06/10 01:14:39.648, 0 %, 531 MiB, 81920 MiB
2026/06/10 01:14:39.648, 0 %, 0 MiB, 81920 MiB
2026/06/10 01:14:44.649, 0 %, 531 MiB, 81920 MiB
2026/06/10 01:14:44.649, 0 %, 0 MiB, 81920 MiB
2026/06/10 01:14:49.649, 0 %, 531 MiB, 81920 MiB
2026/06/10 01:14:49.650, 0 %, 0 MiB, 81920 MiB
2026/06/10 01:14:54.650, 0 %, 531 MiB, 81920 MiB
2026/06/10 01:14:54.650, 0 %, 0 MiB, 81920 MiB
2026/06/10 01:14:59.651, 0 %, 531 MiB, 81920 MiB
2026/06/10 01:14:59.651, 0 %, 0 MiB, 81920 MiB
2026/06/10 01:15:04.652, 0 %, 531 MiB, 81920 MiB
2026/06/10 01:15:04.652, 0 %, 0 MiB, 81920 MiB
2026/06/10 01:15:09.653, 0 %, 531 MiB, 81920 MiB
2026/06/10 01:15:09.653, 0 %, 0 MiB, 81920 MiB
2026/06/10 01:15:14.653, 0 %, 531 MiB, 81920 MiB
2026/06/10 01:15:14.654, 0 %, 0 MiB, 81920 MiB
2026/06/10 01:15:19.654, 0 %, 531 MiB, 81920 MiB
2026/06/10 01:15:19.654, 0 %, 0 MiB, 81920 MiB
2026/06/10 01:15:24.655, 0 %, 531 MiB, 81920 MiB
2026/06/10 01:15:24.655, 0 %, 0 MiB, 81920 MiB
2026/06/10 01:15:29.656, 0 %, 531 MiB, 81920 MiB
2026/06/10 01:15:29.656, 0 %, 0 MiB, 81920 MiB
2026/06/10 01:15:34.657, 0 %, 531 MiB, 81920 MiB
2026/06/10 01:15:34.657, 0 %, 0 MiB, 81920 MiB
2026/06/10 01:15:39.657, 0 %, 531 MiB, 81920 MiB
2026/06/10 01:15:39.657, 0 %, 0 MiB, 81920 MiB
2026/06/10 01:15:44.658, 0 %, 531 MiB, 81920 MiB
2026/06/10 01:15:44.658, 0 %, 0 MiB, 81920 MiB
2026/06/10 01:15:49.659, 0 %, 531 MiB, 81920 MiB
2026/06/10 01:15:49.659, 0 %, 0 MiB, 81920 MiB
2026/06/10 01:15:54.660, 0 %, 531 MiB, 81920 MiB
2026/06/10 01:15:54.660, 0 %, 0 MiB, 81920 MiB
2026/06/10 01:15:59.661, 0 %, 531 MiB, 81920 MiB
2026/06/10 01:15:59.661, 0 %, 0 MiB, 81920 MiB
2026/06/10 01:16:04.662, 0 %, 531 MiB, 81920 MiB
2026/06/10 01:16:04.662, 0 %, 0 MiB, 81920 MiB
2026/06/10 01:16:09.662, 0 %, 531 MiB, 81920 MiB
2026/06/10 01:16:09.662, 0 %, 0 MiB, 81920 MiB
2026/06/10 01:16:14.663, 0 %, 531 MiB, 81920 MiB
2026/06/10 01:16:14.663, 0 %, 0 MiB, 81920 MiB
2026/06/10 01:16:19.664, 0 %, 531 MiB, 81920 MiB
2026/06/10 01:16:19.664, 0 %, 0 MiB, 81920 MiB
2026/06/10 01:16:24.665, 0 %, 531 MiB, 81920 MiB
2026/06/10 01:16:24.665, 0 %, 0 MiB, 81920 MiB
2026/06/10 01:16:29.665, 0 %, 531 MiB, 81920 MiB
2026/06/10 01:16:29.665, 0 %, 0 MiB, 81920 MiB
2026/06/10 01:16:34.666, 0 %, 531 MiB, 81920 MiB
2026/06/10 01:16:34.666, 0 %, 0 MiB, 81920 MiB
2026/06/10 01:16:39.667, 0 %, 531 MiB, 81920 MiB
2026/06/10 01:16:39.667, 0 %, 0 MiB, 81920 MiB
2026/06/10 01:16:44.734, 0 %, 497 MiB, 81920 MiB
2026/06/10 01:16:44.734, 0 %, 0 MiB, 81920 MiB
2026/06/10 01:16:49.735, 0 %, 497 MiB, 81920 MiB
2026/06/10 01:16:49.736, 0 %, 0 MiB, 81920 MiB
2026/06/10 01:16:54.737, 0 %, 497 MiB, 81920 MiB
2026/06/10 01:16:54.737, 0 %, 0 MiB, 81920 MiB
2026/06/10 01:16:59.738, 0 %, 497 MiB, 81920 MiB
2026/06/10 01:16:59.738, 0 %, 0 MiB, 81920 MiB
2026/06/10 01:17:04.738, 0 %, 497 MiB, 81920 MiB
2026/06/10 01:17:04.739, 0 %, 0 MiB, 81920 MiB
2026/06/10 01:17:09.739, 0 %, 497 MiB, 81920 MiB
2026/06/10 01:17:09.740, 0 %, 0 MiB, 81920 MiB
2026/06/10 01:17:14.740, 0 %, 497 MiB, 81920 MiB
2026/06/10 01:17:14.741, 0 %, 0 MiB, 81920 MiB
2026/06/10 01:17:19.741, 0 %, 497 MiB, 81920 MiB
2026/06/10 01:17:19.741, 0 %, 0 MiB, 81920 MiB
2026/06/10 01:17:24.742, 0 %, 497 MiB, 81920 MiB
2026/06/10 01:17:24.742, 0 %, 0 MiB, 81920 MiB
2026/06/10 01:17:29.743, 0 %, 497 MiB, 81920 MiB
2026/06/10 01:17:29.743, 0 %, 0 MiB, 81920 MiB
2026/06/10 01:17:34.744, 0 %, 497 MiB, 81920 MiB
2026/06/10 01:17:34.744, 0 %, 0 MiB, 81920 MiB
2026/06/10 01:17:39.744, 0 %, 497 MiB, 81920 MiB
2026/06/10 01:17:39.745, 0 %, 0 MiB, 81920 MiB
2026/06/10 01:17:44.745, 0 %, 497 MiB, 81920 MiB
2026/06/10 01:17:44.745, 0 %, 0 MiB, 81920 MiB
2026/06/10 01:17:49.746, 0 %, 497 MiB, 81920 MiB
2026/06/10 01:17:49.746, 0 %, 0 MiB, 81920 MiB
2026/06/10 01:17:54.747, 0 %, 497 MiB, 81920 MiB
2026/06/10 01:17:54.747, 0 %, 0 MiB, 81920 MiB
2026/06/10 01:17:59.748, 0 %, 497 MiB, 81920 MiB
2026/06/10 01:17:59.748, 0 %, 0 MiB, 81920 MiB
2026/06/10 01:18:04.749, 0 %, 497 MiB, 81920 MiB
2026/06/10 01:18:04.749, 0 %, 0 MiB, 81920 MiB
2026/06/10 01:18:09.750, 0 %, 497 MiB, 81920 MiB
2026/06/10 01:18:09.750, 0 %, 0 MiB, 81920 MiB
2026/06/10 01:18:14.750, 0 %, 497 MiB, 81920 MiB
2026/06/10 01:18:14.750, 0 %, 0 MiB, 81920 MiB
2026/06/10 01:18:19.751, 0 %, 497 MiB, 81920 MiB
2026/06/10 01:18:19.751, 0 %, 0 MiB, 81920 MiB
2026/06/10 01:18:24.752, 0 %, 497 MiB, 81920 MiB
2026/06/10 01:18:24.752, 0 %, 0 MiB, 81920 MiB
2026/06/10 01:18:29.753, 0 %, 497 MiB, 81920 MiB
2026/06/10 01:18:29.753, 0 %, 0 MiB, 81920 MiB
2026/06/10 01:18:34.753, 0 %, 497 MiB, 81920 MiB
2026/06/10 01:18:34.753, 0 %, 0 MiB, 81920 MiB
2026/06/10 01:18:39.754, 0 %, 497 MiB, 81920 MiB
2026/06/10 01:18:39.754, 0 %, 0 MiB, 81920 MiB
2026/06/10 01:18:44.755, 0 %, 497 MiB, 81920 MiB
2026/06/10 01:18:44.755, 0 %, 0 MiB, 81920 MiB
2026/06/10 01:18:49.756, 0 %, 497 MiB, 81920 MiB
2026/06/10 01:18:49.756, 0 %, 0 MiB, 81920 MiB
2026/06/10 01:18:54.756, 0 %, 497 MiB, 81920 MiB
2026/06/10 01:18:54.756, 0 %, 0 MiB, 81920 MiB
2026/06/10 01:18:59.757, 0 %, 497 MiB, 81920 MiB
2026/06/10 01:18:59.757, 0 %, 0 MiB, 81920 MiB
2026/06/10 01:19:04.758, 0 %, 497 MiB, 81920 MiB
2026/06/10 01:19:04.758, 0 %, 0 MiB, 81920 MiB
2026/06/10 01:19:09.758, 0 %, 497 MiB, 81920 MiB
2026/06/10 01:19:09.758, 0 %, 0 MiB, 81920 MiB
2026/06/10 01:19:14.760, 0 %, 497 MiB, 81920 MiB
2026/06/10 01:19:14.760, 0 %, 0 MiB, 81920 MiB
2026/06/10 01:19:19.761, 0 %, 497 MiB, 81920 MiB
2026/06/10 01:19:19.761, 0 %, 0 MiB, 81920 MiB
2026/06/10 01:19:24.762, 0 %, 497 MiB, 81920 MiB
2026/06/10 01:19:24.762, 0 %, 0 MiB, 81920 MiB
2026/06/10 01:19:29.763, 0 %, 497 MiB, 81920 MiB
2026/06/10 01:19:29.763, 0 %, 0 MiB, 81920 MiB
2026/06/10 01:19:34.764, 0 %, 497 MiB, 81920 MiB
2026/06/10 01:19:34.764, 0 %, 0 MiB, 81920 MiB
2026/06/10 01:19:39.765, 0 %, 497 MiB, 81920 MiB
2026/06/10 01:19:39.765, 0 %, 0 MiB, 81920 MiB
2026/06/10 01:19:44.766, 0 %, 497 MiB, 81920 MiB
2026/06/10 01:19:44.766, 0 %, 0 MiB, 81920 MiB
2026/06/10 01:19:49.767, 0 %, 497 MiB, 81920 MiB
2026/06/10 01:19:49.767, 0 %, 0 MiB, 81920 MiB
2026/06/10 01:19:54.768, 0 %, 531 MiB, 81920 MiB
2026/06/10 01:19:54.768, 0 %, 0 MiB, 81920 MiB
2026/06/10 01:19:59.769, 0 %, 531 MiB, 81920 MiB
2026/06/10 01:19:59.769, 0 %, 0 MiB, 81920 MiB
2026/06/10 01:20:04.770, 0 %, 531 MiB, 81920 MiB
2026/06/10 01:20:04.770, 0 %, 0 MiB, 81920 MiB
2026/06/10 01:20:09.771, 0 %, 531 MiB, 81920 MiB
2026/06/10 01:20:09.771, 0 %, 0 MiB, 81920 MiB
2026/06/10 01:20:14.771, 0 %, 531 MiB, 81920 MiB
2026/06/10 01:20:14.772, 0 %, 0 MiB, 81920 MiB
2026/06/10 01:20:19.772, 0 %, 531 MiB, 81920 MiB
2026/06/10 01:20:19.772, 0 %, 0 MiB, 81920 MiB
2026/06/10 01:20:24.773, 0 %, 531 MiB, 81920 MiB
2026/06/10 01:20:24.773, 0 %, 0 MiB, 81920 MiB
2026/06/10 01:20:29.774, 0 %, 531 MiB, 81920 MiB
2026/06/10 01:20:29.774, 0 %, 0 MiB, 81920 MiB
2026/06/10 01:20:34.775, 0 %, 531 MiB, 81920 MiB
2026/06/10 01:20:34.775, 0 %, 0 MiB, 81920 MiB
2026/06/10 01:20:39.776, 0 %, 531 MiB, 81920 MiB
2026/06/10 01:20:39.776, 0 %, 0 MiB, 81920 MiB
2026/06/10 01:20:44.776, 0 %, 531 MiB, 81920 MiB
2026/06/10 01:20:44.777, 0 %, 0 MiB, 81920 MiB
2026/06/10 01:20:49.777, 0 %, 531 MiB, 81920 MiB
2026/06/10 01:20:49.778, 0 %, 0 MiB, 81920 MiB
2026/06/10 01:20:54.778, 0 %, 531 MiB, 81920 MiB
2026/06/10 01:20:54.778, 0 %, 0 MiB, 81920 MiB
2026/06/10 01:20:59.779, 0 %, 531 MiB, 81920 MiB
2026/06/10 01:20:59.779, 0 %, 0 MiB, 81920 MiB
2026/06/10 01:21:04.780, 0 %, 531 MiB, 81920 MiB
2026/06/10 01:21:04.780, 0 %, 0 MiB, 81920 MiB
2026/06/10 01:21:09.781, 0 %, 531 MiB, 81920 MiB
2026/06/10 01:21:09.781, 0 %, 0 MiB, 81920 MiB
2026/06/10 01:21:14.782, 0 %, 531 MiB, 81920 MiB
2026/06/10 01:21:14.782, 0 %, 0 MiB, 81920 MiB
2026/06/10 01:21:19.783, 0 %, 531 MiB, 81920 MiB
2026/06/10 01:21:19.783, 0 %, 0 MiB, 81920 MiB
2026/06/10 01:21:24.784, 0 %, 531 MiB, 81920 MiB
2026/06/10 01:21:24.784, 0 %, 0 MiB, 81920 MiB
2026/06/10 01:21:29.784, 0 %, 531 MiB, 81920 MiB
2026/06/10 01:21:29.785, 0 %, 0 MiB, 81920 MiB
2026/06/10 01:21:34.785, 0 %, 531 MiB, 81920 MiB
2026/06/10 01:21:34.785, 0 %, 0 MiB, 81920 MiB
2026/06/10 01:21:39.786, 0 %, 531 MiB, 81920 MiB
2026/06/10 01:21:39.786, 0 %, 0 MiB, 81920 MiB
2026/06/10 01:21:44.787, 0 %, 531 MiB, 81920 MiB
2026/06/10 01:21:44.787, 0 %, 0 MiB, 81920 MiB
2026/06/10 01:21:49.788, 0 %, 531 MiB, 81920 MiB
2026/06/10 01:21:49.788, 0 %, 0 MiB, 81920 MiB
2026/06/10 01:21:54.789, 0 %, 531 MiB, 81920 MiB
2026/06/10 01:21:54.789, 0 %, 0 MiB, 81920 MiB
2026/06/10 01:21:59.790, 0 %, 531 MiB, 81920 MiB
2026/06/10 01:21:59.790, 0 %, 0 MiB, 81920 MiB
2026/06/10 01:22:04.791, 0 %, 531 MiB, 81920 MiB
2026/06/10 01:22:04.791, 0 %, 0 MiB, 81920 MiB
2026/06/10 01:22:09.792, 0 %, 531 MiB, 81920 MiB
2026/06/10 01:22:09.792, 0 %, 0 MiB, 81920 MiB
2026/06/10 01:22:14.792, 0 %, 531 MiB, 81920 MiB
2026/06/10 01:22:14.793, 0 %, 0 MiB, 81920 MiB
2026/06/10 01:22:19.793, 0 %, 531 MiB, 81920 MiB
2026/06/10 01:22:19.793, 0 %, 0 MiB, 81920 MiB
2026/06/10 01:22:24.794, 0 %, 531 MiB, 81920 MiB
2026/06/10 01:22:24.794, 0 %, 0 MiB, 81920 MiB
2026/06/10 01:22:29.795, 0 %, 531 MiB, 81920 MiB
2026/06/10 01:22:29.795, 0 %, 0 MiB, 81920 MiB
2026/06/10 01:22:34.796, 0 %, 531 MiB, 81920 MiB
2026/06/10 01:22:34.796, 0 %, 0 MiB, 81920 MiB
2026/06/10 01:22:39.797, 0 %, 531 MiB, 81920 MiB
2026/06/10 01:22:39.797, 0 %, 0 MiB, 81920 MiB
2026/06/10 01:22:44.798, 0 %, 531 MiB, 81920 MiB
2026/06/10 01:22:44.798, 0 %, 0 MiB, 81920 MiB
2026/06/10 01:22:49.799, 0 %, 531 MiB, 81920 MiB
2026/06/10 01:22:49.799, 0 %, 0 MiB, 81920 MiB
2026/06/10 01:22:54.800, 0 %, 531 MiB, 81920 MiB
2026/06/10 01:22:54.800, 0 %, 0 MiB, 81920 MiB
2026/06/10 01:22:59.801, 0 %, 531 MiB, 81920 MiB
2026/06/10 01:22:59.801, 0 %, 0 MiB, 81920 MiB
2026/06/10 01:23:04.801, 0 %, 531 MiB, 81920 MiB
2026/06/10 01:23:04.802, 0 %, 0 MiB, 81920 MiB
2026/06/10 01:23:09.802, 0 %, 531 MiB, 81920 MiB
2026/06/10 01:23:09.802, 0 %, 0 MiB, 81920 MiB
2026/06/10 01:23:14.803, 0 %, 531 MiB, 81920 MiB
2026/06/10 01:23:14.803, 0 %, 0 MiB, 81920 MiB
2026/06/10 01:23:19.804, 0 %, 531 MiB, 81920 MiB
2026/06/10 01:23:19.804, 0 %, 0 MiB, 81920 MiB
2026/06/10 01:23:24.805, 0 %, 531 MiB, 81920 MiB
2026/06/10 01:23:24.805, 0 %, 0 MiB, 81920 MiB
2026/06/10 01:23:29.806, 0 %, 531 MiB, 81920 MiB
2026/06/10 01:23:29.806, 0 %, 0 MiB, 81920 MiB
2026/06/10 01:23:34.807, 0 %, 531 MiB, 81920 MiB
2026/06/10 01:23:34.807, 0 %, 0 MiB, 81920 MiB
2026/06/10 01:23:39.808, 0 %, 531 MiB, 81920 MiB
2026/06/10 01:23:39.808, 0 %, 0 MiB, 81920 MiB
2026/06/10 01:23:44.809, 0 %, 531 MiB, 81920 MiB
2026/06/10 01:23:44.809, 0 %, 0 MiB, 81920 MiB
2026/06/10 01:23:49.809, 0 %, 531 MiB, 81920 MiB
2026/06/10 01:23:49.810, 0 %, 0 MiB, 81920 MiB
2026/06/10 01:23:54.810, 0 %, 531 MiB, 81920 MiB
2026/06/10 01:23:54.810, 0 %, 0 MiB, 81920 MiB
2026/06/10 01:23:59.811, 0 %, 531 MiB, 81920 MiB
2026/06/10 01:23:59.811, 0 %, 0 MiB, 81920 MiB
2026/06/10 01:24:04.812, 0 %, 531 MiB, 81920 MiB
2026/06/10 01:24:04.812, 0 %, 0 MiB, 81920 MiB
2026/06/10 01:24:09.813, 0 %, 531 MiB, 81920 MiB
2026/06/10 01:24:09.813, 0 %, 0 MiB, 81920 MiB
2026/06/10 01:24:14.814, 0 %, 531 MiB, 81920 MiB
2026/06/10 01:24:14.814, 0 %, 0 MiB, 81920 MiB
2026/06/10 01:24:19.815, 0 %, 531 MiB, 81920 MiB
2026/06/10 01:24:19.815, 0 %, 0 MiB, 81920 MiB
2026/06/10 01:24:24.816, 0 %, 531 MiB, 81920 MiB
2026/06/10 01:24:24.816, 0 %, 0 MiB, 81920 MiB
2026/06/10 01:24:29.817, 0 %, 531 MiB, 81920 MiB
2026/06/10 01:24:29.817, 0 %, 0 MiB, 81920 MiB
2026/06/10 01:24:34.818, 0 %, 531 MiB, 81920 MiB
2026/06/10 01:24:34.818, 0 %, 0 MiB, 81920 MiB
2026/06/10 01:24:39.818, 0 %, 531 MiB, 81920 MiB
2026/06/10 01:24:39.818, 0 %, 0 MiB, 81920 MiB
2026/06/10 01:24:44.819, 0 %, 531 MiB, 81920 MiB
2026/06/10 01:24:44.819, 0 %, 0 MiB, 81920 MiB
2026/06/10 01:24:49.820, 0 %, 531 MiB, 81920 MiB
2026/06/10 01:24:49.820, 0 %, 0 MiB, 81920 MiB
2026/06/10 01:24:54.821, 0 %, 531 MiB, 81920 MiB
2026/06/10 01:24:54.821, 0 %, 0 MiB, 81920 MiB
2026/06/10 01:24:59.821, 0 %, 531 MiB, 81920 MiB
2026/06/10 01:24:59.821, 0 %, 0 MiB, 81920 MiB
2026/06/10 01:25:04.822, 0 %, 531 MiB, 81920 MiB
2026/06/10 01:25:04.822, 0 %, 0 MiB, 81920 MiB
2026/06/10 01:25:09.823, 0 %, 531 MiB, 81920 MiB
2026/06/10 01:25:09.823, 0 %, 0 MiB, 81920 MiB
2026/06/10 01:25:14.823, 0 %, 531 MiB, 81920 MiB
2026/06/10 01:25:14.824, 0 %, 0 MiB, 81920 MiB
2026/06/10 01:25:19.824, 0 %, 531 MiB, 81920 MiB
2026/06/10 01:25:19.825, 0 %, 0 MiB, 81920 MiB
2026/06/10 01:25:24.825, 0 %, 531 MiB, 81920 MiB
2026/06/10 01:25:24.825, 0 %, 0 MiB, 81920 MiB
2026/06/10 01:25:29.826, 0 %, 531 MiB, 81920 MiB
2026/06/10 01:25:29.826, 0 %, 0 MiB, 81920 MiB
2026/06/10 01:25:34.827, 0 %, 531 MiB, 81920 MiB
2026/06/10 01:25:34.827, 0 %, 0 MiB, 81920 MiB
2026/06/10 01:25:39.828, 0 %, 531 MiB, 81920 MiB
2026/06/10 01:25:39.828, 0 %, 0 MiB, 81920 MiB
2026/06/10 01:25:44.828, 0 %, 531 MiB, 81920 MiB
2026/06/10 01:25:44.828, 0 %, 0 MiB, 81920 MiB
2026/06/10 01:25:49.829, 0 %, 531 MiB, 81920 MiB
2026/06/10 01:25:49.829, 0 %, 0 MiB, 81920 MiB
2026/06/10 01:25:54.830, 0 %, 531 MiB, 81920 MiB
2026/06/10 01:25:54.830, 0 %, 0 MiB, 81920 MiB
2026/06/10 01:25:59.830, 0 %, 531 MiB, 81920 MiB
2026/06/10 01:25:59.831, 0 %, 0 MiB, 81920 MiB
2026/06/10 01:26:04.831, 0 %, 531 MiB, 81920 MiB
2026/06/10 01:26:04.831, 0 %, 0 MiB, 81920 MiB
2026/06/10 01:26:09.832, 0 %, 531 MiB, 81920 MiB
2026/06/10 01:26:09.832, 0 %, 0 MiB, 81920 MiB
2026/06/10 01:26:14.833, 0 %, 531 MiB, 81920 MiB
2026/06/10 01:26:14.833, 0 %, 0 MiB, 81920 MiB
2026/06/10 01:26:19.834, 0 %, 531 MiB, 81920 MiB
2026/06/10 01:26:19.834, 0 %, 0 MiB, 81920 MiB
2026/06/10 01:26:24.834, 0 %, 531 MiB, 81920 MiB
2026/06/10 01:26:24.835, 0 %, 0 MiB, 81920 MiB
2026/06/10 01:26:29.835, 0 %, 531 MiB, 81920 MiB
2026/06/10 01:26:29.835, 0 %, 0 MiB, 81920 MiB
2026/06/10 01:26:34.836, 0 %, 531 MiB, 81920 MiB
2026/06/10 01:26:34.836, 0 %, 0 MiB, 81920 MiB
2026/06/10 01:26:39.837, 0 %, 531 MiB, 81920 MiB
2026/06/10 01:26:39.837, 0 %, 0 MiB, 81920 MiB
2026/06/10 01:26:44.838, 0 %, 531 MiB, 81920 MiB
2026/06/10 01:26:44.838, 0 %, 0 MiB, 81920 MiB
2026/06/10 01:26:49.838, 0 %, 531 MiB, 81920 MiB
2026/06/10 01:26:49.838, 0 %, 0 MiB, 81920 MiB
2026/06/10 01:26:54.839, 0 %, 531 MiB, 81920 MiB
2026/06/10 01:26:54.839, 0 %, 0 MiB, 81920 MiB
2026/06/10 01:26:59.840, 0 %, 531 MiB, 81920 MiB
2026/06/10 01:26:59.840, 0 %, 0 MiB, 81920 MiB
2026/06/10 01:27:04.841, 0 %, 531 MiB, 81920 MiB
2026/06/10 01:27:04.841, 0 %, 0 MiB, 81920 MiB
2026/06/10 01:27:09.841, 0 %, 531 MiB, 81920 MiB
2026/06/10 01:27:09.841, 0 %, 0 MiB, 81920 MiB
2026/06/10 01:27:14.842, 0 %, 531 MiB, 81920 MiB
2026/06/10 01:27:14.842, 0 %, 0 MiB, 81920 MiB
2026/06/10 01:27:19.843, 0 %, 531 MiB, 81920 MiB
2026/06/10 01:27:19.843, 0 %, 0 MiB, 81920 MiB
2026/06/10 01:27:24.844, 0 %, 531 MiB, 81920 MiB
2026/06/10 01:27:24.844, 0 %, 0 MiB, 81920 MiB
2026/06/10 01:27:29.845, 0 %, 531 MiB, 81920 MiB
2026/06/10 01:27:29.845, 0 %, 0 MiB, 81920 MiB
2026/06/10 01:27:34.845, 0 %, 531 MiB, 81920 MiB
2026/06/10 01:27:34.845, 0 %, 0 MiB, 81920 MiB
2026/06/10 01:27:39.846, 0 %, 531 MiB, 81920 MiB
2026/06/10 01:27:39.846, 0 %, 0 MiB, 81920 MiB
2026/06/10 01:27:44.847, 0 %, 531 MiB, 81920 MiB
2026/06/10 01:27:44.847, 0 %, 0 MiB, 81920 MiB
2026/06/10 01:27:49.847, 0 %, 531 MiB, 81920 MiB
2026/06/10 01:27:49.848, 0 %, 0 MiB, 81920 MiB
2026/06/10 01:27:54.848, 0 %, 531 MiB, 81920 MiB
2026/06/10 01:27:54.848, 0 %, 0 MiB, 81920 MiB
2026/06/10 01:27:59.849, 0 %, 531 MiB, 81920 MiB
2026/06/10 01:27:59.849, 0 %, 0 MiB, 81920 MiB
2026/06/10 01:28:04.850, 0 %, 531 MiB, 81920 MiB
2026/06/10 01:28:04.850, 0 %, 0 MiB, 81920 MiB
2026/06/10 01:28:09.851, 0 %, 531 MiB, 81920 MiB
2026/06/10 01:28:09.851, 0 %, 0 MiB, 81920 MiB
2026/06/10 01:28:14.852, 0 %, 531 MiB, 81920 MiB
2026/06/10 01:28:14.852, 0 %, 0 MiB, 81920 MiB
2026/06/10 01:28:19.852, 0 %, 531 MiB, 81920 MiB
2026/06/10 01:28:19.853, 0 %, 0 MiB, 81920 MiB
2026/06/10 01:28:24.853, 0 %, 531 MiB, 81920 MiB
2026/06/10 01:28:24.853, 0 %, 0 MiB, 81920 MiB
2026/06/10 01:28:29.854, 0 %, 531 MiB, 81920 MiB
2026/06/10 01:28:29.854, 0 %, 0 MiB, 81920 MiB
2026/06/10 01:28:34.855, 0 %, 531 MiB, 81920 MiB
2026/06/10 01:28:34.855, 0 %, 0 MiB, 81920 MiB
2026/06/10 01:28:39.856, 0 %, 531 MiB, 81920 MiB
2026/06/10 01:28:39.856, 0 %, 0 MiB, 81920 MiB
2026/06/10 01:28:44.857, 0 %, 531 MiB, 81920 MiB
2026/06/10 01:28:44.857, 0 %, 0 MiB, 81920 MiB
2026/06/10 01:28:49.858, 0 %, 531 MiB, 81920 MiB
2026/06/10 01:28:49.858, 0 %, 0 MiB, 81920 MiB
2026/06/10 01:28:54.859, 0 %, 531 MiB, 81920 MiB
2026/06/10 01:28:54.859, 0 %, 0 MiB, 81920 MiB
2026/06/10 01:28:59.859, 0 %, 531 MiB, 81920 MiB
2026/06/10 01:28:59.860, 0 %, 0 MiB, 81920 MiB
2026/06/10 01:29:04.860, 0 %, 531 MiB, 81920 MiB
2026/06/10 01:29:04.860, 0 %, 0 MiB, 81920 MiB
2026/06/10 01:29:09.861, 0 %, 531 MiB, 81920 MiB
2026/06/10 01:29:09.861, 0 %, 0 MiB, 81920 MiB
2026/06/10 01:29:14.862, 0 %, 531 MiB, 81920 MiB
2026/06/10 01:29:14.862, 0 %, 0 MiB, 81920 MiB
2026/06/10 01:29:19.863, 0 %, 531 MiB, 81920 MiB
2026/06/10 01:29:19.863, 0 %, 0 MiB, 81920 MiB
2026/06/10 01:29:24.864, 0 %, 531 MiB, 81920 MiB
2026/06/10 01:29:24.864, 0 %, 0 MiB, 81920 MiB
2026/06/10 01:29:29.865, 0 %, 531 MiB, 81920 MiB
2026/06/10 01:29:29.865, 0 %, 0 MiB, 81920 MiB
2026/06/10 01:29:34.865, 0 %, 531 MiB, 81920 MiB
2026/06/10 01:29:34.866, 0 %, 0 MiB, 81920 MiB
2026/06/10 01:29:39.866, 0 %, 531 MiB, 81920 MiB
2026/06/10 01:29:39.866, 0 %, 0 MiB, 81920 MiB
2026/06/10 01:29:44.867, 0 %, 531 MiB, 81920 MiB
2026/06/10 01:29:44.867, 0 %, 0 MiB, 81920 MiB
2026/06/10 01:29:49.868, 0 %, 531 MiB, 81920 MiB
2026/06/10 01:29:49.868, 0 %, 0 MiB, 81920 MiB
2026/06/10 01:29:54.869, 0 %, 531 MiB, 81920 MiB
2026/06/10 01:29:54.869, 0 %, 0 MiB, 81920 MiB
2026/06/10 01:29:59.870, 0 %, 531 MiB, 81920 MiB
2026/06/10 01:29:59.870, 0 %, 0 MiB, 81920 MiB
2026/06/10 01:30:04.871, 0 %, 531 MiB, 81920 MiB
2026/06/10 01:30:04.871, 0 %, 0 MiB, 81920 MiB
2026/06/10 01:30:09.871, 0 %, 531 MiB, 81920 MiB
2026/06/10 01:30:09.872, 0 %, 0 MiB, 81920 MiB
2026/06/10 01:30:14.872, 0 %, 531 MiB, 81920 MiB
2026/06/10 01:30:14.872, 0 %, 0 MiB, 81920 MiB
2026/06/10 01:30:19.873, 0 %, 531 MiB, 81920 MiB
2026/06/10 01:30:19.873, 0 %, 0 MiB, 81920 MiB
2026/06/10 01:30:24.952, 0 %, 497 MiB, 81920 MiB
2026/06/10 01:30:24.952, 0 %, 0 MiB, 81920 MiB
2026/06/10 01:30:29.953, 0 %, 497 MiB, 81920 MiB
2026/06/10 01:30:29.953, 0 %, 0 MiB, 81920 MiB
2026/06/10 01:30:34.954, 0 %, 497 MiB, 81920 MiB
2026/06/10 01:30:34.954, 0 %, 0 MiB, 81920 MiB
2026/06/10 01:30:39.955, 0 %, 497 MiB, 81920 MiB
2026/06/10 01:30:39.955, 0 %, 0 MiB, 81920 MiB
2026/06/10 01:30:44.956, 0 %, 497 MiB, 81920 MiB
2026/06/10 01:30:44.956, 0 %, 0 MiB, 81920 MiB
2026/06/10 01:30:49.957, 0 %, 497 MiB, 81920 MiB
2026/06/10 01:30:49.957, 0 %, 0 MiB, 81920 MiB
2026/06/10 01:30:54.958, 0 %, 497 MiB, 81920 MiB
2026/06/10 01:30:54.959, 0 %, 0 MiB, 81920 MiB
2026/06/10 01:30:59.959, 0 %, 497 MiB, 81920 MiB
2026/06/10 01:30:59.960, 0 %, 0 MiB, 81920 MiB
2026/06/10 01:31:04.960, 0 %, 497 MiB, 81920 MiB
2026/06/10 01:31:04.961, 0 %, 0 MiB, 81920 MiB
2026/06/10 01:31:09.961, 0 %, 497 MiB, 81920 MiB
2026/06/10 01:31:09.961, 0 %, 0 MiB, 81920 MiB
2026/06/10 01:31:14.962, 0 %, 497 MiB, 81920 MiB
2026/06/10 01:31:14.962, 0 %, 0 MiB, 81920 MiB
2026/06/10 01:31:19.963, 0 %, 497 MiB, 81920 MiB
2026/06/10 01:31:19.963, 0 %, 0 MiB, 81920 MiB
2026/06/10 01:31:24.964, 0 %, 497 MiB, 81920 MiB
2026/06/10 01:31:24.964, 0 %, 0 MiB, 81920 MiB
2026/06/10 01:31:29.966, 0 %, 497 MiB, 81920 MiB
2026/06/10 01:31:29.966, 0 %, 0 MiB, 81920 MiB
2026/06/10 01:31:34.967, 0 %, 497 MiB, 81920 MiB
2026/06/10 01:31:34.967, 0 %, 0 MiB, 81920 MiB
2026/06/10 01:31:39.968, 0 %, 497 MiB, 81920 MiB
2026/06/10 01:31:39.968, 0 %, 0 MiB, 81920 MiB
2026/06/10 01:31:44.969, 0 %, 497 MiB, 81920 MiB
2026/06/10 01:31:44.969, 0 %, 0 MiB, 81920 MiB
2026/06/10 01:31:49.970, 0 %, 497 MiB, 81920 MiB
2026/06/10 01:31:49.970, 0 %, 0 MiB, 81920 MiB
2026/06/10 01:31:54.970, 0 %, 497 MiB, 81920 MiB
2026/06/10 01:31:54.971, 0 %, 0 MiB, 81920 MiB
2026/06/10 01:31:59.971, 0 %, 497 MiB, 81920 MiB
2026/06/10 01:31:59.971, 0 %, 0 MiB, 81920 MiB
2026/06/10 01:32:04.972, 0 %, 497 MiB, 81920 MiB
2026/06/10 01:32:04.972, 0 %, 0 MiB, 81920 MiB
2026/06/10 01:32:09.973, 0 %, 497 MiB, 81920 MiB
2026/06/10 01:32:09.973, 0 %, 0 MiB, 81920 MiB
2026/06/10 01:32:14.973, 0 %, 497 MiB, 81920 MiB
2026/06/10 01:32:14.974, 0 %, 0 MiB, 81920 MiB
2026/06/10 01:32:19.974, 0 %, 497 MiB, 81920 MiB
2026/06/10 01:32:19.974, 0 %, 0 MiB, 81920 MiB
2026/06/10 01:32:24.975, 0 %, 497 MiB, 81920 MiB
2026/06/10 01:32:24.975, 0 %, 0 MiB, 81920 MiB
2026/06/10 01:32:29.976, 0 %, 497 MiB, 81920 MiB
2026/06/10 01:32:29.976, 0 %, 0 MiB, 81920 MiB
2026/06/10 01:32:34.977, 0 %, 497 MiB, 81920 MiB
2026/06/10 01:32:34.977, 0 %, 0 MiB, 81920 MiB
2026/06/10 01:32:39.977, 0 %, 497 MiB, 81920 MiB
2026/06/10 01:32:39.978, 0 %, 0 MiB, 81920 MiB
2026/06/10 01:32:44.978, 0 %, 497 MiB, 81920 MiB
2026/06/10 01:32:44.978, 0 %, 0 MiB, 81920 MiB
2026/06/10 01:32:49.979, 0 %, 497 MiB, 81920 MiB
2026/06/10 01:32:49.979, 0 %, 0 MiB, 81920 MiB
2026/06/10 01:32:54.980, 0 %, 497 MiB, 81920 MiB
2026/06/10 01:32:54.981, 0 %, 0 MiB, 81920 MiB
2026/06/10 01:32:59.982, 0 %, 497 MiB, 81920 MiB
2026/06/10 01:32:59.982, 0 %, 0 MiB, 81920 MiB
2026/06/10 01:33:04.982, 0 %, 497 MiB, 81920 MiB
2026/06/10 01:33:04.983, 0 %, 0 MiB, 81920 MiB
2026/06/10 01:33:09.983, 0 %, 497 MiB, 81920 MiB
2026/06/10 01:33:09.984, 0 %, 0 MiB, 81920 MiB
2026/06/10 01:33:14.984, 0 %, 497 MiB, 81920 MiB
2026/06/10 01:33:14.985, 0 %, 0 MiB, 81920 MiB
2026/06/10 01:33:19.985, 0 %, 497 MiB, 81920 MiB
2026/06/10 01:33:19.986, 0 %, 0 MiB, 81920 MiB
2026/06/10 01:33:24.986, 0 %, 497 MiB, 81920 MiB
2026/06/10 01:33:24.987, 0 %, 0 MiB, 81920 MiB
2026/06/10 01:33:29.987, 0 %, 497 MiB, 81920 MiB
2026/06/10 01:33:29.987, 0 %, 0 MiB, 81920 MiB
2026/06/10 01:33:34.989, 0 %, 497 MiB, 81920 MiB
2026/06/10 01:33:34.989, 0 %, 0 MiB, 81920 MiB
2026/06/10 01:33:39.990, 8 %, 531 MiB, 81920 MiB
2026/06/10 01:33:39.990, 0 %, 0 MiB, 81920 MiB
2026/06/10 01:33:44.991, 0 %, 531 MiB, 81920 MiB
2026/06/10 01:33:44.991, 0 %, 0 MiB, 81920 MiB
2026/06/10 01:33:49.992, 0 %, 531 MiB, 81920 MiB
2026/06/10 01:33:49.992, 0 %, 0 MiB, 81920 MiB
2026/06/10 01:33:54.993, 0 %, 531 MiB, 81920 MiB
2026/06/10 01:33:54.993, 0 %, 0 MiB, 81920 MiB
2026/06/10 01:33:59.994, 0 %, 531 MiB, 81920 MiB
2026/06/10 01:33:59.994, 0 %, 0 MiB, 81920 MiB
2026/06/10 01:34:04.994, 0 %, 531 MiB, 81920 MiB
2026/06/10 01:34:04.995, 0 %, 0 MiB, 81920 MiB
2026/06/10 01:34:09.995, 0 %, 531 MiB, 81920 MiB
2026/06/10 01:34:09.995, 0 %, 0 MiB, 81920 MiB
2026/06/10 01:34:14.996, 0 %, 531 MiB, 81920 MiB
2026/06/10 01:34:14.996, 0 %, 0 MiB, 81920 MiB
2026/06/10 01:34:19.997, 0 %, 531 MiB, 81920 MiB
2026/06/10 01:34:19.997, 0 %, 0 MiB, 81920 MiB
2026/06/10 01:34:24.998, 0 %, 531 MiB, 81920 MiB
2026/06/10 01:34:24.998, 0 %, 0 MiB, 81920 MiB
2026/06/10 01:34:29.998, 0 %, 531 MiB, 81920 MiB
2026/06/10 01:34:29.998, 0 %, 0 MiB, 81920 MiB
2026/06/10 01:34:34.999, 0 %, 531 MiB, 81920 MiB
2026/06/10 01:34:34.999, 0 %, 0 MiB, 81920 MiB
2026/06/10 01:34:40.000, 0 %, 531 MiB, 81920 MiB
2026/06/10 01:34:40.000, 0 %, 0 MiB, 81920 MiB
2026/06/10 01:34:45.001, 0 %, 531 MiB, 81920 MiB
2026/06/10 01:34:45.001, 0 %, 0 MiB, 81920 MiB
2026/06/10 01:34:50.001, 0 %, 531 MiB, 81920 MiB
2026/06/10 01:34:50.002, 0 %, 0 MiB, 81920 MiB
2026/06/10 01:34:55.002, 0 %, 531 MiB, 81920 MiB
2026/06/10 01:34:55.002, 0 %, 0 MiB, 81920 MiB
2026/06/10 01:35:00.003, 0 %, 531 MiB, 81920 MiB
2026/06/10 01:35:00.003, 0 %, 0 MiB, 81920 MiB
2026/06/10 01:35:05.004, 0 %, 531 MiB, 81920 MiB
2026/06/10 01:35:05.004, 0 %, 0 MiB, 81920 MiB
2026/06/10 01:35:10.005, 0 %, 531 MiB, 81920 MiB
2026/06/10 01:35:10.005, 0 %, 0 MiB, 81920 MiB
2026/06/10 01:35:15.005, 0 %, 531 MiB, 81920 MiB
2026/06/10 01:35:15.006, 0 %, 0 MiB, 81920 MiB
2026/06/10 01:35:20.006, 0 %, 531 MiB, 81920 MiB
2026/06/10 01:35:20.006, 0 %, 0 MiB, 81920 MiB
2026/06/10 01:35:25.007, 0 %, 531 MiB, 81920 MiB
2026/06/10 01:35:25.007, 0 %, 0 MiB, 81920 MiB
2026/06/10 01:35:30.008, 0 %, 531 MiB, 81920 MiB
2026/06/10 01:35:30.008, 0 %, 0 MiB, 81920 MiB
2026/06/10 01:35:35.009, 0 %, 531 MiB, 81920 MiB
2026/06/10 01:35:35.009, 0 %, 0 MiB, 81920 MiB
2026/06/10 01:35:40.009, 0 %, 531 MiB, 81920 MiB
2026/06/10 01:35:40.010, 0 %, 0 MiB, 81920 MiB
2026/06/10 01:35:45.010, 0 %, 531 MiB, 81920 MiB
2026/06/10 01:35:45.010, 0 %, 0 MiB, 81920 MiB
2026/06/10 01:35:50.011, 0 %, 531 MiB, 81920 MiB
2026/06/10 01:35:50.011, 0 %, 0 MiB, 81920 MiB
2026/06/10 01:35:55.012, 0 %, 531 MiB, 81920 MiB
2026/06/10 01:35:55.012, 0 %, 0 MiB, 81920 MiB
2026/06/10 01:36:00.013, 0 %, 531 MiB, 81920 MiB
2026/06/10 01:36:00.013, 0 %, 0 MiB, 81920 MiB
2026/06/10 01:36:05.013, 0 %, 531 MiB, 81920 MiB
2026/06/10 01:36:05.013, 0 %, 0 MiB, 81920 MiB
2026/06/10 01:36:10.014, 0 %, 531 MiB, 81920 MiB
2026/06/10 01:36:10.014, 0 %, 0 MiB, 81920 MiB
2026/06/10 01:36:15.015, 0 %, 531 MiB, 81920 MiB
2026/06/10 01:36:15.015, 0 %, 0 MiB, 81920 MiB
2026/06/10 01:36:20.016, 0 %, 531 MiB, 81920 MiB
2026/06/10 01:36:20.016, 0 %, 0 MiB, 81920 MiB
2026/06/10 01:36:25.017, 0 %, 531 MiB, 81920 MiB
2026/06/10 01:36:25.017, 0 %, 0 MiB, 81920 MiB
2026/06/10 01:36:30.017, 0 %, 531 MiB, 81920 MiB
2026/06/10 01:36:30.018, 0 %, 0 MiB, 81920 MiB
2026/06/10 01:36:35.018, 0 %, 531 MiB, 81920 MiB
2026/06/10 01:36:35.018, 0 %, 0 MiB, 81920 MiB
2026/06/10 01:36:40.019, 0 %, 531 MiB, 81920 MiB
2026/06/10 01:36:40.019, 0 %, 0 MiB, 81920 MiB
2026/06/10 01:36:45.020, 0 %, 531 MiB, 81920 MiB
2026/06/10 01:36:45.020, 0 %, 0 MiB, 81920 MiB
2026/06/10 01:36:50.021, 0 %, 531 MiB, 81920 MiB
2026/06/10 01:36:50.021, 0 %, 0 MiB, 81920 MiB
2026/06/10 01:36:55.021, 0 %, 531 MiB, 81920 MiB
2026/06/10 01:36:55.022, 0 %, 0 MiB, 81920 MiB
2026/06/10 01:37:00.022, 0 %, 531 MiB, 81920 MiB
2026/06/10 01:37:00.022, 0 %, 0 MiB, 81920 MiB
2026/06/10 01:37:05.023, 0 %, 531 MiB, 81920 MiB
2026/06/10 01:37:05.023, 0 %, 0 MiB, 81920 MiB
2026/06/10 01:37:10.024, 0 %, 531 MiB, 81920 MiB
2026/06/10 01:37:10.024, 0 %, 0 MiB, 81920 MiB
2026/06/10 01:37:15.025, 0 %, 531 MiB, 81920 MiB
2026/06/10 01:37:15.025, 0 %, 0 MiB, 81920 MiB
2026/06/10 01:37:20.026, 0 %, 531 MiB, 81920 MiB
2026/06/10 01:37:20.026, 0 %, 0 MiB, 81920 MiB
2026/06/10 01:37:25.026, 0 %, 531 MiB, 81920 MiB
2026/06/10 01:37:25.026, 0 %, 0 MiB, 81920 MiB
2026/06/10 01:37:30.027, 0 %, 531 MiB, 81920 MiB
2026/06/10 01:37:30.027, 0 %, 0 MiB, 81920 MiB
2026/06/10 01:37:35.028, 0 %, 531 MiB, 81920 MiB
2026/06/10 01:37:35.028, 0 %, 0 MiB, 81920 MiB
2026/06/10 01:37:40.029, 0 %, 531 MiB, 81920 MiB
2026/06/10 01:37:40.029, 0 %, 0 MiB, 81920 MiB
2026/06/10 01:37:45.029, 0 %, 531 MiB, 81920 MiB
2026/06/10 01:37:45.030, 0 %, 0 MiB, 81920 MiB
2026/06/10 01:37:50.030, 0 %, 531 MiB, 81920 MiB
2026/06/10 01:37:50.030, 0 %, 0 MiB, 81920 MiB
2026/06/10 01:37:55.031, 0 %, 531 MiB, 81920 MiB
2026/06/10 01:37:55.031, 0 %, 0 MiB, 81920 MiB
2026/06/10 01:38:00.032, 0 %, 531 MiB, 81920 MiB
2026/06/10 01:38:00.032, 0 %, 0 MiB, 81920 MiB
2026/06/10 01:38:05.033, 0 %, 531 MiB, 81920 MiB
2026/06/10 01:38:05.033, 0 %, 0 MiB, 81920 MiB
2026/06/10 01:38:10.033, 0 %, 531 MiB, 81920 MiB
2026/06/10 01:38:10.033, 0 %, 0 MiB, 81920 MiB
2026/06/10 01:38:15.034, 0 %, 531 MiB, 81920 MiB
2026/06/10 01:38:15.034, 0 %, 0 MiB, 81920 MiB
2026/06/10 01:38:20.035, 0 %, 531 MiB, 81920 MiB
2026/06/10 01:38:20.035, 0 %, 0 MiB, 81920 MiB
2026/06/10 01:38:25.036, 0 %, 531 MiB, 81920 MiB
2026/06/10 01:38:25.036, 0 %, 0 MiB, 81920 MiB
2026/06/10 01:38:30.037, 0 %, 531 MiB, 81920 MiB
2026/06/10 01:38:30.037, 0 %, 0 MiB, 81920 MiB
2026/06/10 01:38:35.037, 0 %, 531 MiB, 81920 MiB
2026/06/10 01:38:35.038, 0 %, 0 MiB, 81920 MiB
2026/06/10 01:38:40.038, 0 %, 531 MiB, 81920 MiB
2026/06/10 01:38:40.038, 0 %, 0 MiB, 81920 MiB
2026/06/10 01:38:45.039, 0 %, 531 MiB, 81920 MiB
2026/06/10 01:38:45.039, 0 %, 0 MiB, 81920 MiB
2026/06/10 01:38:50.040, 0 %, 531 MiB, 81920 MiB
2026/06/10 01:38:50.040, 0 %, 0 MiB, 81920 MiB
2026/06/10 01:38:55.040, 0 %, 531 MiB, 81920 MiB
2026/06/10 01:38:55.041, 0 %, 0 MiB, 81920 MiB
2026/06/10 01:39:00.041, 0 %, 531 MiB, 81920 MiB
2026/06/10 01:39:00.041, 0 %, 0 MiB, 81920 MiB
2026/06/10 01:39:05.042, 0 %, 531 MiB, 81920 MiB
2026/06/10 01:39:05.042, 0 %, 0 MiB, 81920 MiB
2026/06/10 01:39:10.043, 0 %, 531 MiB, 81920 MiB
2026/06/10 01:39:10.043, 0 %, 0 MiB, 81920 MiB
2026/06/10 01:39:15.044, 0 %, 531 MiB, 81920 MiB
2026/06/10 01:39:15.044, 0 %, 0 MiB, 81920 MiB
2026/06/10 01:39:20.045, 0 %, 531 MiB, 81920 MiB
2026/06/10 01:39:20.045, 0 %, 0 MiB, 81920 MiB
2026/06/10 01:39:25.045, 0 %, 531 MiB, 81920 MiB
2026/06/10 01:39:25.045, 0 %, 0 MiB, 81920 MiB
2026/06/10 01:39:30.046, 0 %, 531 MiB, 81920 MiB
2026/06/10 01:39:30.046, 0 %, 0 MiB, 81920 MiB
2026/06/10 01:39:35.047, 0 %, 531 MiB, 81920 MiB
2026/06/10 01:39:35.047, 0 %, 0 MiB, 81920 MiB
2026/06/10 01:39:40.048, 0 %, 531 MiB, 81920 MiB
2026/06/10 01:39:40.048, 0 %, 0 MiB, 81920 MiB
2026/06/10 01:39:45.048, 0 %, 531 MiB, 81920 MiB
2026/06/10 01:39:45.049, 0 %, 0 MiB, 81920 MiB
2026/06/10 01:39:50.049, 0 %, 531 MiB, 81920 MiB
2026/06/10 01:39:50.049, 0 %, 0 MiB, 81920 MiB
2026/06/10 01:39:55.050, 0 %, 531 MiB, 81920 MiB
2026/06/10 01:39:55.050, 0 %, 0 MiB, 81920 MiB
2026/06/10 01:40:00.051, 0 %, 531 MiB, 81920 MiB
2026/06/10 01:40:00.051, 0 %, 0 MiB, 81920 MiB
2026/06/10 01:40:05.052, 0 %, 531 MiB, 81920 MiB
2026/06/10 01:40:05.052, 0 %, 0 MiB, 81920 MiB
2026/06/10 01:40:10.053, 0 %, 531 MiB, 81920 MiB
2026/06/10 01:40:10.053, 0 %, 0 MiB, 81920 MiB
2026/06/10 01:40:15.053, 0 %, 531 MiB, 81920 MiB
2026/06/10 01:40:15.054, 0 %, 0 MiB, 81920 MiB
2026/06/10 01:40:20.054, 0 %, 531 MiB, 81920 MiB
2026/06/10 01:40:20.054, 0 %, 0 MiB, 81920 MiB
2026/06/10 01:40:25.055, 0 %, 531 MiB, 81920 MiB
2026/06/10 01:40:25.055, 0 %, 0 MiB, 81920 MiB
2026/06/10 01:40:30.056, 0 %, 531 MiB, 81920 MiB
2026/06/10 01:40:30.056, 0 %, 0 MiB, 81920 MiB
2026/06/10 01:40:35.057, 0 %, 531 MiB, 81920 MiB
2026/06/10 01:40:35.057, 0 %, 0 MiB, 81920 MiB
2026/06/10 01:40:40.058, 0 %, 531 MiB, 81920 MiB
2026/06/10 01:40:40.058, 0 %, 0 MiB, 81920 MiB
2026/06/10 01:40:45.058, 0 %, 531 MiB, 81920 MiB
2026/06/10 01:40:45.058, 0 %, 0 MiB, 81920 MiB
2026/06/10 01:40:50.059, 0 %, 531 MiB, 81920 MiB
2026/06/10 01:40:50.059, 0 %, 0 MiB, 81920 MiB
2026/06/10 01:40:55.060, 0 %, 531 MiB, 81920 MiB
2026/06/10 01:40:55.060, 0 %, 0 MiB, 81920 MiB
2026/06/10 01:41:00.061, 0 %, 531 MiB, 81920 MiB
2026/06/10 01:41:00.061, 0 %, 0 MiB, 81920 MiB
2026/06/10 01:41:05.061, 0 %, 531 MiB, 81920 MiB
2026/06/10 01:41:05.061, 0 %, 0 MiB, 81920 MiB
2026/06/10 01:41:10.062, 0 %, 531 MiB, 81920 MiB
2026/06/10 01:41:10.062, 0 %, 0 MiB, 81920 MiB
2026/06/10 01:41:15.063, 0 %, 531 MiB, 81920 MiB
2026/06/10 01:41:15.063, 0 %, 0 MiB, 81920 MiB
2026/06/10 01:41:20.064, 0 %, 531 MiB, 81920 MiB
2026/06/10 01:41:20.064, 0 %, 0 MiB, 81920 MiB
2026/06/10 01:41:25.065, 0 %, 531 MiB, 81920 MiB
2026/06/10 01:41:25.065, 0 %, 0 MiB, 81920 MiB
2026/06/10 01:41:30.065, 0 %, 531 MiB, 81920 MiB
2026/06/10 01:41:30.066, 0 %, 0 MiB, 81920 MiB
2026/06/10 01:41:35.066, 0 %, 531 MiB, 81920 MiB
2026/06/10 01:41:35.066, 0 %, 0 MiB, 81920 MiB
2026/06/10 01:41:40.067, 0 %, 531 MiB, 81920 MiB
2026/06/10 01:41:40.067, 0 %, 0 MiB, 81920 MiB
2026/06/10 01:41:45.068, 0 %, 531 MiB, 81920 MiB
2026/06/10 01:41:45.068, 0 %, 0 MiB, 81920 MiB
2026/06/10 01:41:50.068, 0 %, 531 MiB, 81920 MiB
2026/06/10 01:41:50.068, 0 %, 0 MiB, 81920 MiB
2026/06/10 01:41:55.069, 0 %, 531 MiB, 81920 MiB
2026/06/10 01:41:55.069, 0 %, 0 MiB, 81920 MiB
2026/06/10 01:42:00.070, 0 %, 531 MiB, 81920 MiB
2026/06/10 01:42:00.070, 0 %, 0 MiB, 81920 MiB
2026/06/10 01:42:05.071, 0 %, 531 MiB, 81920 MiB
2026/06/10 01:42:05.071, 0 %, 0 MiB, 81920 MiB
2026/06/10 01:42:10.072, 0 %, 531 MiB, 81920 MiB
2026/06/10 01:42:10.072, 0 %, 0 MiB, 81920 MiB
2026/06/10 01:42:15.073, 0 %, 531 MiB, 81920 MiB
2026/06/10 01:42:15.073, 0 %, 0 MiB, 81920 MiB
2026/06/10 01:42:20.073, 0 %, 531 MiB, 81920 MiB
2026/06/10 01:42:20.073, 0 %, 0 MiB, 81920 MiB
2026/06/10 01:42:25.074, 0 %, 531 MiB, 81920 MiB
2026/06/10 01:42:25.074, 0 %, 0 MiB, 81920 MiB
2026/06/10 01:42:30.075, 0 %, 531 MiB, 81920 MiB
2026/06/10 01:42:30.075, 0 %, 0 MiB, 81920 MiB
2026/06/10 01:42:35.076, 0 %, 531 MiB, 81920 MiB
2026/06/10 01:42:35.076, 0 %, 0 MiB, 81920 MiB
2026/06/10 01:42:40.076, 0 %, 531 MiB, 81920 MiB
2026/06/10 01:42:40.077, 0 %, 0 MiB, 81920 MiB
2026/06/10 01:42:45.077, 0 %, 531 MiB, 81920 MiB
2026/06/10 01:42:45.077, 0 %, 0 MiB, 81920 MiB
2026/06/10 01:42:50.078, 0 %, 531 MiB, 81920 MiB
2026/06/10 01:42:50.078, 0 %, 0 MiB, 81920 MiB
2026/06/10 01:42:55.079, 0 %, 531 MiB, 81920 MiB
2026/06/10 01:42:55.079, 0 %, 0 MiB, 81920 MiB
2026/06/10 01:43:00.080, 0 %, 531 MiB, 81920 MiB
2026/06/10 01:43:00.080, 0 %, 0 MiB, 81920 MiB
2026/06/10 01:43:05.081, 0 %, 531 MiB, 81920 MiB
2026/06/10 01:43:05.081, 0 %, 0 MiB, 81920 MiB
2026/06/10 01:43:10.081, 0 %, 531 MiB, 81920 MiB
2026/06/10 01:43:10.081, 0 %, 0 MiB, 81920 MiB
2026/06/10 01:43:15.082, 0 %, 531 MiB, 81920 MiB
2026/06/10 01:43:15.082, 0 %, 0 MiB, 81920 MiB
2026/06/10 01:43:20.083, 0 %, 531 MiB, 81920 MiB
2026/06/10 01:43:20.083, 0 %, 0 MiB, 81920 MiB
2026/06/10 01:43:25.083, 0 %, 531 MiB, 81920 MiB
2026/06/10 01:43:25.084, 0 %, 0 MiB, 81920 MiB
2026/06/10 01:43:30.084, 0 %, 531 MiB, 81920 MiB
2026/06/10 01:43:30.084, 0 %, 0 MiB, 81920 MiB
2026/06/10 01:43:35.085, 0 %, 531 MiB, 81920 MiB
2026/06/10 01:43:35.085, 0 %, 0 MiB, 81920 MiB
2026/06/10 01:43:40.086, 0 %, 531 MiB, 81920 MiB
2026/06/10 01:43:40.086, 0 %, 0 MiB, 81920 MiB
2026/06/10 01:43:45.087, 0 %, 531 MiB, 81920 MiB
2026/06/10 01:43:45.087, 0 %, 0 MiB, 81920 MiB
2026/06/10 01:43:50.087, 0 %, 531 MiB, 81920 MiB
2026/06/10 01:43:50.088, 0 %, 0 MiB, 81920 MiB
2026/06/10 01:43:55.088, 0 %, 531 MiB, 81920 MiB
2026/06/10 01:43:55.088, 0 %, 0 MiB, 81920 MiB
2026/06/10 01:44:00.089, 0 %, 531 MiB, 81920 MiB
2026/06/10 01:44:00.089, 0 %, 0 MiB, 81920 MiB
2026/06/10 01:44:05.090, 0 %, 531 MiB, 81920 MiB
2026/06/10 01:44:05.090, 0 %, 0 MiB, 81920 MiB
2026/06/10 01:44:10.091, 0 %, 531 MiB, 81920 MiB
2026/06/10 01:44:10.091, 0 %, 0 MiB, 81920 MiB
2026/06/10 01:44:15.091, 0 %, 531 MiB, 81920 MiB
2026/06/10 01:44:15.091, 0 %, 0 MiB, 81920 MiB
2026/06/10 01:44:20.092, 0 %, 531 MiB, 81920 MiB
2026/06/10 01:44:20.092, 0 %, 0 MiB, 81920 MiB
2026/06/10 01:44:25.093, 0 %, 531 MiB, 81920 MiB
2026/06/10 01:44:25.093, 0 %, 0 MiB, 81920 MiB
2026/06/10 01:44:30.094, 0 %, 531 MiB, 81920 MiB
2026/06/10 01:44:30.094, 0 %, 0 MiB, 81920 MiB
2026/06/10 01:44:35.094, 0 %, 531 MiB, 81920 MiB
2026/06/10 01:44:35.095, 0 %, 0 MiB, 81920 MiB
2026/06/10 01:44:40.095, 0 %, 531 MiB, 81920 MiB
2026/06/10 01:44:40.095, 0 %, 0 MiB, 81920 MiB
2026/06/10 01:44:45.096, 0 %, 531 MiB, 81920 MiB
2026/06/10 01:44:45.096, 0 %, 0 MiB, 81920 MiB
2026/06/10 01:44:50.097, 0 %, 531 MiB, 81920 MiB
2026/06/10 01:44:50.097, 0 %, 0 MiB, 81920 MiB
2026/06/10 01:44:55.098, 0 %, 531 MiB, 81920 MiB
2026/06/10 01:44:55.098, 0 %, 0 MiB, 81920 MiB
2026/06/10 01:45:00.098, 0 %, 531 MiB, 81920 MiB
2026/06/10 01:45:00.099, 0 %, 0 MiB, 81920 MiB
2026/06/10 01:45:05.099, 0 %, 531 MiB, 81920 MiB
2026/06/10 01:45:05.099, 0 %, 0 MiB, 81920 MiB
2026/06/10 01:45:10.100, 0 %, 531 MiB, 81920 MiB
2026/06/10 01:45:10.100, 0 %, 0 MiB, 81920 MiB
2026/06/10 01:45:15.101, 0 %, 531 MiB, 81920 MiB
2026/06/10 01:45:15.101, 0 %, 0 MiB, 81920 MiB
2026/06/10 01:45:20.101, 0 %, 531 MiB, 81920 MiB
2026/06/10 01:45:20.102, 0 %, 0 MiB, 81920 MiB
2026/06/10 01:45:25.102, 0 %, 531 MiB, 81920 MiB
2026/06/10 01:45:25.102, 0 %, 0 MiB, 81920 MiB
2026/06/10 01:45:30.103, 0 %, 531 MiB, 81920 MiB
2026/06/10 01:45:30.103, 0 %, 0 MiB, 81920 MiB
2026/06/10 01:45:35.104, 0 %, 531 MiB, 81920 MiB
2026/06/10 01:45:35.104, 0 %, 0 MiB, 81920 MiB
2026/06/10 01:45:40.105, 0 %, 531 MiB, 81920 MiB
2026/06/10 01:45:40.105, 0 %, 0 MiB, 81920 MiB
2026/06/10 01:45:45.106, 0 %, 531 MiB, 81920 MiB
2026/06/10 01:45:45.106, 0 %, 0 MiB, 81920 MiB
2026/06/10 01:45:50.106, 0 %, 531 MiB, 81920 MiB
2026/06/10 01:45:50.107, 0 %, 0 MiB, 81920 MiB
2026/06/10 01:45:55.107, 0 %, 531 MiB, 81920 MiB
2026/06/10 01:45:55.107, 0 %, 0 MiB, 81920 MiB
2026/06/10 01:46:00.108, 0 %, 531 MiB, 81920 MiB
2026/06/10 01:46:00.108, 0 %, 0 MiB, 81920 MiB
2026/06/10 01:46:05.109, 0 %, 531 MiB, 81920 MiB
2026/06/10 01:46:05.109, 0 %, 0 MiB, 81920 MiB
2026/06/10 01:46:10.110, 0 %, 531 MiB, 81920 MiB
2026/06/10 01:46:10.110, 0 %, 0 MiB, 81920 MiB
2026/06/10 01:46:15.110, 0 %, 531 MiB, 81920 MiB
2026/06/10 01:46:15.110, 0 %, 0 MiB, 81920 MiB
2026/06/10 01:46:20.111, 0 %, 531 MiB, 81920 MiB
2026/06/10 01:46:20.111, 0 %, 0 MiB, 81920 MiB
2026/06/10 01:46:25.112, 0 %, 531 MiB, 81920 MiB
2026/06/10 01:46:25.112, 0 %, 0 MiB, 81920 MiB
2026/06/10 01:46:30.113, 0 %, 531 MiB, 81920 MiB
2026/06/10 01:46:30.113, 0 %, 0 MiB, 81920 MiB
2026/06/10 01:46:35.114, 0 %, 531 MiB, 81920 MiB
2026/06/10 01:46:35.114, 0 %, 0 MiB, 81920 MiB
2026/06/10 01:46:40.114, 0 %, 531 MiB, 81920 MiB
2026/06/10 01:46:40.115, 0 %, 0 MiB, 81920 MiB
2026/06/10 01:46:45.115, 0 %, 531 MiB, 81920 MiB
2026/06/10 01:46:45.115, 0 %, 0 MiB, 81920 MiB
2026/06/10 01:46:50.116, 0 %, 531 MiB, 81920 MiB
2026/06/10 01:46:50.116, 0 %, 0 MiB, 81920 MiB
2026/06/10 01:46:55.117, 0 %, 531 MiB, 81920 MiB
2026/06/10 01:46:55.117, 0 %, 0 MiB, 81920 MiB
2026/06/10 01:47:00.118, 0 %, 531 MiB, 81920 MiB
2026/06/10 01:47:00.118, 0 %, 0 MiB, 81920 MiB
2026/06/10 01:47:05.118, 0 %, 531 MiB, 81920 MiB
2026/06/10 01:47:05.119, 0 %, 0 MiB, 81920 MiB
2026/06/10 01:47:10.119, 0 %, 531 MiB, 81920 MiB
2026/06/10 01:47:10.119, 0 %, 0 MiB, 81920 MiB
2026/06/10 01:47:15.120, 0 %, 531 MiB, 81920 MiB
2026/06/10 01:47:15.120, 0 %, 0 MiB, 81920 MiB
2026/06/10 01:47:20.121, 0 %, 531 MiB, 81920 MiB
2026/06/10 01:47:20.121, 0 %, 0 MiB, 81920 MiB
2026/06/10 01:47:25.122, 0 %, 531 MiB, 81920 MiB
2026/06/10 01:47:25.122, 0 %, 0 MiB, 81920 MiB
2026/06/10 01:47:30.122, 0 %, 531 MiB, 81920 MiB
2026/06/10 01:47:30.122, 0 %, 0 MiB, 81920 MiB
2026/06/10 01:47:35.123, 0 %, 531 MiB, 81920 MiB
2026/06/10 01:47:35.123, 0 %, 0 MiB, 81920 MiB
2026/06/10 01:47:40.124, 0 %, 531 MiB, 81920 MiB
2026/06/10 01:47:40.124, 0 %, 0 MiB, 81920 MiB
2026/06/10 01:47:45.125, 0 %, 531 MiB, 81920 MiB
2026/06/10 01:47:45.125, 0 %, 0 MiB, 81920 MiB
2026/06/10 01:47:50.126, 0 %, 531 MiB, 81920 MiB
2026/06/10 01:47:50.126, 0 %, 0 MiB, 81920 MiB
2026/06/10 01:47:55.127, 0 %, 531 MiB, 81920 MiB
2026/06/10 01:47:55.127, 0 %, 0 MiB, 81920 MiB
2026/06/10 01:48:00.127, 0 %, 531 MiB, 81920 MiB
2026/06/10 01:48:00.127, 0 %, 0 MiB, 81920 MiB
2026/06/10 01:48:05.200, 0 %, 497 MiB, 81920 MiB
2026/06/10 01:48:05.200, 0 %, 0 MiB, 81920 MiB
2026/06/10 01:48:10.203, 0 %, 497 MiB, 81920 MiB
2026/06/10 01:48:10.203, 0 %, 0 MiB, 81920 MiB
2026/06/10 01:48:15.204, 0 %, 497 MiB, 81920 MiB
2026/06/10 01:48:15.204, 0 %, 0 MiB, 81920 MiB
2026/06/10 01:48:20.205, 0 %, 497 MiB, 81920 MiB
2026/06/10 01:48:20.205, 0 %, 0 MiB, 81920 MiB
2026/06/10 01:48:25.206, 0 %, 497 MiB, 81920 MiB
2026/06/10 01:48:25.206, 0 %, 0 MiB, 81920 MiB
2026/06/10 01:48:30.207, 0 %, 497 MiB, 81920 MiB
2026/06/10 01:48:30.207, 0 %, 0 MiB, 81920 MiB
2026/06/10 01:48:35.230, 0 %, 497 MiB, 81920 MiB
2026/06/10 01:48:35.231, 0 %, 0 MiB, 81920 MiB
2026/06/10 01:48:40.232, 0 %, 497 MiB, 81920 MiB
2026/06/10 01:48:40.232, 0 %, 0 MiB, 81920 MiB
2026/06/10 01:48:45.232, 0 %, 497 MiB, 81920 MiB
2026/06/10 01:48:45.233, 0 %, 0 MiB, 81920 MiB
2026/06/10 01:48:50.233, 0 %, 497 MiB, 81920 MiB
2026/06/10 01:48:50.233, 0 %, 0 MiB, 81920 MiB
2026/06/10 01:48:55.234, 0 %, 497 MiB, 81920 MiB
2026/06/10 01:48:55.234, 0 %, 0 MiB, 81920 MiB
2026/06/10 01:49:00.235, 0 %, 497 MiB, 81920 MiB
2026/06/10 01:49:00.235, 0 %, 0 MiB, 81920 MiB
2026/06/10 01:49:05.236, 0 %, 497 MiB, 81920 MiB
2026/06/10 01:49:05.236, 0 %, 0 MiB, 81920 MiB
2026/06/10 01:49:10.237, 0 %, 497 MiB, 81920 MiB
2026/06/10 01:49:10.237, 0 %, 0 MiB, 81920 MiB
2026/06/10 01:49:15.238, 0 %, 497 MiB, 81920 MiB
2026/06/10 01:49:15.238, 0 %, 0 MiB, 81920 MiB
2026/06/10 01:49:20.239, 0 %, 497 MiB, 81920 MiB
2026/06/10 01:49:20.239, 0 %, 0 MiB, 81920 MiB
2026/06/10 01:49:25.240, 0 %, 497 MiB, 81920 MiB
2026/06/10 01:49:25.240, 0 %, 0 MiB, 81920 MiB
2026/06/10 01:49:30.241, 0 %, 497 MiB, 81920 MiB
2026/06/10 01:49:30.241, 0 %, 0 MiB, 81920 MiB
2026/06/10 01:49:35.242, 0 %, 497 MiB, 81920 MiB
2026/06/10 01:49:35.242, 0 %, 0 MiB, 81920 MiB
2026/06/10 01:49:40.243, 0 %, 497 MiB, 81920 MiB
2026/06/10 01:49:40.243, 0 %, 0 MiB, 81920 MiB
2026/06/10 01:49:45.243, 0 %, 497 MiB, 81920 MiB
2026/06/10 01:49:45.243, 0 %, 0 MiB, 81920 MiB
2026/06/10 01:49:50.244, 0 %, 497 MiB, 81920 MiB
2026/06/10 01:49:50.244, 0 %, 0 MiB, 81920 MiB
2026/06/10 01:49:55.245, 0 %, 497 MiB, 81920 MiB
2026/06/10 01:49:55.245, 0 %, 0 MiB, 81920 MiB
2026/06/10 01:50:00.246, 0 %, 497 MiB, 81920 MiB
2026/06/10 01:50:00.246, 0 %, 0 MiB, 81920 MiB
2026/06/10 01:50:05.247, 0 %, 497 MiB, 81920 MiB
2026/06/10 01:50:05.247, 0 %, 0 MiB, 81920 MiB
2026/06/10 01:50:10.248, 0 %, 497 MiB, 81920 MiB
2026/06/10 01:50:10.248, 0 %, 0 MiB, 81920 MiB
2026/06/10 01:50:15.249, 0 %, 497 MiB, 81920 MiB
2026/06/10 01:50:15.249, 0 %, 0 MiB, 81920 MiB
2026/06/10 01:50:20.250, 0 %, 497 MiB, 81920 MiB
2026/06/10 01:50:20.250, 0 %, 0 MiB, 81920 MiB
2026/06/10 01:50:25.251, 0 %, 497 MiB, 81920 MiB
2026/06/10 01:50:25.251, 0 %, 0 MiB, 81920 MiB
2026/06/10 01:50:30.252, 0 %, 497 MiB, 81920 MiB
2026/06/10 01:50:30.252, 0 %, 0 MiB, 81920 MiB
2026/06/10 01:50:35.286, 0 %, 497 MiB, 81920 MiB
2026/06/10 01:50:35.286, 0 %, 0 MiB, 81920 MiB
2026/06/10 01:50:40.287, 0 %, 497 MiB, 81920 MiB
2026/06/10 01:50:40.287, 0 %, 0 MiB, 81920 MiB
2026/06/10 01:50:45.288, 0 %, 497 MiB, 81920 MiB
2026/06/10 01:50:45.288, 0 %, 0 MiB, 81920 MiB
2026/06/10 01:50:50.289, 0 %, 497 MiB, 81920 MiB
2026/06/10 01:50:50.289, 0 %, 0 MiB, 81920 MiB
2026/06/10 01:50:55.290, 0 %, 497 MiB, 81920 MiB
2026/06/10 01:50:55.290, 0 %, 0 MiB, 81920 MiB
2026/06/10 01:51:00.291, 0 %, 497 MiB, 81920 MiB
2026/06/10 01:51:00.291, 0 %, 0 MiB, 81920 MiB
2026/06/10 01:51:05.292, 0 %, 497 MiB, 81920 MiB
2026/06/10 01:51:05.292, 0 %, 0 MiB, 81920 MiB
2026/06/10 01:51:10.293, 0 %, 497 MiB, 81920 MiB
2026/06/10 01:51:10.293, 0 %, 0 MiB, 81920 MiB
2026/06/10 01:51:15.293, 0 %, 497 MiB, 81920 MiB
2026/06/10 01:51:15.294, 0 %, 0 MiB, 81920 MiB
2026/06/10 01:51:20.295, 0 %, 531 MiB, 81920 MiB
2026/06/10 01:51:20.295, 0 %, 0 MiB, 81920 MiB
2026/06/10 01:51:25.295, 0 %, 531 MiB, 81920 MiB
2026/06/10 01:51:25.296, 0 %, 0 MiB, 81920 MiB
2026/06/10 01:51:30.296, 0 %, 531 MiB, 81920 MiB
2026/06/10 01:51:30.296, 0 %, 0 MiB, 81920 MiB
2026/06/10 01:51:35.297, 0 %, 531 MiB, 81920 MiB
2026/06/10 01:51:35.297, 0 %, 0 MiB, 81920 MiB
2026/06/10 01:51:40.298, 0 %, 531 MiB, 81920 MiB
2026/06/10 01:51:40.298, 0 %, 0 MiB, 81920 MiB
2026/06/10 01:51:45.299, 0 %, 531 MiB, 81920 MiB
2026/06/10 01:51:45.299, 0 %, 0 MiB, 81920 MiB
2026/06/10 01:51:50.300, 0 %, 531 MiB, 81920 MiB
2026/06/10 01:51:50.300, 0 %, 0 MiB, 81920 MiB
2026/06/10 01:51:55.301, 0 %, 531 MiB, 81920 MiB
2026/06/10 01:51:55.301, 0 %, 0 MiB, 81920 MiB
2026/06/10 01:52:00.302, 0 %, 531 MiB, 81920 MiB
2026/06/10 01:52:00.302, 0 %, 0 MiB, 81920 MiB
2026/06/10 01:52:05.303, 0 %, 531 MiB, 81920 MiB
2026/06/10 01:52:05.303, 0 %, 0 MiB, 81920 MiB
2026/06/10 01:52:10.303, 0 %, 531 MiB, 81920 MiB
2026/06/10 01:52:10.304, 0 %, 0 MiB, 81920 MiB
2026/06/10 01:52:15.304, 0 %, 531 MiB, 81920 MiB
2026/06/10 01:52:15.304, 0 %, 0 MiB, 81920 MiB
2026/06/10 01:52:20.305, 0 %, 531 MiB, 81920 MiB
2026/06/10 01:52:20.305, 0 %, 0 MiB, 81920 MiB
2026/06/10 01:52:25.306, 0 %, 531 MiB, 81920 MiB
2026/06/10 01:52:25.306, 0 %, 0 MiB, 81920 MiB
2026/06/10 01:52:30.307, 0 %, 531 MiB, 81920 MiB
2026/06/10 01:52:30.307, 0 %, 0 MiB, 81920 MiB
2026/06/10 01:52:35.307, 0 %, 531 MiB, 81920 MiB
2026/06/10 01:52:35.307, 0 %, 0 MiB, 81920 MiB
2026/06/10 01:52:40.308, 0 %, 531 MiB, 81920 MiB
2026/06/10 01:52:40.308, 0 %, 0 MiB, 81920 MiB
2026/06/10 01:52:45.309, 0 %, 531 MiB, 81920 MiB
2026/06/10 01:52:45.309, 0 %, 0 MiB, 81920 MiB
2026/06/10 01:52:50.310, 0 %, 531 MiB, 81920 MiB
2026/06/10 01:52:50.310, 0 %, 0 MiB, 81920 MiB
2026/06/10 01:52:55.311, 0 %, 531 MiB, 81920 MiB
2026/06/10 01:52:55.311, 0 %, 0 MiB, 81920 MiB
2026/06/10 01:53:00.312, 0 %, 531 MiB, 81920 MiB
2026/06/10 01:53:00.312, 0 %, 0 MiB, 81920 MiB
2026/06/10 01:53:05.312, 0 %, 531 MiB, 81920 MiB
2026/06/10 01:53:05.313, 0 %, 0 MiB, 81920 MiB
2026/06/10 01:53:10.313, 0 %, 531 MiB, 81920 MiB
2026/06/10 01:53:10.313, 0 %, 0 MiB, 81920 MiB
2026/06/10 01:53:15.314, 0 %, 531 MiB, 81920 MiB
2026/06/10 01:53:15.314, 0 %, 0 MiB, 81920 MiB
2026/06/10 01:53:20.315, 0 %, 531 MiB, 81920 MiB
2026/06/10 01:53:20.315, 0 %, 0 MiB, 81920 MiB
2026/06/10 01:53:25.315, 0 %, 531 MiB, 81920 MiB
2026/06/10 01:53:25.316, 0 %, 0 MiB, 81920 MiB
2026/06/10 01:53:30.316, 0 %, 531 MiB, 81920 MiB
2026/06/10 01:53:30.316, 0 %, 0 MiB, 81920 MiB
2026/06/10 01:53:35.317, 0 %, 531 MiB, 81920 MiB
2026/06/10 01:53:35.317, 0 %, 0 MiB, 81920 MiB
2026/06/10 01:53:40.318, 0 %, 531 MiB, 81920 MiB
2026/06/10 01:53:40.318, 0 %, 0 MiB, 81920 MiB
2026/06/10 01:53:45.319, 0 %, 531 MiB, 81920 MiB
2026/06/10 01:53:45.319, 0 %, 0 MiB, 81920 MiB
2026/06/10 01:53:50.320, 0 %, 531 MiB, 81920 MiB
2026/06/10 01:53:50.320, 0 %, 0 MiB, 81920 MiB
2026/06/10 01:53:55.320, 0 %, 531 MiB, 81920 MiB
2026/06/10 01:53:55.321, 0 %, 0 MiB, 81920 MiB
2026/06/10 01:54:00.321, 0 %, 531 MiB, 81920 MiB
2026/06/10 01:54:00.321, 0 %, 0 MiB, 81920 MiB
2026/06/10 01:54:05.322, 0 %, 531 MiB, 81920 MiB
2026/06/10 01:54:05.322, 0 %, 0 MiB, 81920 MiB
2026/06/10 01:54:10.323, 0 %, 531 MiB, 81920 MiB
2026/06/10 01:54:10.323, 0 %, 0 MiB, 81920 MiB
2026/06/10 01:54:15.324, 0 %, 531 MiB, 81920 MiB
2026/06/10 01:54:15.324, 0 %, 0 MiB, 81920 MiB
2026/06/10 01:54:20.325, 0 %, 531 MiB, 81920 MiB
2026/06/10 01:54:20.325, 0 %, 0 MiB, 81920 MiB
2026/06/10 01:54:25.326, 0 %, 531 MiB, 81920 MiB
2026/06/10 01:54:25.326, 0 %, 0 MiB, 81920 MiB
2026/06/10 01:54:30.326, 0 %, 531 MiB, 81920 MiB
2026/06/10 01:54:30.327, 0 %, 0 MiB, 81920 MiB
2026/06/10 01:54:35.327, 0 %, 531 MiB, 81920 MiB
2026/06/10 01:54:35.327, 0 %, 0 MiB, 81920 MiB
2026/06/10 01:54:40.328, 0 %, 531 MiB, 81920 MiB
2026/06/10 01:54:40.328, 0 %, 0 MiB, 81920 MiB
2026/06/10 01:54:45.329, 0 %, 531 MiB, 81920 MiB
2026/06/10 01:54:45.329, 0 %, 0 MiB, 81920 MiB
2026/06/10 01:54:50.330, 0 %, 531 MiB, 81920 MiB
2026/06/10 01:54:50.330, 0 %, 0 MiB, 81920 MiB
2026/06/10 01:54:55.331, 0 %, 531 MiB, 81920 MiB
2026/06/10 01:54:55.331, 0 %, 0 MiB, 81920 MiB
2026/06/10 01:55:00.332, 0 %, 531 MiB, 81920 MiB
2026/06/10 01:55:00.332, 0 %, 0 MiB, 81920 MiB
2026/06/10 01:55:05.333, 0 %, 531 MiB, 81920 MiB
2026/06/10 01:55:05.333, 0 %, 0 MiB, 81920 MiB
2026/06/10 01:55:10.334, 0 %, 531 MiB, 81920 MiB
2026/06/10 01:55:10.334, 0 %, 0 MiB, 81920 MiB
2026/06/10 01:55:15.335, 0 %, 531 MiB, 81920 MiB
2026/06/10 01:55:15.335, 0 %, 0 MiB, 81920 MiB
2026/06/10 01:55:20.335, 0 %, 531 MiB, 81920 MiB
2026/06/10 01:55:20.336, 0 %, 0 MiB, 81920 MiB
2026/06/10 01:55:25.336, 0 %, 531 MiB, 81920 MiB
2026/06/10 01:55:25.336, 0 %, 0 MiB, 81920 MiB
2026/06/10 01:55:30.337, 0 %, 531 MiB, 81920 MiB
2026/06/10 01:55:30.337, 0 %, 0 MiB, 81920 MiB
2026/06/10 01:55:35.338, 0 %, 531 MiB, 81920 MiB
2026/06/10 01:55:35.338, 0 %, 0 MiB, 81920 MiB
2026/06/10 01:55:40.338, 0 %, 531 MiB, 81920 MiB
2026/06/10 01:55:40.338, 0 %, 0 MiB, 81920 MiB
2026/06/10 01:55:45.339, 0 %, 531 MiB, 81920 MiB
2026/06/10 01:55:45.339, 0 %, 0 MiB, 81920 MiB
2026/06/10 01:55:50.340, 0 %, 531 MiB, 81920 MiB
2026/06/10 01:55:50.340, 0 %, 0 MiB, 81920 MiB
2026/06/10 01:55:55.341, 0 %, 531 MiB, 81920 MiB
2026/06/10 01:55:55.341, 0 %, 0 MiB, 81920 MiB
2026/06/10 01:56:00.342, 0 %, 531 MiB, 81920 MiB
2026/06/10 01:56:00.342, 0 %, 0 MiB, 81920 MiB
2026/06/10 01:56:05.343, 0 %, 531 MiB, 81920 MiB
2026/06/10 01:56:05.343, 0 %, 0 MiB, 81920 MiB
2026/06/10 01:56:10.343, 0 %, 531 MiB, 81920 MiB
2026/06/10 01:56:10.344, 0 %, 0 MiB, 81920 MiB
2026/06/10 01:56:15.344, 0 %, 531 MiB, 81920 MiB
2026/06/10 01:56:15.344, 0 %, 0 MiB, 81920 MiB
2026/06/10 01:56:20.345, 0 %, 531 MiB, 81920 MiB
2026/06/10 01:56:20.345, 0 %, 0 MiB, 81920 MiB
2026/06/10 01:56:25.346, 0 %, 531 MiB, 81920 MiB
2026/06/10 01:56:25.346, 0 %, 0 MiB, 81920 MiB
2026/06/10 01:56:30.346, 0 %, 531 MiB, 81920 MiB
2026/06/10 01:56:30.347, 0 %, 0 MiB, 81920 MiB
2026/06/10 01:56:35.347, 0 %, 531 MiB, 81920 MiB
2026/06/10 01:56:35.347, 0 %, 0 MiB, 81920 MiB
2026/06/10 01:56:40.348, 0 %, 531 MiB, 81920 MiB
2026/06/10 01:56:40.348, 0 %, 0 MiB, 81920 MiB
2026/06/10 01:56:45.349, 0 %, 531 MiB, 81920 MiB
2026/06/10 01:56:45.349, 0 %, 0 MiB, 81920 MiB
2026/06/10 01:56:50.350, 0 %, 531 MiB, 81920 MiB
2026/06/10 01:56:50.350, 0 %, 0 MiB, 81920 MiB
2026/06/10 01:56:55.350, 0 %, 531 MiB, 81920 MiB
2026/06/10 01:56:55.351, 0 %, 0 MiB, 81920 MiB
2026/06/10 01:57:00.351, 0 %, 531 MiB, 81920 MiB
2026/06/10 01:57:00.351, 0 %, 0 MiB, 81920 MiB
2026/06/10 01:57:05.352, 0 %, 531 MiB, 81920 MiB
2026/06/10 01:57:05.352, 0 %, 0 MiB, 81920 MiB
2026/06/10 01:57:10.353, 0 %, 531 MiB, 81920 MiB
2026/06/10 01:57:10.353, 0 %, 0 MiB, 81920 MiB
2026/06/10 01:57:15.354, 0 %, 531 MiB, 81920 MiB
2026/06/10 01:57:15.354, 0 %, 0 MiB, 81920 MiB
2026/06/10 01:57:20.355, 0 %, 531 MiB, 81920 MiB
2026/06/10 01:57:20.355, 0 %, 0 MiB, 81920 MiB
2026/06/10 01:57:25.355, 0 %, 531 MiB, 81920 MiB
2026/06/10 01:57:25.356, 0 %, 0 MiB, 81920 MiB
2026/06/10 01:57:30.356, 0 %, 531 MiB, 81920 MiB
2026/06/10 01:57:30.356, 0 %, 0 MiB, 81920 MiB
2026/06/10 01:57:35.357, 0 %, 531 MiB, 81920 MiB
2026/06/10 01:57:35.357, 0 %, 0 MiB, 81920 MiB
2026/06/10 01:57:40.358, 0 %, 531 MiB, 81920 MiB
2026/06/10 01:57:40.358, 0 %, 0 MiB, 81920 MiB
2026/06/10 01:57:45.359, 0 %, 531 MiB, 81920 MiB
2026/06/10 01:57:45.359, 0 %, 0 MiB, 81920 MiB
2026/06/10 01:57:50.359, 0 %, 531 MiB, 81920 MiB
2026/06/10 01:57:50.359, 0 %, 0 MiB, 81920 MiB
2026/06/10 01:57:55.360, 0 %, 531 MiB, 81920 MiB
2026/06/10 01:57:55.360, 0 %, 0 MiB, 81920 MiB
2026/06/10 01:58:00.361, 0 %, 531 MiB, 81920 MiB
2026/06/10 01:58:00.361, 0 %, 0 MiB, 81920 MiB
2026/06/10 01:58:05.362, 0 %, 531 MiB, 81920 MiB
2026/06/10 01:58:05.362, 0 %, 0 MiB, 81920 MiB
2026/06/10 01:58:10.363, 0 %, 531 MiB, 81920 MiB
2026/06/10 01:58:10.363, 0 %, 0 MiB, 81920 MiB
2026/06/10 01:58:15.363, 0 %, 531 MiB, 81920 MiB
2026/06/10 01:58:15.364, 0 %, 0 MiB, 81920 MiB
2026/06/10 01:58:20.364, 0 %, 531 MiB, 81920 MiB
2026/06/10 01:58:20.364, 0 %, 0 MiB, 81920 MiB
2026/06/10 01:58:25.365, 0 %, 531 MiB, 81920 MiB
2026/06/10 01:58:25.365, 0 %, 0 MiB, 81920 MiB
2026/06/10 01:58:30.366, 0 %, 531 MiB, 81920 MiB
2026/06/10 01:58:30.366, 0 %, 0 MiB, 81920 MiB
2026/06/10 01:58:35.367, 0 %, 531 MiB, 81920 MiB
2026/06/10 01:58:35.367, 0 %, 0 MiB, 81920 MiB
2026/06/10 01:58:40.367, 0 %, 531 MiB, 81920 MiB
2026/06/10 01:58:40.368, 0 %, 0 MiB, 81920 MiB
2026/06/10 01:58:45.368, 0 %, 531 MiB, 81920 MiB
2026/06/10 01:58:45.368, 0 %, 0 MiB, 81920 MiB
2026/06/10 01:58:50.369, 0 %, 531 MiB, 81920 MiB
2026/06/10 01:58:50.369, 0 %, 0 MiB, 81920 MiB
2026/06/10 01:58:55.370, 0 %, 531 MiB, 81920 MiB
2026/06/10 01:58:55.370, 0 %, 0 MiB, 81920 MiB
2026/06/10 01:59:00.371, 0 %, 531 MiB, 81920 MiB
2026/06/10 01:59:00.371, 0 %, 0 MiB, 81920 MiB
2026/06/10 01:59:05.372, 0 %, 531 MiB, 81920 MiB
2026/06/10 01:59:05.372, 0 %, 0 MiB, 81920 MiB
2026/06/10 01:59:10.372, 0 %, 531 MiB, 81920 MiB
2026/06/10 01:59:10.373, 0 %, 0 MiB, 81920 MiB
2026/06/10 01:59:15.373, 0 %, 531 MiB, 81920 MiB
2026/06/10 01:59:15.373, 0 %, 0 MiB, 81920 MiB
2026/06/10 01:59:20.374, 0 %, 531 MiB, 81920 MiB
2026/06/10 01:59:20.374, 0 %, 0 MiB, 81920 MiB
2026/06/10 01:59:25.375, 0 %, 531 MiB, 81920 MiB
2026/06/10 01:59:25.375, 0 %, 0 MiB, 81920 MiB
2026/06/10 01:59:30.376, 0 %, 531 MiB, 81920 MiB
2026/06/10 01:59:30.376, 0 %, 0 MiB, 81920 MiB
2026/06/10 01:59:35.377, 0 %, 531 MiB, 81920 MiB
2026/06/10 01:59:35.377, 0 %, 0 MiB, 81920 MiB
2026/06/10 01:59:40.377, 0 %, 531 MiB, 81920 MiB
2026/06/10 01:59:40.377, 0 %, 0 MiB, 81920 MiB
2026/06/10 01:59:45.378, 0 %, 531 MiB, 81920 MiB
2026/06/10 01:59:45.378, 0 %, 0 MiB, 81920 MiB
2026/06/10 01:59:50.379, 0 %, 531 MiB, 81920 MiB
2026/06/10 01:59:50.379, 0 %, 0 MiB, 81920 MiB
2026/06/10 01:59:55.380, 0 %, 531 MiB, 81920 MiB
2026/06/10 01:59:55.380, 0 %, 0 MiB, 81920 MiB
2026/06/10 02:00:00.380, 0 %, 531 MiB, 81920 MiB
2026/06/10 02:00:00.380, 0 %, 0 MiB, 81920 MiB
2026/06/10 02:00:05.381, 0 %, 531 MiB, 81920 MiB
2026/06/10 02:00:05.381, 0 %, 0 MiB, 81920 MiB
2026/06/10 02:00:10.382, 0 %, 531 MiB, 81920 MiB
2026/06/10 02:00:10.382, 0 %, 0 MiB, 81920 MiB
2026/06/10 02:00:15.383, 0 %, 531 MiB, 81920 MiB
2026/06/10 02:00:15.383, 0 %, 0 MiB, 81920 MiB
2026/06/10 02:00:20.384, 0 %, 531 MiB, 81920 MiB
2026/06/10 02:00:20.384, 0 %, 0 MiB, 81920 MiB
2026/06/10 02:00:25.384, 0 %, 531 MiB, 81920 MiB
2026/06/10 02:00:25.385, 0 %, 0 MiB, 81920 MiB
2026/06/10 02:00:30.385, 0 %, 531 MiB, 81920 MiB
2026/06/10 02:00:30.385, 0 %, 0 MiB, 81920 MiB
2026/06/10 02:00:35.386, 0 %, 531 MiB, 81920 MiB
2026/06/10 02:00:35.386, 0 %, 0 MiB, 81920 MiB
2026/06/10 02:00:40.387, 0 %, 531 MiB, 81920 MiB
2026/06/10 02:00:40.387, 0 %, 0 MiB, 81920 MiB
2026/06/10 02:00:45.387, 0 %, 531 MiB, 81920 MiB
2026/06/10 02:00:45.388, 0 %, 0 MiB, 81920 MiB
2026/06/10 02:00:50.388, 0 %, 531 MiB, 81920 MiB
2026/06/10 02:00:50.388, 0 %, 0 MiB, 81920 MiB
2026/06/10 02:00:55.389, 0 %, 531 MiB, 81920 MiB
2026/06/10 02:00:55.389, 0 %, 0 MiB, 81920 MiB
2026/06/10 02:01:00.390, 0 %, 531 MiB, 81920 MiB
2026/06/10 02:01:00.390, 0 %, 0 MiB, 81920 MiB
2026/06/10 02:01:05.391, 0 %, 531 MiB, 81920 MiB
2026/06/10 02:01:05.391, 0 %, 0 MiB, 81920 MiB
2026/06/10 02:01:10.392, 0 %, 531 MiB, 81920 MiB
2026/06/10 02:01:10.392, 0 %, 0 MiB, 81920 MiB
2026/06/10 02:01:15.392, 0 %, 531 MiB, 81920 MiB
2026/06/10 02:01:15.392, 0 %, 0 MiB, 81920 MiB
2026/06/10 02:01:20.393, 0 %, 531 MiB, 81920 MiB
2026/06/10 02:01:20.393, 0 %, 0 MiB, 81920 MiB
2026/06/10 02:01:25.394, 0 %, 531 MiB, 81920 MiB
2026/06/10 02:01:25.394, 0 %, 0 MiB, 81920 MiB
2026/06/10 02:01:30.395, 0 %, 531 MiB, 81920 MiB
2026/06/10 02:01:30.395, 0 %, 0 MiB, 81920 MiB
2026/06/10 02:01:35.395, 0 %, 531 MiB, 81920 MiB
2026/06/10 02:01:35.396, 0 %, 0 MiB, 81920 MiB
2026/06/10 02:01:40.396, 0 %, 531 MiB, 81920 MiB
2026/06/10 02:01:40.396, 0 %, 0 MiB, 81920 MiB
2026/06/10 02:01:45.397, 0 %, 497 MiB, 81920 MiB
2026/06/10 02:01:45.397, 0 %, 0 MiB, 81920 MiB
2026/06/10 02:01:50.399, 0 %, 497 MiB, 81920 MiB
2026/06/10 02:01:50.399, 0 %, 0 MiB, 81920 MiB
2026/06/10 02:01:55.400, 0 %, 497 MiB, 81920 MiB
2026/06/10 02:01:55.400, 0 %, 0 MiB, 81920 MiB
2026/06/10 02:02:00.401, 0 %, 497 MiB, 81920 MiB
2026/06/10 02:02:00.401, 0 %, 0 MiB, 81920 MiB
2026/06/10 02:02:05.402, 0 %, 497 MiB, 81920 MiB
2026/06/10 02:02:05.402, 0 %, 0 MiB, 81920 MiB
2026/06/10 02:02:10.403, 0 %, 497 MiB, 81920 MiB
2026/06/10 02:02:10.403, 0 %, 0 MiB, 81920 MiB
2026/06/10 02:02:15.475, 0 %, 497 MiB, 81920 MiB
2026/06/10 02:02:15.476, 0 %, 0 MiB, 81920 MiB
2026/06/10 02:02:20.477, 0 %, 497 MiB, 81920 MiB
2026/06/10 02:02:20.477, 0 %, 0 MiB, 81920 MiB
2026/06/10 02:02:25.478, 0 %, 497 MiB, 81920 MiB
2026/06/10 02:02:25.478, 0 %, 0 MiB, 81920 MiB
2026/06/10 02:02:30.479, 0 %, 497 MiB, 81920 MiB
2026/06/10 02:02:30.479, 0 %, 0 MiB, 81920 MiB
2026/06/10 02:02:35.480, 0 %, 497 MiB, 81920 MiB
2026/06/10 02:02:35.480, 0 %, 0 MiB, 81920 MiB
2026/06/10 02:02:40.481, 0 %, 497 MiB, 81920 MiB
2026/06/10 02:02:40.481, 0 %, 0 MiB, 81920 MiB
2026/06/10 02:02:45.482, 0 %, 497 MiB, 81920 MiB
2026/06/10 02:02:45.482, 0 %, 0 MiB, 81920 MiB
2026/06/10 02:02:50.483, 0 %, 497 MiB, 81920 MiB
2026/06/10 02:02:50.483, 0 %, 0 MiB, 81920 MiB
2026/06/10 02:02:55.485, 0 %, 497 MiB, 81920 MiB
2026/06/10 02:02:55.485, 0 %, 0 MiB, 81920 MiB
2026/06/10 02:03:00.486, 0 %, 497 MiB, 81920 MiB
2026/06/10 02:03:00.486, 0 %, 0 MiB, 81920 MiB
2026/06/10 02:03:05.487, 0 %, 497 MiB, 81920 MiB
2026/06/10 02:03:05.487, 0 %, 0 MiB, 81920 MiB
2026/06/10 02:03:10.488, 0 %, 497 MiB, 81920 MiB
2026/06/10 02:03:10.488, 0 %, 0 MiB, 81920 MiB
2026/06/10 02:03:15.489, 0 %, 497 MiB, 81920 MiB
2026/06/10 02:03:15.490, 0 %, 0 MiB, 81920 MiB
2026/06/10 02:03:20.490, 0 %, 497 MiB, 81920 MiB
2026/06/10 02:03:20.491, 0 %, 0 MiB, 81920 MiB
2026/06/10 02:03:25.491, 0 %, 497 MiB, 81920 MiB
2026/06/10 02:03:25.492, 0 %, 0 MiB, 81920 MiB
2026/06/10 02:03:30.493, 0 %, 497 MiB, 81920 MiB
2026/06/10 02:03:30.493, 0 %, 0 MiB, 81920 MiB
2026/06/10 02:03:35.493, 0 %, 497 MiB, 81920 MiB
2026/06/10 02:03:35.494, 0 %, 0 MiB, 81920 MiB
2026/06/10 02:03:40.495, 0 %, 497 MiB, 81920 MiB
2026/06/10 02:03:40.495, 0 %, 0 MiB, 81920 MiB
2026/06/10 02:03:45.496, 0 %, 497 MiB, 81920 MiB
2026/06/10 02:03:45.496, 0 %, 0 MiB, 81920 MiB
2026/06/10 02:03:50.497, 0 %, 497 MiB, 81920 MiB
2026/06/10 02:03:50.497, 0 %, 0 MiB, 81920 MiB
2026/06/10 02:03:55.498, 0 %, 497 MiB, 81920 MiB
2026/06/10 02:03:55.498, 0 %, 0 MiB, 81920 MiB
2026/06/10 02:04:00.499, 0 %, 497 MiB, 81920 MiB
2026/06/10 02:04:00.499, 0 %, 0 MiB, 81920 MiB
2026/06/10 02:04:05.500, 0 %, 497 MiB, 81920 MiB
2026/06/10 02:04:05.500, 0 %, 0 MiB, 81920 MiB
2026/06/10 02:04:10.501, 0 %, 497 MiB, 81920 MiB
2026/06/10 02:04:10.501, 0 %, 0 MiB, 81920 MiB
2026/06/10 02:04:15.502, 0 %, 497 MiB, 81920 MiB
2026/06/10 02:04:15.502, 0 %, 0 MiB, 81920 MiB
2026/06/10 02:04:20.503, 0 %, 497 MiB, 81920 MiB
2026/06/10 02:04:20.504, 0 %, 0 MiB, 81920 MiB
2026/06/10 02:04:25.504, 0 %, 497 MiB, 81920 MiB
2026/06/10 02:04:25.505, 0 %, 0 MiB, 81920 MiB
2026/06/10 02:04:30.506, 0 %, 497 MiB, 81920 MiB
2026/06/10 02:04:30.506, 0 %, 0 MiB, 81920 MiB
2026/06/10 02:04:35.506, 0 %, 497 MiB, 81920 MiB
2026/06/10 02:04:35.506, 0 %, 0 MiB, 81920 MiB
2026/06/10 02:04:40.507, 0 %, 497 MiB, 81920 MiB
2026/06/10 02:04:40.508, 0 %, 0 MiB, 81920 MiB
2026/06/10 02:04:45.509, 0 %, 497 MiB, 81920 MiB
2026/06/10 02:04:45.509, 0 %, 0 MiB, 81920 MiB
2026/06/10 02:04:50.510, 0 %, 497 MiB, 81920 MiB
2026/06/10 02:04:50.510, 0 %, 0 MiB, 81920 MiB
2026/06/10 02:04:55.510, 0 %, 497 MiB, 81920 MiB
2026/06/10 02:04:55.510, 0 %, 0 MiB, 81920 MiB
2026/06/10 02:05:00.511, 0 %, 531 MiB, 81920 MiB
2026/06/10 02:05:00.512, 0 %, 0 MiB, 81920 MiB
2026/06/10 02:05:05.513, 0 %, 531 MiB, 81920 MiB
2026/06/10 02:05:05.513, 0 %, 0 MiB, 81920 MiB
2026/06/10 02:05:10.514, 0 %, 531 MiB, 81920 MiB
2026/06/10 02:05:10.514, 0 %, 0 MiB, 81920 MiB
2026/06/10 02:05:15.515, 0 %, 531 MiB, 81920 MiB
2026/06/10 02:05:15.515, 0 %, 0 MiB, 81920 MiB
2026/06/10 02:05:20.516, 0 %, 531 MiB, 81920 MiB
2026/06/10 02:05:20.516, 0 %, 0 MiB, 81920 MiB
2026/06/10 02:05:25.517, 0 %, 531 MiB, 81920 MiB
2026/06/10 02:05:25.517, 0 %, 0 MiB, 81920 MiB
2026/06/10 02:05:30.518, 0 %, 531 MiB, 81920 MiB
2026/06/10 02:05:30.518, 0 %, 0 MiB, 81920 MiB
2026/06/10 02:05:35.519, 0 %, 531 MiB, 81920 MiB
2026/06/10 02:05:35.519, 0 %, 0 MiB, 81920 MiB
2026/06/10 02:05:40.520, 0 %, 531 MiB, 81920 MiB
2026/06/10 02:05:40.520, 0 %, 0 MiB, 81920 MiB
2026/06/10 02:05:45.521, 0 %, 531 MiB, 81920 MiB
2026/06/10 02:05:45.521, 0 %, 0 MiB, 81920 MiB
2026/06/10 02:05:50.522, 0 %, 531 MiB, 81920 MiB
2026/06/10 02:05:50.522, 0 %, 0 MiB, 81920 MiB
2026/06/10 02:05:55.523, 0 %, 531 MiB, 81920 MiB
2026/06/10 02:05:55.523, 0 %, 0 MiB, 81920 MiB
2026/06/10 02:06:00.524, 0 %, 531 MiB, 81920 MiB
2026/06/10 02:06:00.524, 0 %, 0 MiB, 81920 MiB
2026/06/10 02:06:05.525, 0 %, 531 MiB, 81920 MiB
2026/06/10 02:06:05.525, 0 %, 0 MiB, 81920 MiB
2026/06/10 02:06:10.526, 0 %, 531 MiB, 81920 MiB
2026/06/10 02:06:10.527, 0 %, 0 MiB, 81920 MiB
2026/06/10 02:06:15.527, 0 %, 531 MiB, 81920 MiB
2026/06/10 02:06:15.528, 0 %, 0 MiB, 81920 MiB
2026/06/10 02:06:20.529, 0 %, 531 MiB, 81920 MiB
2026/06/10 02:06:20.529, 0 %, 0 MiB, 81920 MiB
2026/06/10 02:06:25.529, 0 %, 531 MiB, 81920 MiB
2026/06/10 02:06:25.530, 0 %, 0 MiB, 81920 MiB
2026/06/10 02:06:30.530, 0 %, 531 MiB, 81920 MiB
2026/06/10 02:06:30.531, 0 %, 0 MiB, 81920 MiB
2026/06/10 02:06:35.531, 0 %, 531 MiB, 81920 MiB
2026/06/10 02:06:35.532, 0 %, 0 MiB, 81920 MiB
2026/06/10 02:06:40.532, 0 %, 531 MiB, 81920 MiB
2026/06/10 02:06:40.533, 0 %, 0 MiB, 81920 MiB
2026/06/10 02:06:45.534, 0 %, 531 MiB, 81920 MiB
2026/06/10 02:06:45.534, 0 %, 0 MiB, 81920 MiB
2026/06/10 02:06:50.535, 0 %, 531 MiB, 81920 MiB
2026/06/10 02:06:50.535, 0 %, 0 MiB, 81920 MiB
2026/06/10 02:06:55.536, 0 %, 531 MiB, 81920 MiB
2026/06/10 02:06:55.536, 0 %, 0 MiB, 81920 MiB
2026/06/10 02:07:00.537, 0 %, 531 MiB, 81920 MiB
2026/06/10 02:07:00.537, 0 %, 0 MiB, 81920 MiB
2026/06/10 02:07:05.538, 0 %, 531 MiB, 81920 MiB
2026/06/10 02:07:05.538, 0 %, 0 MiB, 81920 MiB
2026/06/10 02:07:10.539, 0 %, 531 MiB, 81920 MiB
2026/06/10 02:07:10.539, 0 %, 0 MiB, 81920 MiB
2026/06/10 02:07:15.540, 0 %, 531 MiB, 81920 MiB
2026/06/10 02:07:15.540, 0 %, 0 MiB, 81920 MiB
2026/06/10 02:07:20.541, 0 %, 531 MiB, 81920 MiB
2026/06/10 02:07:20.541, 0 %, 0 MiB, 81920 MiB
2026/06/10 02:07:25.542, 0 %, 531 MiB, 81920 MiB
2026/06/10 02:07:25.542, 0 %, 0 MiB, 81920 MiB
2026/06/10 02:07:30.543, 0 %, 531 MiB, 81920 MiB
2026/06/10 02:07:30.543, 0 %, 0 MiB, 81920 MiB
2026/06/10 02:07:35.544, 0 %, 531 MiB, 81920 MiB
2026/06/10 02:07:35.544, 0 %, 0 MiB, 81920 MiB
2026/06/10 02:07:40.545, 0 %, 531 MiB, 81920 MiB
2026/06/10 02:07:40.546, 0 %, 0 MiB, 81920 MiB
2026/06/10 02:07:45.546, 0 %, 531 MiB, 81920 MiB
2026/06/10 02:07:45.547, 0 %, 0 MiB, 81920 MiB
2026/06/10 02:07:50.548, 0 %, 531 MiB, 81920 MiB
2026/06/10 02:07:50.548, 0 %, 0 MiB, 81920 MiB
2026/06/10 02:07:55.549, 0 %, 531 MiB, 81920 MiB
2026/06/10 02:07:55.549, 0 %, 0 MiB, 81920 MiB
2026/06/10 02:08:00.550, 0 %, 531 MiB, 81920 MiB
2026/06/10 02:08:00.550, 0 %, 0 MiB, 81920 MiB
2026/06/10 02:08:05.551, 0 %, 531 MiB, 81920 MiB
2026/06/10 02:08:05.551, 0 %, 0 MiB, 81920 MiB
2026/06/10 02:08:10.552, 0 %, 531 MiB, 81920 MiB
2026/06/10 02:08:10.552, 0 %, 0 MiB, 81920 MiB
2026/06/10 02:08:15.553, 0 %, 531 MiB, 81920 MiB
2026/06/10 02:08:15.553, 0 %, 0 MiB, 81920 MiB
2026/06/10 02:08:20.554, 0 %, 531 MiB, 81920 MiB
2026/06/10 02:08:20.554, 0 %, 0 MiB, 81920 MiB
2026/06/10 02:08:25.555, 0 %, 531 MiB, 81920 MiB
2026/06/10 02:08:25.555, 0 %, 0 MiB, 81920 MiB
2026/06/10 02:08:30.556, 0 %, 531 MiB, 81920 MiB
2026/06/10 02:08:30.556, 0 %, 0 MiB, 81920 MiB
2026/06/10 02:08:35.557, 0 %, 531 MiB, 81920 MiB
2026/06/10 02:08:35.557, 0 %, 0 MiB, 81920 MiB
2026/06/10 02:08:40.558, 0 %, 531 MiB, 81920 MiB
2026/06/10 02:08:40.558, 0 %, 0 MiB, 81920 MiB
2026/06/10 02:08:45.559, 0 %, 531 MiB, 81920 MiB
2026/06/10 02:08:45.559, 0 %, 0 MiB, 81920 MiB
2026/06/10 02:08:50.560, 0 %, 531 MiB, 81920 MiB
2026/06/10 02:08:50.560, 0 %, 0 MiB, 81920 MiB
2026/06/10 02:08:55.561, 0 %, 531 MiB, 81920 MiB
2026/06/10 02:08:55.561, 0 %, 0 MiB, 81920 MiB
2026/06/10 02:09:00.562, 0 %, 531 MiB, 81920 MiB
2026/06/10 02:09:00.563, 0 %, 0 MiB, 81920 MiB
2026/06/10 02:09:05.563, 0 %, 531 MiB, 81920 MiB
2026/06/10 02:09:05.564, 0 %, 0 MiB, 81920 MiB
2026/06/10 02:09:10.564, 0 %, 531 MiB, 81920 MiB
2026/06/10 02:09:10.565, 0 %, 0 MiB, 81920 MiB
2026/06/10 02:09:15.566, 0 %, 531 MiB, 81920 MiB
2026/06/10 02:09:15.566, 0 %, 0 MiB, 81920 MiB
2026/06/10 02:09:20.567, 0 %, 531 MiB, 81920 MiB
2026/06/10 02:09:20.567, 0 %, 0 MiB, 81920 MiB
2026/06/10 02:09:25.568, 0 %, 531 MiB, 81920 MiB
2026/06/10 02:09:25.568, 0 %, 0 MiB, 81920 MiB
2026/06/10 02:09:30.569, 0 %, 531 MiB, 81920 MiB
2026/06/10 02:09:30.569, 0 %, 0 MiB, 81920 MiB
2026/06/10 02:09:35.570, 0 %, 531 MiB, 81920 MiB
2026/06/10 02:09:35.570, 0 %, 0 MiB, 81920 MiB
2026/06/10 02:09:40.571, 0 %, 531 MiB, 81920 MiB
2026/06/10 02:09:40.571, 0 %, 0 MiB, 81920 MiB
2026/06/10 02:09:45.572, 0 %, 531 MiB, 81920 MiB
2026/06/10 02:09:45.572, 0 %, 0 MiB, 81920 MiB
2026/06/10 02:09:50.573, 0 %, 531 MiB, 81920 MiB
2026/06/10 02:09:50.573, 0 %, 0 MiB, 81920 MiB
2026/06/10 02:09:55.574, 0 %, 531 MiB, 81920 MiB
2026/06/10 02:09:55.574, 0 %, 0 MiB, 81920 MiB
2026/06/10 02:10:00.575, 0 %, 531 MiB, 81920 MiB
2026/06/10 02:10:00.575, 0 %, 0 MiB, 81920 MiB
2026/06/10 02:10:05.576, 0 %, 531 MiB, 81920 MiB
2026/06/10 02:10:05.576, 0 %, 0 MiB, 81920 MiB
2026/06/10 02:10:10.577, 0 %, 531 MiB, 81920 MiB
2026/06/10 02:10:10.577, 0 %, 0 MiB, 81920 MiB
2026/06/10 02:10:15.578, 0 %, 531 MiB, 81920 MiB
2026/06/10 02:10:15.578, 0 %, 0 MiB, 81920 MiB
2026/06/10 02:10:20.579, 0 %, 531 MiB, 81920 MiB
2026/06/10 02:10:20.579, 0 %, 0 MiB, 81920 MiB
2026/06/10 02:10:25.580, 0 %, 531 MiB, 81920 MiB
2026/06/10 02:10:25.581, 0 %, 0 MiB, 81920 MiB
2026/06/10 02:10:30.581, 0 %, 531 MiB, 81920 MiB
2026/06/10 02:10:30.582, 0 %, 0 MiB, 81920 MiB
2026/06/10 02:10:35.583, 0 %, 531 MiB, 81920 MiB
2026/06/10 02:10:35.583, 0 %, 0 MiB, 81920 MiB
2026/06/10 02:10:40.584, 0 %, 531 MiB, 81920 MiB
2026/06/10 02:10:40.584, 0 %, 0 MiB, 81920 MiB
2026/06/10 02:10:45.585, 0 %, 531 MiB, 81920 MiB
2026/06/10 02:10:45.585, 0 %, 0 MiB, 81920 MiB
2026/06/10 02:10:50.586, 0 %, 531 MiB, 81920 MiB
2026/06/10 02:10:50.586, 0 %, 0 MiB, 81920 MiB
2026/06/10 02:10:55.587, 0 %, 531 MiB, 81920 MiB
2026/06/10 02:10:55.587, 0 %, 0 MiB, 81920 MiB
2026/06/10 02:11:00.588, 0 %, 531 MiB, 81920 MiB
2026/06/10 02:11:00.588, 0 %, 0 MiB, 81920 MiB
2026/06/10 02:11:05.589, 0 %, 531 MiB, 81920 MiB
2026/06/10 02:11:05.589, 0 %, 0 MiB, 81920 MiB
2026/06/10 02:11:10.590, 0 %, 531 MiB, 81920 MiB
2026/06/10 02:11:10.590, 0 %, 0 MiB, 81920 MiB
2026/06/10 02:11:15.591, 0 %, 531 MiB, 81920 MiB
2026/06/10 02:11:15.591, 0 %, 0 MiB, 81920 MiB
2026/06/10 02:11:20.592, 0 %, 531 MiB, 81920 MiB
2026/06/10 02:11:20.592, 0 %, 0 MiB, 81920 MiB
2026/06/10 02:11:25.593, 0 %, 531 MiB, 81920 MiB
2026/06/10 02:11:25.593, 0 %, 0 MiB, 81920 MiB
2026/06/10 02:11:30.594, 0 %, 531 MiB, 81920 MiB
2026/06/10 02:11:30.594, 0 %, 0 MiB, 81920 MiB
2026/06/10 02:11:35.595, 0 %, 531 MiB, 81920 MiB
2026/06/10 02:11:35.596, 0 %, 0 MiB, 81920 MiB
2026/06/10 02:11:40.596, 0 %, 531 MiB, 81920 MiB
2026/06/10 02:11:40.597, 0 %, 0 MiB, 81920 MiB
2026/06/10 02:11:45.598, 0 %, 531 MiB, 81920 MiB
2026/06/10 02:11:45.598, 0 %, 0 MiB, 81920 MiB
2026/06/10 02:11:50.599, 0 %, 531 MiB, 81920 MiB
2026/06/10 02:11:50.599, 0 %, 0 MiB, 81920 MiB
2026/06/10 02:11:55.600, 0 %, 531 MiB, 81920 MiB
2026/06/10 02:11:55.600, 0 %, 0 MiB, 81920 MiB
2026/06/10 02:12:00.601, 0 %, 531 MiB, 81920 MiB
2026/06/10 02:12:00.601, 0 %, 0 MiB, 81920 MiB
2026/06/10 02:12:05.602, 0 %, 531 MiB, 81920 MiB
2026/06/10 02:12:05.602, 0 %, 0 MiB, 81920 MiB
2026/06/10 02:12:10.603, 0 %, 531 MiB, 81920 MiB
2026/06/10 02:12:10.603, 0 %, 0 MiB, 81920 MiB
2026/06/10 02:12:15.604, 0 %, 531 MiB, 81920 MiB
2026/06/10 02:12:15.604, 0 %, 0 MiB, 81920 MiB
2026/06/10 02:12:20.605, 0 %, 531 MiB, 81920 MiB
2026/06/10 02:12:20.605, 0 %, 0 MiB, 81920 MiB
2026/06/10 02:12:25.606, 0 %, 531 MiB, 81920 MiB
2026/06/10 02:12:25.606, 0 %, 0 MiB, 81920 MiB
2026/06/10 02:12:30.607, 0 %, 531 MiB, 81920 MiB
2026/06/10 02:12:30.607, 0 %, 0 MiB, 81920 MiB
2026/06/10 02:12:35.608, 0 %, 531 MiB, 81920 MiB
2026/06/10 02:12:35.608, 0 %, 0 MiB, 81920 MiB
2026/06/10 02:12:40.609, 0 %, 531 MiB, 81920 MiB
2026/06/10 02:12:40.610, 0 %, 0 MiB, 81920 MiB
2026/06/10 02:12:45.611, 0 %, 531 MiB, 81920 MiB
2026/06/10 02:12:45.611, 0 %, 0 MiB, 81920 MiB
2026/06/10 02:12:50.612, 0 %, 531 MiB, 81920 MiB
2026/06/10 02:12:50.612, 0 %, 0 MiB, 81920 MiB
2026/06/10 02:12:55.613, 0 %, 531 MiB, 81920 MiB
2026/06/10 02:12:55.613, 0 %, 0 MiB, 81920 MiB
2026/06/10 02:13:00.614, 0 %, 531 MiB, 81920 MiB
2026/06/10 02:13:00.614, 0 %, 0 MiB, 81920 MiB
2026/06/10 02:13:05.615, 0 %, 531 MiB, 81920 MiB
2026/06/10 02:13:05.615, 0 %, 0 MiB, 81920 MiB
2026/06/10 02:13:10.616, 0 %, 531 MiB, 81920 MiB
2026/06/10 02:13:10.616, 0 %, 0 MiB, 81920 MiB
2026/06/10 02:13:15.617, 0 %, 531 MiB, 81920 MiB
2026/06/10 02:13:15.617, 0 %, 0 MiB, 81920 MiB
2026/06/10 02:13:20.618, 0 %, 531 MiB, 81920 MiB
2026/06/10 02:13:20.618, 0 %, 0 MiB, 81920 MiB
2026/06/10 02:13:25.619, 0 %, 531 MiB, 81920 MiB
2026/06/10 02:13:25.619, 0 %, 0 MiB, 81920 MiB
2026/06/10 02:13:30.620, 0 %, 531 MiB, 81920 MiB
2026/06/10 02:13:30.620, 0 %, 0 MiB, 81920 MiB
2026/06/10 02:13:35.621, 0 %, 531 MiB, 81920 MiB
2026/06/10 02:13:35.621, 0 %, 0 MiB, 81920 MiB
2026/06/10 02:13:40.622, 0 %, 531 MiB, 81920 MiB
2026/06/10 02:13:40.622, 0 %, 0 MiB, 81920 MiB
2026/06/10 02:13:45.623, 0 %, 531 MiB, 81920 MiB
2026/06/10 02:13:45.623, 0 %, 0 MiB, 81920 MiB
2026/06/10 02:13:50.624, 0 %, 531 MiB, 81920 MiB
2026/06/10 02:13:50.624, 0 %, 0 MiB, 81920 MiB
2026/06/10 02:13:55.625, 0 %, 531 MiB, 81920 MiB
2026/06/10 02:13:55.625, 0 %, 0 MiB, 81920 MiB
2026/06/10 02:14:00.626, 0 %, 531 MiB, 81920 MiB
2026/06/10 02:14:00.626, 0 %, 0 MiB, 81920 MiB
2026/06/10 02:14:05.627, 0 %, 531 MiB, 81920 MiB
2026/06/10 02:14:05.628, 0 %, 0 MiB, 81920 MiB
2026/06/10 02:14:10.628, 0 %, 531 MiB, 81920 MiB
2026/06/10 02:14:10.629, 0 %, 0 MiB, 81920 MiB
2026/06/10 02:14:15.630, 0 %, 531 MiB, 81920 MiB
2026/06/10 02:14:15.630, 0 %, 0 MiB, 81920 MiB
2026/06/10 02:14:20.631, 0 %, 531 MiB, 81920 MiB
2026/06/10 02:14:20.631, 0 %, 0 MiB, 81920 MiB
2026/06/10 02:14:25.632, 0 %, 531 MiB, 81920 MiB
2026/06/10 02:14:25.632, 0 %, 0 MiB, 81920 MiB
2026/06/10 02:14:30.633, 0 %, 531 MiB, 81920 MiB
2026/06/10 02:14:30.633, 0 %, 0 MiB, 81920 MiB
2026/06/10 02:14:35.634, 0 %, 531 MiB, 81920 MiB
2026/06/10 02:14:35.634, 0 %, 0 MiB, 81920 MiB
2026/06/10 02:14:40.635, 0 %, 531 MiB, 81920 MiB
2026/06/10 02:14:40.635, 0 %, 0 MiB, 81920 MiB
2026/06/10 02:14:45.636, 0 %, 531 MiB, 81920 MiB
2026/06/10 02:14:45.636, 0 %, 0 MiB, 81920 MiB
2026/06/10 02:14:50.637, 0 %, 531 MiB, 81920 MiB
2026/06/10 02:14:50.637, 0 %, 0 MiB, 81920 MiB
2026/06/10 02:14:55.638, 0 %, 531 MiB, 81920 MiB
2026/06/10 02:14:55.638, 0 %, 0 MiB, 81920 MiB
2026/06/10 02:15:00.639, 0 %, 531 MiB, 81920 MiB
2026/06/10 02:15:00.639, 0 %, 0 MiB, 81920 MiB
2026/06/10 02:15:05.640, 0 %, 531 MiB, 81920 MiB
2026/06/10 02:15:05.640, 0 %, 0 MiB, 81920 MiB
2026/06/10 02:15:10.641, 0 %, 531 MiB, 81920 MiB
2026/06/10 02:15:10.641, 0 %, 0 MiB, 81920 MiB
2026/06/10 02:15:15.642, 0 %, 531 MiB, 81920 MiB
2026/06/10 02:15:15.643, 0 %, 0 MiB, 81920 MiB
2026/06/10 02:15:20.643, 0 %, 531 MiB, 81920 MiB
2026/06/10 02:15:20.644, 0 %, 0 MiB, 81920 MiB
2026/06/10 02:15:25.644, 0 %, 497 MiB, 81920 MiB
2026/06/10 02:15:25.644, 0 %, 0 MiB, 81920 MiB
2026/06/10 02:15:30.646, 0 %, 497 MiB, 81920 MiB
2026/06/10 02:15:30.646, 0 %, 0 MiB, 81920 MiB
2026/06/10 02:15:35.646, 0 %, 497 MiB, 81920 MiB
2026/06/10 02:15:35.647, 0 %, 0 MiB, 81920 MiB
2026/06/10 02:15:40.648, 0 %, 497 MiB, 81920 MiB
2026/06/10 02:15:40.648, 0 %, 0 MiB, 81920 MiB
2026/06/10 02:15:45.649, 0 %, 497 MiB, 81920 MiB
2026/06/10 02:15:45.649, 0 %, 0 MiB, 81920 MiB
2026/06/10 02:15:50.650, 0 %, 497 MiB, 81920 MiB
2026/06/10 02:15:50.650, 0 %, 0 MiB, 81920 MiB
2026/06/10 02:15:55.651, 0 %, 497 MiB, 81920 MiB
2026/06/10 02:15:55.651, 0 %, 0 MiB, 81920 MiB
2026/06/10 02:16:00.652, 0 %, 497 MiB, 81920 MiB
2026/06/10 02:16:00.652, 0 %, 0 MiB, 81920 MiB
2026/06/10 02:16:05.653, 0 %, 497 MiB, 81920 MiB
2026/06/10 02:16:05.653, 0 %, 0 MiB, 81920 MiB
2026/06/10 02:16:10.686, 0 %, 497 MiB, 81920 MiB
2026/06/10 02:16:10.687, 0 %, 0 MiB, 81920 MiB
2026/06/10 02:16:15.688, 0 %, 497 MiB, 81920 MiB
2026/06/10 02:16:15.688, 0 %, 0 MiB, 81920 MiB
2026/06/10 02:16:20.689, 0 %, 497 MiB, 81920 MiB
2026/06/10 02:16:20.689, 0 %, 0 MiB, 81920 MiB
2026/06/10 02:16:25.690, 0 %, 497 MiB, 81920 MiB
2026/06/10 02:16:25.690, 0 %, 0 MiB, 81920 MiB
2026/06/10 02:16:30.690, 0 %, 497 MiB, 81920 MiB
2026/06/10 02:16:30.691, 0 %, 0 MiB, 81920 MiB
2026/06/10 02:16:35.692, 0 %, 497 MiB, 81920 MiB
2026/06/10 02:16:35.692, 0 %, 0 MiB, 81920 MiB
2026/06/10 02:16:40.693, 0 %, 497 MiB, 81920 MiB
2026/06/10 02:16:40.693, 0 %, 0 MiB, 81920 MiB
2026/06/10 02:16:45.694, 0 %, 497 MiB, 81920 MiB
2026/06/10 02:16:45.694, 0 %, 0 MiB, 81920 MiB
2026/06/10 02:16:50.695, 0 %, 497 MiB, 81920 MiB
2026/06/10 02:16:50.695, 0 %, 0 MiB, 81920 MiB
2026/06/10 02:16:55.696, 0 %, 497 MiB, 81920 MiB
2026/06/10 02:16:55.696, 0 %, 0 MiB, 81920 MiB
2026/06/10 02:17:00.697, 0 %, 497 MiB, 81920 MiB
2026/06/10 02:17:00.697, 0 %, 0 MiB, 81920 MiB
2026/06/10 02:17:05.698, 0 %, 497 MiB, 81920 MiB
2026/06/10 02:17:05.698, 0 %, 0 MiB, 81920 MiB
2026/06/10 02:17:10.699, 0 %, 497 MiB, 81920 MiB
2026/06/10 02:17:10.699, 0 %, 0 MiB, 81920 MiB
2026/06/10 02:17:15.700, 0 %, 497 MiB, 81920 MiB
2026/06/10 02:17:15.700, 0 %, 0 MiB, 81920 MiB
2026/06/10 02:17:20.701, 0 %, 497 MiB, 81920 MiB
2026/06/10 02:17:20.702, 0 %, 0 MiB, 81920 MiB
2026/06/10 02:17:25.702, 0 %, 497 MiB, 81920 MiB
2026/06/10 02:17:25.703, 0 %, 0 MiB, 81920 MiB
2026/06/10 02:17:30.704, 0 %, 497 MiB, 81920 MiB
2026/06/10 02:17:30.704, 0 %, 0 MiB, 81920 MiB
2026/06/10 02:17:35.705, 0 %, 497 MiB, 81920 MiB
2026/06/10 02:17:35.705, 0 %, 0 MiB, 81920 MiB
2026/06/10 02:17:40.706, 0 %, 497 MiB, 81920 MiB
2026/06/10 02:17:40.706, 0 %, 0 MiB, 81920 MiB
2026/06/10 02:17:45.707, 0 %, 497 MiB, 81920 MiB
2026/06/10 02:17:45.707, 0 %, 0 MiB, 81920 MiB
2026/06/10 02:17:50.708, 0 %, 497 MiB, 81920 MiB
2026/06/10 02:17:50.708, 0 %, 0 MiB, 81920 MiB
2026/06/10 02:17:55.709, 0 %, 497 MiB, 81920 MiB
2026/06/10 02:17:55.709, 0 %, 0 MiB, 81920 MiB
2026/06/10 02:18:00.710, 0 %, 497 MiB, 81920 MiB
2026/06/10 02:18:00.710, 0 %, 0 MiB, 81920 MiB
2026/06/10 02:18:05.711, 0 %, 497 MiB, 81920 MiB
2026/06/10 02:18:05.711, 0 %, 0 MiB, 81920 MiB
2026/06/10 02:18:10.712, 0 %, 497 MiB, 81920 MiB
2026/06/10 02:18:10.712, 0 %, 0 MiB, 81920 MiB
2026/06/10 02:18:15.713, 0 %, 497 MiB, 81920 MiB
2026/06/10 02:18:15.713, 0 %, 0 MiB, 81920 MiB
2026/06/10 02:18:20.714, 0 %, 497 MiB, 81920 MiB
2026/06/10 02:18:20.714, 0 %, 0 MiB, 81920 MiB
2026/06/10 02:18:25.715, 0 %, 497 MiB, 81920 MiB
2026/06/10 02:18:25.715, 0 %, 0 MiB, 81920 MiB
2026/06/10 02:18:30.716, 0 %, 497 MiB, 81920 MiB
2026/06/10 02:18:30.716, 0 %, 0 MiB, 81920 MiB
2026/06/10 02:18:35.717, 34 %, 531 MiB, 81920 MiB
2026/06/10 02:18:35.717, 0 %, 0 MiB, 81920 MiB
2026/06/10 02:18:40.718, 0 %, 531 MiB, 81920 MiB
2026/06/10 02:18:40.718, 0 %, 0 MiB, 81920 MiB
2026/06/10 02:18:45.718, 0 %, 531 MiB, 81920 MiB
2026/06/10 02:18:45.718, 0 %, 0 MiB, 81920 MiB
2026/06/10 02:18:50.719, 0 %, 531 MiB, 81920 MiB
2026/06/10 02:18:50.719, 0 %, 0 MiB, 81920 MiB
2026/06/10 02:18:55.720, 0 %, 531 MiB, 81920 MiB
2026/06/10 02:18:55.720, 0 %, 0 MiB, 81920 MiB
2026/06/10 02:19:00.720, 0 %, 531 MiB, 81920 MiB
2026/06/10 02:19:00.720, 0 %, 0 MiB, 81920 MiB
2026/06/10 02:19:05.721, 0 %, 531 MiB, 81920 MiB
2026/06/10 02:19:05.721, 0 %, 0 MiB, 81920 MiB
2026/06/10 02:19:10.722, 0 %, 531 MiB, 81920 MiB
2026/06/10 02:19:10.722, 0 %, 0 MiB, 81920 MiB
2026/06/10 02:19:15.722, 0 %, 531 MiB, 81920 MiB
2026/06/10 02:19:15.722, 0 %, 0 MiB, 81920 MiB
2026/06/10 02:19:20.723, 0 %, 531 MiB, 81920 MiB
2026/06/10 02:19:20.723, 0 %, 0 MiB, 81920 MiB
2026/06/10 02:19:25.724, 0 %, 531 MiB, 81920 MiB
2026/06/10 02:19:25.724, 0 %, 0 MiB, 81920 MiB
2026/06/10 02:19:30.724, 0 %, 531 MiB, 81920 MiB
2026/06/10 02:19:30.725, 0 %, 0 MiB, 81920 MiB
2026/06/10 02:19:35.725, 0 %, 531 MiB, 81920 MiB
2026/06/10 02:19:35.725, 0 %, 0 MiB, 81920 MiB
2026/06/10 02:19:40.726, 0 %, 531 MiB, 81920 MiB
2026/06/10 02:19:40.726, 0 %, 0 MiB, 81920 MiB
2026/06/10 02:19:45.727, 0 %, 531 MiB, 81920 MiB
2026/06/10 02:19:45.727, 0 %, 0 MiB, 81920 MiB
2026/06/10 02:19:50.728, 0 %, 531 MiB, 81920 MiB
2026/06/10 02:19:50.728, 0 %, 0 MiB, 81920 MiB
2026/06/10 02:19:55.729, 0 %, 531 MiB, 81920 MiB
2026/06/10 02:19:55.729, 0 %, 0 MiB, 81920 MiB
2026/06/10 02:20:00.730, 0 %, 531 MiB, 81920 MiB
2026/06/10 02:20:00.730, 0 %, 0 MiB, 81920 MiB
2026/06/10 02:20:05.731, 0 %, 531 MiB, 81920 MiB
2026/06/10 02:20:05.731, 0 %, 0 MiB, 81920 MiB
2026/06/10 02:20:10.731, 0 %, 531 MiB, 81920 MiB
2026/06/10 02:20:10.732, 0 %, 0 MiB, 81920 MiB
2026/06/10 02:20:15.732, 0 %, 531 MiB, 81920 MiB
2026/06/10 02:20:15.732, 0 %, 0 MiB, 81920 MiB
2026/06/10 02:20:20.733, 0 %, 531 MiB, 81920 MiB
2026/06/10 02:20:20.733, 0 %, 0 MiB, 81920 MiB
2026/06/10 02:20:25.734, 0 %, 531 MiB, 81920 MiB
2026/06/10 02:20:25.734, 0 %, 0 MiB, 81920 MiB
2026/06/10 02:20:30.735, 0 %, 531 MiB, 81920 MiB
2026/06/10 02:20:30.735, 0 %, 0 MiB, 81920 MiB
2026/06/10 02:20:35.736, 0 %, 531 MiB, 81920 MiB
2026/06/10 02:20:35.736, 0 %, 0 MiB, 81920 MiB
2026/06/10 02:20:40.737, 0 %, 531 MiB, 81920 MiB
2026/06/10 02:20:40.737, 0 %, 0 MiB, 81920 MiB
2026/06/10 02:20:45.738, 0 %, 531 MiB, 81920 MiB
2026/06/10 02:20:45.738, 0 %, 0 MiB, 81920 MiB
2026/06/10 02:20:50.739, 0 %, 531 MiB, 81920 MiB
2026/06/10 02:20:50.739, 0 %, 0 MiB, 81920 MiB
2026/06/10 02:20:55.740, 0 %, 531 MiB, 81920 MiB
2026/06/10 02:20:55.740, 0 %, 0 MiB, 81920 MiB
2026/06/10 02:21:00.741, 0 %, 531 MiB, 81920 MiB
2026/06/10 02:21:00.741, 0 %, 0 MiB, 81920 MiB
2026/06/10 02:21:05.741, 0 %, 531 MiB, 81920 MiB
2026/06/10 02:21:05.742, 0 %, 0 MiB, 81920 MiB
2026/06/10 02:21:10.742, 0 %, 531 MiB, 81920 MiB
2026/06/10 02:21:10.743, 0 %, 0 MiB, 81920 MiB
2026/06/10 02:21:15.743, 0 %, 531 MiB, 81920 MiB
2026/06/10 02:21:15.743, 0 %, 0 MiB, 81920 MiB
2026/06/10 02:21:20.744, 0 %, 531 MiB, 81920 MiB
2026/06/10 02:21:20.744, 0 %, 0 MiB, 81920 MiB
2026/06/10 02:21:25.745, 0 %, 531 MiB, 81920 MiB
2026/06/10 02:21:25.745, 0 %, 0 MiB, 81920 MiB
2026/06/10 02:21:30.746, 0 %, 531 MiB, 81920 MiB
2026/06/10 02:21:30.746, 0 %, 0 MiB, 81920 MiB
2026/06/10 02:21:35.747, 0 %, 531 MiB, 81920 MiB
2026/06/10 02:21:35.747, 0 %, 0 MiB, 81920 MiB
2026/06/10 02:21:40.748, 0 %, 531 MiB, 81920 MiB
2026/06/10 02:21:40.748, 0 %, 0 MiB, 81920 MiB
2026/06/10 02:21:45.749, 0 %, 531 MiB, 81920 MiB
2026/06/10 02:21:45.749, 0 %, 0 MiB, 81920 MiB
2026/06/10 02:21:50.750, 0 %, 531 MiB, 81920 MiB
2026/06/10 02:21:50.750, 0 %, 0 MiB, 81920 MiB
2026/06/10 02:21:55.751, 0 %, 531 MiB, 81920 MiB
2026/06/10 02:21:55.751, 0 %, 0 MiB, 81920 MiB
2026/06/10 02:22:00.752, 0 %, 531 MiB, 81920 MiB
2026/06/10 02:22:00.752, 0 %, 0 MiB, 81920 MiB
2026/06/10 02:22:05.753, 0 %, 531 MiB, 81920 MiB
2026/06/10 02:22:05.753, 0 %, 0 MiB, 81920 MiB
2026/06/10 02:22:10.754, 0 %, 531 MiB, 81920 MiB
2026/06/10 02:22:10.754, 0 %, 0 MiB, 81920 MiB
2026/06/10 02:22:15.755, 0 %, 531 MiB, 81920 MiB
2026/06/10 02:22:15.755, 0 %, 0 MiB, 81920 MiB
2026/06/10 02:22:20.756, 0 %, 531 MiB, 81920 MiB
2026/06/10 02:22:20.756, 0 %, 0 MiB, 81920 MiB
2026/06/10 02:22:25.756, 0 %, 531 MiB, 81920 MiB
2026/06/10 02:22:25.757, 0 %, 0 MiB, 81920 MiB
2026/06/10 02:22:30.757, 0 %, 531 MiB, 81920 MiB
2026/06/10 02:22:30.757, 0 %, 0 MiB, 81920 MiB
2026/06/10 02:22:35.758, 0 %, 531 MiB, 81920 MiB
2026/06/10 02:22:35.759, 0 %, 0 MiB, 81920 MiB
2026/06/10 02:22:40.759, 0 %, 531 MiB, 81920 MiB
2026/06/10 02:22:40.760, 0 %, 0 MiB, 81920 MiB
2026/06/10 02:22:45.760, 0 %, 531 MiB, 81920 MiB
2026/06/10 02:22:45.760, 0 %, 0 MiB, 81920 MiB
2026/06/10 02:22:50.761, 0 %, 531 MiB, 81920 MiB
2026/06/10 02:22:50.761, 0 %, 0 MiB, 81920 MiB
2026/06/10 02:22:55.762, 0 %, 531 MiB, 81920 MiB
2026/06/10 02:22:55.762, 0 %, 0 MiB, 81920 MiB
2026/06/10 02:23:00.763, 0 %, 531 MiB, 81920 MiB
2026/06/10 02:23:00.763, 0 %, 0 MiB, 81920 MiB
2026/06/10 02:23:05.764, 0 %, 531 MiB, 81920 MiB
2026/06/10 02:23:05.764, 0 %, 0 MiB, 81920 MiB
2026/06/10 02:23:10.765, 0 %, 531 MiB, 81920 MiB
2026/06/10 02:23:10.765, 0 %, 0 MiB, 81920 MiB
2026/06/10 02:23:15.766, 0 %, 531 MiB, 81920 MiB
2026/06/10 02:23:15.766, 0 %, 0 MiB, 81920 MiB
2026/06/10 02:23:20.767, 0 %, 531 MiB, 81920 MiB
2026/06/10 02:23:20.767, 0 %, 0 MiB, 81920 MiB
2026/06/10 02:23:25.768, 0 %, 531 MiB, 81920 MiB
2026/06/10 02:23:25.768, 0 %, 0 MiB, 81920 MiB
2026/06/10 02:23:30.769, 0 %, 531 MiB, 81920 MiB
2026/06/10 02:23:30.769, 0 %, 0 MiB, 81920 MiB
2026/06/10 02:23:35.770, 0 %, 531 MiB, 81920 MiB
2026/06/10 02:23:35.770, 0 %, 0 MiB, 81920 MiB
2026/06/10 02:23:40.771, 0 %, 531 MiB, 81920 MiB
2026/06/10 02:23:40.771, 0 %, 0 MiB, 81920 MiB
2026/06/10 02:23:45.772, 0 %, 531 MiB, 81920 MiB
2026/06/10 02:23:45.772, 0 %, 0 MiB, 81920 MiB
2026/06/10 02:23:50.773, 0 %, 531 MiB, 81920 MiB
2026/06/10 02:23:50.773, 0 %, 0 MiB, 81920 MiB
2026/06/10 02:23:55.773, 0 %, 531 MiB, 81920 MiB
2026/06/10 02:23:55.774, 0 %, 0 MiB, 81920 MiB
2026/06/10 02:24:00.774, 0 %, 531 MiB, 81920 MiB
2026/06/10 02:24:00.775, 0 %, 0 MiB, 81920 MiB
2026/06/10 02:24:05.775, 0 %, 531 MiB, 81920 MiB
2026/06/10 02:24:05.776, 0 %, 0 MiB, 81920 MiB
2026/06/10 02:24:10.776, 0 %, 531 MiB, 81920 MiB
2026/06/10 02:24:10.776, 0 %, 0 MiB, 81920 MiB
2026/06/10 02:24:15.777, 0 %, 531 MiB, 81920 MiB
2026/06/10 02:24:15.777, 0 %, 0 MiB, 81920 MiB
2026/06/10 02:24:20.778, 0 %, 531 MiB, 81920 MiB
2026/06/10 02:24:20.778, 0 %, 0 MiB, 81920 MiB
2026/06/10 02:24:25.779, 0 %, 531 MiB, 81920 MiB
2026/06/10 02:24:25.779, 0 %, 0 MiB, 81920 MiB
2026/06/10 02:24:30.780, 0 %, 531 MiB, 81920 MiB
2026/06/10 02:24:30.780, 0 %, 0 MiB, 81920 MiB
2026/06/10 02:24:35.781, 0 %, 531 MiB, 81920 MiB
2026/06/10 02:24:35.781, 0 %, 0 MiB, 81920 MiB
2026/06/10 02:24:40.782, 0 %, 531 MiB, 81920 MiB
2026/06/10 02:24:40.782, 0 %, 0 MiB, 81920 MiB
2026/06/10 02:24:45.783, 0 %, 531 MiB, 81920 MiB
2026/06/10 02:24:45.783, 0 %, 0 MiB, 81920 MiB
2026/06/10 02:24:50.784, 0 %, 531 MiB, 81920 MiB
2026/06/10 02:24:50.784, 0 %, 0 MiB, 81920 MiB
2026/06/10 02:24:55.785, 0 %, 531 MiB, 81920 MiB
2026/06/10 02:24:55.785, 0 %, 0 MiB, 81920 MiB
2026/06/10 02:25:00.786, 0 %, 531 MiB, 81920 MiB
2026/06/10 02:25:00.786, 0 %, 0 MiB, 81920 MiB
2026/06/10 02:25:05.787, 0 %, 531 MiB, 81920 MiB
2026/06/10 02:25:05.787, 0 %, 0 MiB, 81920 MiB
2026/06/10 02:25:10.788, 0 %, 531 MiB, 81920 MiB
2026/06/10 02:25:10.788, 0 %, 0 MiB, 81920 MiB
2026/06/10 02:25:15.789, 0 %, 531 MiB, 81920 MiB
2026/06/10 02:25:15.789, 0 %, 0 MiB, 81920 MiB
2026/06/10 02:25:20.790, 0 %, 531 MiB, 81920 MiB
2026/06/10 02:25:20.790, 0 %, 0 MiB, 81920 MiB
2026/06/10 02:25:25.791, 0 %, 531 MiB, 81920 MiB
2026/06/10 02:25:25.791, 0 %, 0 MiB, 81920 MiB
2026/06/10 02:25:30.791, 0 %, 531 MiB, 81920 MiB
2026/06/10 02:25:30.792, 0 %, 0 MiB, 81920 MiB
2026/06/10 02:25:35.792, 0 %, 531 MiB, 81920 MiB
2026/06/10 02:25:35.793, 0 %, 0 MiB, 81920 MiB
2026/06/10 02:25:40.793, 0 %, 531 MiB, 81920 MiB
2026/06/10 02:25:40.793, 0 %, 0 MiB, 81920 MiB
2026/06/10 02:25:45.794, 0 %, 531 MiB, 81920 MiB
2026/06/10 02:25:45.794, 0 %, 0 MiB, 81920 MiB
2026/06/10 02:25:50.795, 0 %, 531 MiB, 81920 MiB
2026/06/10 02:25:50.795, 0 %, 0 MiB, 81920 MiB
2026/06/10 02:25:55.796, 0 %, 531 MiB, 81920 MiB
2026/06/10 02:25:55.796, 0 %, 0 MiB, 81920 MiB
2026/06/10 02:26:00.797, 0 %, 531 MiB, 81920 MiB
2026/06/10 02:26:00.797, 0 %, 0 MiB, 81920 MiB
2026/06/10 02:26:05.798, 0 %, 531 MiB, 81920 MiB
2026/06/10 02:26:05.798, 0 %, 0 MiB, 81920 MiB
2026/06/10 02:26:10.799, 0 %, 531 MiB, 81920 MiB
2026/06/10 02:26:10.799, 0 %, 0 MiB, 81920 MiB
2026/06/10 02:26:15.800, 0 %, 531 MiB, 81920 MiB
2026/06/10 02:26:15.800, 0 %, 0 MiB, 81920 MiB
2026/06/10 02:26:20.801, 0 %, 531 MiB, 81920 MiB
2026/06/10 02:26:20.801, 0 %, 0 MiB, 81920 MiB
2026/06/10 02:26:25.802, 0 %, 531 MiB, 81920 MiB
2026/06/10 02:26:25.802, 0 %, 0 MiB, 81920 MiB
2026/06/10 02:26:30.803, 0 %, 531 MiB, 81920 MiB
2026/06/10 02:26:30.803, 0 %, 0 MiB, 81920 MiB
2026/06/10 02:26:35.804, 0 %, 531 MiB, 81920 MiB
2026/06/10 02:26:35.804, 0 %, 0 MiB, 81920 MiB
2026/06/10 02:26:40.805, 0 %, 531 MiB, 81920 MiB
2026/06/10 02:26:40.805, 0 %, 0 MiB, 81920 MiB
2026/06/10 02:26:45.806, 0 %, 531 MiB, 81920 MiB
2026/06/10 02:26:45.806, 0 %, 0 MiB, 81920 MiB
2026/06/10 02:26:50.807, 0 %, 531 MiB, 81920 MiB
2026/06/10 02:26:50.807, 0 %, 0 MiB, 81920 MiB
2026/06/10 02:26:55.808, 0 %, 531 MiB, 81920 MiB
2026/06/10 02:26:55.808, 0 %, 0 MiB, 81920 MiB
2026/06/10 02:27:00.809, 0 %, 531 MiB, 81920 MiB
2026/06/10 02:27:00.809, 0 %, 0 MiB, 81920 MiB
2026/06/10 02:27:05.810, 0 %, 531 MiB, 81920 MiB
2026/06/10 02:27:05.810, 0 %, 0 MiB, 81920 MiB
2026/06/10 02:27:10.810, 0 %, 531 MiB, 81920 MiB
2026/06/10 02:27:10.811, 0 %, 0 MiB, 81920 MiB
2026/06/10 02:27:15.811, 0 %, 531 MiB, 81920 MiB
2026/06/10 02:27:15.811, 0 %, 0 MiB, 81920 MiB
2026/06/10 02:27:20.812, 0 %, 531 MiB, 81920 MiB
2026/06/10 02:27:20.812, 0 %, 0 MiB, 81920 MiB
2026/06/10 02:27:25.813, 0 %, 531 MiB, 81920 MiB
2026/06/10 02:27:25.813, 0 %, 0 MiB, 81920 MiB
2026/06/10 02:27:30.814, 0 %, 531 MiB, 81920 MiB
2026/06/10 02:27:30.814, 0 %, 0 MiB, 81920 MiB
2026/06/10 02:27:35.815, 0 %, 531 MiB, 81920 MiB
2026/06/10 02:27:35.815, 0 %, 0 MiB, 81920 MiB
2026/06/10 02:27:40.816, 0 %, 531 MiB, 81920 MiB
2026/06/10 02:27:40.816, 0 %, 0 MiB, 81920 MiB
2026/06/10 02:27:45.817, 0 %, 531 MiB, 81920 MiB
2026/06/10 02:27:45.817, 0 %, 0 MiB, 81920 MiB
2026/06/10 02:27:50.818, 0 %, 531 MiB, 81920 MiB
2026/06/10 02:27:50.818, 0 %, 0 MiB, 81920 MiB
2026/06/10 02:27:55.819, 0 %, 531 MiB, 81920 MiB
2026/06/10 02:27:55.819, 0 %, 0 MiB, 81920 MiB
2026/06/10 02:28:00.820, 0 %, 531 MiB, 81920 MiB
2026/06/10 02:28:00.820, 0 %, 0 MiB, 81920 MiB
2026/06/10 02:28:05.821, 0 %, 531 MiB, 81920 MiB
2026/06/10 02:28:05.821, 0 %, 0 MiB, 81920 MiB
2026/06/10 02:28:10.822, 0 %, 531 MiB, 81920 MiB
2026/06/10 02:28:10.822, 0 %, 0 MiB, 81920 MiB
2026/06/10 02:28:15.823, 0 %, 531 MiB, 81920 MiB
2026/06/10 02:28:15.823, 0 %, 0 MiB, 81920 MiB
2026/06/10 02:28:20.824, 0 %, 531 MiB, 81920 MiB
2026/06/10 02:28:20.824, 0 %, 0 MiB, 81920 MiB
2026/06/10 02:28:25.825, 0 %, 531 MiB, 81920 MiB
2026/06/10 02:28:25.825, 0 %, 0 MiB, 81920 MiB
2026/06/10 02:28:30.826, 0 %, 531 MiB, 81920 MiB
2026/06/10 02:28:30.826, 0 %, 0 MiB, 81920 MiB
2026/06/10 02:28:35.827, 0 %, 531 MiB, 81920 MiB
2026/06/10 02:28:35.827, 0 %, 0 MiB, 81920 MiB
2026/06/10 02:28:40.827, 0 %, 531 MiB, 81920 MiB
2026/06/10 02:28:40.828, 0 %, 0 MiB, 81920 MiB
2026/06/10 02:28:45.828, 0 %, 531 MiB, 81920 MiB
2026/06/10 02:28:45.828, 0 %, 0 MiB, 81920 MiB
2026/06/10 02:28:50.829, 0 %, 531 MiB, 81920 MiB
2026/06/10 02:28:50.829, 0 %, 0 MiB, 81920 MiB
2026/06/10 02:28:55.830, 0 %, 531 MiB, 81920 MiB
2026/06/10 02:28:55.830, 0 %, 0 MiB, 81920 MiB
2026/06/10 02:29:00.831, 0 %, 497 MiB, 81920 MiB
2026/06/10 02:29:00.831, 0 %, 0 MiB, 81920 MiB
2026/06/10 02:29:05.833, 0 %, 497 MiB, 81920 MiB
2026/06/10 02:29:05.833, 0 %, 0 MiB, 81920 MiB
2026/06/10 02:29:10.834, 0 %, 497 MiB, 81920 MiB
2026/06/10 02:29:10.834, 0 %, 0 MiB, 81920 MiB
2026/06/10 02:29:15.835, 0 %, 497 MiB, 81920 MiB
2026/06/10 02:29:15.835, 0 %, 0 MiB, 81920 MiB
2026/06/10 02:29:20.836, 0 %, 497 MiB, 81920 MiB
2026/06/10 02:29:20.836, 0 %, 0 MiB, 81920 MiB
2026/06/10 02:29:25.837, 0 %, 497 MiB, 81920 MiB
2026/06/10 02:29:25.837, 0 %, 0 MiB, 81920 MiB
2026/06/10 02:29:30.838, 0 %, 497 MiB, 81920 MiB
2026/06/10 02:29:30.838, 0 %, 0 MiB, 81920 MiB
2026/06/10 02:29:35.839, 0 %, 497 MiB, 81920 MiB
2026/06/10 02:29:35.839, 0 %, 0 MiB, 81920 MiB
2026/06/10 02:29:40.840, 0 %, 497 MiB, 81920 MiB
2026/06/10 02:29:40.840, 0 %, 0 MiB, 81920 MiB
2026/06/10 02:29:45.841, 0 %, 497 MiB, 81920 MiB
2026/06/10 02:29:45.841, 0 %, 0 MiB, 81920 MiB
2026/06/10 02:29:50.842, 0 %, 497 MiB, 81920 MiB
2026/06/10 02:29:50.842, 0 %, 0 MiB, 81920 MiB
2026/06/10 02:29:55.843, 0 %, 497 MiB, 81920 MiB
2026/06/10 02:29:55.844, 0 %, 0 MiB, 81920 MiB
2026/06/10 02:30:00.845, 0 %, 497 MiB, 81920 MiB
2026/06/10 02:30:00.845, 0 %, 0 MiB, 81920 MiB
2026/06/10 02:30:05.846, 0 %, 497 MiB, 81920 MiB
2026/06/10 02:30:05.846, 0 %, 0 MiB, 81920 MiB
2026/06/10 02:30:10.847, 0 %, 497 MiB, 81920 MiB
2026/06/10 02:30:10.847, 0 %, 0 MiB, 81920 MiB
2026/06/10 02:30:15.848, 0 %, 497 MiB, 81920 MiB
2026/06/10 02:30:15.848, 0 %, 0 MiB, 81920 MiB
2026/06/10 02:30:20.848, 0 %, 497 MiB, 81920 MiB
2026/06/10 02:30:20.849, 0 %, 0 MiB, 81920 MiB
2026/06/10 02:30:25.849, 0 %, 497 MiB, 81920 MiB
2026/06/10 02:30:25.849, 0 %, 0 MiB, 81920 MiB
2026/06/10 02:30:30.850, 0 %, 497 MiB, 81920 MiB
2026/06/10 02:30:30.851, 0 %, 0 MiB, 81920 MiB
2026/06/10 02:30:35.851, 0 %, 497 MiB, 81920 MiB
2026/06/10 02:30:35.851, 0 %, 0 MiB, 81920 MiB
2026/06/10 02:30:40.852, 0 %, 497 MiB, 81920 MiB
2026/06/10 02:30:40.852, 0 %, 0 MiB, 81920 MiB
2026/06/10 02:30:45.853, 0 %, 497 MiB, 81920 MiB
2026/06/10 02:30:45.853, 0 %, 0 MiB, 81920 MiB
2026/06/10 02:30:50.854, 0 %, 497 MiB, 81920 MiB
2026/06/10 02:30:50.854, 0 %, 0 MiB, 81920 MiB
2026/06/10 02:30:55.855, 0 %, 497 MiB, 81920 MiB
2026/06/10 02:30:55.855, 0 %, 0 MiB, 81920 MiB
2026/06/10 02:31:00.856, 0 %, 497 MiB, 81920 MiB
2026/06/10 02:31:00.856, 0 %, 0 MiB, 81920 MiB
2026/06/10 02:31:05.857, 0 %, 497 MiB, 81920 MiB
2026/06/10 02:31:05.857, 0 %, 0 MiB, 81920 MiB
2026/06/10 02:31:10.858, 0 %, 497 MiB, 81920 MiB
2026/06/10 02:31:10.858, 0 %, 0 MiB, 81920 MiB
2026/06/10 02:31:15.859, 0 %, 497 MiB, 81920 MiB
2026/06/10 02:31:15.859, 0 %, 0 MiB, 81920 MiB
2026/06/10 02:31:20.859, 0 %, 497 MiB, 81920 MiB
2026/06/10 02:31:20.860, 0 %, 0 MiB, 81920 MiB
2026/06/10 02:31:25.860, 0 %, 497 MiB, 81920 MiB
2026/06/10 02:31:25.860, 0 %, 0 MiB, 81920 MiB
2026/06/10 02:31:30.861, 0 %, 497 MiB, 81920 MiB
2026/06/10 02:31:30.861, 0 %, 0 MiB, 81920 MiB
2026/06/10 02:31:35.862, 0 %, 497 MiB, 81920 MiB
2026/06/10 02:31:35.863, 0 %, 0 MiB, 81920 MiB
2026/06/10 02:31:40.863, 0 %, 497 MiB, 81920 MiB
2026/06/10 02:31:40.863, 0 %, 0 MiB, 81920 MiB
2026/06/10 02:31:45.864, 0 %, 497 MiB, 81920 MiB
2026/06/10 02:31:45.864, 0 %, 0 MiB, 81920 MiB
2026/06/10 02:31:50.865, 0 %, 497 MiB, 81920 MiB
2026/06/10 02:31:50.865, 0 %, 0 MiB, 81920 MiB
2026/06/10 02:31:55.867, 0 %, 497 MiB, 81920 MiB
2026/06/10 02:31:55.867, 0 %, 0 MiB, 81920 MiB
2026/06/10 02:32:00.868, 0 %, 497 MiB, 81920 MiB
2026/06/10 02:32:00.868, 0 %, 0 MiB, 81920 MiB
2026/06/10 02:32:05.868, 0 %, 497 MiB, 81920 MiB
2026/06/10 02:32:05.869, 0 %, 0 MiB, 81920 MiB
2026/06/10 02:32:10.869, 0 %, 497 MiB, 81920 MiB
2026/06/10 02:32:10.869, 0 %, 0 MiB, 81920 MiB
2026/06/10 02:32:15.870, 0 %, 497 MiB, 81920 MiB
2026/06/10 02:32:15.870, 0 %, 0 MiB, 81920 MiB
2026/06/10 02:32:20.871, 0 %, 531 MiB, 81920 MiB
2026/06/10 02:32:20.871, 0 %, 0 MiB, 81920 MiB
2026/06/10 02:32:25.872, 0 %, 531 MiB, 81920 MiB
2026/06/10 02:32:25.872, 0 %, 0 MiB, 81920 MiB
2026/06/10 02:32:30.873, 0 %, 531 MiB, 81920 MiB
2026/06/10 02:32:30.873, 0 %, 0 MiB, 81920 MiB
2026/06/10 02:32:35.874, 0 %, 531 MiB, 81920 MiB
2026/06/10 02:32:35.874, 0 %, 0 MiB, 81920 MiB
2026/06/10 02:32:40.875, 0 %, 531 MiB, 81920 MiB
2026/06/10 02:32:40.875, 0 %, 0 MiB, 81920 MiB
2026/06/10 02:32:45.875, 0 %, 531 MiB, 81920 MiB
2026/06/10 02:32:45.876, 0 %, 0 MiB, 81920 MiB
2026/06/10 02:32:50.876, 0 %, 531 MiB, 81920 MiB
2026/06/10 02:32:50.876, 0 %, 0 MiB, 81920 MiB
2026/06/10 02:32:55.877, 0 %, 531 MiB, 81920 MiB
2026/06/10 02:32:55.877, 0 %, 0 MiB, 81920 MiB
2026/06/10 02:33:00.878, 0 %, 531 MiB, 81920 MiB
2026/06/10 02:33:00.878, 0 %, 0 MiB, 81920 MiB
2026/06/10 02:33:05.879, 0 %, 531 MiB, 81920 MiB
2026/06/10 02:33:05.879, 0 %, 0 MiB, 81920 MiB
2026/06/10 02:33:10.879, 0 %, 531 MiB, 81920 MiB
2026/06/10 02:33:10.880, 0 %, 0 MiB, 81920 MiB
2026/06/10 02:33:15.880, 0 %, 531 MiB, 81920 MiB
2026/06/10 02:33:15.881, 0 %, 0 MiB, 81920 MiB
2026/06/10 02:33:20.881, 0 %, 531 MiB, 81920 MiB
2026/06/10 02:33:20.881, 0 %, 0 MiB, 81920 MiB
2026/06/10 02:33:25.882, 0 %, 531 MiB, 81920 MiB
2026/06/10 02:33:25.882, 0 %, 0 MiB, 81920 MiB
2026/06/10 02:33:30.883, 0 %, 531 MiB, 81920 MiB
2026/06/10 02:33:30.883, 0 %, 0 MiB, 81920 MiB
2026/06/10 02:33:35.884, 0 %, 531 MiB, 81920 MiB
2026/06/10 02:33:35.884, 0 %, 0 MiB, 81920 MiB
2026/06/10 02:33:40.885, 0 %, 531 MiB, 81920 MiB
2026/06/10 02:33:40.885, 0 %, 0 MiB, 81920 MiB
2026/06/10 02:33:45.886, 0 %, 531 MiB, 81920 MiB
2026/06/10 02:33:45.886, 0 %, 0 MiB, 81920 MiB
2026/06/10 02:33:50.886, 0 %, 531 MiB, 81920 MiB
2026/06/10 02:33:50.887, 0 %, 0 MiB, 81920 MiB
2026/06/10 02:33:55.887, 0 %, 531 MiB, 81920 MiB
2026/06/10 02:33:55.887, 0 %, 0 MiB, 81920 MiB
2026/06/10 02:34:00.888, 0 %, 531 MiB, 81920 MiB
2026/06/10 02:34:00.888, 0 %, 0 MiB, 81920 MiB
2026/06/10 02:34:05.889, 0 %, 531 MiB, 81920 MiB
2026/06/10 02:34:05.889, 0 %, 0 MiB, 81920 MiB
2026/06/10 02:34:10.890, 0 %, 531 MiB, 81920 MiB
2026/06/10 02:34:10.890, 0 %, 0 MiB, 81920 MiB
2026/06/10 02:34:15.891, 0 %, 531 MiB, 81920 MiB
2026/06/10 02:34:15.891, 0 %, 0 MiB, 81920 MiB
2026/06/10 02:34:20.892, 0 %, 531 MiB, 81920 MiB
2026/06/10 02:34:20.892, 0 %, 0 MiB, 81920 MiB
2026/06/10 02:34:25.892, 0 %, 531 MiB, 81920 MiB
2026/06/10 02:34:25.892, 0 %, 0 MiB, 81920 MiB
2026/06/10 02:34:30.893, 0 %, 531 MiB, 81920 MiB
2026/06/10 02:34:30.893, 0 %, 0 MiB, 81920 MiB
2026/06/10 02:34:35.894, 0 %, 531 MiB, 81920 MiB
2026/06/10 02:34:35.894, 0 %, 0 MiB, 81920 MiB
2026/06/10 02:34:40.895, 0 %, 531 MiB, 81920 MiB
2026/06/10 02:34:40.895, 0 %, 0 MiB, 81920 MiB
2026/06/10 02:34:45.896, 0 %, 531 MiB, 81920 MiB
2026/06/10 02:34:45.896, 0 %, 0 MiB, 81920 MiB
2026/06/10 02:34:50.897, 0 %, 531 MiB, 81920 MiB
2026/06/10 02:34:50.897, 0 %, 0 MiB, 81920 MiB
2026/06/10 02:34:55.897, 0 %, 531 MiB, 81920 MiB
2026/06/10 02:34:55.898, 0 %, 0 MiB, 81920 MiB
2026/06/10 02:35:00.898, 0 %, 531 MiB, 81920 MiB
2026/06/10 02:35:00.898, 0 %, 0 MiB, 81920 MiB
2026/06/10 02:35:05.899, 0 %, 531 MiB, 81920 MiB
2026/06/10 02:35:05.899, 0 %, 0 MiB, 81920 MiB
2026/06/10 02:35:10.900, 0 %, 531 MiB, 81920 MiB
2026/06/10 02:35:10.900, 0 %, 0 MiB, 81920 MiB
2026/06/10 02:35:15.901, 0 %, 531 MiB, 81920 MiB
2026/06/10 02:35:15.901, 0 %, 0 MiB, 81920 MiB
2026/06/10 02:35:20.902, 0 %, 531 MiB, 81920 MiB
2026/06/10 02:35:20.902, 0 %, 0 MiB, 81920 MiB
2026/06/10 02:35:25.902, 0 %, 531 MiB, 81920 MiB
2026/06/10 02:35:25.903, 0 %, 0 MiB, 81920 MiB
2026/06/10 02:35:30.903, 0 %, 531 MiB, 81920 MiB
2026/06/10 02:35:30.903, 0 %, 0 MiB, 81920 MiB
2026/06/10 02:35:35.904, 0 %, 531 MiB, 81920 MiB
2026/06/10 02:35:35.904, 0 %, 0 MiB, 81920 MiB
2026/06/10 02:35:40.905, 0 %, 531 MiB, 81920 MiB
2026/06/10 02:35:40.905, 0 %, 0 MiB, 81920 MiB
2026/06/10 02:35:45.906, 0 %, 531 MiB, 81920 MiB
2026/06/10 02:35:45.906, 0 %, 0 MiB, 81920 MiB
2026/06/10 02:35:50.907, 0 %, 531 MiB, 81920 MiB
2026/06/10 02:35:50.907, 0 %, 0 MiB, 81920 MiB
2026/06/10 02:35:55.908, 0 %, 531 MiB, 81920 MiB
2026/06/10 02:35:55.908, 0 %, 0 MiB, 81920 MiB
2026/06/10 02:36:00.908, 0 %, 531 MiB, 81920 MiB
2026/06/10 02:36:00.909, 0 %, 0 MiB, 81920 MiB
2026/06/10 02:36:05.909, 0 %, 531 MiB, 81920 MiB
2026/06/10 02:36:05.909, 0 %, 0 MiB, 81920 MiB
2026/06/10 02:36:10.910, 0 %, 531 MiB, 81920 MiB
2026/06/10 02:36:10.910, 0 %, 0 MiB, 81920 MiB
2026/06/10 02:36:15.911, 0 %, 531 MiB, 81920 MiB
2026/06/10 02:36:15.911, 0 %, 0 MiB, 81920 MiB
2026/06/10 02:36:20.912, 0 %, 531 MiB, 81920 MiB
2026/06/10 02:36:20.912, 0 %, 0 MiB, 81920 MiB
2026/06/10 02:36:25.913, 0 %, 531 MiB, 81920 MiB
2026/06/10 02:36:25.913, 0 %, 0 MiB, 81920 MiB
2026/06/10 02:36:30.914, 0 %, 531 MiB, 81920 MiB
2026/06/10 02:36:30.914, 0 %, 0 MiB, 81920 MiB
2026/06/10 02:36:35.914, 0 %, 531 MiB, 81920 MiB
2026/06/10 02:36:35.915, 0 %, 0 MiB, 81920 MiB
2026/06/10 02:36:40.915, 0 %, 531 MiB, 81920 MiB
2026/06/10 02:36:40.915, 0 %, 0 MiB, 81920 MiB
2026/06/10 02:36:45.916, 0 %, 531 MiB, 81920 MiB
2026/06/10 02:36:45.916, 0 %, 0 MiB, 81920 MiB
2026/06/10 02:36:50.917, 0 %, 531 MiB, 81920 MiB
2026/06/10 02:36:50.917, 0 %, 0 MiB, 81920 MiB
2026/06/10 02:36:55.918, 0 %, 531 MiB, 81920 MiB
2026/06/10 02:36:55.918, 0 %, 0 MiB, 81920 MiB
2026/06/10 02:37:00.919, 0 %, 531 MiB, 81920 MiB
2026/06/10 02:37:00.919, 0 %, 0 MiB, 81920 MiB
2026/06/10 02:37:05.920, 0 %, 531 MiB, 81920 MiB
2026/06/10 02:37:05.920, 0 %, 0 MiB, 81920 MiB
2026/06/10 02:37:10.920, 0 %, 531 MiB, 81920 MiB
2026/06/10 02:37:10.920, 0 %, 0 MiB, 81920 MiB
2026/06/10 02:37:15.921, 0 %, 531 MiB, 81920 MiB
2026/06/10 02:37:15.921, 0 %, 0 MiB, 81920 MiB
2026/06/10 02:37:20.922, 0 %, 531 MiB, 81920 MiB
2026/06/10 02:37:20.922, 0 %, 0 MiB, 81920 MiB
2026/06/10 02:37:25.923, 0 %, 531 MiB, 81920 MiB
2026/06/10 02:37:25.923, 0 %, 0 MiB, 81920 MiB
2026/06/10 02:37:30.924, 0 %, 531 MiB, 81920 MiB
2026/06/10 02:37:30.924, 0 %, 0 MiB, 81920 MiB
2026/06/10 02:37:35.925, 0 %, 531 MiB, 81920 MiB
2026/06/10 02:37:35.925, 0 %, 0 MiB, 81920 MiB
2026/06/10 02:37:40.925, 0 %, 531 MiB, 81920 MiB
2026/06/10 02:37:40.926, 0 %, 0 MiB, 81920 MiB
2026/06/10 02:37:45.926, 0 %, 531 MiB, 81920 MiB
2026/06/10 02:37:45.926, 0 %, 0 MiB, 81920 MiB
2026/06/10 02:37:50.927, 0 %, 531 MiB, 81920 MiB
2026/06/10 02:37:50.927, 0 %, 0 MiB, 81920 MiB
2026/06/10 02:37:55.928, 0 %, 531 MiB, 81920 MiB
2026/06/10 02:37:55.928, 0 %, 0 MiB, 81920 MiB
2026/06/10 02:38:00.929, 0 %, 531 MiB, 81920 MiB
2026/06/10 02:38:00.929, 0 %, 0 MiB, 81920 MiB
2026/06/10 02:38:05.929, 0 %, 531 MiB, 81920 MiB
2026/06/10 02:38:05.930, 0 %, 0 MiB, 81920 MiB
2026/06/10 02:38:10.930, 0 %, 531 MiB, 81920 MiB
2026/06/10 02:38:10.930, 0 %, 0 MiB, 81920 MiB
2026/06/10 02:38:15.931, 0 %, 531 MiB, 81920 MiB
2026/06/10 02:38:15.931, 0 %, 0 MiB, 81920 MiB
2026/06/10 02:38:20.932, 0 %, 531 MiB, 81920 MiB
2026/06/10 02:38:20.932, 0 %, 0 MiB, 81920 MiB
2026/06/10 02:38:25.933, 0 %, 531 MiB, 81920 MiB
2026/06/10 02:38:25.933, 0 %, 0 MiB, 81920 MiB
2026/06/10 02:38:30.934, 0 %, 531 MiB, 81920 MiB
2026/06/10 02:38:30.934, 0 %, 0 MiB, 81920 MiB
2026/06/10 02:38:35.934, 0 %, 531 MiB, 81920 MiB
2026/06/10 02:38:35.935, 0 %, 0 MiB, 81920 MiB
2026/06/10 02:38:40.935, 0 %, 531 MiB, 81920 MiB
2026/06/10 02:38:40.935, 0 %, 0 MiB, 81920 MiB
2026/06/10 02:38:45.936, 0 %, 531 MiB, 81920 MiB
2026/06/10 02:38:45.936, 0 %, 0 MiB, 81920 MiB
2026/06/10 02:38:50.937, 0 %, 531 MiB, 81920 MiB
2026/06/10 02:38:50.937, 0 %, 0 MiB, 81920 MiB
2026/06/10 02:38:55.938, 0 %, 531 MiB, 81920 MiB
2026/06/10 02:38:55.938, 0 %, 0 MiB, 81920 MiB
2026/06/10 02:39:00.939, 0 %, 531 MiB, 81920 MiB
2026/06/10 02:39:00.939, 0 %, 0 MiB, 81920 MiB
2026/06/10 02:39:05.940, 0 %, 531 MiB, 81920 MiB
2026/06/10 02:39:05.940, 0 %, 0 MiB, 81920 MiB
2026/06/10 02:39:10.940, 0 %, 531 MiB, 81920 MiB
2026/06/10 02:39:10.941, 0 %, 0 MiB, 81920 MiB
2026/06/10 02:39:15.941, 0 %, 531 MiB, 81920 MiB
2026/06/10 02:39:15.941, 0 %, 0 MiB, 81920 MiB
2026/06/10 02:39:20.942, 0 %, 531 MiB, 81920 MiB
2026/06/10 02:39:20.942, 0 %, 0 MiB, 81920 MiB
2026/06/10 02:39:25.943, 0 %, 531 MiB, 81920 MiB
2026/06/10 02:39:25.943, 0 %, 0 MiB, 81920 MiB
2026/06/10 02:39:30.944, 0 %, 531 MiB, 81920 MiB
2026/06/10 02:39:30.944, 0 %, 0 MiB, 81920 MiB
2026/06/10 02:39:35.945, 0 %, 531 MiB, 81920 MiB
2026/06/10 02:39:35.945, 0 %, 0 MiB, 81920 MiB
2026/06/10 02:39:40.946, 0 %, 531 MiB, 81920 MiB
2026/06/10 02:39:40.946, 0 %, 0 MiB, 81920 MiB
2026/06/10 02:39:45.946, 0 %, 531 MiB, 81920 MiB
2026/06/10 02:39:45.946, 0 %, 0 MiB, 81920 MiB
2026/06/10 02:39:50.947, 0 %, 531 MiB, 81920 MiB
2026/06/10 02:39:50.947, 0 %, 0 MiB, 81920 MiB
2026/06/10 02:39:55.948, 0 %, 531 MiB, 81920 MiB
2026/06/10 02:39:55.948, 0 %, 0 MiB, 81920 MiB
2026/06/10 02:40:00.949, 0 %, 531 MiB, 81920 MiB
2026/06/10 02:40:00.949, 0 %, 0 MiB, 81920 MiB
2026/06/10 02:40:05.950, 0 %, 531 MiB, 81920 MiB
2026/06/10 02:40:05.950, 0 %, 0 MiB, 81920 MiB
2026/06/10 02:40:10.950, 0 %, 531 MiB, 81920 MiB
2026/06/10 02:40:10.951, 0 %, 0 MiB, 81920 MiB
2026/06/10 02:40:15.951, 0 %, 531 MiB, 81920 MiB
2026/06/10 02:40:15.951, 0 %, 0 MiB, 81920 MiB
2026/06/10 02:40:20.952, 0 %, 531 MiB, 81920 MiB
2026/06/10 02:40:20.952, 0 %, 0 MiB, 81920 MiB
2026/06/10 02:40:25.953, 0 %, 531 MiB, 81920 MiB
2026/06/10 02:40:25.953, 0 %, 0 MiB, 81920 MiB
2026/06/10 02:40:30.954, 0 %, 531 MiB, 81920 MiB
2026/06/10 02:40:30.954, 0 %, 0 MiB, 81920 MiB
2026/06/10 02:40:35.954, 0 %, 531 MiB, 81920 MiB
2026/06/10 02:40:35.954, 0 %, 0 MiB, 81920 MiB
2026/06/10 02:40:40.955, 0 %, 531 MiB, 81920 MiB
2026/06/10 02:40:40.955, 0 %, 0 MiB, 81920 MiB
2026/06/10 02:40:45.956, 0 %, 531 MiB, 81920 MiB
2026/06/10 02:40:45.956, 0 %, 0 MiB, 81920 MiB
2026/06/10 02:40:50.957, 0 %, 531 MiB, 81920 MiB
2026/06/10 02:40:50.957, 0 %, 0 MiB, 81920 MiB
2026/06/10 02:40:55.958, 0 %, 531 MiB, 81920 MiB
2026/06/10 02:40:55.958, 0 %, 0 MiB, 81920 MiB
2026/06/10 02:41:00.958, 0 %, 531 MiB, 81920 MiB
2026/06/10 02:41:00.959, 0 %, 0 MiB, 81920 MiB
2026/06/10 02:41:05.959, 0 %, 531 MiB, 81920 MiB
2026/06/10 02:41:05.959, 0 %, 0 MiB, 81920 MiB
2026/06/10 02:41:10.960, 0 %, 531 MiB, 81920 MiB
2026/06/10 02:41:10.960, 0 %, 0 MiB, 81920 MiB
2026/06/10 02:41:15.961, 0 %, 531 MiB, 81920 MiB
2026/06/10 02:41:15.961, 0 %, 0 MiB, 81920 MiB
2026/06/10 02:41:20.962, 0 %, 531 MiB, 81920 MiB
2026/06/10 02:41:20.962, 0 %, 0 MiB, 81920 MiB
2026/06/10 02:41:25.963, 0 %, 531 MiB, 81920 MiB
2026/06/10 02:41:25.963, 0 %, 0 MiB, 81920 MiB
2026/06/10 02:41:30.964, 0 %, 531 MiB, 81920 MiB
2026/06/10 02:41:30.964, 0 %, 0 MiB, 81920 MiB
2026/06/10 02:41:35.964, 0 %, 531 MiB, 81920 MiB
2026/06/10 02:41:35.965, 0 %, 0 MiB, 81920 MiB
2026/06/10 02:41:40.965, 0 %, 531 MiB, 81920 MiB
2026/06/10 02:41:40.965, 0 %, 0 MiB, 81920 MiB
2026/06/10 02:41:45.966, 0 %, 531 MiB, 81920 MiB
2026/06/10 02:41:45.966, 0 %, 0 MiB, 81920 MiB
2026/06/10 02:41:50.967, 0 %, 531 MiB, 81920 MiB
2026/06/10 02:41:50.967, 0 %, 0 MiB, 81920 MiB
2026/06/10 02:41:55.968, 0 %, 531 MiB, 81920 MiB
2026/06/10 02:41:55.968, 0 %, 0 MiB, 81920 MiB
2026/06/10 02:42:00.969, 0 %, 531 MiB, 81920 MiB
2026/06/10 02:42:00.969, 0 %, 0 MiB, 81920 MiB
2026/06/10 02:42:05.969, 0 %, 531 MiB, 81920 MiB
2026/06/10 02:42:05.970, 0 %, 0 MiB, 81920 MiB
2026/06/10 02:42:10.970, 0 %, 531 MiB, 81920 MiB
2026/06/10 02:42:10.970, 0 %, 0 MiB, 81920 MiB
2026/06/10 02:42:15.971, 0 %, 531 MiB, 81920 MiB
2026/06/10 02:42:15.971, 0 %, 0 MiB, 81920 MiB
2026/06/10 02:42:20.972, 0 %, 531 MiB, 81920 MiB
2026/06/10 02:42:20.972, 0 %, 0 MiB, 81920 MiB
2026/06/10 02:42:25.973, 0 %, 531 MiB, 81920 MiB
2026/06/10 02:42:25.973, 0 %, 0 MiB, 81920 MiB
2026/06/10 02:42:30.974, 0 %, 531 MiB, 81920 MiB
2026/06/10 02:42:30.974, 0 %, 0 MiB, 81920 MiB
2026/06/10 02:42:35.975, 0 %, 497 MiB, 81920 MiB
2026/06/10 02:42:35.976, 0 %, 0 MiB, 81920 MiB
2026/06/10 02:42:40.978, 0 %, 497 MiB, 81920 MiB
2026/06/10 02:42:40.978, 0 %, 0 MiB, 81920 MiB
2026/06/10 02:42:45.978, 0 %, 497 MiB, 81920 MiB
2026/06/10 02:42:45.978, 0 %, 0 MiB, 81920 MiB
2026/06/10 02:42:50.979, 0 %, 497 MiB, 81920 MiB
2026/06/10 02:42:50.979, 0 %, 0 MiB, 81920 MiB
2026/06/10 02:42:55.980, 0 %, 497 MiB, 81920 MiB
2026/06/10 02:42:55.980, 0 %, 0 MiB, 81920 MiB
2026/06/10 02:43:00.981, 0 %, 497 MiB, 81920 MiB
2026/06/10 02:43:00.981, 0 %, 0 MiB, 81920 MiB
2026/06/10 02:43:05.982, 0 %, 497 MiB, 81920 MiB
2026/06/10 02:43:05.982, 0 %, 0 MiB, 81920 MiB
2026/06/10 02:43:10.983, 0 %, 497 MiB, 81920 MiB
2026/06/10 02:43:10.983, 0 %, 0 MiB, 81920 MiB
2026/06/10 02:43:15.984, 0 %, 497 MiB, 81920 MiB
2026/06/10 02:43:15.984, 0 %, 0 MiB, 81920 MiB
2026/06/10 02:43:20.985, 0 %, 497 MiB, 81920 MiB
2026/06/10 02:43:20.985, 0 %, 0 MiB, 81920 MiB
2026/06/10 02:43:25.986, 0 %, 497 MiB, 81920 MiB
2026/06/10 02:43:25.986, 0 %, 0 MiB, 81920 MiB
2026/06/10 02:43:30.987, 0 %, 497 MiB, 81920 MiB
2026/06/10 02:43:30.987, 0 %, 0 MiB, 81920 MiB
2026/06/10 02:43:35.988, 0 %, 497 MiB, 81920 MiB
2026/06/10 02:43:35.988, 0 %, 0 MiB, 81920 MiB
2026/06/10 02:43:40.989, 0 %, 497 MiB, 81920 MiB
2026/06/10 02:43:40.990, 0 %, 0 MiB, 81920 MiB
2026/06/10 02:43:45.990, 0 %, 497 MiB, 81920 MiB
2026/06/10 02:43:45.991, 0 %, 0 MiB, 81920 MiB
2026/06/10 02:43:50.992, 0 %, 497 MiB, 81920 MiB
2026/06/10 02:43:50.992, 0 %, 0 MiB, 81920 MiB
2026/06/10 02:43:55.993, 0 %, 497 MiB, 81920 MiB
2026/06/10 02:43:55.993, 0 %, 0 MiB, 81920 MiB
2026/06/10 02:44:00.993, 0 %, 497 MiB, 81920 MiB
2026/06/10 02:44:00.994, 0 %, 0 MiB, 81920 MiB
2026/06/10 02:44:05.995, 0 %, 497 MiB, 81920 MiB
2026/06/10 02:44:05.995, 0 %, 0 MiB, 81920 MiB
2026/06/10 02:44:10.996, 0 %, 497 MiB, 81920 MiB
2026/06/10 02:44:10.996, 0 %, 0 MiB, 81920 MiB
2026/06/10 02:44:15.997, 0 %, 497 MiB, 81920 MiB
2026/06/10 02:44:15.997, 0 %, 0 MiB, 81920 MiB
2026/06/10 02:44:20.998, 0 %, 497 MiB, 81920 MiB
2026/06/10 02:44:20.998, 0 %, 0 MiB, 81920 MiB
2026/06/10 02:44:25.999, 0 %, 497 MiB, 81920 MiB
2026/06/10 02:44:25.999, 0 %, 0 MiB, 81920 MiB
2026/06/10 02:44:31.000, 0 %, 497 MiB, 81920 MiB
2026/06/10 02:44:31.000, 0 %, 0 MiB, 81920 MiB
2026/06/10 02:44:36.001, 0 %, 497 MiB, 81920 MiB
2026/06/10 02:44:36.001, 0 %, 0 MiB, 81920 MiB
2026/06/10 02:44:41.002, 0 %, 497 MiB, 81920 MiB
2026/06/10 02:44:41.002, 0 %, 0 MiB, 81920 MiB
2026/06/10 02:44:46.003, 0 %, 497 MiB, 81920 MiB
2026/06/10 02:44:46.003, 0 %, 0 MiB, 81920 MiB
2026/06/10 02:44:51.004, 0 %, 497 MiB, 81920 MiB
2026/06/10 02:44:51.004, 0 %, 0 MiB, 81920 MiB
2026/06/10 02:44:56.005, 0 %, 497 MiB, 81920 MiB
2026/06/10 02:44:56.005, 0 %, 0 MiB, 81920 MiB
2026/06/10 02:45:01.006, 0 %, 497 MiB, 81920 MiB
2026/06/10 02:45:01.006, 0 %, 0 MiB, 81920 MiB
2026/06/10 02:45:06.007, 0 %, 497 MiB, 81920 MiB
2026/06/10 02:45:06.008, 0 %, 0 MiB, 81920 MiB
2026/06/10 02:45:11.008, 0 %, 497 MiB, 81920 MiB
2026/06/10 02:45:11.009, 0 %, 0 MiB, 81920 MiB
2026/06/10 02:45:16.009, 0 %, 497 MiB, 81920 MiB
2026/06/10 02:45:16.010, 0 %, 0 MiB, 81920 MiB
2026/06/10 02:45:21.011, 0 %, 497 MiB, 81920 MiB
2026/06/10 02:45:21.011, 0 %, 0 MiB, 81920 MiB
2026/06/10 02:45:26.012, 0 %, 497 MiB, 81920 MiB
2026/06/10 02:45:26.012, 0 %, 0 MiB, 81920 MiB
2026/06/10 02:45:31.012, 0 %, 497 MiB, 81920 MiB
2026/06/10 02:45:31.013, 0 %, 0 MiB, 81920 MiB
2026/06/10 02:45:36.013, 0 %, 497 MiB, 81920 MiB
2026/06/10 02:45:36.013, 0 %, 0 MiB, 81920 MiB
2026/06/10 02:45:41.014, 0 %, 497 MiB, 81920 MiB
2026/06/10 02:45:41.014, 0 %, 0 MiB, 81920 MiB
2026/06/10 02:45:46.015, 29 %, 531 MiB, 81920 MiB
2026/06/10 02:45:46.015, 0 %, 0 MiB, 81920 MiB
2026/06/10 02:45:51.016, 0 %, 531 MiB, 81920 MiB
2026/06/10 02:45:51.016, 0 %, 0 MiB, 81920 MiB
2026/06/10 02:45:56.016, 0 %, 531 MiB, 81920 MiB
2026/06/10 02:45:56.016, 0 %, 0 MiB, 81920 MiB
2026/06/10 02:46:01.017, 0 %, 531 MiB, 81920 MiB
2026/06/10 02:46:01.017, 0 %, 0 MiB, 81920 MiB
2026/06/10 02:46:06.018, 0 %, 531 MiB, 81920 MiB
2026/06/10 02:46:06.018, 0 %, 0 MiB, 81920 MiB
2026/06/10 02:46:11.018, 0 %, 531 MiB, 81920 MiB
2026/06/10 02:46:11.018, 0 %, 0 MiB, 81920 MiB
2026/06/10 02:46:16.019, 0 %, 531 MiB, 81920 MiB
2026/06/10 02:46:16.019, 0 %, 0 MiB, 81920 MiB
2026/06/10 02:46:21.020, 0 %, 531 MiB, 81920 MiB
2026/06/10 02:46:21.020, 0 %, 0 MiB, 81920 MiB
2026/06/10 02:46:26.020, 0 %, 531 MiB, 81920 MiB
2026/06/10 02:46:26.020, 0 %, 0 MiB, 81920 MiB
2026/06/10 02:46:31.021, 0 %, 531 MiB, 81920 MiB
2026/06/10 02:46:31.021, 0 %, 0 MiB, 81920 MiB
2026/06/10 02:46:36.021, 0 %, 531 MiB, 81920 MiB
2026/06/10 02:46:36.022, 0 %, 0 MiB, 81920 MiB
2026/06/10 02:46:41.022, 0 %, 531 MiB, 81920 MiB
2026/06/10 02:46:41.022, 0 %, 0 MiB, 81920 MiB
2026/06/10 02:46:46.023, 0 %, 531 MiB, 81920 MiB
2026/06/10 02:46:46.023, 0 %, 0 MiB, 81920 MiB
2026/06/10 02:46:51.023, 0 %, 531 MiB, 81920 MiB
2026/06/10 02:46:51.024, 0 %, 0 MiB, 81920 MiB
2026/06/10 02:46:56.024, 0 %, 531 MiB, 81920 MiB
2026/06/10 02:46:56.024, 0 %, 0 MiB, 81920 MiB
2026/06/10 02:47:01.025, 0 %, 531 MiB, 81920 MiB
2026/06/10 02:47:01.025, 0 %, 0 MiB, 81920 MiB
2026/06/10 02:47:06.025, 0 %, 531 MiB, 81920 MiB
2026/06/10 02:47:06.025, 0 %, 0 MiB, 81920 MiB
2026/06/10 02:47:11.026, 0 %, 531 MiB, 81920 MiB
2026/06/10 02:47:11.026, 0 %, 0 MiB, 81920 MiB
2026/06/10 02:47:16.027, 0 %, 531 MiB, 81920 MiB
2026/06/10 02:47:16.027, 0 %, 0 MiB, 81920 MiB
2026/06/10 02:47:21.027, 0 %, 531 MiB, 81920 MiB
2026/06/10 02:47:21.027, 0 %, 0 MiB, 81920 MiB
2026/06/10 02:47:26.028, 0 %, 531 MiB, 81920 MiB
2026/06/10 02:47:26.028, 0 %, 0 MiB, 81920 MiB
2026/06/10 02:47:31.029, 0 %, 531 MiB, 81920 MiB
2026/06/10 02:47:31.029, 0 %, 0 MiB, 81920 MiB
2026/06/10 02:47:36.029, 0 %, 531 MiB, 81920 MiB
2026/06/10 02:47:36.029, 0 %, 0 MiB, 81920 MiB
2026/06/10 02:47:41.030, 0 %, 531 MiB, 81920 MiB
2026/06/10 02:47:41.030, 0 %, 0 MiB, 81920 MiB
2026/06/10 02:47:46.031, 0 %, 531 MiB, 81920 MiB
2026/06/10 02:47:46.031, 0 %, 0 MiB, 81920 MiB
2026/06/10 02:47:51.031, 0 %, 531 MiB, 81920 MiB
2026/06/10 02:47:51.031, 0 %, 0 MiB, 81920 MiB
2026/06/10 02:47:56.032, 0 %, 531 MiB, 81920 MiB
2026/06/10 02:47:56.032, 0 %, 0 MiB, 81920 MiB
2026/06/10 02:48:01.032, 0 %, 531 MiB, 81920 MiB
2026/06/10 02:48:01.033, 0 %, 0 MiB, 81920 MiB
2026/06/10 02:48:06.033, 0 %, 531 MiB, 81920 MiB
2026/06/10 02:48:06.033, 0 %, 0 MiB, 81920 MiB
2026/06/10 02:48:11.034, 0 %, 531 MiB, 81920 MiB
2026/06/10 02:48:11.034, 0 %, 0 MiB, 81920 MiB
2026/06/10 02:48:16.034, 0 %, 531 MiB, 81920 MiB
2026/06/10 02:48:16.035, 0 %, 0 MiB, 81920 MiB
2026/06/10 02:48:21.035, 0 %, 531 MiB, 81920 MiB
2026/06/10 02:48:21.035, 0 %, 0 MiB, 81920 MiB
2026/06/10 02:48:26.036, 0 %, 531 MiB, 81920 MiB
2026/06/10 02:48:26.036, 0 %, 0 MiB, 81920 MiB
2026/06/10 02:48:31.036, 0 %, 531 MiB, 81920 MiB
2026/06/10 02:48:31.036, 0 %, 0 MiB, 81920 MiB
2026/06/10 02:48:36.037, 0 %, 531 MiB, 81920 MiB
2026/06/10 02:48:36.037, 0 %, 0 MiB, 81920 MiB
2026/06/10 02:48:41.038, 0 %, 531 MiB, 81920 MiB
2026/06/10 02:48:41.038, 0 %, 0 MiB, 81920 MiB
2026/06/10 02:48:46.038, 0 %, 531 MiB, 81920 MiB
2026/06/10 02:48:46.038, 0 %, 0 MiB, 81920 MiB
2026/06/10 02:48:51.039, 0 %, 531 MiB, 81920 MiB
2026/06/10 02:48:51.039, 0 %, 0 MiB, 81920 MiB
2026/06/10 02:48:56.040, 0 %, 531 MiB, 81920 MiB
2026/06/10 02:48:56.040, 0 %, 0 MiB, 81920 MiB
2026/06/10 02:49:01.040, 0 %, 531 MiB, 81920 MiB
2026/06/10 02:49:01.040, 0 %, 0 MiB, 81920 MiB
2026/06/10 02:49:06.041, 0 %, 531 MiB, 81920 MiB
2026/06/10 02:49:06.041, 0 %, 0 MiB, 81920 MiB
2026/06/10 02:49:11.042, 0 %, 531 MiB, 81920 MiB
2026/06/10 02:49:11.042, 0 %, 0 MiB, 81920 MiB
2026/06/10 02:49:16.042, 0 %, 531 MiB, 81920 MiB
2026/06/10 02:49:16.042, 0 %, 0 MiB, 81920 MiB
2026/06/10 02:49:21.043, 0 %, 531 MiB, 81920 MiB
2026/06/10 02:49:21.043, 0 %, 0 MiB, 81920 MiB
2026/06/10 02:49:26.044, 0 %, 531 MiB, 81920 MiB
2026/06/10 02:49:26.044, 0 %, 0 MiB, 81920 MiB
2026/06/10 02:49:31.044, 0 %, 531 MiB, 81920 MiB
2026/06/10 02:49:31.044, 0 %, 0 MiB, 81920 MiB
2026/06/10 02:49:36.045, 0 %, 531 MiB, 81920 MiB
2026/06/10 02:49:36.045, 0 %, 0 MiB, 81920 MiB
2026/06/10 02:49:41.046, 0 %, 531 MiB, 81920 MiB
2026/06/10 02:49:41.046, 0 %, 0 MiB, 81920 MiB
2026/06/10 02:49:46.046, 0 %, 531 MiB, 81920 MiB
2026/06/10 02:49:46.046, 0 %, 0 MiB, 81920 MiB
2026/06/10 02:49:51.047, 0 %, 531 MiB, 81920 MiB
2026/06/10 02:49:51.047, 0 %, 0 MiB, 81920 MiB
2026/06/10 02:49:56.047, 0 %, 531 MiB, 81920 MiB
2026/06/10 02:49:56.048, 0 %, 0 MiB, 81920 MiB
2026/06/10 02:50:01.048, 0 %, 531 MiB, 81920 MiB
2026/06/10 02:50:01.048, 0 %, 0 MiB, 81920 MiB
2026/06/10 02:50:06.049, 0 %, 531 MiB, 81920 MiB
2026/06/10 02:50:06.049, 0 %, 0 MiB, 81920 MiB
2026/06/10 02:50:11.049, 0 %, 531 MiB, 81920 MiB
2026/06/10 02:50:11.049, 0 %, 0 MiB, 81920 MiB
2026/06/10 02:50:16.050, 0 %, 531 MiB, 81920 MiB
2026/06/10 02:50:16.050, 0 %, 0 MiB, 81920 MiB
2026/06/10 02:50:21.051, 0 %, 531 MiB, 81920 MiB
2026/06/10 02:50:21.051, 0 %, 0 MiB, 81920 MiB
2026/06/10 02:50:26.051, 0 %, 531 MiB, 81920 MiB
2026/06/10 02:50:26.051, 0 %, 0 MiB, 81920 MiB
2026/06/10 02:50:31.052, 0 %, 531 MiB, 81920 MiB
2026/06/10 02:50:31.052, 0 %, 0 MiB, 81920 MiB
2026/06/10 02:50:36.053, 0 %, 531 MiB, 81920 MiB
2026/06/10 02:50:36.053, 0 %, 0 MiB, 81920 MiB
2026/06/10 02:50:41.053, 0 %, 531 MiB, 81920 MiB
2026/06/10 02:50:41.053, 0 %, 0 MiB, 81920 MiB
2026/06/10 02:50:46.054, 0 %, 531 MiB, 81920 MiB
2026/06/10 02:50:46.054, 0 %, 0 MiB, 81920 MiB
2026/06/10 02:50:51.055, 0 %, 531 MiB, 81920 MiB
2026/06/10 02:50:51.055, 0 %, 0 MiB, 81920 MiB
2026/06/10 02:50:56.055, 0 %, 531 MiB, 81920 MiB
2026/06/10 02:50:56.055, 0 %, 0 MiB, 81920 MiB
2026/06/10 02:51:01.056, 0 %, 531 MiB, 81920 MiB
2026/06/10 02:51:01.056, 0 %, 0 MiB, 81920 MiB
2026/06/10 02:51:06.056, 0 %, 531 MiB, 81920 MiB
2026/06/10 02:51:06.057, 0 %, 0 MiB, 81920 MiB
2026/06/10 02:51:11.057, 0 %, 531 MiB, 81920 MiB
2026/06/10 02:51:11.057, 0 %, 0 MiB, 81920 MiB
2026/06/10 02:51:16.058, 0 %, 531 MiB, 81920 MiB
2026/06/10 02:51:16.058, 0 %, 0 MiB, 81920 MiB
2026/06/10 02:51:21.058, 0 %, 531 MiB, 81920 MiB
2026/06/10 02:51:21.058, 0 %, 0 MiB, 81920 MiB
2026/06/10 02:51:26.059, 0 %, 531 MiB, 81920 MiB
2026/06/10 02:51:26.059, 0 %, 0 MiB, 81920 MiB
2026/06/10 02:51:31.059, 0 %, 531 MiB, 81920 MiB
2026/06/10 02:51:31.060, 0 %, 0 MiB, 81920 MiB
2026/06/10 02:51:36.060, 0 %, 531 MiB, 81920 MiB
2026/06/10 02:51:36.060, 0 %, 0 MiB, 81920 MiB
2026/06/10 02:51:41.061, 0 %, 531 MiB, 81920 MiB
2026/06/10 02:51:41.061, 0 %, 0 MiB, 81920 MiB
2026/06/10 02:51:46.062, 0 %, 531 MiB, 81920 MiB
2026/06/10 02:51:46.062, 0 %, 0 MiB, 81920 MiB
2026/06/10 02:51:51.062, 0 %, 531 MiB, 81920 MiB
2026/06/10 02:51:51.062, 0 %, 0 MiB, 81920 MiB
2026/06/10 02:51:56.063, 0 %, 531 MiB, 81920 MiB
2026/06/10 02:51:56.063, 0 %, 0 MiB, 81920 MiB
2026/06/10 02:52:01.063, 0 %, 531 MiB, 81920 MiB
2026/06/10 02:52:01.063, 0 %, 0 MiB, 81920 MiB
2026/06/10 02:52:06.064, 0 %, 531 MiB, 81920 MiB
2026/06/10 02:52:06.064, 0 %, 0 MiB, 81920 MiB
2026/06/10 02:52:11.065, 0 %, 531 MiB, 81920 MiB
2026/06/10 02:52:11.065, 0 %, 0 MiB, 81920 MiB
2026/06/10 02:52:16.066, 0 %, 531 MiB, 81920 MiB
2026/06/10 02:52:16.066, 0 %, 0 MiB, 81920 MiB
2026/06/10 02:52:21.066, 0 %, 531 MiB, 81920 MiB
2026/06/10 02:52:21.066, 0 %, 0 MiB, 81920 MiB
2026/06/10 02:52:26.067, 0 %, 531 MiB, 81920 MiB
2026/06/10 02:52:26.067, 0 %, 0 MiB, 81920 MiB
2026/06/10 02:52:31.067, 0 %, 531 MiB, 81920 MiB
2026/06/10 02:52:31.068, 0 %, 0 MiB, 81920 MiB
2026/06/10 02:52:36.068, 0 %, 531 MiB, 81920 MiB
2026/06/10 02:52:36.068, 0 %, 0 MiB, 81920 MiB
2026/06/10 02:52:41.069, 0 %, 531 MiB, 81920 MiB
2026/06/10 02:52:41.069, 0 %, 0 MiB, 81920 MiB
2026/06/10 02:52:46.069, 0 %, 531 MiB, 81920 MiB
2026/06/10 02:52:46.070, 0 %, 0 MiB, 81920 MiB
2026/06/10 02:52:51.070, 0 %, 531 MiB, 81920 MiB
2026/06/10 02:52:51.070, 0 %, 0 MiB, 81920 MiB
2026/06/10 02:52:56.071, 0 %, 531 MiB, 81920 MiB
2026/06/10 02:52:56.071, 0 %, 0 MiB, 81920 MiB
2026/06/10 02:53:01.071, 0 %, 531 MiB, 81920 MiB
2026/06/10 02:53:01.071, 0 %, 0 MiB, 81920 MiB
2026/06/10 02:53:06.072, 0 %, 531 MiB, 81920 MiB
2026/06/10 02:53:06.072, 0 %, 0 MiB, 81920 MiB
2026/06/10 02:53:11.073, 0 %, 531 MiB, 81920 MiB
2026/06/10 02:53:11.073, 0 %, 0 MiB, 81920 MiB
2026/06/10 02:53:16.073, 0 %, 531 MiB, 81920 MiB
2026/06/10 02:53:16.074, 0 %, 0 MiB, 81920 MiB
2026/06/10 02:53:21.074, 0 %, 531 MiB, 81920 MiB
2026/06/10 02:53:21.074, 0 %, 0 MiB, 81920 MiB
2026/06/10 02:53:26.075, 0 %, 531 MiB, 81920 MiB
2026/06/10 02:53:26.075, 0 %, 0 MiB, 81920 MiB
2026/06/10 02:53:31.075, 0 %, 531 MiB, 81920 MiB
2026/06/10 02:53:31.075, 0 %, 0 MiB, 81920 MiB
2026/06/10 02:53:36.076, 0 %, 531 MiB, 81920 MiB
2026/06/10 02:53:36.076, 0 %, 0 MiB, 81920 MiB
2026/06/10 02:53:41.077, 0 %, 531 MiB, 81920 MiB
2026/06/10 02:53:41.077, 0 %, 0 MiB, 81920 MiB
2026/06/10 02:53:46.077, 0 %, 531 MiB, 81920 MiB
2026/06/10 02:53:46.077, 0 %, 0 MiB, 81920 MiB
2026/06/10 02:53:51.078, 0 %, 531 MiB, 81920 MiB
2026/06/10 02:53:51.078, 0 %, 0 MiB, 81920 MiB
2026/06/10 02:53:56.079, 0 %, 531 MiB, 81920 MiB
2026/06/10 02:53:56.079, 0 %, 0 MiB, 81920 MiB
2026/06/10 02:54:01.079, 0 %, 531 MiB, 81920 MiB
2026/06/10 02:54:01.079, 0 %, 0 MiB, 81920 MiB
2026/06/10 02:54:06.080, 0 %, 531 MiB, 81920 MiB
2026/06/10 02:54:06.080, 0 %, 0 MiB, 81920 MiB
2026/06/10 02:54:11.080, 0 %, 531 MiB, 81920 MiB
2026/06/10 02:54:11.081, 0 %, 0 MiB, 81920 MiB
2026/06/10 02:54:16.081, 0 %, 531 MiB, 81920 MiB
2026/06/10 02:54:16.081, 0 %, 0 MiB, 81920 MiB
2026/06/10 02:54:21.082, 0 %, 531 MiB, 81920 MiB
2026/06/10 02:54:21.082, 0 %, 0 MiB, 81920 MiB
2026/06/10 02:54:26.082, 0 %, 531 MiB, 81920 MiB
2026/06/10 02:54:26.083, 0 %, 0 MiB, 81920 MiB
2026/06/10 02:54:31.083, 0 %, 531 MiB, 81920 MiB
2026/06/10 02:54:31.083, 0 %, 0 MiB, 81920 MiB
2026/06/10 02:54:36.084, 0 %, 531 MiB, 81920 MiB
2026/06/10 02:54:36.084, 0 %, 0 MiB, 81920 MiB
2026/06/10 02:54:41.084, 0 %, 531 MiB, 81920 MiB
2026/06/10 02:54:41.084, 0 %, 0 MiB, 81920 MiB
2026/06/10 02:54:46.085, 0 %, 531 MiB, 81920 MiB
2026/06/10 02:54:46.085, 0 %, 0 MiB, 81920 MiB
2026/06/10 02:54:51.086, 0 %, 531 MiB, 81920 MiB
2026/06/10 02:54:51.086, 0 %, 0 MiB, 81920 MiB
2026/06/10 02:54:56.086, 0 %, 531 MiB, 81920 MiB
2026/06/10 02:54:56.086, 0 %, 0 MiB, 81920 MiB
2026/06/10 02:55:01.087, 0 %, 531 MiB, 81920 MiB
2026/06/10 02:55:01.087, 0 %, 0 MiB, 81920 MiB
2026/06/10 02:55:06.088, 0 %, 531 MiB, 81920 MiB
2026/06/10 02:55:06.088, 0 %, 0 MiB, 81920 MiB
2026/06/10 02:55:11.088, 0 %, 531 MiB, 81920 MiB
2026/06/10 02:55:11.088, 0 %, 0 MiB, 81920 MiB
2026/06/10 02:55:16.089, 0 %, 531 MiB, 81920 MiB
2026/06/10 02:55:16.089, 0 %, 0 MiB, 81920 MiB
2026/06/10 02:55:21.089, 0 %, 531 MiB, 81920 MiB
2026/06/10 02:55:21.090, 0 %, 0 MiB, 81920 MiB
2026/06/10 02:55:26.090, 0 %, 531 MiB, 81920 MiB
2026/06/10 02:55:26.090, 0 %, 0 MiB, 81920 MiB
2026/06/10 02:55:31.091, 0 %, 531 MiB, 81920 MiB
2026/06/10 02:55:31.091, 0 %, 0 MiB, 81920 MiB
2026/06/10 02:55:36.091, 0 %, 531 MiB, 81920 MiB
2026/06/10 02:55:36.092, 0 %, 0 MiB, 81920 MiB
2026/06/10 02:55:41.092, 0 %, 531 MiB, 81920 MiB
2026/06/10 02:55:41.092, 0 %, 0 MiB, 81920 MiB
2026/06/10 02:55:46.093, 0 %, 531 MiB, 81920 MiB
2026/06/10 02:55:46.093, 0 %, 0 MiB, 81920 MiB
2026/06/10 02:55:51.093, 0 %, 531 MiB, 81920 MiB
2026/06/10 02:55:51.094, 0 %, 0 MiB, 81920 MiB
2026/06/10 02:55:56.094, 0 %, 531 MiB, 81920 MiB
2026/06/10 02:55:56.094, 0 %, 0 MiB, 81920 MiB
2026/06/10 02:56:01.095, 0 %, 531 MiB, 81920 MiB
2026/06/10 02:56:01.095, 0 %, 0 MiB, 81920 MiB
2026/06/10 02:56:06.096, 0 %, 497 MiB, 81920 MiB
2026/06/10 02:56:06.096, 0 %, 0 MiB, 81920 MiB
2026/06/10 02:56:11.097, 0 %, 497 MiB, 81920 MiB
2026/06/10 02:56:11.098, 0 %, 0 MiB, 81920 MiB
2026/06/10 02:56:16.098, 0 %, 497 MiB, 81920 MiB
2026/06/10 02:56:16.099, 0 %, 0 MiB, 81920 MiB
2026/06/10 02:56:21.099, 0 %, 497 MiB, 81920 MiB
2026/06/10 02:56:21.100, 0 %, 0 MiB, 81920 MiB
2026/06/10 02:56:26.100, 0 %, 497 MiB, 81920 MiB
2026/06/10 02:56:26.101, 0 %, 0 MiB, 81920 MiB
2026/06/10 02:56:31.102, 0 %, 497 MiB, 81920 MiB
2026/06/10 02:56:31.102, 0 %, 0 MiB, 81920 MiB
2026/06/10 02:56:36.103, 0 %, 497 MiB, 81920 MiB
2026/06/10 02:56:36.103, 0 %, 0 MiB, 81920 MiB
2026/06/10 02:56:41.103, 0 %, 497 MiB, 81920 MiB
2026/06/10 02:56:41.104, 0 %, 0 MiB, 81920 MiB
2026/06/10 02:56:46.104, 0 %, 497 MiB, 81920 MiB
2026/06/10 02:56:46.105, 0 %, 0 MiB, 81920 MiB
2026/06/10 02:56:51.142, 0 %, 497 MiB, 81920 MiB
2026/06/10 02:56:51.143, 0 %, 0 MiB, 81920 MiB
2026/06/10 02:56:56.144, 0 %, 497 MiB, 81920 MiB
2026/06/10 02:56:56.144, 0 %, 0 MiB, 81920 MiB
2026/06/10 02:57:01.145, 0 %, 497 MiB, 81920 MiB
2026/06/10 02:57:01.145, 0 %, 0 MiB, 81920 MiB
2026/06/10 02:57:06.146, 0 %, 497 MiB, 81920 MiB
2026/06/10 02:57:06.146, 0 %, 0 MiB, 81920 MiB
2026/06/10 02:57:11.146, 0 %, 497 MiB, 81920 MiB
2026/06/10 02:57:11.147, 0 %, 0 MiB, 81920 MiB
2026/06/10 02:57:16.148, 0 %, 497 MiB, 81920 MiB
2026/06/10 02:57:16.148, 0 %, 0 MiB, 81920 MiB
2026/06/10 02:57:21.149, 0 %, 497 MiB, 81920 MiB
2026/06/10 02:57:21.149, 0 %, 0 MiB, 81920 MiB
2026/06/10 02:57:26.149, 0 %, 497 MiB, 81920 MiB
2026/06/10 02:57:26.150, 0 %, 0 MiB, 81920 MiB
2026/06/10 02:57:31.151, 0 %, 497 MiB, 81920 MiB
2026/06/10 02:57:31.151, 0 %, 0 MiB, 81920 MiB
2026/06/10 02:57:36.152, 0 %, 497 MiB, 81920 MiB
2026/06/10 02:57:36.152, 0 %, 0 MiB, 81920 MiB
2026/06/10 02:57:41.153, 0 %, 497 MiB, 81920 MiB
2026/06/10 02:57:41.153, 0 %, 0 MiB, 81920 MiB
2026/06/10 02:57:46.154, 0 %, 497 MiB, 81920 MiB
2026/06/10 02:57:46.154, 0 %, 0 MiB, 81920 MiB
2026/06/10 02:57:51.155, 0 %, 497 MiB, 81920 MiB
2026/06/10 02:57:51.155, 0 %, 0 MiB, 81920 MiB
2026/06/10 02:57:56.156, 0 %, 497 MiB, 81920 MiB
2026/06/10 02:57:56.156, 0 %, 0 MiB, 81920 MiB
2026/06/10 02:58:01.157, 0 %, 497 MiB, 81920 MiB
2026/06/10 02:58:01.157, 0 %, 0 MiB, 81920 MiB
2026/06/10 02:58:06.158, 0 %, 497 MiB, 81920 MiB
2026/06/10 02:58:06.158, 0 %, 0 MiB, 81920 MiB
2026/06/10 02:58:11.159, 0 %, 497 MiB, 81920 MiB
2026/06/10 02:58:11.159, 0 %, 0 MiB, 81920 MiB
2026/06/10 02:58:16.160, 0 %, 497 MiB, 81920 MiB
2026/06/10 02:58:16.160, 0 %, 0 MiB, 81920 MiB
2026/06/10 02:58:21.161, 0 %, 497 MiB, 81920 MiB
2026/06/10 02:58:21.161, 0 %, 0 MiB, 81920 MiB
2026/06/10 02:58:26.162, 0 %, 497 MiB, 81920 MiB
2026/06/10 02:58:26.162, 0 %, 0 MiB, 81920 MiB
2026/06/10 02:58:31.164, 0 %, 497 MiB, 81920 MiB
2026/06/10 02:58:31.164, 0 %, 0 MiB, 81920 MiB
2026/06/10 02:58:36.166, 0 %, 497 MiB, 81920 MiB
2026/06/10 02:58:36.166, 0 %, 0 MiB, 81920 MiB
2026/06/10 02:58:41.167, 0 %, 497 MiB, 81920 MiB
2026/06/10 02:58:41.167, 0 %, 0 MiB, 81920 MiB
2026/06/10 02:58:46.167, 0 %, 497 MiB, 81920 MiB
2026/06/10 02:58:46.168, 0 %, 0 MiB, 81920 MiB
2026/06/10 02:58:51.192, 0 %, 497 MiB, 81920 MiB
2026/06/10 02:58:51.192, 0 %, 0 MiB, 81920 MiB
2026/06/10 02:58:56.193, 0 %, 497 MiB, 81920 MiB
2026/06/10 02:58:56.193, 0 %, 0 MiB, 81920 MiB
2026/06/10 02:59:01.194, 0 %, 497 MiB, 81920 MiB
2026/06/10 02:59:01.194, 0 %, 0 MiB, 81920 MiB
2026/06/10 02:59:06.195, 0 %, 497 MiB, 81920 MiB
2026/06/10 02:59:06.195, 0 %, 0 MiB, 81920 MiB
2026/06/10 02:59:11.196, 0 %, 497 MiB, 81920 MiB
2026/06/10 02:59:11.196, 0 %, 0 MiB, 81920 MiB
2026/06/10 02:59:16.197, 20 %, 531 MiB, 81920 MiB
2026/06/10 02:59:16.197, 0 %, 0 MiB, 81920 MiB
2026/06/10 02:59:21.198, 0 %, 531 MiB, 81920 MiB
2026/06/10 02:59:21.198, 0 %, 0 MiB, 81920 MiB
2026/06/10 02:59:26.198, 0 %, 531 MiB, 81920 MiB
2026/06/10 02:59:26.198, 0 %, 0 MiB, 81920 MiB
2026/06/10 02:59:31.199, 0 %, 531 MiB, 81920 MiB
2026/06/10 02:59:31.199, 0 %, 0 MiB, 81920 MiB
2026/06/10 02:59:36.200, 0 %, 531 MiB, 81920 MiB
2026/06/10 02:59:36.200, 0 %, 0 MiB, 81920 MiB
2026/06/10 02:59:41.201, 0 %, 531 MiB, 81920 MiB
2026/06/10 02:59:41.201, 0 %, 0 MiB, 81920 MiB
2026/06/10 02:59:46.201, 0 %, 531 MiB, 81920 MiB
2026/06/10 02:59:46.201, 0 %, 0 MiB, 81920 MiB
2026/06/10 02:59:51.202, 0 %, 531 MiB, 81920 MiB
2026/06/10 02:59:51.202, 0 %, 0 MiB, 81920 MiB
2026/06/10 02:59:56.203, 0 %, 531 MiB, 81920 MiB
2026/06/10 02:59:56.203, 0 %, 0 MiB, 81920 MiB
2026/06/10 03:00:01.204, 0 %, 531 MiB, 81920 MiB
2026/06/10 03:00:01.204, 0 %, 0 MiB, 81920 MiB
2026/06/10 03:00:06.205, 0 %, 531 MiB, 81920 MiB
2026/06/10 03:00:06.205, 0 %, 0 MiB, 81920 MiB
2026/06/10 03:00:11.205, 0 %, 531 MiB, 81920 MiB
2026/06/10 03:00:11.205, 0 %, 0 MiB, 81920 MiB
2026/06/10 03:00:16.206, 0 %, 531 MiB, 81920 MiB
2026/06/10 03:00:16.206, 0 %, 0 MiB, 81920 MiB
2026/06/10 03:00:21.207, 0 %, 531 MiB, 81920 MiB
2026/06/10 03:00:21.207, 0 %, 0 MiB, 81920 MiB
2026/06/10 03:00:26.208, 0 %, 531 MiB, 81920 MiB
2026/06/10 03:00:26.208, 0 %, 0 MiB, 81920 MiB
2026/06/10 03:00:31.208, 0 %, 531 MiB, 81920 MiB
2026/06/10 03:00:31.208, 0 %, 0 MiB, 81920 MiB
2026/06/10 03:00:36.209, 0 %, 531 MiB, 81920 MiB
2026/06/10 03:00:36.209, 0 %, 0 MiB, 81920 MiB
2026/06/10 03:00:41.210, 0 %, 531 MiB, 81920 MiB
2026/06/10 03:00:41.210, 0 %, 0 MiB, 81920 MiB
2026/06/10 03:00:46.211, 0 %, 531 MiB, 81920 MiB
2026/06/10 03:00:46.211, 0 %, 0 MiB, 81920 MiB
2026/06/10 03:00:51.212, 0 %, 531 MiB, 81920 MiB
2026/06/10 03:00:51.212, 0 %, 0 MiB, 81920 MiB
2026/06/10 03:00:56.212, 0 %, 531 MiB, 81920 MiB
2026/06/10 03:00:56.212, 0 %, 0 MiB, 81920 MiB
2026/06/10 03:01:01.213, 0 %, 531 MiB, 81920 MiB
2026/06/10 03:01:01.213, 0 %, 0 MiB, 81920 MiB
2026/06/10 03:01:06.214, 0 %, 531 MiB, 81920 MiB
2026/06/10 03:01:06.214, 0 %, 0 MiB, 81920 MiB
2026/06/10 03:01:11.214, 0 %, 531 MiB, 81920 MiB
2026/06/10 03:01:11.214, 0 %, 0 MiB, 81920 MiB
2026/06/10 03:01:16.215, 0 %, 531 MiB, 81920 MiB
2026/06/10 03:01:16.215, 0 %, 0 MiB, 81920 MiB
2026/06/10 03:01:21.216, 0 %, 531 MiB, 81920 MiB
2026/06/10 03:01:21.216, 0 %, 0 MiB, 81920 MiB
2026/06/10 03:01:26.217, 0 %, 531 MiB, 81920 MiB
2026/06/10 03:01:26.217, 0 %, 0 MiB, 81920 MiB
2026/06/10 03:01:31.218, 0 %, 531 MiB, 81920 MiB
2026/06/10 03:01:31.218, 0 %, 0 MiB, 81920 MiB
2026/06/10 03:01:36.218, 0 %, 531 MiB, 81920 MiB
2026/06/10 03:01:36.219, 0 %, 0 MiB, 81920 MiB
2026/06/10 03:01:41.219, 0 %, 531 MiB, 81920 MiB
2026/06/10 03:01:41.219, 0 %, 0 MiB, 81920 MiB
2026/06/10 03:01:46.220, 0 %, 531 MiB, 81920 MiB
2026/06/10 03:01:46.220, 0 %, 0 MiB, 81920 MiB
2026/06/10 03:01:51.221, 0 %, 531 MiB, 81920 MiB
2026/06/10 03:01:51.221, 0 %, 0 MiB, 81920 MiB
2026/06/10 03:01:56.221, 0 %, 531 MiB, 81920 MiB
2026/06/10 03:01:56.221, 0 %, 0 MiB, 81920 MiB
2026/06/10 03:02:01.222, 0 %, 531 MiB, 81920 MiB
2026/06/10 03:02:01.222, 0 %, 0 MiB, 81920 MiB
2026/06/10 03:02:06.223, 0 %, 531 MiB, 81920 MiB
2026/06/10 03:02:06.223, 0 %, 0 MiB, 81920 MiB
2026/06/10 03:02:11.223, 0 %, 531 MiB, 81920 MiB
2026/06/10 03:02:11.224, 0 %, 0 MiB, 81920 MiB
2026/06/10 03:02:16.224, 0 %, 531 MiB, 81920 MiB
2026/06/10 03:02:16.224, 0 %, 0 MiB, 81920 MiB
2026/06/10 03:02:21.225, 0 %, 531 MiB, 81920 MiB
2026/06/10 03:02:21.225, 0 %, 0 MiB, 81920 MiB
2026/06/10 03:02:26.226, 0 %, 531 MiB, 81920 MiB
2026/06/10 03:02:26.226, 0 %, 0 MiB, 81920 MiB
2026/06/10 03:02:31.227, 0 %, 531 MiB, 81920 MiB
2026/06/10 03:02:31.227, 0 %, 0 MiB, 81920 MiB
2026/06/10 03:02:36.227, 0 %, 531 MiB, 81920 MiB
2026/06/10 03:02:36.227, 0 %, 0 MiB, 81920 MiB
2026/06/10 03:02:41.228, 0 %, 531 MiB, 81920 MiB
2026/06/10 03:02:41.228, 0 %, 0 MiB, 81920 MiB
2026/06/10 03:02:46.229, 0 %, 531 MiB, 81920 MiB
2026/06/10 03:02:46.229, 0 %, 0 MiB, 81920 MiB
2026/06/10 03:02:51.230, 0 %, 531 MiB, 81920 MiB
2026/06/10 03:02:51.230, 0 %, 0 MiB, 81920 MiB
2026/06/10 03:02:56.230, 0 %, 531 MiB, 81920 MiB
2026/06/10 03:02:56.230, 0 %, 0 MiB, 81920 MiB
2026/06/10 03:03:01.231, 0 %, 531 MiB, 81920 MiB
2026/06/10 03:03:01.231, 0 %, 0 MiB, 81920 MiB
2026/06/10 03:03:06.232, 0 %, 531 MiB, 81920 MiB
2026/06/10 03:03:06.232, 0 %, 0 MiB, 81920 MiB
2026/06/10 03:03:11.232, 0 %, 531 MiB, 81920 MiB
2026/06/10 03:03:11.233, 0 %, 0 MiB, 81920 MiB
2026/06/10 03:03:16.233, 0 %, 531 MiB, 81920 MiB
2026/06/10 03:03:16.233, 0 %, 0 MiB, 81920 MiB
2026/06/10 03:03:21.234, 0 %, 531 MiB, 81920 MiB
2026/06/10 03:03:21.234, 0 %, 0 MiB, 81920 MiB
2026/06/10 03:03:26.234, 0 %, 531 MiB, 81920 MiB
2026/06/10 03:03:26.235, 0 %, 0 MiB, 81920 MiB
2026/06/10 03:03:31.235, 0 %, 531 MiB, 81920 MiB
2026/06/10 03:03:31.235, 0 %, 0 MiB, 81920 MiB
2026/06/10 03:03:36.236, 0 %, 531 MiB, 81920 MiB
2026/06/10 03:03:36.236, 0 %, 0 MiB, 81920 MiB
2026/06/10 03:03:41.237, 0 %, 531 MiB, 81920 MiB
2026/06/10 03:03:41.237, 0 %, 0 MiB, 81920 MiB
2026/06/10 03:03:46.237, 0 %, 531 MiB, 81920 MiB
2026/06/10 03:03:46.238, 0 %, 0 MiB, 81920 MiB
2026/06/10 03:03:51.238, 0 %, 531 MiB, 81920 MiB
2026/06/10 03:03:51.238, 0 %, 0 MiB, 81920 MiB
2026/06/10 03:03:56.239, 0 %, 531 MiB, 81920 MiB
2026/06/10 03:03:56.239, 0 %, 0 MiB, 81920 MiB
2026/06/10 03:04:01.240, 0 %, 531 MiB, 81920 MiB
2026/06/10 03:04:01.240, 0 %, 0 MiB, 81920 MiB
2026/06/10 03:04:06.241, 0 %, 531 MiB, 81920 MiB
2026/06/10 03:04:06.241, 0 %, 0 MiB, 81920 MiB
2026/06/10 03:04:11.242, 0 %, 531 MiB, 81920 MiB
2026/06/10 03:04:11.242, 0 %, 0 MiB, 81920 MiB
2026/06/10 03:04:16.242, 0 %, 531 MiB, 81920 MiB
2026/06/10 03:04:16.242, 0 %, 0 MiB, 81920 MiB
2026/06/10 03:04:21.243, 0 %, 531 MiB, 81920 MiB
2026/06/10 03:04:21.243, 0 %, 0 MiB, 81920 MiB
2026/06/10 03:04:26.244, 0 %, 531 MiB, 81920 MiB
2026/06/10 03:04:26.244, 0 %, 0 MiB, 81920 MiB
2026/06/10 03:04:31.245, 0 %, 531 MiB, 81920 MiB
2026/06/10 03:04:31.245, 0 %, 0 MiB, 81920 MiB
2026/06/10 03:04:36.246, 0 %, 531 MiB, 81920 MiB
2026/06/10 03:04:36.246, 0 %, 0 MiB, 81920 MiB
2026/06/10 03:04:41.246, 0 %, 531 MiB, 81920 MiB
2026/06/10 03:04:41.246, 0 %, 0 MiB, 81920 MiB
2026/06/10 03:04:46.247, 0 %, 531 MiB, 81920 MiB
2026/06/10 03:04:46.247, 0 %, 0 MiB, 81920 MiB
2026/06/10 03:04:51.248, 0 %, 531 MiB, 81920 MiB
2026/06/10 03:04:51.248, 0 %, 0 MiB, 81920 MiB
2026/06/10 03:04:56.249, 0 %, 531 MiB, 81920 MiB
2026/06/10 03:04:56.249, 0 %, 0 MiB, 81920 MiB
2026/06/10 03:05:01.249, 0 %, 531 MiB, 81920 MiB
2026/06/10 03:05:01.250, 0 %, 0 MiB, 81920 MiB
2026/06/10 03:05:06.250, 0 %, 531 MiB, 81920 MiB
2026/06/10 03:05:06.250, 0 %, 0 MiB, 81920 MiB
2026/06/10 03:05:11.251, 0 %, 531 MiB, 81920 MiB
2026/06/10 03:05:11.251, 0 %, 0 MiB, 81920 MiB
2026/06/10 03:05:16.252, 0 %, 531 MiB, 81920 MiB
2026/06/10 03:05:16.252, 0 %, 0 MiB, 81920 MiB
2026/06/10 03:05:21.253, 0 %, 531 MiB, 81920 MiB
2026/06/10 03:05:21.253, 0 %, 0 MiB, 81920 MiB
2026/06/10 03:05:26.253, 0 %, 531 MiB, 81920 MiB
2026/06/10 03:05:26.253, 0 %, 0 MiB, 81920 MiB
2026/06/10 03:05:31.254, 0 %, 531 MiB, 81920 MiB
2026/06/10 03:05:31.254, 0 %, 0 MiB, 81920 MiB
2026/06/10 03:05:36.255, 0 %, 531 MiB, 81920 MiB
2026/06/10 03:05:36.255, 0 %, 0 MiB, 81920 MiB
2026/06/10 03:05:41.256, 0 %, 531 MiB, 81920 MiB
2026/06/10 03:05:41.256, 0 %, 0 MiB, 81920 MiB
2026/06/10 03:05:46.256, 0 %, 531 MiB, 81920 MiB
2026/06/10 03:05:46.257, 0 %, 0 MiB, 81920 MiB
2026/06/10 03:05:51.257, 0 %, 531 MiB, 81920 MiB
2026/06/10 03:05:51.257, 0 %, 0 MiB, 81920 MiB
2026/06/10 03:05:56.258, 0 %, 531 MiB, 81920 MiB
2026/06/10 03:05:56.258, 0 %, 0 MiB, 81920 MiB
2026/06/10 03:06:01.259, 0 %, 531 MiB, 81920 MiB
2026/06/10 03:06:01.259, 0 %, 0 MiB, 81920 MiB
2026/06/10 03:06:06.259, 0 %, 531 MiB, 81920 MiB
2026/06/10 03:06:06.259, 0 %, 0 MiB, 81920 MiB
2026/06/10 03:06:11.260, 0 %, 531 MiB, 81920 MiB
2026/06/10 03:06:11.260, 0 %, 0 MiB, 81920 MiB
2026/06/10 03:06:16.261, 0 %, 531 MiB, 81920 MiB
2026/06/10 03:06:16.261, 0 %, 0 MiB, 81920 MiB
2026/06/10 03:06:21.262, 0 %, 531 MiB, 81920 MiB
2026/06/10 03:06:21.262, 0 %, 0 MiB, 81920 MiB
2026/06/10 03:06:26.263, 0 %, 531 MiB, 81920 MiB
2026/06/10 03:06:26.263, 0 %, 0 MiB, 81920 MiB
2026/06/10 03:06:31.263, 0 %, 531 MiB, 81920 MiB
2026/06/10 03:06:31.263, 0 %, 0 MiB, 81920 MiB
2026/06/10 03:06:36.264, 0 %, 531 MiB, 81920 MiB
2026/06/10 03:06:36.264, 0 %, 0 MiB, 81920 MiB
2026/06/10 03:06:41.265, 0 %, 531 MiB, 81920 MiB
2026/06/10 03:06:41.265, 0 %, 0 MiB, 81920 MiB
2026/06/10 03:06:46.266, 0 %, 531 MiB, 81920 MiB
2026/06/10 03:06:46.266, 0 %, 0 MiB, 81920 MiB
2026/06/10 03:06:51.266, 0 %, 531 MiB, 81920 MiB
2026/06/10 03:06:51.267, 0 %, 0 MiB, 81920 MiB
2026/06/10 03:06:56.267, 0 %, 531 MiB, 81920 MiB
2026/06/10 03:06:56.267, 0 %, 0 MiB, 81920 MiB
2026/06/10 03:07:01.268, 0 %, 531 MiB, 81920 MiB
2026/06/10 03:07:01.268, 0 %, 0 MiB, 81920 MiB
2026/06/10 03:07:06.269, 0 %, 531 MiB, 81920 MiB
2026/06/10 03:07:06.269, 0 %, 0 MiB, 81920 MiB
2026/06/10 03:07:11.270, 0 %, 531 MiB, 81920 MiB
2026/06/10 03:07:11.270, 0 %, 0 MiB, 81920 MiB
2026/06/10 03:07:16.271, 0 %, 531 MiB, 81920 MiB
2026/06/10 03:07:16.271, 0 %, 0 MiB, 81920 MiB
2026/06/10 03:07:21.271, 0 %, 531 MiB, 81920 MiB
2026/06/10 03:07:21.272, 0 %, 0 MiB, 81920 MiB
2026/06/10 03:07:26.272, 0 %, 531 MiB, 81920 MiB
2026/06/10 03:07:26.273, 0 %, 0 MiB, 81920 MiB
2026/06/10 03:07:31.273, 0 %, 531 MiB, 81920 MiB
2026/06/10 03:07:31.273, 0 %, 0 MiB, 81920 MiB
2026/06/10 03:07:36.274, 0 %, 531 MiB, 81920 MiB
2026/06/10 03:07:36.274, 0 %, 0 MiB, 81920 MiB
2026/06/10 03:07:41.275, 0 %, 531 MiB, 81920 MiB
2026/06/10 03:07:41.275, 0 %, 0 MiB, 81920 MiB
2026/06/10 03:07:46.276, 0 %, 531 MiB, 81920 MiB
2026/06/10 03:07:46.276, 0 %, 0 MiB, 81920 MiB
2026/06/10 03:07:51.277, 0 %, 531 MiB, 81920 MiB
2026/06/10 03:07:51.277, 0 %, 0 MiB, 81920 MiB
2026/06/10 03:07:56.278, 0 %, 531 MiB, 81920 MiB
2026/06/10 03:07:56.278, 0 %, 0 MiB, 81920 MiB
2026/06/10 03:08:01.279, 0 %, 531 MiB, 81920 MiB
2026/06/10 03:08:01.279, 0 %, 0 MiB, 81920 MiB
2026/06/10 03:08:06.279, 0 %, 531 MiB, 81920 MiB
2026/06/10 03:08:06.280, 0 %, 0 MiB, 81920 MiB
2026/06/10 03:08:11.280, 0 %, 531 MiB, 81920 MiB
2026/06/10 03:08:11.280, 0 %, 0 MiB, 81920 MiB
2026/06/10 03:08:16.281, 0 %, 531 MiB, 81920 MiB
2026/06/10 03:08:16.281, 0 %, 0 MiB, 81920 MiB
2026/06/10 03:08:21.282, 0 %, 531 MiB, 81920 MiB
2026/06/10 03:08:21.282, 0 %, 0 MiB, 81920 MiB
2026/06/10 03:08:26.283, 0 %, 531 MiB, 81920 MiB
2026/06/10 03:08:26.283, 0 %, 0 MiB, 81920 MiB
2026/06/10 03:08:31.284, 0 %, 531 MiB, 81920 MiB
2026/06/10 03:08:31.284, 0 %, 0 MiB, 81920 MiB
2026/06/10 03:08:36.285, 0 %, 531 MiB, 81920 MiB
2026/06/10 03:08:36.285, 0 %, 0 MiB, 81920 MiB
2026/06/10 03:08:41.286, 0 %, 531 MiB, 81920 MiB
2026/06/10 03:08:41.286, 0 %, 0 MiB, 81920 MiB
2026/06/10 03:08:46.286, 0 %, 531 MiB, 81920 MiB
2026/06/10 03:08:46.286, 0 %, 0 MiB, 81920 MiB
2026/06/10 03:08:51.287, 0 %, 531 MiB, 81920 MiB
2026/06/10 03:08:51.287, 0 %, 0 MiB, 81920 MiB
2026/06/10 03:08:56.288, 0 %, 531 MiB, 81920 MiB
2026/06/10 03:08:56.288, 0 %, 0 MiB, 81920 MiB
2026/06/10 03:09:01.288, 0 %, 531 MiB, 81920 MiB
2026/06/10 03:09:01.288, 0 %, 0 MiB, 81920 MiB
2026/06/10 03:09:06.289, 0 %, 531 MiB, 81920 MiB
2026/06/10 03:09:06.289, 0 %, 0 MiB, 81920 MiB
2026/06/10 03:09:11.290, 0 %, 531 MiB, 81920 MiB
2026/06/10 03:09:11.290, 0 %, 0 MiB, 81920 MiB
2026/06/10 03:09:16.290, 0 %, 531 MiB, 81920 MiB
2026/06/10 03:09:16.290, 0 %, 0 MiB, 81920 MiB
2026/06/10 03:09:21.291, 0 %, 531 MiB, 81920 MiB
2026/06/10 03:09:21.291, 0 %, 0 MiB, 81920 MiB
2026/06/10 03:09:26.292, 0 %, 531 MiB, 81920 MiB
2026/06/10 03:09:26.292, 0 %, 0 MiB, 81920 MiB
2026/06/10 03:09:31.293, 0 %, 497 MiB, 81920 MiB
2026/06/10 03:09:31.293, 0 %, 0 MiB, 81920 MiB
2026/06/10 03:09:36.293, 0 %, 497 MiB, 81920 MiB
2026/06/10 03:09:36.294, 0 %, 0 MiB, 81920 MiB
2026/06/10 03:09:41.294, 0 %, 497 MiB, 81920 MiB
2026/06/10 03:09:41.294, 0 %, 0 MiB, 81920 MiB
2026/06/10 03:09:46.295, 0 %, 497 MiB, 81920 MiB
2026/06/10 03:09:46.295, 0 %, 0 MiB, 81920 MiB
2026/06/10 03:09:51.296, 0 %, 497 MiB, 81920 MiB
2026/06/10 03:09:51.296, 0 %, 0 MiB, 81920 MiB
2026/06/10 03:09:56.297, 0 %, 497 MiB, 81920 MiB
2026/06/10 03:09:56.297, 0 %, 0 MiB, 81920 MiB
2026/06/10 03:10:01.298, 0 %, 497 MiB, 81920 MiB
2026/06/10 03:10:01.299, 0 %, 0 MiB, 81920 MiB
2026/06/10 03:10:06.300, 0 %, 497 MiB, 81920 MiB
2026/06/10 03:10:06.300, 0 %, 0 MiB, 81920 MiB
2026/06/10 03:10:11.301, 0 %, 497 MiB, 81920 MiB
2026/06/10 03:10:11.301, 0 %, 0 MiB, 81920 MiB
2026/06/10 03:10:16.302, 0 %, 497 MiB, 81920 MiB
2026/06/10 03:10:16.302, 0 %, 0 MiB, 81920 MiB
2026/06/10 03:10:21.302, 0 %, 497 MiB, 81920 MiB
2026/06/10 03:10:21.303, 0 %, 0 MiB, 81920 MiB
2026/06/10 03:10:26.303, 0 %, 497 MiB, 81920 MiB
2026/06/10 03:10:26.303, 0 %, 0 MiB, 81920 MiB
2026/06/10 03:10:31.304, 0 %, 497 MiB, 81920 MiB
2026/06/10 03:10:31.304, 0 %, 0 MiB, 81920 MiB
2026/06/10 03:10:36.305, 0 %, 497 MiB, 81920 MiB
2026/06/10 03:10:36.305, 0 %, 0 MiB, 81920 MiB
2026/06/10 03:10:41.306, 0 %, 497 MiB, 81920 MiB
2026/06/10 03:10:41.306, 0 %, 0 MiB, 81920 MiB
2026/06/10 03:10:46.306, 0 %, 497 MiB, 81920 MiB
2026/06/10 03:10:46.307, 0 %, 0 MiB, 81920 MiB
2026/06/10 03:10:51.307, 0 %, 497 MiB, 81920 MiB
2026/06/10 03:10:51.307, 0 %, 0 MiB, 81920 MiB
2026/06/10 03:10:56.309, 0 %, 497 MiB, 81920 MiB
2026/06/10 03:10:56.309, 0 %, 0 MiB, 81920 MiB
2026/06/10 03:11:01.309, 0 %, 497 MiB, 81920 MiB
2026/06/10 03:11:01.310, 0 %, 0 MiB, 81920 MiB
2026/06/10 03:11:06.310, 0 %, 497 MiB, 81920 MiB
2026/06/10 03:11:06.310, 0 %, 0 MiB, 81920 MiB
2026/06/10 03:11:11.311, 0 %, 497 MiB, 81920 MiB
2026/06/10 03:11:11.311, 0 %, 0 MiB, 81920 MiB
2026/06/10 03:11:16.312, 0 %, 497 MiB, 81920 MiB
2026/06/10 03:11:16.312, 0 %, 0 MiB, 81920 MiB
2026/06/10 03:11:21.313, 0 %, 497 MiB, 81920 MiB
2026/06/10 03:11:21.313, 0 %, 0 MiB, 81920 MiB
2026/06/10 03:11:26.313, 0 %, 497 MiB, 81920 MiB
2026/06/10 03:11:26.313, 0 %, 0 MiB, 81920 MiB
2026/06/10 03:11:31.314, 0 %, 497 MiB, 81920 MiB
2026/06/10 03:11:31.314, 0 %, 0 MiB, 81920 MiB
2026/06/10 03:11:36.315, 0 %, 497 MiB, 81920 MiB
2026/06/10 03:11:36.315, 0 %, 0 MiB, 81920 MiB
2026/06/10 03:11:41.316, 0 %, 497 MiB, 81920 MiB
2026/06/10 03:11:41.316, 0 %, 0 MiB, 81920 MiB
2026/06/10 03:11:46.317, 0 %, 497 MiB, 81920 MiB
2026/06/10 03:11:46.317, 0 %, 0 MiB, 81920 MiB
2026/06/10 03:11:51.317, 0 %, 497 MiB, 81920 MiB
2026/06/10 03:11:51.318, 0 %, 0 MiB, 81920 MiB
2026/06/10 03:11:56.318, 0 %, 497 MiB, 81920 MiB
2026/06/10 03:11:56.318, 0 %, 0 MiB, 81920 MiB
2026/06/10 03:12:01.319, 0 %, 497 MiB, 81920 MiB
2026/06/10 03:12:01.320, 0 %, 0 MiB, 81920 MiB
2026/06/10 03:12:06.320, 0 %, 497 MiB, 81920 MiB
2026/06/10 03:12:06.320, 0 %, 0 MiB, 81920 MiB
2026/06/10 03:12:11.321, 0 %, 497 MiB, 81920 MiB
2026/06/10 03:12:11.321, 0 %, 0 MiB, 81920 MiB
2026/06/10 03:12:16.322, 0 %, 497 MiB, 81920 MiB
2026/06/10 03:12:16.322, 0 %, 0 MiB, 81920 MiB
2026/06/10 03:12:21.323, 0 %, 497 MiB, 81920 MiB
2026/06/10 03:12:21.324, 0 %, 0 MiB, 81920 MiB
2026/06/10 03:12:26.324, 0 %, 497 MiB, 81920 MiB
2026/06/10 03:12:26.324, 0 %, 0 MiB, 81920 MiB
2026/06/10 03:12:31.325, 0 %, 497 MiB, 81920 MiB
2026/06/10 03:12:31.325, 0 %, 0 MiB, 81920 MiB
2026/06/10 03:12:36.326, 0 %, 497 MiB, 81920 MiB
2026/06/10 03:12:36.326, 0 %, 0 MiB, 81920 MiB
2026/06/10 03:12:41.328, 0 %, 497 MiB, 81920 MiB
2026/06/10 03:12:41.328, 0 %, 0 MiB, 81920 MiB
2026/06/10 03:12:46.329, 0 %, 531 MiB, 81920 MiB
2026/06/10 03:12:46.329, 0 %, 0 MiB, 81920 MiB
2026/06/10 03:12:51.330, 0 %, 531 MiB, 81920 MiB
2026/06/10 03:12:51.330, 0 %, 0 MiB, 81920 MiB
2026/06/10 03:12:56.331, 0 %, 531 MiB, 81920 MiB
2026/06/10 03:12:56.331, 0 %, 0 MiB, 81920 MiB
2026/06/10 03:13:01.331, 0 %, 531 MiB, 81920 MiB
2026/06/10 03:13:01.332, 0 %, 0 MiB, 81920 MiB
2026/06/10 03:13:06.332, 0 %, 531 MiB, 81920 MiB
2026/06/10 03:13:06.333, 0 %, 0 MiB, 81920 MiB
2026/06/10 03:13:11.333, 0 %, 531 MiB, 81920 MiB
2026/06/10 03:13:11.333, 0 %, 0 MiB, 81920 MiB
2026/06/10 03:13:16.334, 0 %, 531 MiB, 81920 MiB
2026/06/10 03:13:16.334, 0 %, 0 MiB, 81920 MiB
2026/06/10 03:13:21.335, 0 %, 531 MiB, 81920 MiB
2026/06/10 03:13:21.335, 0 %, 0 MiB, 81920 MiB
2026/06/10 03:13:26.336, 0 %, 531 MiB, 81920 MiB
2026/06/10 03:13:26.336, 0 %, 0 MiB, 81920 MiB
2026/06/10 03:13:31.337, 0 %, 531 MiB, 81920 MiB
2026/06/10 03:13:31.337, 0 %, 0 MiB, 81920 MiB
2026/06/10 03:13:36.338, 0 %, 531 MiB, 81920 MiB
2026/06/10 03:13:36.338, 0 %, 0 MiB, 81920 MiB
2026/06/10 03:13:41.339, 0 %, 531 MiB, 81920 MiB
2026/06/10 03:13:41.339, 0 %, 0 MiB, 81920 MiB
2026/06/10 03:13:46.340, 0 %, 531 MiB, 81920 MiB
2026/06/10 03:13:46.340, 0 %, 0 MiB, 81920 MiB
2026/06/10 03:13:51.341, 0 %, 531 MiB, 81920 MiB
2026/06/10 03:13:51.341, 0 %, 0 MiB, 81920 MiB
2026/06/10 03:13:56.341, 0 %, 531 MiB, 81920 MiB
2026/06/10 03:13:56.342, 0 %, 0 MiB, 81920 MiB
2026/06/10 03:14:01.342, 0 %, 531 MiB, 81920 MiB
2026/06/10 03:14:01.342, 0 %, 0 MiB, 81920 MiB
2026/06/10 03:14:06.343, 0 %, 531 MiB, 81920 MiB
2026/06/10 03:14:06.343, 0 %, 0 MiB, 81920 MiB
2026/06/10 03:14:11.344, 0 %, 531 MiB, 81920 MiB
2026/06/10 03:14:11.344, 0 %, 0 MiB, 81920 MiB
2026/06/10 03:14:16.345, 0 %, 531 MiB, 81920 MiB
2026/06/10 03:14:16.345, 0 %, 0 MiB, 81920 MiB
2026/06/10 03:14:21.346, 0 %, 531 MiB, 81920 MiB
2026/06/10 03:14:21.346, 0 %, 0 MiB, 81920 MiB
2026/06/10 03:14:26.347, 0 %, 531 MiB, 81920 MiB
2026/06/10 03:14:26.347, 0 %, 0 MiB, 81920 MiB
2026/06/10 03:14:31.348, 0 %, 531 MiB, 81920 MiB
2026/06/10 03:14:31.348, 0 %, 0 MiB, 81920 MiB
2026/06/10 03:14:36.349, 0 %, 531 MiB, 81920 MiB
2026/06/10 03:14:36.349, 0 %, 0 MiB, 81920 MiB
2026/06/10 03:14:41.350, 0 %, 531 MiB, 81920 MiB
2026/06/10 03:14:41.350, 0 %, 0 MiB, 81920 MiB
2026/06/10 03:14:46.351, 0 %, 531 MiB, 81920 MiB
2026/06/10 03:14:46.351, 0 %, 0 MiB, 81920 MiB
2026/06/10 03:14:51.352, 0 %, 531 MiB, 81920 MiB
2026/06/10 03:14:51.352, 0 %, 0 MiB, 81920 MiB
2026/06/10 03:14:56.352, 0 %, 531 MiB, 81920 MiB
2026/06/10 03:14:56.353, 0 %, 0 MiB, 81920 MiB
2026/06/10 03:15:01.353, 0 %, 531 MiB, 81920 MiB
2026/06/10 03:15:01.353, 0 %, 0 MiB, 81920 MiB
2026/06/10 03:15:06.354, 0 %, 531 MiB, 81920 MiB
2026/06/10 03:15:06.354, 0 %, 0 MiB, 81920 MiB
2026/06/10 03:15:11.355, 0 %, 531 MiB, 81920 MiB
2026/06/10 03:15:11.355, 0 %, 0 MiB, 81920 MiB
2026/06/10 03:15:16.356, 0 %, 531 MiB, 81920 MiB
2026/06/10 03:15:16.356, 0 %, 0 MiB, 81920 MiB
2026/06/10 03:15:21.357, 0 %, 531 MiB, 81920 MiB
2026/06/10 03:15:21.357, 0 %, 0 MiB, 81920 MiB
2026/06/10 03:15:26.358, 0 %, 531 MiB, 81920 MiB
2026/06/10 03:15:26.358, 0 %, 0 MiB, 81920 MiB
2026/06/10 03:15:31.359, 0 %, 531 MiB, 81920 MiB
2026/06/10 03:15:31.359, 0 %, 0 MiB, 81920 MiB
2026/06/10 03:15:36.360, 0 %, 531 MiB, 81920 MiB
2026/06/10 03:15:36.360, 0 %, 0 MiB, 81920 MiB
2026/06/10 03:15:41.361, 0 %, 531 MiB, 81920 MiB
2026/06/10 03:15:41.361, 0 %, 0 MiB, 81920 MiB
2026/06/10 03:15:46.361, 0 %, 531 MiB, 81920 MiB
2026/06/10 03:15:46.362, 0 %, 0 MiB, 81920 MiB
2026/06/10 03:15:51.362, 0 %, 531 MiB, 81920 MiB
2026/06/10 03:15:51.362, 0 %, 0 MiB, 81920 MiB
2026/06/10 03:15:56.363, 0 %, 531 MiB, 81920 MiB
2026/06/10 03:15:56.363, 0 %, 0 MiB, 81920 MiB
2026/06/10 03:16:01.364, 0 %, 531 MiB, 81920 MiB
2026/06/10 03:16:01.364, 0 %, 0 MiB, 81920 MiB
2026/06/10 03:16:06.365, 0 %, 531 MiB, 81920 MiB
2026/06/10 03:16:06.365, 0 %, 0 MiB, 81920 MiB
2026/06/10 03:16:11.366, 0 %, 531 MiB, 81920 MiB
2026/06/10 03:16:11.366, 0 %, 0 MiB, 81920 MiB
2026/06/10 03:16:16.367, 0 %, 531 MiB, 81920 MiB
2026/06/10 03:16:16.367, 0 %, 0 MiB, 81920 MiB
2026/06/10 03:16:21.367, 0 %, 531 MiB, 81920 MiB
2026/06/10 03:16:21.368, 0 %, 0 MiB, 81920 MiB
2026/06/10 03:16:26.368, 0 %, 531 MiB, 81920 MiB
2026/06/10 03:16:26.368, 0 %, 0 MiB, 81920 MiB
2026/06/10 03:16:31.369, 0 %, 531 MiB, 81920 MiB
2026/06/10 03:16:31.369, 0 %, 0 MiB, 81920 MiB
2026/06/10 03:16:36.370, 0 %, 531 MiB, 81920 MiB
2026/06/10 03:16:36.370, 0 %, 0 MiB, 81920 MiB
2026/06/10 03:16:41.371, 0 %, 531 MiB, 81920 MiB
2026/06/10 03:16:41.371, 0 %, 0 MiB, 81920 MiB
2026/06/10 03:16:46.372, 0 %, 531 MiB, 81920 MiB
2026/06/10 03:16:46.372, 0 %, 0 MiB, 81920 MiB
2026/06/10 03:16:51.373, 0 %, 531 MiB, 81920 MiB
2026/06/10 03:16:51.373, 0 %, 0 MiB, 81920 MiB
2026/06/10 03:16:56.374, 0 %, 531 MiB, 81920 MiB
2026/06/10 03:16:56.374, 0 %, 0 MiB, 81920 MiB
2026/06/10 03:17:01.375, 0 %, 531 MiB, 81920 MiB
2026/06/10 03:17:01.375, 0 %, 0 MiB, 81920 MiB
2026/06/10 03:17:06.376, 0 %, 531 MiB, 81920 MiB
2026/06/10 03:17:06.376, 0 %, 0 MiB, 81920 MiB
2026/06/10 03:17:11.376, 0 %, 531 MiB, 81920 MiB
2026/06/10 03:17:11.377, 0 %, 0 MiB, 81920 MiB
2026/06/10 03:17:16.377, 0 %, 531 MiB, 81920 MiB
2026/06/10 03:17:16.377, 0 %, 0 MiB, 81920 MiB
2026/06/10 03:17:21.378, 0 %, 531 MiB, 81920 MiB
2026/06/10 03:17:21.378, 0 %, 0 MiB, 81920 MiB
2026/06/10 03:17:26.379, 0 %, 531 MiB, 81920 MiB
2026/06/10 03:17:26.379, 0 %, 0 MiB, 81920 MiB
2026/06/10 03:17:31.380, 0 %, 531 MiB, 81920 MiB
2026/06/10 03:17:31.380, 0 %, 0 MiB, 81920 MiB
2026/06/10 03:17:36.381, 0 %, 531 MiB, 81920 MiB
2026/06/10 03:17:36.381, 0 %, 0 MiB, 81920 MiB
2026/06/10 03:17:41.381, 0 %, 531 MiB, 81920 MiB
2026/06/10 03:17:41.382, 0 %, 0 MiB, 81920 MiB
2026/06/10 03:17:46.382, 0 %, 531 MiB, 81920 MiB
2026/06/10 03:17:46.383, 0 %, 0 MiB, 81920 MiB
2026/06/10 03:17:51.383, 0 %, 531 MiB, 81920 MiB
2026/06/10 03:17:51.383, 0 %, 0 MiB, 81920 MiB
2026/06/10 03:17:56.384, 0 %, 531 MiB, 81920 MiB
2026/06/10 03:17:56.384, 0 %, 0 MiB, 81920 MiB
2026/06/10 03:18:01.385, 0 %, 531 MiB, 81920 MiB
2026/06/10 03:18:01.385, 0 %, 0 MiB, 81920 MiB
2026/06/10 03:18:06.386, 0 %, 531 MiB, 81920 MiB
2026/06/10 03:18:06.386, 0 %, 0 MiB, 81920 MiB
2026/06/10 03:18:11.387, 0 %, 531 MiB, 81920 MiB
2026/06/10 03:18:11.387, 0 %, 0 MiB, 81920 MiB
2026/06/10 03:18:16.388, 0 %, 531 MiB, 81920 MiB
2026/06/10 03:18:16.388, 0 %, 0 MiB, 81920 MiB
2026/06/10 03:18:21.389, 0 %, 531 MiB, 81920 MiB
2026/06/10 03:18:21.389, 0 %, 0 MiB, 81920 MiB
2026/06/10 03:18:26.390, 0 %, 531 MiB, 81920 MiB
2026/06/10 03:18:26.390, 0 %, 0 MiB, 81920 MiB
2026/06/10 03:18:31.391, 0 %, 531 MiB, 81920 MiB
2026/06/10 03:18:31.391, 0 %, 0 MiB, 81920 MiB
2026/06/10 03:18:36.392, 0 %, 531 MiB, 81920 MiB
2026/06/10 03:18:36.392, 0 %, 0 MiB, 81920 MiB
2026/06/10 03:18:41.393, 0 %, 531 MiB, 81920 MiB
2026/06/10 03:18:41.394, 0 %, 0 MiB, 81920 MiB
2026/06/10 03:18:46.395, 0 %, 531 MiB, 81920 MiB
2026/06/10 03:18:46.395, 0 %, 0 MiB, 81920 MiB
2026/06/10 03:18:51.396, 0 %, 531 MiB, 81920 MiB
2026/06/10 03:18:51.396, 0 %, 0 MiB, 81920 MiB
2026/06/10 03:18:56.397, 0 %, 531 MiB, 81920 MiB
2026/06/10 03:18:56.397, 0 %, 0 MiB, 81920 MiB
2026/06/10 03:19:01.398, 0 %, 531 MiB, 81920 MiB
2026/06/10 03:19:01.398, 0 %, 0 MiB, 81920 MiB
2026/06/10 03:19:06.399, 0 %, 531 MiB, 81920 MiB
2026/06/10 03:19:06.399, 0 %, 0 MiB, 81920 MiB
2026/06/10 03:19:11.400, 0 %, 531 MiB, 81920 MiB
2026/06/10 03:19:11.400, 0 %, 0 MiB, 81920 MiB
2026/06/10 03:19:16.401, 0 %, 531 MiB, 81920 MiB
2026/06/10 03:19:16.401, 0 %, 0 MiB, 81920 MiB
2026/06/10 03:19:21.402, 0 %, 531 MiB, 81920 MiB
2026/06/10 03:19:21.402, 0 %, 0 MiB, 81920 MiB
2026/06/10 03:19:26.403, 0 %, 531 MiB, 81920 MiB
2026/06/10 03:19:26.403, 0 %, 0 MiB, 81920 MiB
2026/06/10 03:19:31.404, 0 %, 531 MiB, 81920 MiB
2026/06/10 03:19:31.404, 0 %, 0 MiB, 81920 MiB
2026/06/10 03:19:36.405, 0 %, 531 MiB, 81920 MiB
2026/06/10 03:19:36.405, 0 %, 0 MiB, 81920 MiB
2026/06/10 03:19:41.406, 0 %, 531 MiB, 81920 MiB
2026/06/10 03:19:41.406, 0 %, 0 MiB, 81920 MiB
2026/06/10 03:19:46.407, 0 %, 531 MiB, 81920 MiB
2026/06/10 03:19:46.407, 0 %, 0 MiB, 81920 MiB
2026/06/10 03:19:51.408, 0 %, 531 MiB, 81920 MiB
2026/06/10 03:19:51.408, 0 %, 0 MiB, 81920 MiB
2026/06/10 03:19:56.409, 0 %, 531 MiB, 81920 MiB
2026/06/10 03:19:56.409, 0 %, 0 MiB, 81920 MiB
2026/06/10 03:20:01.410, 0 %, 531 MiB, 81920 MiB
2026/06/10 03:20:01.410, 0 %, 0 MiB, 81920 MiB
2026/06/10 03:20:06.411, 0 %, 531 MiB, 81920 MiB
2026/06/10 03:20:06.411, 0 %, 0 MiB, 81920 MiB
2026/06/10 03:20:11.412, 0 %, 531 MiB, 81920 MiB
2026/06/10 03:20:11.412, 0 %, 0 MiB, 81920 MiB
2026/06/10 03:20:16.413, 0 %, 531 MiB, 81920 MiB
2026/06/10 03:20:16.413, 0 %, 0 MiB, 81920 MiB
2026/06/10 03:20:21.414, 0 %, 531 MiB, 81920 MiB
2026/06/10 03:20:21.414, 0 %, 0 MiB, 81920 MiB
2026/06/10 03:20:26.415, 0 %, 531 MiB, 81920 MiB
2026/06/10 03:20:26.415, 0 %, 0 MiB, 81920 MiB
2026/06/10 03:20:31.416, 0 %, 531 MiB, 81920 MiB
2026/06/10 03:20:31.416, 0 %, 0 MiB, 81920 MiB
2026/06/10 03:20:36.417, 0 %, 531 MiB, 81920 MiB
2026/06/10 03:20:36.417, 0 %, 0 MiB, 81920 MiB
2026/06/10 03:20:41.418, 0 %, 531 MiB, 81920 MiB
2026/06/10 03:20:41.418, 0 %, 0 MiB, 81920 MiB
2026/06/10 03:20:46.419, 0 %, 531 MiB, 81920 MiB
2026/06/10 03:20:46.419, 0 %, 0 MiB, 81920 MiB
2026/06/10 03:20:51.420, 0 %, 531 MiB, 81920 MiB
2026/06/10 03:20:51.420, 0 %, 0 MiB, 81920 MiB
2026/06/10 03:20:56.421, 0 %, 531 MiB, 81920 MiB
2026/06/10 03:20:56.421, 0 %, 0 MiB, 81920 MiB
2026/06/10 03:21:01.422, 0 %, 531 MiB, 81920 MiB
2026/06/10 03:21:01.422, 0 %, 0 MiB, 81920 MiB
2026/06/10 03:21:06.423, 0 %, 531 MiB, 81920 MiB
2026/06/10 03:21:06.423, 0 %, 0 MiB, 81920 MiB
2026/06/10 03:21:11.424, 0 %, 531 MiB, 81920 MiB
2026/06/10 03:21:11.424, 0 %, 0 MiB, 81920 MiB
2026/06/10 03:21:16.425, 0 %, 531 MiB, 81920 MiB
2026/06/10 03:21:16.425, 0 %, 0 MiB, 81920 MiB
2026/06/10 03:21:21.426, 0 %, 531 MiB, 81920 MiB
2026/06/10 03:21:21.426, 0 %, 0 MiB, 81920 MiB
2026/06/10 03:21:26.427, 0 %, 531 MiB, 81920 MiB
2026/06/10 03:21:26.427, 0 %, 0 MiB, 81920 MiB
2026/06/10 03:21:31.428, 0 %, 531 MiB, 81920 MiB
2026/06/10 03:21:31.428, 0 %, 0 MiB, 81920 MiB
2026/06/10 03:21:36.429, 0 %, 531 MiB, 81920 MiB
2026/06/10 03:21:36.429, 0 %, 0 MiB, 81920 MiB
2026/06/10 03:21:41.430, 0 %, 531 MiB, 81920 MiB
2026/06/10 03:21:41.431, 0 %, 0 MiB, 81920 MiB
2026/06/10 03:21:46.431, 0 %, 531 MiB, 81920 MiB
2026/06/10 03:21:46.432, 0 %, 0 MiB, 81920 MiB
2026/06/10 03:21:51.432, 0 %, 531 MiB, 81920 MiB
2026/06/10 03:21:51.433, 0 %, 0 MiB, 81920 MiB
2026/06/10 03:21:56.434, 0 %, 531 MiB, 81920 MiB
2026/06/10 03:21:56.434, 0 %, 0 MiB, 81920 MiB
2026/06/10 03:22:01.435, 0 %, 531 MiB, 81920 MiB
2026/06/10 03:22:01.435, 0 %, 0 MiB, 81920 MiB
2026/06/10 03:22:06.436, 0 %, 531 MiB, 81920 MiB
2026/06/10 03:22:06.436, 0 %, 0 MiB, 81920 MiB
2026/06/10 03:22:11.437, 0 %, 531 MiB, 81920 MiB
2026/06/10 03:22:11.437, 0 %, 0 MiB, 81920 MiB
2026/06/10 03:22:16.438, 0 %, 531 MiB, 81920 MiB
2026/06/10 03:22:16.438, 0 %, 0 MiB, 81920 MiB
2026/06/10 03:22:21.439, 0 %, 531 MiB, 81920 MiB
2026/06/10 03:22:21.439, 0 %, 0 MiB, 81920 MiB
2026/06/10 03:22:26.440, 0 %, 531 MiB, 81920 MiB
2026/06/10 03:22:26.440, 0 %, 0 MiB, 81920 MiB
2026/06/10 03:22:31.441, 0 %, 531 MiB, 81920 MiB
2026/06/10 03:22:31.441, 0 %, 0 MiB, 81920 MiB
2026/06/10 03:22:36.442, 0 %, 531 MiB, 81920 MiB
2026/06/10 03:22:36.442, 0 %, 0 MiB, 81920 MiB
2026/06/10 03:22:41.443, 0 %, 531 MiB, 81920 MiB
2026/06/10 03:22:41.443, 0 %, 0 MiB, 81920 MiB
2026/06/10 03:22:46.444, 0 %, 531 MiB, 81920 MiB
2026/06/10 03:22:46.444, 0 %, 0 MiB, 81920 MiB
2026/06/10 03:22:51.445, 0 %, 531 MiB, 81920 MiB
2026/06/10 03:22:51.445, 0 %, 0 MiB, 81920 MiB
2026/06/10 03:22:56.446, 0 %, 531 MiB, 81920 MiB
2026/06/10 03:22:56.446, 0 %, 0 MiB, 81920 MiB
2026/06/10 03:23:01.447, 0 %, 531 MiB, 81920 MiB
2026/06/10 03:23:01.447, 0 %, 0 MiB, 81920 MiB
2026/06/10 03:23:06.449, 0 %, 497 MiB, 81920 MiB
2026/06/10 03:23:06.449, 0 %, 0 MiB, 81920 MiB
2026/06/10 03:23:11.450, 0 %, 497 MiB, 81920 MiB
2026/06/10 03:23:11.450, 0 %, 0 MiB, 81920 MiB
2026/06/10 03:23:16.451, 0 %, 497 MiB, 81920 MiB
2026/06/10 03:23:16.452, 0 %, 0 MiB, 81920 MiB
2026/06/10 03:23:21.452, 0 %, 497 MiB, 81920 MiB
2026/06/10 03:23:21.452, 0 %, 0 MiB, 81920 MiB
2026/06/10 03:23:26.453, 0 %, 497 MiB, 81920 MiB
2026/06/10 03:23:26.453, 0 %, 0 MiB, 81920 MiB
2026/06/10 03:23:31.454, 0 %, 497 MiB, 81920 MiB
2026/06/10 03:23:31.455, 0 %, 0 MiB, 81920 MiB
2026/06/10 03:23:36.455, 0 %, 497 MiB, 81920 MiB
2026/06/10 03:23:36.455, 0 %, 0 MiB, 81920 MiB
2026/06/10 03:23:41.456, 0 %, 497 MiB, 81920 MiB
2026/06/10 03:23:41.456, 0 %, 0 MiB, 81920 MiB
2026/06/10 03:23:46.457, 0 %, 497 MiB, 81920 MiB
2026/06/10 03:23:46.457, 0 %, 0 MiB, 81920 MiB
2026/06/10 03:23:51.458, 0 %, 497 MiB, 81920 MiB
2026/06/10 03:23:51.458, 0 %, 0 MiB, 81920 MiB
2026/06/10 03:23:56.458, 0 %, 497 MiB, 81920 MiB
2026/06/10 03:23:56.458, 0 %, 0 MiB, 81920 MiB
2026/06/10 03:24:01.459, 0 %, 497 MiB, 81920 MiB
2026/06/10 03:24:01.459, 0 %, 0 MiB, 81920 MiB
2026/06/10 03:24:06.460, 0 %, 497 MiB, 81920 MiB
2026/06/10 03:24:06.460, 0 %, 0 MiB, 81920 MiB
2026/06/10 03:24:11.460, 0 %, 497 MiB, 81920 MiB
2026/06/10 03:24:11.460, 0 %, 0 MiB, 81920 MiB
2026/06/10 03:24:16.461, 0 %, 497 MiB, 81920 MiB
2026/06/10 03:24:16.461, 0 %, 0 MiB, 81920 MiB
2026/06/10 03:24:21.462, 0 %, 497 MiB, 81920 MiB
2026/06/10 03:24:21.462, 0 %, 0 MiB, 81920 MiB
2026/06/10 03:24:26.463, 0 %, 497 MiB, 81920 MiB
2026/06/10 03:24:26.463, 0 %, 0 MiB, 81920 MiB
2026/06/10 03:24:31.463, 0 %, 497 MiB, 81920 MiB
2026/06/10 03:24:31.464, 0 %, 0 MiB, 81920 MiB
2026/06/10 03:24:36.464, 0 %, 497 MiB, 81920 MiB
2026/06/10 03:24:36.464, 0 %, 0 MiB, 81920 MiB
2026/06/10 03:24:41.465, 0 %, 497 MiB, 81920 MiB
2026/06/10 03:24:41.465, 0 %, 0 MiB, 81920 MiB
2026/06/10 03:24:46.466, 0 %, 497 MiB, 81920 MiB
2026/06/10 03:24:46.466, 0 %, 0 MiB, 81920 MiB
2026/06/10 03:24:51.466, 0 %, 497 MiB, 81920 MiB
2026/06/10 03:24:51.467, 0 %, 0 MiB, 81920 MiB
2026/06/10 03:24:56.467, 0 %, 497 MiB, 81920 MiB
2026/06/10 03:24:56.467, 0 %, 0 MiB, 81920 MiB
2026/06/10 03:25:01.468, 0 %, 497 MiB, 81920 MiB
2026/06/10 03:25:01.468, 0 %, 0 MiB, 81920 MiB
2026/06/10 03:25:06.469, 0 %, 497 MiB, 81920 MiB
2026/06/10 03:25:06.469, 0 %, 0 MiB, 81920 MiB
2026/06/10 03:25:11.469, 0 %, 497 MiB, 81920 MiB
2026/06/10 03:25:11.470, 0 %, 0 MiB, 81920 MiB
2026/06/10 03:25:16.470, 0 %, 497 MiB, 81920 MiB
2026/06/10 03:25:16.470, 0 %, 0 MiB, 81920 MiB
2026/06/10 03:25:21.471, 0 %, 497 MiB, 81920 MiB
2026/06/10 03:25:21.471, 0 %, 0 MiB, 81920 MiB
2026/06/10 03:25:26.472, 0 %, 497 MiB, 81920 MiB
2026/06/10 03:25:26.472, 0 %, 0 MiB, 81920 MiB
2026/06/10 03:25:31.473, 0 %, 497 MiB, 81920 MiB
2026/06/10 03:25:31.473, 0 %, 0 MiB, 81920 MiB
2026/06/10 03:25:36.474, 0 %, 497 MiB, 81920 MiB
2026/06/10 03:25:36.474, 0 %, 0 MiB, 81920 MiB
2026/06/10 03:25:41.475, 0 %, 497 MiB, 81920 MiB
2026/06/10 03:25:41.475, 0 %, 0 MiB, 81920 MiB
2026/06/10 03:25:46.476, 0 %, 497 MiB, 81920 MiB
2026/06/10 03:25:46.476, 0 %, 0 MiB, 81920 MiB
2026/06/10 03:25:51.476, 0 %, 497 MiB, 81920 MiB
2026/06/10 03:25:51.477, 0 %, 0 MiB, 81920 MiB
2026/06/10 03:25:56.477, 0 %, 497 MiB, 81920 MiB
2026/06/10 03:25:56.477, 0 %, 0 MiB, 81920 MiB
2026/06/10 03:26:01.478, 0 %, 497 MiB, 81920 MiB
2026/06/10 03:26:01.478, 0 %, 0 MiB, 81920 MiB
2026/06/10 03:26:06.479, 0 %, 497 MiB, 81920 MiB
2026/06/10 03:26:06.479, 0 %, 0 MiB, 81920 MiB
2026/06/10 03:26:11.479, 0 %, 497 MiB, 81920 MiB
2026/06/10 03:26:11.480, 0 %, 0 MiB, 81920 MiB
2026/06/10 03:26:16.480, 0 %, 531 MiB, 81920 MiB
2026/06/10 03:26:16.480, 0 %, 0 MiB, 81920 MiB
2026/06/10 03:26:21.481, 0 %, 531 MiB, 81920 MiB
2026/06/10 03:26:21.481, 0 %, 0 MiB, 81920 MiB
2026/06/10 03:26:26.482, 0 %, 531 MiB, 81920 MiB
2026/06/10 03:26:26.482, 0 %, 0 MiB, 81920 MiB
2026/06/10 03:26:31.482, 0 %, 531 MiB, 81920 MiB
2026/06/10 03:26:31.483, 0 %, 0 MiB, 81920 MiB
2026/06/10 03:26:36.483, 0 %, 531 MiB, 81920 MiB
2026/06/10 03:26:36.483, 0 %, 0 MiB, 81920 MiB
2026/06/10 03:26:41.484, 0 %, 531 MiB, 81920 MiB
2026/06/10 03:26:41.484, 0 %, 0 MiB, 81920 MiB
2026/06/10 03:26:46.485, 0 %, 531 MiB, 81920 MiB
2026/06/10 03:26:46.485, 0 %, 0 MiB, 81920 MiB
2026/06/10 03:26:51.486, 0 %, 531 MiB, 81920 MiB
2026/06/10 03:26:51.486, 0 %, 0 MiB, 81920 MiB
2026/06/10 03:26:56.486, 0 %, 531 MiB, 81920 MiB
2026/06/10 03:26:56.486, 0 %, 0 MiB, 81920 MiB
2026/06/10 03:27:01.487, 0 %, 531 MiB, 81920 MiB
2026/06/10 03:27:01.487, 0 %, 0 MiB, 81920 MiB
2026/06/10 03:27:06.488, 0 %, 531 MiB, 81920 MiB
2026/06/10 03:27:06.488, 0 %, 0 MiB, 81920 MiB
2026/06/10 03:27:11.489, 0 %, 531 MiB, 81920 MiB
2026/06/10 03:27:11.489, 0 %, 0 MiB, 81920 MiB
2026/06/10 03:27:16.489, 0 %, 531 MiB, 81920 MiB
2026/06/10 03:27:16.489, 0 %, 0 MiB, 81920 MiB
2026/06/10 03:27:21.490, 0 %, 531 MiB, 81920 MiB
2026/06/10 03:27:21.490, 0 %, 0 MiB, 81920 MiB
2026/06/10 03:27:26.491, 0 %, 531 MiB, 81920 MiB
2026/06/10 03:27:26.491, 0 %, 0 MiB, 81920 MiB
2026/06/10 03:27:31.492, 0 %, 531 MiB, 81920 MiB
2026/06/10 03:27:31.492, 0 %, 0 MiB, 81920 MiB
2026/06/10 03:27:36.492, 0 %, 531 MiB, 81920 MiB
2026/06/10 03:27:36.493, 0 %, 0 MiB, 81920 MiB
2026/06/10 03:27:41.493, 0 %, 531 MiB, 81920 MiB
2026/06/10 03:27:41.493, 0 %, 0 MiB, 81920 MiB
2026/06/10 03:27:46.494, 0 %, 531 MiB, 81920 MiB
2026/06/10 03:27:46.494, 0 %, 0 MiB, 81920 MiB
2026/06/10 03:27:51.495, 0 %, 531 MiB, 81920 MiB
2026/06/10 03:27:51.495, 0 %, 0 MiB, 81920 MiB
2026/06/10 03:27:56.496, 0 %, 531 MiB, 81920 MiB
2026/06/10 03:27:56.496, 0 %, 0 MiB, 81920 MiB
2026/06/10 03:28:01.496, 0 %, 531 MiB, 81920 MiB
2026/06/10 03:28:01.496, 0 %, 0 MiB, 81920 MiB
2026/06/10 03:28:06.497, 0 %, 531 MiB, 81920 MiB
2026/06/10 03:28:06.497, 0 %, 0 MiB, 81920 MiB
2026/06/10 03:28:11.498, 0 %, 531 MiB, 81920 MiB
2026/06/10 03:28:11.498, 0 %, 0 MiB, 81920 MiB
2026/06/10 03:28:16.499, 0 %, 531 MiB, 81920 MiB
2026/06/10 03:28:16.499, 0 %, 0 MiB, 81920 MiB
2026/06/10 03:28:21.500, 0 %, 531 MiB, 81920 MiB
2026/06/10 03:28:21.500, 0 %, 0 MiB, 81920 MiB
2026/06/10 03:28:26.500, 0 %, 531 MiB, 81920 MiB
2026/06/10 03:28:26.501, 0 %, 0 MiB, 81920 MiB
2026/06/10 03:28:31.501, 0 %, 531 MiB, 81920 MiB
2026/06/10 03:28:31.501, 0 %, 0 MiB, 81920 MiB
2026/06/10 03:28:36.502, 0 %, 531 MiB, 81920 MiB
2026/06/10 03:28:36.502, 0 %, 0 MiB, 81920 MiB
2026/06/10 03:28:41.503, 0 %, 531 MiB, 81920 MiB
2026/06/10 03:28:41.503, 0 %, 0 MiB, 81920 MiB
2026/06/10 03:28:46.504, 0 %, 531 MiB, 81920 MiB
2026/06/10 03:28:46.504, 0 %, 0 MiB, 81920 MiB
2026/06/10 03:28:51.505, 0 %, 531 MiB, 81920 MiB
2026/06/10 03:28:51.505, 0 %, 0 MiB, 81920 MiB
2026/06/10 03:28:56.506, 0 %, 531 MiB, 81920 MiB
2026/06/10 03:28:56.506, 0 %, 0 MiB, 81920 MiB
2026/06/10 03:29:01.507, 0 %, 531 MiB, 81920 MiB
2026/06/10 03:29:01.507, 0 %, 0 MiB, 81920 MiB
2026/06/10 03:29:06.507, 0 %, 531 MiB, 81920 MiB
2026/06/10 03:29:06.508, 0 %, 0 MiB, 81920 MiB
2026/06/10 03:29:11.508, 0 %, 531 MiB, 81920 MiB
2026/06/10 03:29:11.508, 0 %, 0 MiB, 81920 MiB
2026/06/10 03:29:16.509, 0 %, 531 MiB, 81920 MiB
2026/06/10 03:29:16.509, 0 %, 0 MiB, 81920 MiB
2026/06/10 03:29:21.510, 0 %, 531 MiB, 81920 MiB
2026/06/10 03:29:21.510, 0 %, 0 MiB, 81920 MiB
2026/06/10 03:29:26.511, 0 %, 531 MiB, 81920 MiB
2026/06/10 03:29:26.511, 0 %, 0 MiB, 81920 MiB
2026/06/10 03:29:31.512, 0 %, 531 MiB, 81920 MiB
2026/06/10 03:29:31.512, 0 %, 0 MiB, 81920 MiB
2026/06/10 03:29:36.513, 0 %, 531 MiB, 81920 MiB
2026/06/10 03:29:36.513, 0 %, 0 MiB, 81920 MiB
2026/06/10 03:29:41.513, 0 %, 531 MiB, 81920 MiB
2026/06/10 03:29:41.514, 0 %, 0 MiB, 81920 MiB
2026/06/10 03:29:46.514, 0 %, 531 MiB, 81920 MiB
2026/06/10 03:29:46.514, 0 %, 0 MiB, 81920 MiB
2026/06/10 03:29:51.515, 0 %, 531 MiB, 81920 MiB
2026/06/10 03:29:51.515, 0 %, 0 MiB, 81920 MiB
2026/06/10 03:29:56.516, 0 %, 531 MiB, 81920 MiB
2026/06/10 03:29:56.516, 0 %, 0 MiB, 81920 MiB
2026/06/10 03:30:01.517, 0 %, 531 MiB, 81920 MiB
2026/06/10 03:30:01.517, 0 %, 0 MiB, 81920 MiB
2026/06/10 03:30:06.518, 0 %, 531 MiB, 81920 MiB
2026/06/10 03:30:06.518, 0 %, 0 MiB, 81920 MiB
2026/06/10 03:30:11.519, 0 %, 531 MiB, 81920 MiB
2026/06/10 03:30:11.519, 0 %, 0 MiB, 81920 MiB
2026/06/10 03:30:16.520, 0 %, 531 MiB, 81920 MiB
2026/06/10 03:30:16.520, 0 %, 0 MiB, 81920 MiB
2026/06/10 03:30:21.521, 0 %, 531 MiB, 81920 MiB
2026/06/10 03:30:21.521, 0 %, 0 MiB, 81920 MiB
2026/06/10 03:30:26.521, 0 %, 531 MiB, 81920 MiB
2026/06/10 03:30:26.522, 0 %, 0 MiB, 81920 MiB
2026/06/10 03:30:31.522, 0 %, 531 MiB, 81920 MiB
2026/06/10 03:30:31.523, 0 %, 0 MiB, 81920 MiB
2026/06/10 03:30:36.523, 0 %, 531 MiB, 81920 MiB
2026/06/10 03:30:36.523, 0 %, 0 MiB, 81920 MiB
2026/06/10 03:30:41.524, 0 %, 531 MiB, 81920 MiB
2026/06/10 03:30:41.524, 0 %, 0 MiB, 81920 MiB
2026/06/10 03:30:46.525, 0 %, 531 MiB, 81920 MiB
2026/06/10 03:30:46.525, 0 %, 0 MiB, 81920 MiB
2026/06/10 03:30:51.526, 0 %, 531 MiB, 81920 MiB
2026/06/10 03:30:51.526, 0 %, 0 MiB, 81920 MiB
2026/06/10 03:30:56.527, 0 %, 531 MiB, 81920 MiB
2026/06/10 03:30:56.527, 0 %, 0 MiB, 81920 MiB
2026/06/10 03:31:01.527, 0 %, 531 MiB, 81920 MiB
2026/06/10 03:31:01.528, 0 %, 0 MiB, 81920 MiB
2026/06/10 03:31:06.528, 0 %, 531 MiB, 81920 MiB
2026/06/10 03:31:06.528, 0 %, 0 MiB, 81920 MiB
2026/06/10 03:31:11.529, 0 %, 531 MiB, 81920 MiB
2026/06/10 03:31:11.529, 0 %, 0 MiB, 81920 MiB
2026/06/10 03:31:16.530, 0 %, 531 MiB, 81920 MiB
2026/06/10 03:31:16.530, 0 %, 0 MiB, 81920 MiB
2026/06/10 03:31:21.531, 0 %, 531 MiB, 81920 MiB
2026/06/10 03:31:21.531, 0 %, 0 MiB, 81920 MiB
2026/06/10 03:31:26.532, 0 %, 531 MiB, 81920 MiB
2026/06/10 03:31:26.532, 0 %, 0 MiB, 81920 MiB
2026/06/10 03:31:31.533, 0 %, 531 MiB, 81920 MiB
2026/06/10 03:31:31.533, 0 %, 0 MiB, 81920 MiB
2026/06/10 03:31:36.534, 0 %, 531 MiB, 81920 MiB
2026/06/10 03:31:36.534, 0 %, 0 MiB, 81920 MiB
2026/06/10 03:31:41.534, 0 %, 531 MiB, 81920 MiB
2026/06/10 03:31:41.535, 0 %, 0 MiB, 81920 MiB
2026/06/10 03:31:46.535, 0 %, 531 MiB, 81920 MiB
2026/06/10 03:31:46.535, 0 %, 0 MiB, 81920 MiB
2026/06/10 03:31:51.536, 0 %, 531 MiB, 81920 MiB
2026/06/10 03:31:51.536, 0 %, 0 MiB, 81920 MiB
2026/06/10 03:31:56.537, 0 %, 531 MiB, 81920 MiB
2026/06/10 03:31:56.537, 0 %, 0 MiB, 81920 MiB
2026/06/10 03:32:01.538, 0 %, 531 MiB, 81920 MiB
2026/06/10 03:32:01.538, 0 %, 0 MiB, 81920 MiB
2026/06/10 03:32:06.539, 0 %, 531 MiB, 81920 MiB
2026/06/10 03:32:06.539, 0 %, 0 MiB, 81920 MiB
2026/06/10 03:32:11.540, 0 %, 531 MiB, 81920 MiB
2026/06/10 03:32:11.540, 0 %, 0 MiB, 81920 MiB
2026/06/10 03:32:16.540, 0 %, 531 MiB, 81920 MiB
2026/06/10 03:32:16.540, 0 %, 0 MiB, 81920 MiB
2026/06/10 03:32:21.541, 0 %, 531 MiB, 81920 MiB
2026/06/10 03:32:21.541, 0 %, 0 MiB, 81920 MiB
2026/06/10 03:32:26.542, 0 %, 531 MiB, 81920 MiB
2026/06/10 03:32:26.542, 0 %, 0 MiB, 81920 MiB
2026/06/10 03:32:31.543, 0 %, 531 MiB, 81920 MiB
2026/06/10 03:32:31.543, 0 %, 0 MiB, 81920 MiB
2026/06/10 03:32:36.543, 0 %, 531 MiB, 81920 MiB
2026/06/10 03:32:36.544, 0 %, 0 MiB, 81920 MiB
2026/06/10 03:32:41.544, 0 %, 531 MiB, 81920 MiB
2026/06/10 03:32:41.544, 0 %, 0 MiB, 81920 MiB
2026/06/10 03:32:46.545, 0 %, 531 MiB, 81920 MiB
2026/06/10 03:32:46.545, 0 %, 0 MiB, 81920 MiB
2026/06/10 03:32:51.546, 0 %, 531 MiB, 81920 MiB
2026/06/10 03:32:51.546, 0 %, 0 MiB, 81920 MiB
2026/06/10 03:32:56.547, 0 %, 531 MiB, 81920 MiB
2026/06/10 03:32:56.547, 0 %, 0 MiB, 81920 MiB
2026/06/10 03:33:01.548, 0 %, 531 MiB, 81920 MiB
2026/06/10 03:33:01.548, 0 %, 0 MiB, 81920 MiB
2026/06/10 03:33:06.549, 0 %, 531 MiB, 81920 MiB
2026/06/10 03:33:06.549, 0 %, 0 MiB, 81920 MiB
2026/06/10 03:33:11.549, 0 %, 531 MiB, 81920 MiB
2026/06/10 03:33:11.550, 0 %, 0 MiB, 81920 MiB
2026/06/10 03:33:16.550, 0 %, 531 MiB, 81920 MiB
2026/06/10 03:33:16.550, 0 %, 0 MiB, 81920 MiB
2026/06/10 03:33:21.551, 0 %, 531 MiB, 81920 MiB
2026/06/10 03:33:21.551, 0 %, 0 MiB, 81920 MiB
2026/06/10 03:33:26.552, 0 %, 531 MiB, 81920 MiB
2026/06/10 03:33:26.552, 0 %, 0 MiB, 81920 MiB
2026/06/10 03:33:31.553, 0 %, 531 MiB, 81920 MiB
2026/06/10 03:33:31.553, 0 %, 0 MiB, 81920 MiB
2026/06/10 03:33:36.554, 0 %, 531 MiB, 81920 MiB
2026/06/10 03:33:36.554, 0 %, 0 MiB, 81920 MiB
2026/06/10 03:33:41.555, 0 %, 531 MiB, 81920 MiB
2026/06/10 03:33:41.555, 0 %, 0 MiB, 81920 MiB
2026/06/10 03:33:46.555, 0 %, 531 MiB, 81920 MiB
2026/06/10 03:33:46.556, 0 %, 0 MiB, 81920 MiB
2026/06/10 03:33:51.556, 0 %, 531 MiB, 81920 MiB
2026/06/10 03:33:51.556, 0 %, 0 MiB, 81920 MiB
2026/06/10 03:33:56.557, 0 %, 531 MiB, 81920 MiB
2026/06/10 03:33:56.557, 0 %, 0 MiB, 81920 MiB
2026/06/10 03:34:01.558, 0 %, 531 MiB, 81920 MiB
2026/06/10 03:34:01.558, 0 %, 0 MiB, 81920 MiB
2026/06/10 03:34:06.559, 0 %, 531 MiB, 81920 MiB
2026/06/10 03:34:06.559, 0 %, 0 MiB, 81920 MiB
2026/06/10 03:34:11.560, 0 %, 531 MiB, 81920 MiB
2026/06/10 03:34:11.560, 0 %, 0 MiB, 81920 MiB
2026/06/10 03:34:16.561, 0 %, 531 MiB, 81920 MiB
2026/06/10 03:34:16.561, 0 %, 0 MiB, 81920 MiB
2026/06/10 03:34:21.561, 0 %, 531 MiB, 81920 MiB
2026/06/10 03:34:21.562, 0 %, 0 MiB, 81920 MiB
2026/06/10 03:34:26.562, 0 %, 531 MiB, 81920 MiB
2026/06/10 03:34:26.562, 0 %, 0 MiB, 81920 MiB
2026/06/10 03:34:31.563, 0 %, 531 MiB, 81920 MiB
2026/06/10 03:34:31.563, 0 %, 0 MiB, 81920 MiB
2026/06/10 03:34:36.564, 0 %, 531 MiB, 81920 MiB
2026/06/10 03:34:36.564, 0 %, 0 MiB, 81920 MiB
2026/06/10 03:34:41.565, 0 %, 531 MiB, 81920 MiB
2026/06/10 03:34:41.565, 0 %, 0 MiB, 81920 MiB
2026/06/10 03:34:46.566, 0 %, 531 MiB, 81920 MiB
2026/06/10 03:34:46.566, 0 %, 0 MiB, 81920 MiB
2026/06/10 03:34:51.567, 0 %, 531 MiB, 81920 MiB
2026/06/10 03:34:51.567, 0 %, 0 MiB, 81920 MiB
2026/06/10 03:34:56.568, 0 %, 531 MiB, 81920 MiB
2026/06/10 03:34:56.568, 0 %, 0 MiB, 81920 MiB
2026/06/10 03:35:01.568, 0 %, 531 MiB, 81920 MiB
2026/06/10 03:35:01.569, 0 %, 0 MiB, 81920 MiB
2026/06/10 03:35:06.569, 0 %, 531 MiB, 81920 MiB
2026/06/10 03:35:06.569, 0 %, 0 MiB, 81920 MiB
2026/06/10 03:35:11.570, 0 %, 531 MiB, 81920 MiB
2026/06/10 03:35:11.570, 0 %, 0 MiB, 81920 MiB
2026/06/10 03:35:16.571, 0 %, 531 MiB, 81920 MiB
2026/06/10 03:35:16.571, 0 %, 0 MiB, 81920 MiB
2026/06/10 03:35:21.572, 0 %, 531 MiB, 81920 MiB
2026/06/10 03:35:21.572, 0 %, 0 MiB, 81920 MiB
2026/06/10 03:35:26.573, 0 %, 531 MiB, 81920 MiB
2026/06/10 03:35:26.573, 0 %, 0 MiB, 81920 MiB
2026/06/10 03:35:31.574, 0 %, 531 MiB, 81920 MiB
2026/06/10 03:35:31.574, 0 %, 0 MiB, 81920 MiB
2026/06/10 03:35:36.575, 0 %, 531 MiB, 81920 MiB
2026/06/10 03:35:36.575, 0 %, 0 MiB, 81920 MiB
2026/06/10 03:35:41.575, 0 %, 531 MiB, 81920 MiB
2026/06/10 03:35:41.576, 0 %, 0 MiB, 81920 MiB
2026/06/10 03:35:46.576, 0 %, 531 MiB, 81920 MiB
2026/06/10 03:35:46.576, 0 %, 0 MiB, 81920 MiB
2026/06/10 03:35:51.577, 0 %, 531 MiB, 81920 MiB
2026/06/10 03:35:51.577, 0 %, 0 MiB, 81920 MiB
2026/06/10 03:35:56.578, 0 %, 531 MiB, 81920 MiB
2026/06/10 03:35:56.578, 0 %, 0 MiB, 81920 MiB
2026/06/10 03:36:01.579, 0 %, 531 MiB, 81920 MiB
2026/06/10 03:36:01.579, 0 %, 0 MiB, 81920 MiB
2026/06/10 03:36:06.580, 0 %, 531 MiB, 81920 MiB
2026/06/10 03:36:06.580, 0 %, 0 MiB, 81920 MiB
2026/06/10 03:36:11.581, 0 %, 531 MiB, 81920 MiB
2026/06/10 03:36:11.581, 0 %, 0 MiB, 81920 MiB
2026/06/10 03:36:16.581, 0 %, 531 MiB, 81920 MiB
2026/06/10 03:36:16.581, 0 %, 0 MiB, 81920 MiB
2026/06/10 03:36:21.582, 0 %, 531 MiB, 81920 MiB
2026/06/10 03:36:21.582, 0 %, 0 MiB, 81920 MiB
2026/06/10 03:36:26.583, 0 %, 531 MiB, 81920 MiB
2026/06/10 03:36:26.583, 0 %, 0 MiB, 81920 MiB
2026/06/10 03:36:31.612, 0 %, 497 MiB, 81920 MiB
2026/06/10 03:36:31.613, 0 %, 0 MiB, 81920 MiB
2026/06/10 03:36:36.613, 0 %, 497 MiB, 81920 MiB
2026/06/10 03:36:36.613, 0 %, 0 MiB, 81920 MiB
2026/06/10 03:36:41.619, 0 %, 497 MiB, 81920 MiB
2026/06/10 03:36:41.619, 0 %, 0 MiB, 81920 MiB
2026/06/10 03:36:46.620, 0 %, 497 MiB, 81920 MiB
2026/06/10 03:36:46.620, 0 %, 0 MiB, 81920 MiB
2026/06/10 03:36:51.621, 0 %, 497 MiB, 81920 MiB
2026/06/10 03:36:51.621, 0 %, 0 MiB, 81920 MiB
2026/06/10 03:36:56.622, 0 %, 497 MiB, 81920 MiB
2026/06/10 03:36:56.622, 0 %, 0 MiB, 81920 MiB
2026/06/10 03:37:01.623, 0 %, 497 MiB, 81920 MiB
2026/06/10 03:37:01.623, 0 %, 0 MiB, 81920 MiB
2026/06/10 03:37:06.624, 0 %, 497 MiB, 81920 MiB
2026/06/10 03:37:06.624, 0 %, 0 MiB, 81920 MiB
2026/06/10 03:37:11.624, 0 %, 497 MiB, 81920 MiB
2026/06/10 03:37:11.625, 0 %, 0 MiB, 81920 MiB
2026/06/10 03:37:16.625, 0 %, 497 MiB, 81920 MiB
2026/06/10 03:37:16.625, 0 %, 0 MiB, 81920 MiB
2026/06/10 03:37:21.626, 0 %, 497 MiB, 81920 MiB
2026/06/10 03:37:21.627, 0 %, 0 MiB, 81920 MiB
2026/06/10 03:37:26.627, 0 %, 497 MiB, 81920 MiB
2026/06/10 03:37:26.627, 0 %, 0 MiB, 81920 MiB
2026/06/10 03:37:31.628, 0 %, 497 MiB, 81920 MiB
2026/06/10 03:37:31.628, 0 %, 0 MiB, 81920 MiB
2026/06/10 03:37:36.629, 0 %, 497 MiB, 81920 MiB
2026/06/10 03:37:36.629, 0 %, 0 MiB, 81920 MiB
2026/06/10 03:37:41.630, 0 %, 497 MiB, 81920 MiB
2026/06/10 03:37:41.630, 0 %, 0 MiB, 81920 MiB
2026/06/10 03:37:46.630, 0 %, 497 MiB, 81920 MiB
2026/06/10 03:37:46.630, 0 %, 0 MiB, 81920 MiB
2026/06/10 03:37:51.631, 0 %, 497 MiB, 81920 MiB
2026/06/10 03:37:51.631, 0 %, 0 MiB, 81920 MiB
2026/06/10 03:37:56.632, 0 %, 497 MiB, 81920 MiB
2026/06/10 03:37:56.632, 0 %, 0 MiB, 81920 MiB
2026/06/10 03:38:01.633, 0 %, 497 MiB, 81920 MiB
2026/06/10 03:38:01.633, 0 %, 0 MiB, 81920 MiB
2026/06/10 03:38:06.633, 0 %, 497 MiB, 81920 MiB
2026/06/10 03:38:06.634, 0 %, 0 MiB, 81920 MiB
2026/06/10 03:38:11.634, 0 %, 497 MiB, 81920 MiB
2026/06/10 03:38:11.634, 0 %, 0 MiB, 81920 MiB
2026/06/10 03:38:16.635, 0 %, 497 MiB, 81920 MiB
2026/06/10 03:38:16.635, 0 %, 0 MiB, 81920 MiB
2026/06/10 03:38:21.636, 0 %, 497 MiB, 81920 MiB
2026/06/10 03:38:21.636, 0 %, 0 MiB, 81920 MiB
2026/06/10 03:38:26.636, 0 %, 497 MiB, 81920 MiB
2026/06/10 03:38:26.637, 0 %, 0 MiB, 81920 MiB
2026/06/10 03:38:31.637, 0 %, 497 MiB, 81920 MiB
2026/06/10 03:38:31.637, 0 %, 0 MiB, 81920 MiB
2026/06/10 03:38:36.638, 0 %, 497 MiB, 81920 MiB
2026/06/10 03:38:36.638, 0 %, 0 MiB, 81920 MiB
2026/06/10 03:38:41.639, 0 %, 497 MiB, 81920 MiB
2026/06/10 03:38:41.639, 0 %, 0 MiB, 81920 MiB
2026/06/10 03:38:46.639, 0 %, 497 MiB, 81920 MiB
2026/06/10 03:38:46.639, 0 %, 0 MiB, 81920 MiB
2026/06/10 03:38:51.640, 0 %, 497 MiB, 81920 MiB
2026/06/10 03:38:51.640, 0 %, 0 MiB, 81920 MiB
2026/06/10 03:38:56.641, 0 %, 497 MiB, 81920 MiB
2026/06/10 03:38:56.641, 0 %, 0 MiB, 81920 MiB
2026/06/10 03:39:01.641, 0 %, 497 MiB, 81920 MiB
2026/06/10 03:39:01.642, 0 %, 0 MiB, 81920 MiB
2026/06/10 03:39:06.642, 0 %, 497 MiB, 81920 MiB
2026/06/10 03:39:06.642, 0 %, 0 MiB, 81920 MiB
2026/06/10 03:39:11.643, 0 %, 497 MiB, 81920 MiB
2026/06/10 03:39:11.643, 0 %, 0 MiB, 81920 MiB
2026/06/10 03:39:16.644, 0 %, 497 MiB, 81920 MiB
2026/06/10 03:39:16.644, 0 %, 0 MiB, 81920 MiB
2026/06/10 03:39:21.645, 0 %, 497 MiB, 81920 MiB
2026/06/10 03:39:21.645, 0 %, 0 MiB, 81920 MiB
2026/06/10 03:39:26.646, 0 %, 497 MiB, 81920 MiB
2026/06/10 03:39:26.646, 0 %, 0 MiB, 81920 MiB
2026/06/10 03:39:31.647, 0 %, 497 MiB, 81920 MiB
2026/06/10 03:39:31.647, 0 %, 0 MiB, 81920 MiB
2026/06/10 03:39:36.647, 0 %, 497 MiB, 81920 MiB
2026/06/10 03:39:36.648, 0 %, 0 MiB, 81920 MiB
2026/06/10 03:39:41.648, 8 %, 567 MiB, 81920 MiB
2026/06/10 03:39:41.648, 0 %, 0 MiB, 81920 MiB
2026/06/10 03:39:46.649, 0 %, 531 MiB, 81920 MiB
2026/06/10 03:39:46.649, 0 %, 0 MiB, 81920 MiB
2026/06/10 03:39:51.649, 0 %, 531 MiB, 81920 MiB
2026/06/10 03:39:51.650, 0 %, 0 MiB, 81920 MiB
2026/06/10 03:39:56.650, 0 %, 531 MiB, 81920 MiB
2026/06/10 03:39:56.650, 0 %, 0 MiB, 81920 MiB
2026/06/10 03:40:01.651, 0 %, 531 MiB, 81920 MiB
2026/06/10 03:40:01.651, 0 %, 0 MiB, 81920 MiB
2026/06/10 03:40:06.651, 0 %, 531 MiB, 81920 MiB
2026/06/10 03:40:06.651, 0 %, 0 MiB, 81920 MiB
2026/06/10 03:40:11.652, 0 %, 531 MiB, 81920 MiB
2026/06/10 03:40:11.652, 0 %, 0 MiB, 81920 MiB
2026/06/10 03:40:16.653, 0 %, 531 MiB, 81920 MiB
2026/06/10 03:40:16.653, 0 %, 0 MiB, 81920 MiB
2026/06/10 03:40:21.653, 0 %, 531 MiB, 81920 MiB
2026/06/10 03:40:21.653, 0 %, 0 MiB, 81920 MiB
2026/06/10 03:40:26.654, 0 %, 531 MiB, 81920 MiB
2026/06/10 03:40:26.654, 0 %, 0 MiB, 81920 MiB
2026/06/10 03:40:31.654, 0 %, 531 MiB, 81920 MiB
2026/06/10 03:40:31.655, 0 %, 0 MiB, 81920 MiB
2026/06/10 03:40:36.655, 0 %, 531 MiB, 81920 MiB
2026/06/10 03:40:36.655, 0 %, 0 MiB, 81920 MiB
2026/06/10 03:40:41.656, 0 %, 531 MiB, 81920 MiB
2026/06/10 03:40:41.656, 0 %, 0 MiB, 81920 MiB
2026/06/10 03:40:46.656, 0 %, 531 MiB, 81920 MiB
2026/06/10 03:40:46.657, 0 %, 0 MiB, 81920 MiB
2026/06/10 03:40:51.657, 0 %, 531 MiB, 81920 MiB
2026/06/10 03:40:51.657, 0 %, 0 MiB, 81920 MiB
2026/06/10 03:40:56.658, 0 %, 531 MiB, 81920 MiB
2026/06/10 03:40:56.658, 0 %, 0 MiB, 81920 MiB
2026/06/10 03:41:01.658, 0 %, 531 MiB, 81920 MiB
2026/06/10 03:41:01.659, 0 %, 0 MiB, 81920 MiB
2026/06/10 03:41:06.659, 0 %, 531 MiB, 81920 MiB
2026/06/10 03:41:06.659, 0 %, 0 MiB, 81920 MiB
2026/06/10 03:41:11.660, 0 %, 531 MiB, 81920 MiB
2026/06/10 03:41:11.660, 0 %, 0 MiB, 81920 MiB
2026/06/10 03:41:16.660, 0 %, 531 MiB, 81920 MiB
2026/06/10 03:41:16.660, 0 %, 0 MiB, 81920 MiB
2026/06/10 03:41:21.661, 0 %, 531 MiB, 81920 MiB
2026/06/10 03:41:21.661, 0 %, 0 MiB, 81920 MiB
2026/06/10 03:41:26.662, 0 %, 531 MiB, 81920 MiB
2026/06/10 03:41:26.662, 0 %, 0 MiB, 81920 MiB
2026/06/10 03:41:31.662, 0 %, 531 MiB, 81920 MiB
2026/06/10 03:41:31.662, 0 %, 0 MiB, 81920 MiB
2026/06/10 03:41:36.663, 0 %, 531 MiB, 81920 MiB
2026/06/10 03:41:36.663, 0 %, 0 MiB, 81920 MiB
2026/06/10 03:41:41.664, 0 %, 531 MiB, 81920 MiB
2026/06/10 03:41:41.664, 0 %, 0 MiB, 81920 MiB
2026/06/10 03:41:46.664, 0 %, 531 MiB, 81920 MiB
2026/06/10 03:41:46.664, 0 %, 0 MiB, 81920 MiB
2026/06/10 03:41:51.665, 0 %, 531 MiB, 81920 MiB
2026/06/10 03:41:51.665, 0 %, 0 MiB, 81920 MiB
2026/06/10 03:41:56.665, 0 %, 531 MiB, 81920 MiB
2026/06/10 03:41:56.666, 0 %, 0 MiB, 81920 MiB
2026/06/10 03:42:01.666, 0 %, 531 MiB, 81920 MiB
2026/06/10 03:42:01.666, 0 %, 0 MiB, 81920 MiB
2026/06/10 03:42:06.667, 0 %, 531 MiB, 81920 MiB
2026/06/10 03:42:06.667, 0 %, 0 MiB, 81920 MiB
2026/06/10 03:42:11.667, 0 %, 531 MiB, 81920 MiB
2026/06/10 03:42:11.667, 0 %, 0 MiB, 81920 MiB
2026/06/10 03:42:16.668, 0 %, 531 MiB, 81920 MiB
2026/06/10 03:42:16.668, 0 %, 0 MiB, 81920 MiB
2026/06/10 03:42:21.669, 0 %, 531 MiB, 81920 MiB
2026/06/10 03:42:21.669, 0 %, 0 MiB, 81920 MiB
2026/06/10 03:42:26.669, 0 %, 531 MiB, 81920 MiB
2026/06/10 03:42:26.670, 0 %, 0 MiB, 81920 MiB
2026/06/10 03:42:31.670, 0 %, 531 MiB, 81920 MiB
2026/06/10 03:42:31.670, 0 %, 0 MiB, 81920 MiB
2026/06/10 03:42:36.671, 0 %, 531 MiB, 81920 MiB
2026/06/10 03:42:36.671, 0 %, 0 MiB, 81920 MiB
2026/06/10 03:42:41.671, 0 %, 531 MiB, 81920 MiB
2026/06/10 03:42:41.671, 0 %, 0 MiB, 81920 MiB
2026/06/10 03:42:46.672, 0 %, 531 MiB, 81920 MiB
2026/06/10 03:42:46.672, 0 %, 0 MiB, 81920 MiB
2026/06/10 03:42:51.673, 0 %, 531 MiB, 81920 MiB
2026/06/10 03:42:51.673, 0 %, 0 MiB, 81920 MiB
2026/06/10 03:42:56.673, 0 %, 531 MiB, 81920 MiB
2026/06/10 03:42:56.673, 0 %, 0 MiB, 81920 MiB
2026/06/10 03:43:01.674, 0 %, 531 MiB, 81920 MiB
2026/06/10 03:43:01.674, 0 %, 0 MiB, 81920 MiB
2026/06/10 03:43:06.674, 0 %, 531 MiB, 81920 MiB
2026/06/10 03:43:06.675, 0 %, 0 MiB, 81920 MiB
2026/06/10 03:43:11.675, 0 %, 531 MiB, 81920 MiB
2026/06/10 03:43:11.675, 0 %, 0 MiB, 81920 MiB
2026/06/10 03:43:16.676, 0 %, 531 MiB, 81920 MiB
2026/06/10 03:43:16.676, 0 %, 0 MiB, 81920 MiB
2026/06/10 03:43:21.676, 0 %, 531 MiB, 81920 MiB
2026/06/10 03:43:21.676, 0 %, 0 MiB, 81920 MiB
2026/06/10 03:43:26.677, 0 %, 531 MiB, 81920 MiB
2026/06/10 03:43:26.677, 0 %, 0 MiB, 81920 MiB
2026/06/10 03:43:31.678, 0 %, 531 MiB, 81920 MiB
2026/06/10 03:43:31.678, 0 %, 0 MiB, 81920 MiB
2026/06/10 03:43:36.678, 0 %, 531 MiB, 81920 MiB
2026/06/10 03:43:36.678, 0 %, 0 MiB, 81920 MiB
2026/06/10 03:43:41.679, 0 %, 531 MiB, 81920 MiB
2026/06/10 03:43:41.679, 0 %, 0 MiB, 81920 MiB
2026/06/10 03:43:46.680, 0 %, 531 MiB, 81920 MiB
2026/06/10 03:43:46.680, 0 %, 0 MiB, 81920 MiB
2026/06/10 03:43:51.680, 0 %, 531 MiB, 81920 MiB
2026/06/10 03:43:51.680, 0 %, 0 MiB, 81920 MiB
2026/06/10 03:43:56.681, 0 %, 531 MiB, 81920 MiB
2026/06/10 03:43:56.681, 0 %, 0 MiB, 81920 MiB
2026/06/10 03:44:01.682, 0 %, 531 MiB, 81920 MiB
2026/06/10 03:44:01.682, 0 %, 0 MiB, 81920 MiB
2026/06/10 03:44:06.682, 0 %, 531 MiB, 81920 MiB
2026/06/10 03:44:06.682, 0 %, 0 MiB, 81920 MiB
2026/06/10 03:44:11.683, 0 %, 531 MiB, 81920 MiB
2026/06/10 03:44:11.683, 0 %, 0 MiB, 81920 MiB
2026/06/10 03:44:16.683, 0 %, 531 MiB, 81920 MiB
2026/06/10 03:44:16.683, 0 %, 0 MiB, 81920 MiB
2026/06/10 03:44:21.684, 0 %, 531 MiB, 81920 MiB
2026/06/10 03:44:21.684, 0 %, 0 MiB, 81920 MiB
2026/06/10 03:44:26.685, 0 %, 531 MiB, 81920 MiB
2026/06/10 03:44:26.685, 0 %, 0 MiB, 81920 MiB
2026/06/10 03:44:31.685, 0 %, 531 MiB, 81920 MiB
2026/06/10 03:44:31.685, 0 %, 0 MiB, 81920 MiB
2026/06/10 03:44:36.686, 0 %, 531 MiB, 81920 MiB
2026/06/10 03:44:36.686, 0 %, 0 MiB, 81920 MiB
2026/06/10 03:44:41.686, 0 %, 531 MiB, 81920 MiB
2026/06/10 03:44:41.686, 0 %, 0 MiB, 81920 MiB
2026/06/10 03:44:46.687, 0 %, 531 MiB, 81920 MiB
2026/06/10 03:44:46.687, 0 %, 0 MiB, 81920 MiB
2026/06/10 03:44:51.688, 0 %, 531 MiB, 81920 MiB
2026/06/10 03:44:51.688, 0 %, 0 MiB, 81920 MiB
2026/06/10 03:44:56.688, 0 %, 531 MiB, 81920 MiB
2026/06/10 03:44:56.688, 0 %, 0 MiB, 81920 MiB
2026/06/10 03:45:01.689, 0 %, 531 MiB, 81920 MiB
2026/06/10 03:45:01.689, 0 %, 0 MiB, 81920 MiB
2026/06/10 03:45:06.689, 0 %, 531 MiB, 81920 MiB
2026/06/10 03:45:06.689, 0 %, 0 MiB, 81920 MiB
2026/06/10 03:45:11.690, 0 %, 531 MiB, 81920 MiB
2026/06/10 03:45:11.690, 0 %, 0 MiB, 81920 MiB
2026/06/10 03:45:16.691, 0 %, 531 MiB, 81920 MiB
2026/06/10 03:45:16.691, 0 %, 0 MiB, 81920 MiB
2026/06/10 03:45:21.691, 0 %, 531 MiB, 81920 MiB
2026/06/10 03:45:21.691, 0 %, 0 MiB, 81920 MiB
2026/06/10 03:45:26.692, 0 %, 531 MiB, 81920 MiB
2026/06/10 03:45:26.692, 0 %, 0 MiB, 81920 MiB
2026/06/10 03:45:31.693, 0 %, 531 MiB, 81920 MiB
2026/06/10 03:45:31.693, 0 %, 0 MiB, 81920 MiB
2026/06/10 03:45:36.693, 0 %, 531 MiB, 81920 MiB
2026/06/10 03:45:36.693, 0 %, 0 MiB, 81920 MiB
2026/06/10 03:45:41.694, 0 %, 531 MiB, 81920 MiB
2026/06/10 03:45:41.694, 0 %, 0 MiB, 81920 MiB
2026/06/10 03:45:46.694, 0 %, 531 MiB, 81920 MiB
2026/06/10 03:45:46.695, 0 %, 0 MiB, 81920 MiB
2026/06/10 03:45:51.695, 0 %, 531 MiB, 81920 MiB
2026/06/10 03:45:51.695, 0 %, 0 MiB, 81920 MiB
2026/06/10 03:45:56.696, 0 %, 531 MiB, 81920 MiB
2026/06/10 03:45:56.696, 0 %, 0 MiB, 81920 MiB
2026/06/10 03:46:01.696, 0 %, 531 MiB, 81920 MiB
2026/06/10 03:46:01.696, 0 %, 0 MiB, 81920 MiB
2026/06/10 03:46:06.697, 0 %, 531 MiB, 81920 MiB
2026/06/10 03:46:06.697, 0 %, 0 MiB, 81920 MiB
2026/06/10 03:46:11.698, 0 %, 531 MiB, 81920 MiB
2026/06/10 03:46:11.698, 0 %, 0 MiB, 81920 MiB
2026/06/10 03:46:16.698, 0 %, 531 MiB, 81920 MiB
2026/06/10 03:46:16.698, 0 %, 0 MiB, 81920 MiB
2026/06/10 03:46:21.699, 0 %, 531 MiB, 81920 MiB
2026/06/10 03:46:21.699, 0 %, 0 MiB, 81920 MiB
2026/06/10 03:46:26.699, 0 %, 531 MiB, 81920 MiB
2026/06/10 03:46:26.700, 0 %, 0 MiB, 81920 MiB
2026/06/10 03:46:31.700, 0 %, 531 MiB, 81920 MiB
2026/06/10 03:46:31.700, 0 %, 0 MiB, 81920 MiB
2026/06/10 03:46:36.701, 0 %, 531 MiB, 81920 MiB
2026/06/10 03:46:36.701, 0 %, 0 MiB, 81920 MiB
2026/06/10 03:46:41.702, 0 %, 531 MiB, 81920 MiB
2026/06/10 03:46:41.702, 0 %, 0 MiB, 81920 MiB
2026/06/10 03:46:46.702, 0 %, 531 MiB, 81920 MiB
2026/06/10 03:46:46.702, 0 %, 0 MiB, 81920 MiB
2026/06/10 03:46:51.703, 0 %, 531 MiB, 81920 MiB
2026/06/10 03:46:51.703, 0 %, 0 MiB, 81920 MiB
2026/06/10 03:46:56.704, 0 %, 531 MiB, 81920 MiB
2026/06/10 03:46:56.704, 0 %, 0 MiB, 81920 MiB
2026/06/10 03:47:01.704, 0 %, 531 MiB, 81920 MiB
2026/06/10 03:47:01.704, 0 %, 0 MiB, 81920 MiB
2026/06/10 03:47:06.705, 0 %, 531 MiB, 81920 MiB
2026/06/10 03:47:06.705, 0 %, 0 MiB, 81920 MiB
2026/06/10 03:47:11.705, 0 %, 531 MiB, 81920 MiB
2026/06/10 03:47:11.705, 0 %, 0 MiB, 81920 MiB
2026/06/10 03:47:16.706, 0 %, 531 MiB, 81920 MiB
2026/06/10 03:47:16.706, 0 %, 0 MiB, 81920 MiB
2026/06/10 03:47:21.707, 0 %, 531 MiB, 81920 MiB
2026/06/10 03:47:21.707, 0 %, 0 MiB, 81920 MiB
2026/06/10 03:47:26.707, 0 %, 531 MiB, 81920 MiB
2026/06/10 03:47:26.707, 0 %, 0 MiB, 81920 MiB
2026/06/10 03:47:31.708, 0 %, 531 MiB, 81920 MiB
2026/06/10 03:47:31.708, 0 %, 0 MiB, 81920 MiB
2026/06/10 03:47:36.708, 0 %, 531 MiB, 81920 MiB
2026/06/10 03:47:36.709, 0 %, 0 MiB, 81920 MiB
2026/06/10 03:47:41.709, 0 %, 531 MiB, 81920 MiB
2026/06/10 03:47:41.709, 0 %, 0 MiB, 81920 MiB
2026/06/10 03:47:46.710, 0 %, 531 MiB, 81920 MiB
2026/06/10 03:47:46.710, 0 %, 0 MiB, 81920 MiB
2026/06/10 03:47:51.710, 0 %, 531 MiB, 81920 MiB
2026/06/10 03:47:51.711, 0 %, 0 MiB, 81920 MiB
2026/06/10 03:47:56.711, 0 %, 531 MiB, 81920 MiB
2026/06/10 03:47:56.711, 0 %, 0 MiB, 81920 MiB
2026/06/10 03:48:01.712, 0 %, 531 MiB, 81920 MiB
2026/06/10 03:48:01.712, 0 %, 0 MiB, 81920 MiB
2026/06/10 03:48:06.712, 0 %, 531 MiB, 81920 MiB
2026/06/10 03:48:06.712, 0 %, 0 MiB, 81920 MiB
2026/06/10 03:48:11.713, 0 %, 531 MiB, 81920 MiB
2026/06/10 03:48:11.713, 0 %, 0 MiB, 81920 MiB
2026/06/10 03:48:16.714, 0 %, 531 MiB, 81920 MiB
2026/06/10 03:48:16.714, 0 %, 0 MiB, 81920 MiB
2026/06/10 03:48:21.714, 0 %, 531 MiB, 81920 MiB
2026/06/10 03:48:21.714, 0 %, 0 MiB, 81920 MiB
2026/06/10 03:48:26.715, 0 %, 531 MiB, 81920 MiB
2026/06/10 03:48:26.715, 0 %, 0 MiB, 81920 MiB
2026/06/10 03:48:31.716, 0 %, 531 MiB, 81920 MiB
2026/06/10 03:48:31.716, 0 %, 0 MiB, 81920 MiB
2026/06/10 03:48:36.716, 0 %, 531 MiB, 81920 MiB
2026/06/10 03:48:36.716, 0 %, 0 MiB, 81920 MiB
2026/06/10 03:48:41.717, 0 %, 531 MiB, 81920 MiB
2026/06/10 03:48:41.717, 0 %, 0 MiB, 81920 MiB
2026/06/10 03:48:46.718, 0 %, 531 MiB, 81920 MiB
2026/06/10 03:48:46.718, 0 %, 0 MiB, 81920 MiB
2026/06/10 03:48:51.718, 0 %, 531 MiB, 81920 MiB
2026/06/10 03:48:51.718, 0 %, 0 MiB, 81920 MiB
2026/06/10 03:48:56.719, 0 %, 531 MiB, 81920 MiB
2026/06/10 03:48:56.719, 0 %, 0 MiB, 81920 MiB
2026/06/10 03:49:01.720, 0 %, 531 MiB, 81920 MiB
2026/06/10 03:49:01.720, 0 %, 0 MiB, 81920 MiB
2026/06/10 03:49:06.720, 0 %, 531 MiB, 81920 MiB
2026/06/10 03:49:06.720, 0 %, 0 MiB, 81920 MiB
2026/06/10 03:49:11.721, 0 %, 531 MiB, 81920 MiB
2026/06/10 03:49:11.721, 0 %, 0 MiB, 81920 MiB
2026/06/10 03:49:16.722, 0 %, 531 MiB, 81920 MiB
2026/06/10 03:49:16.722, 0 %, 0 MiB, 81920 MiB
2026/06/10 03:49:21.722, 0 %, 531 MiB, 81920 MiB
2026/06/10 03:49:21.722, 0 %, 0 MiB, 81920 MiB
2026/06/10 03:49:26.723, 0 %, 531 MiB, 81920 MiB
2026/06/10 03:49:26.723, 0 %, 0 MiB, 81920 MiB
2026/06/10 03:49:31.723, 0 %, 531 MiB, 81920 MiB
2026/06/10 03:49:31.723, 0 %, 0 MiB, 81920 MiB
2026/06/10 03:49:36.724, 0 %, 531 MiB, 81920 MiB
2026/06/10 03:49:36.724, 0 %, 0 MiB, 81920 MiB
2026/06/10 03:49:41.725, 0 %, 531 MiB, 81920 MiB
2026/06/10 03:49:41.725, 0 %, 0 MiB, 81920 MiB
2026/06/10 03:49:46.725, 0 %, 531 MiB, 81920 MiB
2026/06/10 03:49:46.725, 0 %, 0 MiB, 81920 MiB
2026/06/10 03:49:51.726, 0 %, 531 MiB, 81920 MiB
2026/06/10 03:49:51.726, 0 %, 0 MiB, 81920 MiB
2026/06/10 03:49:56.727, 0 %, 531 MiB, 81920 MiB
2026/06/10 03:49:56.727, 0 %, 0 MiB, 81920 MiB
2026/06/10 03:50:01.727, 0 %, 497 MiB, 81920 MiB
2026/06/10 03:50:01.727, 0 %, 0 MiB, 81920 MiB
2026/06/10 03:50:06.729, 0 %, 497 MiB, 81920 MiB
2026/06/10 03:50:06.729, 0 %, 0 MiB, 81920 MiB
2026/06/10 03:50:11.730, 0 %, 497 MiB, 81920 MiB
2026/06/10 03:50:11.730, 0 %, 0 MiB, 81920 MiB
2026/06/10 03:50:16.731, 0 %, 497 MiB, 81920 MiB
2026/06/10 03:50:16.731, 0 %, 0 MiB, 81920 MiB
2026/06/10 03:50:21.732, 0 %, 497 MiB, 81920 MiB
2026/06/10 03:50:21.732, 0 %, 0 MiB, 81920 MiB
2026/06/10 03:50:26.733, 0 %, 497 MiB, 81920 MiB
2026/06/10 03:50:26.733, 0 %, 0 MiB, 81920 MiB
2026/06/10 03:50:31.734, 0 %, 497 MiB, 81920 MiB
2026/06/10 03:50:31.735, 0 %, 0 MiB, 81920 MiB
2026/06/10 03:50:36.735, 0 %, 497 MiB, 81920 MiB
2026/06/10 03:50:36.735, 0 %, 0 MiB, 81920 MiB
2026/06/10 03:50:41.736, 0 %, 497 MiB, 81920 MiB
2026/06/10 03:50:41.736, 0 %, 0 MiB, 81920 MiB
2026/06/10 03:50:46.737, 0 %, 497 MiB, 81920 MiB
2026/06/10 03:50:46.737, 0 %, 0 MiB, 81920 MiB
2026/06/10 03:50:51.737, 0 %, 497 MiB, 81920 MiB
2026/06/10 03:50:51.737, 0 %, 0 MiB, 81920 MiB
2026/06/10 03:50:56.738, 0 %, 497 MiB, 81920 MiB
2026/06/10 03:50:56.738, 0 %, 0 MiB, 81920 MiB
2026/06/10 03:51:01.739, 0 %, 497 MiB, 81920 MiB
2026/06/10 03:51:01.739, 0 %, 0 MiB, 81920 MiB
2026/06/10 03:51:06.740, 0 %, 497 MiB, 81920 MiB
2026/06/10 03:51:06.741, 0 %, 0 MiB, 81920 MiB
2026/06/10 03:51:11.741, 0 %, 497 MiB, 81920 MiB
2026/06/10 03:51:11.742, 0 %, 0 MiB, 81920 MiB
2026/06/10 03:51:16.743, 0 %, 497 MiB, 81920 MiB
2026/06/10 03:51:16.743, 0 %, 0 MiB, 81920 MiB
2026/06/10 03:51:21.744, 0 %, 497 MiB, 81920 MiB
2026/06/10 03:51:21.744, 0 %, 0 MiB, 81920 MiB
2026/06/10 03:51:26.745, 0 %, 497 MiB, 81920 MiB
2026/06/10 03:51:26.745, 0 %, 0 MiB, 81920 MiB
2026/06/10 03:51:31.746, 0 %, 497 MiB, 81920 MiB
2026/06/10 03:51:31.746, 0 %, 0 MiB, 81920 MiB
2026/06/10 03:51:36.747, 0 %, 497 MiB, 81920 MiB
2026/06/10 03:51:36.747, 0 %, 0 MiB, 81920 MiB
2026/06/10 03:51:41.748, 0 %, 497 MiB, 81920 MiB
2026/06/10 03:51:41.748, 0 %, 0 MiB, 81920 MiB
2026/06/10 03:51:46.749, 0 %, 497 MiB, 81920 MiB
2026/06/10 03:51:46.749, 0 %, 0 MiB, 81920 MiB
2026/06/10 03:51:51.750, 0 %, 497 MiB, 81920 MiB
2026/06/10 03:51:51.750, 0 %, 0 MiB, 81920 MiB
2026/06/10 03:51:56.751, 0 %, 497 MiB, 81920 MiB
2026/06/10 03:51:56.751, 0 %, 0 MiB, 81920 MiB
2026/06/10 03:52:01.752, 0 %, 497 MiB, 81920 MiB
2026/06/10 03:52:01.752, 0 %, 0 MiB, 81920 MiB
2026/06/10 03:52:06.753, 0 %, 497 MiB, 81920 MiB
2026/06/10 03:52:06.753, 0 %, 0 MiB, 81920 MiB
2026/06/10 03:52:11.754, 0 %, 497 MiB, 81920 MiB
2026/06/10 03:52:11.754, 0 %, 0 MiB, 81920 MiB
2026/06/10 03:52:16.755, 0 %, 497 MiB, 81920 MiB
2026/06/10 03:52:16.756, 0 %, 0 MiB, 81920 MiB
2026/06/10 03:52:21.756, 0 %, 497 MiB, 81920 MiB
2026/06/10 03:52:21.757, 0 %, 0 MiB, 81920 MiB
2026/06/10 03:52:26.758, 0 %, 497 MiB, 81920 MiB
2026/06/10 03:52:26.758, 0 %, 0 MiB, 81920 MiB
2026/06/10 03:52:31.759, 0 %, 497 MiB, 81920 MiB
2026/06/10 03:52:31.759, 0 %, 0 MiB, 81920 MiB
2026/06/10 03:52:36.759, 0 %, 497 MiB, 81920 MiB
2026/06/10 03:52:36.760, 0 %, 0 MiB, 81920 MiB
2026/06/10 03:52:41.760, 0 %, 497 MiB, 81920 MiB
2026/06/10 03:52:41.761, 0 %, 0 MiB, 81920 MiB
2026/06/10 03:52:46.761, 0 %, 497 MiB, 81920 MiB
2026/06/10 03:52:46.761, 0 %, 0 MiB, 81920 MiB
2026/06/10 03:52:51.762, 0 %, 497 MiB, 81920 MiB
2026/06/10 03:52:51.762, 0 %, 0 MiB, 81920 MiB
2026/06/10 03:52:56.763, 0 %, 497 MiB, 81920 MiB
2026/06/10 03:52:56.763, 0 %, 0 MiB, 81920 MiB
2026/06/10 03:53:01.764, 0 %, 497 MiB, 81920 MiB
2026/06/10 03:53:01.764, 0 %, 0 MiB, 81920 MiB
2026/06/10 03:53:06.765, 0 %, 497 MiB, 81920 MiB
2026/06/10 03:53:06.765, 0 %, 0 MiB, 81920 MiB
2026/06/10 03:53:11.766, 0 %, 497 MiB, 81920 MiB
2026/06/10 03:53:11.766, 0 %, 0 MiB, 81920 MiB
2026/06/10 03:53:16.767, 0 %, 531 MiB, 81920 MiB
2026/06/10 03:53:16.767, 0 %, 0 MiB, 81920 MiB
2026/06/10 03:53:21.768, 0 %, 531 MiB, 81920 MiB
2026/06/10 03:53:21.768, 0 %, 0 MiB, 81920 MiB
2026/06/10 03:53:26.768, 0 %, 531 MiB, 81920 MiB
2026/06/10 03:53:26.768, 0 %, 0 MiB, 81920 MiB
2026/06/10 03:53:31.769, 0 %, 531 MiB, 81920 MiB
2026/06/10 03:53:31.769, 0 %, 0 MiB, 81920 MiB
2026/06/10 03:53:36.770, 0 %, 531 MiB, 81920 MiB
2026/06/10 03:53:36.770, 0 %, 0 MiB, 81920 MiB
2026/06/10 03:53:41.770, 0 %, 531 MiB, 81920 MiB
2026/06/10 03:53:41.770, 0 %, 0 MiB, 81920 MiB
2026/06/10 03:53:46.771, 0 %, 531 MiB, 81920 MiB
2026/06/10 03:53:46.771, 0 %, 0 MiB, 81920 MiB
2026/06/10 03:53:51.772, 0 %, 531 MiB, 81920 MiB
2026/06/10 03:53:51.772, 0 %, 0 MiB, 81920 MiB
2026/06/10 03:53:56.773, 0 %, 531 MiB, 81920 MiB
2026/06/10 03:53:56.773, 0 %, 0 MiB, 81920 MiB
2026/06/10 03:54:01.774, 0 %, 531 MiB, 81920 MiB
2026/06/10 03:54:01.774, 0 %, 0 MiB, 81920 MiB
2026/06/10 03:54:06.775, 0 %, 531 MiB, 81920 MiB
2026/06/10 03:54:06.775, 0 %, 0 MiB, 81920 MiB
2026/06/10 03:54:11.776, 0 %, 531 MiB, 81920 MiB
2026/06/10 03:54:11.776, 0 %, 0 MiB, 81920 MiB
2026/06/10 03:54:16.777, 0 %, 531 MiB, 81920 MiB
2026/06/10 03:54:16.777, 0 %, 0 MiB, 81920 MiB
2026/06/10 03:54:21.777, 0 %, 531 MiB, 81920 MiB
2026/06/10 03:54:21.778, 0 %, 0 MiB, 81920 MiB
2026/06/10 03:54:26.778, 0 %, 531 MiB, 81920 MiB
2026/06/10 03:54:26.778, 0 %, 0 MiB, 81920 MiB
2026/06/10 03:54:31.779, 0 %, 531 MiB, 81920 MiB
2026/06/10 03:54:31.779, 0 %, 0 MiB, 81920 MiB
2026/06/10 03:54:36.780, 0 %, 531 MiB, 81920 MiB
2026/06/10 03:54:36.780, 0 %, 0 MiB, 81920 MiB
2026/06/10 03:54:41.781, 0 %, 531 MiB, 81920 MiB
2026/06/10 03:54:41.781, 0 %, 0 MiB, 81920 MiB
2026/06/10 03:54:46.782, 0 %, 531 MiB, 81920 MiB
2026/06/10 03:54:46.782, 0 %, 0 MiB, 81920 MiB
2026/06/10 03:54:51.783, 0 %, 531 MiB, 81920 MiB
2026/06/10 03:54:51.783, 0 %, 0 MiB, 81920 MiB
2026/06/10 03:54:56.784, 0 %, 531 MiB, 81920 MiB
2026/06/10 03:54:56.784, 0 %, 0 MiB, 81920 MiB
2026/06/10 03:55:01.785, 0 %, 531 MiB, 81920 MiB
2026/06/10 03:55:01.785, 0 %, 0 MiB, 81920 MiB
2026/06/10 03:55:06.786, 0 %, 531 MiB, 81920 MiB
2026/06/10 03:55:06.786, 0 %, 0 MiB, 81920 MiB
2026/06/10 03:55:11.787, 0 %, 531 MiB, 81920 MiB
2026/06/10 03:55:11.787, 0 %, 0 MiB, 81920 MiB
2026/06/10 03:55:16.788, 0 %, 531 MiB, 81920 MiB
2026/06/10 03:55:16.788, 0 %, 0 MiB, 81920 MiB
2026/06/10 03:55:21.789, 0 %, 531 MiB, 81920 MiB
2026/06/10 03:55:21.789, 0 %, 0 MiB, 81920 MiB
2026/06/10 03:55:26.790, 0 %, 531 MiB, 81920 MiB
2026/06/10 03:55:26.790, 0 %, 0 MiB, 81920 MiB
2026/06/10 03:55:31.791, 0 %, 531 MiB, 81920 MiB
2026/06/10 03:55:31.791, 0 %, 0 MiB, 81920 MiB
2026/06/10 03:55:36.792, 0 %, 531 MiB, 81920 MiB
2026/06/10 03:55:36.792, 0 %, 0 MiB, 81920 MiB
2026/06/10 03:55:41.793, 0 %, 531 MiB, 81920 MiB
2026/06/10 03:55:41.793, 0 %, 0 MiB, 81920 MiB
2026/06/10 03:55:46.793, 0 %, 531 MiB, 81920 MiB
2026/06/10 03:55:46.794, 0 %, 0 MiB, 81920 MiB
2026/06/10 03:55:51.794, 0 %, 531 MiB, 81920 MiB
2026/06/10 03:55:51.795, 0 %, 0 MiB, 81920 MiB
2026/06/10 03:55:56.795, 0 %, 531 MiB, 81920 MiB
2026/06/10 03:55:56.795, 0 %, 0 MiB, 81920 MiB
2026/06/10 03:56:01.796, 0 %, 531 MiB, 81920 MiB
2026/06/10 03:56:01.796, 0 %, 0 MiB, 81920 MiB
2026/06/10 03:56:06.797, 0 %, 531 MiB, 81920 MiB
2026/06/10 03:56:06.797, 0 %, 0 MiB, 81920 MiB
2026/06/10 03:56:11.798, 0 %, 531 MiB, 81920 MiB
2026/06/10 03:56:11.798, 0 %, 0 MiB, 81920 MiB
2026/06/10 03:56:16.798, 0 %, 531 MiB, 81920 MiB
2026/06/10 03:56:16.799, 0 %, 0 MiB, 81920 MiB
2026/06/10 03:56:21.799, 0 %, 531 MiB, 81920 MiB
2026/06/10 03:56:21.799, 0 %, 0 MiB, 81920 MiB
2026/06/10 03:56:26.800, 0 %, 531 MiB, 81920 MiB
2026/06/10 03:56:26.800, 0 %, 0 MiB, 81920 MiB
2026/06/10 03:56:31.801, 0 %, 531 MiB, 81920 MiB
2026/06/10 03:56:31.801, 0 %, 0 MiB, 81920 MiB
2026/06/10 03:56:36.802, 0 %, 531 MiB, 81920 MiB
2026/06/10 03:56:36.802, 0 %, 0 MiB, 81920 MiB
2026/06/10 03:56:41.803, 0 %, 531 MiB, 81920 MiB
2026/06/10 03:56:41.803, 0 %, 0 MiB, 81920 MiB
2026/06/10 03:56:46.803, 0 %, 531 MiB, 81920 MiB
2026/06/10 03:56:46.804, 0 %, 0 MiB, 81920 MiB
2026/06/10 03:56:51.804, 0 %, 531 MiB, 81920 MiB
2026/06/10 03:56:51.804, 0 %, 0 MiB, 81920 MiB
2026/06/10 03:56:56.805, 0 %, 531 MiB, 81920 MiB
2026/06/10 03:56:56.805, 0 %, 0 MiB, 81920 MiB
2026/06/10 03:57:01.806, 0 %, 531 MiB, 81920 MiB
2026/06/10 03:57:01.806, 0 %, 0 MiB, 81920 MiB
2026/06/10 03:57:06.807, 0 %, 531 MiB, 81920 MiB
2026/06/10 03:57:06.807, 0 %, 0 MiB, 81920 MiB
2026/06/10 03:57:11.808, 0 %, 531 MiB, 81920 MiB
2026/06/10 03:57:11.808, 0 %, 0 MiB, 81920 MiB
2026/06/10 03:57:16.809, 0 %, 531 MiB, 81920 MiB
2026/06/10 03:57:16.809, 0 %, 0 MiB, 81920 MiB
2026/06/10 03:57:21.810, 0 %, 531 MiB, 81920 MiB
2026/06/10 03:57:21.810, 0 %, 0 MiB, 81920 MiB
2026/06/10 03:57:26.811, 0 %, 531 MiB, 81920 MiB
2026/06/10 03:57:26.811, 0 %, 0 MiB, 81920 MiB
2026/06/10 03:57:31.812, 0 %, 531 MiB, 81920 MiB
2026/06/10 03:57:31.812, 0 %, 0 MiB, 81920 MiB
2026/06/10 03:57:36.813, 0 %, 531 MiB, 81920 MiB
2026/06/10 03:57:36.813, 0 %, 0 MiB, 81920 MiB
2026/06/10 03:57:41.814, 0 %, 531 MiB, 81920 MiB
2026/06/10 03:57:41.814, 0 %, 0 MiB, 81920 MiB
2026/06/10 03:57:46.814, 0 %, 531 MiB, 81920 MiB
2026/06/10 03:57:46.815, 0 %, 0 MiB, 81920 MiB
2026/06/10 03:57:51.815, 0 %, 531 MiB, 81920 MiB
2026/06/10 03:57:51.815, 0 %, 0 MiB, 81920 MiB
2026/06/10 03:57:56.816, 0 %, 531 MiB, 81920 MiB
2026/06/10 03:57:56.816, 0 %, 0 MiB, 81920 MiB
2026/06/10 03:58:01.817, 0 %, 531 MiB, 81920 MiB
2026/06/10 03:58:01.817, 0 %, 0 MiB, 81920 MiB
2026/06/10 03:58:06.818, 0 %, 531 MiB, 81920 MiB
2026/06/10 03:58:06.818, 0 %, 0 MiB, 81920 MiB
2026/06/10 03:58:11.819, 0 %, 531 MiB, 81920 MiB
2026/06/10 03:58:11.819, 0 %, 0 MiB, 81920 MiB
2026/06/10 03:58:16.820, 0 %, 531 MiB, 81920 MiB
2026/06/10 03:58:16.820, 0 %, 0 MiB, 81920 MiB
2026/06/10 03:58:21.821, 0 %, 531 MiB, 81920 MiB
2026/06/10 03:58:21.821, 0 %, 0 MiB, 81920 MiB
2026/06/10 03:58:26.821, 0 %, 531 MiB, 81920 MiB
2026/06/10 03:58:26.821, 0 %, 0 MiB, 81920 MiB
2026/06/10 03:58:31.822, 0 %, 531 MiB, 81920 MiB
2026/06/10 03:58:31.822, 0 %, 0 MiB, 81920 MiB
2026/06/10 03:58:36.823, 0 %, 531 MiB, 81920 MiB
2026/06/10 03:58:36.823, 0 %, 0 MiB, 81920 MiB
2026/06/10 03:58:41.824, 0 %, 531 MiB, 81920 MiB
2026/06/10 03:58:41.824, 0 %, 0 MiB, 81920 MiB
2026/06/10 03:58:46.824, 0 %, 531 MiB, 81920 MiB
2026/06/10 03:58:46.824, 0 %, 0 MiB, 81920 MiB
2026/06/10 03:58:51.825, 0 %, 531 MiB, 81920 MiB
2026/06/10 03:58:51.825, 0 %, 0 MiB, 81920 MiB
2026/06/10 03:58:56.826, 0 %, 531 MiB, 81920 MiB
2026/06/10 03:58:56.826, 0 %, 0 MiB, 81920 MiB
2026/06/10 03:59:01.826, 0 %, 531 MiB, 81920 MiB
2026/06/10 03:59:01.826, 0 %, 0 MiB, 81920 MiB
2026/06/10 03:59:06.827, 0 %, 531 MiB, 81920 MiB
2026/06/10 03:59:06.827, 0 %, 0 MiB, 81920 MiB
2026/06/10 03:59:11.828, 0 %, 531 MiB, 81920 MiB
2026/06/10 03:59:11.828, 0 %, 0 MiB, 81920 MiB
2026/06/10 03:59:16.828, 0 %, 531 MiB, 81920 MiB
2026/06/10 03:59:16.828, 0 %, 0 MiB, 81920 MiB
2026/06/10 03:59:21.829, 0 %, 531 MiB, 81920 MiB
2026/06/10 03:59:21.829, 0 %, 0 MiB, 81920 MiB
2026/06/10 03:59:26.830, 0 %, 531 MiB, 81920 MiB
2026/06/10 03:59:26.830, 0 %, 0 MiB, 81920 MiB
2026/06/10 03:59:31.830, 0 %, 531 MiB, 81920 MiB
2026/06/10 03:59:31.831, 0 %, 0 MiB, 81920 MiB
2026/06/10 03:59:36.831, 0 %, 531 MiB, 81920 MiB
2026/06/10 03:59:36.831, 0 %, 0 MiB, 81920 MiB
2026/06/10 03:59:41.832, 0 %, 531 MiB, 81920 MiB
2026/06/10 03:59:41.832, 0 %, 0 MiB, 81920 MiB
2026/06/10 03:59:46.833, 0 %, 531 MiB, 81920 MiB
2026/06/10 03:59:46.833, 0 %, 0 MiB, 81920 MiB
2026/06/10 03:59:51.833, 0 %, 531 MiB, 81920 MiB
2026/06/10 03:59:51.833, 0 %, 0 MiB, 81920 MiB
2026/06/10 03:59:56.834, 0 %, 531 MiB, 81920 MiB
2026/06/10 03:59:56.834, 0 %, 0 MiB, 81920 MiB
2026/06/10 04:00:01.835, 0 %, 531 MiB, 81920 MiB
2026/06/10 04:00:01.835, 0 %, 0 MiB, 81920 MiB
2026/06/10 04:00:06.835, 0 %, 531 MiB, 81920 MiB
2026/06/10 04:00:06.835, 0 %, 0 MiB, 81920 MiB
2026/06/10 04:00:11.836, 0 %, 531 MiB, 81920 MiB
2026/06/10 04:00:11.836, 0 %, 0 MiB, 81920 MiB
2026/06/10 04:00:16.837, 0 %, 531 MiB, 81920 MiB
2026/06/10 04:00:16.837, 0 %, 0 MiB, 81920 MiB
2026/06/10 04:00:21.837, 0 %, 531 MiB, 81920 MiB
2026/06/10 04:00:21.838, 0 %, 0 MiB, 81920 MiB
2026/06/10 04:00:26.838, 0 %, 531 MiB, 81920 MiB
2026/06/10 04:00:26.838, 0 %, 0 MiB, 81920 MiB
2026/06/10 04:00:31.839, 0 %, 531 MiB, 81920 MiB
2026/06/10 04:00:31.839, 0 %, 0 MiB, 81920 MiB
2026/06/10 04:00:36.840, 0 %, 531 MiB, 81920 MiB
2026/06/10 04:00:36.840, 0 %, 0 MiB, 81920 MiB
2026/06/10 04:00:41.841, 0 %, 531 MiB, 81920 MiB
2026/06/10 04:00:41.841, 0 %, 0 MiB, 81920 MiB
2026/06/10 04:00:46.842, 0 %, 531 MiB, 81920 MiB
2026/06/10 04:00:46.842, 0 %, 0 MiB, 81920 MiB
2026/06/10 04:00:51.842, 0 %, 531 MiB, 81920 MiB
2026/06/10 04:00:51.842, 0 %, 0 MiB, 81920 MiB
2026/06/10 04:00:56.843, 0 %, 531 MiB, 81920 MiB
2026/06/10 04:00:56.843, 0 %, 0 MiB, 81920 MiB
2026/06/10 04:01:01.844, 0 %, 531 MiB, 81920 MiB
2026/06/10 04:01:01.844, 0 %, 0 MiB, 81920 MiB
2026/06/10 04:01:06.844, 0 %, 531 MiB, 81920 MiB
2026/06/10 04:01:06.844, 0 %, 0 MiB, 81920 MiB
2026/06/10 04:01:11.845, 0 %, 531 MiB, 81920 MiB
2026/06/10 04:01:11.845, 0 %, 0 MiB, 81920 MiB
2026/06/10 04:01:16.846, 0 %, 531 MiB, 81920 MiB
2026/06/10 04:01:16.846, 0 %, 0 MiB, 81920 MiB
2026/06/10 04:01:21.846, 0 %, 531 MiB, 81920 MiB
2026/06/10 04:01:21.846, 0 %, 0 MiB, 81920 MiB
2026/06/10 04:01:26.847, 0 %, 531 MiB, 81920 MiB
2026/06/10 04:01:26.847, 0 %, 0 MiB, 81920 MiB
2026/06/10 04:01:31.848, 0 %, 531 MiB, 81920 MiB
2026/06/10 04:01:31.848, 0 %, 0 MiB, 81920 MiB
2026/06/10 04:01:36.848, 0 %, 531 MiB, 81920 MiB
2026/06/10 04:01:36.849, 0 %, 0 MiB, 81920 MiB
2026/06/10 04:01:41.849, 0 %, 531 MiB, 81920 MiB
2026/06/10 04:01:41.849, 0 %, 0 MiB, 81920 MiB
2026/06/10 04:01:46.850, 0 %, 531 MiB, 81920 MiB
2026/06/10 04:01:46.850, 0 %, 0 MiB, 81920 MiB
2026/06/10 04:01:51.851, 0 %, 531 MiB, 81920 MiB
2026/06/10 04:01:51.851, 0 %, 0 MiB, 81920 MiB
2026/06/10 04:01:56.851, 0 %, 531 MiB, 81920 MiB
2026/06/10 04:01:56.851, 0 %, 0 MiB, 81920 MiB
2026/06/10 04:02:01.852, 0 %, 531 MiB, 81920 MiB
2026/06/10 04:02:01.852, 0 %, 0 MiB, 81920 MiB
2026/06/10 04:02:06.853, 0 %, 531 MiB, 81920 MiB
2026/06/10 04:02:06.853, 0 %, 0 MiB, 81920 MiB
2026/06/10 04:02:11.853, 0 %, 531 MiB, 81920 MiB
2026/06/10 04:02:11.853, 0 %, 0 MiB, 81920 MiB
2026/06/10 04:02:16.854, 0 %, 531 MiB, 81920 MiB
2026/06/10 04:02:16.854, 0 %, 0 MiB, 81920 MiB
2026/06/10 04:02:21.855, 0 %, 531 MiB, 81920 MiB
2026/06/10 04:02:21.855, 0 %, 0 MiB, 81920 MiB
2026/06/10 04:02:26.855, 0 %, 531 MiB, 81920 MiB
2026/06/10 04:02:26.855, 0 %, 0 MiB, 81920 MiB
2026/06/10 04:02:31.856, 0 %, 531 MiB, 81920 MiB
2026/06/10 04:02:31.856, 0 %, 0 MiB, 81920 MiB
2026/06/10 04:02:36.857, 0 %, 531 MiB, 81920 MiB
2026/06/10 04:02:36.857, 0 %, 0 MiB, 81920 MiB
2026/06/10 04:02:41.857, 0 %, 531 MiB, 81920 MiB
2026/06/10 04:02:41.858, 0 %, 0 MiB, 81920 MiB
2026/06/10 04:02:46.858, 0 %, 531 MiB, 81920 MiB
2026/06/10 04:02:46.858, 0 %, 0 MiB, 81920 MiB
2026/06/10 04:02:51.859, 0 %, 531 MiB, 81920 MiB
2026/06/10 04:02:51.859, 0 %, 0 MiB, 81920 MiB
2026/06/10 04:02:56.860, 0 %, 531 MiB, 81920 MiB
2026/06/10 04:02:56.860, 0 %, 0 MiB, 81920 MiB
2026/06/10 04:03:01.860, 0 %, 531 MiB, 81920 MiB
2026/06/10 04:03:01.860, 0 %, 0 MiB, 81920 MiB
2026/06/10 04:03:06.861, 0 %, 531 MiB, 81920 MiB
2026/06/10 04:03:06.861, 0 %, 0 MiB, 81920 MiB
2026/06/10 04:03:11.862, 0 %, 531 MiB, 81920 MiB
2026/06/10 04:03:11.862, 0 %, 0 MiB, 81920 MiB
2026/06/10 04:03:16.862, 0 %, 531 MiB, 81920 MiB
2026/06/10 04:03:16.863, 0 %, 0 MiB, 81920 MiB
2026/06/10 04:03:21.863, 0 %, 531 MiB, 81920 MiB
2026/06/10 04:03:21.863, 0 %, 0 MiB, 81920 MiB
2026/06/10 04:03:26.864, 0 %, 531 MiB, 81920 MiB
2026/06/10 04:03:26.864, 0 %, 0 MiB, 81920 MiB
2026/06/10 04:03:31.865, 0 %, 531 MiB, 81920 MiB
2026/06/10 04:03:31.865, 0 %, 0 MiB, 81920 MiB
2026/06/10 04:03:36.865, 0 %, 497 MiB, 81920 MiB
2026/06/10 04:03:36.865, 0 %, 0 MiB, 81920 MiB
2026/06/10 04:03:41.866, 0 %, 497 MiB, 81920 MiB
2026/06/10 04:03:41.866, 0 %, 0 MiB, 81920 MiB
2026/06/10 04:03:46.867, 0 %, 497 MiB, 81920 MiB
2026/06/10 04:03:46.867, 0 %, 0 MiB, 81920 MiB
2026/06/10 04:03:51.868, 0 %, 497 MiB, 81920 MiB
2026/06/10 04:03:51.868, 0 %, 0 MiB, 81920 MiB
2026/06/10 04:03:56.869, 0 %, 497 MiB, 81920 MiB
2026/06/10 04:03:56.869, 0 %, 0 MiB, 81920 MiB
2026/06/10 04:04:01.870, 0 %, 497 MiB, 81920 MiB
2026/06/10 04:04:01.870, 0 %, 0 MiB, 81920 MiB
2026/06/10 04:04:06.871, 0 %, 497 MiB, 81920 MiB
2026/06/10 04:04:06.871, 0 %, 0 MiB, 81920 MiB
2026/06/10 04:04:11.872, 0 %, 497 MiB, 81920 MiB
2026/06/10 04:04:11.872, 0 %, 0 MiB, 81920 MiB
2026/06/10 04:04:16.873, 0 %, 497 MiB, 81920 MiB
2026/06/10 04:04:16.873, 0 %, 0 MiB, 81920 MiB
2026/06/10 04:04:21.874, 0 %, 497 MiB, 81920 MiB
2026/06/10 04:04:21.874, 0 %, 0 MiB, 81920 MiB
2026/06/10 04:04:26.875, 0 %, 497 MiB, 81920 MiB
2026/06/10 04:04:26.875, 0 %, 0 MiB, 81920 MiB
2026/06/10 04:04:31.876, 0 %, 497 MiB, 81920 MiB
2026/06/10 04:04:31.876, 0 %, 0 MiB, 81920 MiB
2026/06/10 04:04:36.877, 0 %, 497 MiB, 81920 MiB
2026/06/10 04:04:36.877, 0 %, 0 MiB, 81920 MiB
2026/06/10 04:04:41.956, 0 %, 497 MiB, 81920 MiB
2026/06/10 04:04:41.957, 0 %, 0 MiB, 81920 MiB
2026/06/10 04:04:46.958, 0 %, 497 MiB, 81920 MiB
2026/06/10 04:04:46.958, 0 %, 0 MiB, 81920 MiB
2026/06/10 04:04:51.959, 0 %, 497 MiB, 81920 MiB
2026/06/10 04:04:51.959, 0 %, 0 MiB, 81920 MiB
2026/06/10 04:04:56.960, 0 %, 497 MiB, 81920 MiB
2026/06/10 04:04:56.960, 0 %, 0 MiB, 81920 MiB
2026/06/10 04:05:01.961, 0 %, 497 MiB, 81920 MiB
2026/06/10 04:05:01.961, 0 %, 0 MiB, 81920 MiB
2026/06/10 04:05:06.962, 0 %, 497 MiB, 81920 MiB
2026/06/10 04:05:06.962, 0 %, 0 MiB, 81920 MiB
2026/06/10 04:05:11.962, 0 %, 497 MiB, 81920 MiB
2026/06/10 04:05:11.963, 0 %, 0 MiB, 81920 MiB
2026/06/10 04:05:16.963, 0 %, 497 MiB, 81920 MiB
2026/06/10 04:05:16.963, 0 %, 0 MiB, 81920 MiB
2026/06/10 04:05:21.964, 0 %, 497 MiB, 81920 MiB
2026/06/10 04:05:21.964, 0 %, 0 MiB, 81920 MiB
2026/06/10 04:05:26.965, 0 %, 497 MiB, 81920 MiB
2026/06/10 04:05:26.965, 0 %, 0 MiB, 81920 MiB
2026/06/10 04:05:31.966, 0 %, 497 MiB, 81920 MiB
2026/06/10 04:05:31.966, 0 %, 0 MiB, 81920 MiB
2026/06/10 04:05:36.967, 0 %, 497 MiB, 81920 MiB
2026/06/10 04:05:36.967, 0 %, 0 MiB, 81920 MiB
2026/06/10 04:05:41.967, 0 %, 497 MiB, 81920 MiB
2026/06/10 04:05:41.967, 0 %, 0 MiB, 81920 MiB
2026/06/10 04:05:46.968, 0 %, 497 MiB, 81920 MiB
2026/06/10 04:05:46.968, 0 %, 0 MiB, 81920 MiB
2026/06/10 04:05:51.969, 0 %, 497 MiB, 81920 MiB
2026/06/10 04:05:51.969, 0 %, 0 MiB, 81920 MiB
2026/06/10 04:05:56.970, 0 %, 497 MiB, 81920 MiB
2026/06/10 04:05:56.970, 0 %, 0 MiB, 81920 MiB
2026/06/10 04:06:01.971, 0 %, 497 MiB, 81920 MiB
2026/06/10 04:06:01.971, 0 %, 0 MiB, 81920 MiB
2026/06/10 04:06:06.971, 0 %, 497 MiB, 81920 MiB
2026/06/10 04:06:06.972, 0 %, 0 MiB, 81920 MiB
2026/06/10 04:06:11.972, 0 %, 497 MiB, 81920 MiB
2026/06/10 04:06:11.972, 0 %, 0 MiB, 81920 MiB
2026/06/10 04:06:16.973, 0 %, 497 MiB, 81920 MiB
2026/06/10 04:06:16.973, 0 %, 0 MiB, 81920 MiB
2026/06/10 04:06:21.974, 0 %, 497 MiB, 81920 MiB
2026/06/10 04:06:21.974, 0 %, 0 MiB, 81920 MiB
2026/06/10 04:06:26.975, 0 %, 497 MiB, 81920 MiB
2026/06/10 04:06:26.976, 0 %, 0 MiB, 81920 MiB
2026/06/10 04:06:31.977, 0 %, 497 MiB, 81920 MiB
2026/06/10 04:06:31.977, 0 %, 0 MiB, 81920 MiB
2026/06/10 04:06:36.978, 0 %, 497 MiB, 81920 MiB
2026/06/10 04:06:36.978, 0 %, 0 MiB, 81920 MiB
2026/06/10 04:06:41.987, 0 %, 497 MiB, 81920 MiB
2026/06/10 04:06:41.988, 0 %, 0 MiB, 81920 MiB
2026/06/10 04:06:46.989, 11 %, 531 MiB, 81920 MiB
2026/06/10 04:06:46.989, 0 %, 0 MiB, 81920 MiB
2026/06/10 04:06:51.989, 0 %, 531 MiB, 81920 MiB
2026/06/10 04:06:51.990, 0 %, 0 MiB, 81920 MiB
2026/06/10 04:06:56.991, 0 %, 531 MiB, 81920 MiB
2026/06/10 04:06:56.991, 0 %, 0 MiB, 81920 MiB
2026/06/10 04:07:01.992, 0 %, 531 MiB, 81920 MiB
2026/06/10 04:07:01.992, 0 %, 0 MiB, 81920 MiB
2026/06/10 04:07:06.993, 0 %, 531 MiB, 81920 MiB
2026/06/10 04:07:06.993, 0 %, 0 MiB, 81920 MiB
2026/06/10 04:07:11.994, 0 %, 531 MiB, 81920 MiB
2026/06/10 04:07:11.994, 0 %, 0 MiB, 81920 MiB
2026/06/10 04:07:16.995, 0 %, 531 MiB, 81920 MiB
2026/06/10 04:07:16.995, 0 %, 0 MiB, 81920 MiB
2026/06/10 04:07:21.995, 0 %, 531 MiB, 81920 MiB
2026/06/10 04:07:21.996, 0 %, 0 MiB, 81920 MiB
2026/06/10 04:07:26.997, 0 %, 531 MiB, 81920 MiB
2026/06/10 04:07:26.997, 0 %, 0 MiB, 81920 MiB
2026/06/10 04:07:31.997, 0 %, 531 MiB, 81920 MiB
2026/06/10 04:07:31.998, 0 %, 0 MiB, 81920 MiB
2026/06/10 04:07:36.999, 0 %, 531 MiB, 81920 MiB
2026/06/10 04:07:36.999, 0 %, 0 MiB, 81920 MiB
2026/06/10 04:07:41.999, 0 %, 531 MiB, 81920 MiB
2026/06/10 04:07:42.000, 0 %, 0 MiB, 81920 MiB
2026/06/10 04:07:47.000, 0 %, 531 MiB, 81920 MiB
2026/06/10 04:07:47.001, 0 %, 0 MiB, 81920 MiB
2026/06/10 04:07:52.001, 0 %, 531 MiB, 81920 MiB
2026/06/10 04:07:52.002, 0 %, 0 MiB, 81920 MiB
2026/06/10 04:07:57.003, 0 %, 531 MiB, 81920 MiB
2026/06/10 04:07:57.003, 0 %, 0 MiB, 81920 MiB
2026/06/10 04:08:02.004, 0 %, 531 MiB, 81920 MiB
2026/06/10 04:08:02.004, 0 %, 0 MiB, 81920 MiB
2026/06/10 04:08:07.005, 0 %, 531 MiB, 81920 MiB
2026/06/10 04:08:07.005, 0 %, 0 MiB, 81920 MiB
2026/06/10 04:08:12.006, 0 %, 531 MiB, 81920 MiB
2026/06/10 04:08:12.006, 0 %, 0 MiB, 81920 MiB
2026/06/10 04:08:17.007, 0 %, 531 MiB, 81920 MiB
2026/06/10 04:08:17.007, 0 %, 0 MiB, 81920 MiB
2026/06/10 04:08:22.008, 0 %, 531 MiB, 81920 MiB
2026/06/10 04:08:22.008, 0 %, 0 MiB, 81920 MiB
2026/06/10 04:08:27.009, 0 %, 531 MiB, 81920 MiB
2026/06/10 04:08:27.009, 0 %, 0 MiB, 81920 MiB
2026/06/10 04:08:32.010, 0 %, 531 MiB, 81920 MiB
2026/06/10 04:08:32.010, 0 %, 0 MiB, 81920 MiB
2026/06/10 04:08:37.011, 0 %, 531 MiB, 81920 MiB
2026/06/10 04:08:37.011, 0 %, 0 MiB, 81920 MiB
2026/06/10 04:08:42.012, 0 %, 531 MiB, 81920 MiB
2026/06/10 04:08:42.012, 0 %, 0 MiB, 81920 MiB
2026/06/10 04:08:47.013, 0 %, 531 MiB, 81920 MiB
2026/06/10 04:08:47.013, 0 %, 0 MiB, 81920 MiB
2026/06/10 04:08:52.014, 0 %, 531 MiB, 81920 MiB
2026/06/10 04:08:52.014, 0 %, 0 MiB, 81920 MiB
2026/06/10 04:08:57.015, 0 %, 531 MiB, 81920 MiB
2026/06/10 04:08:57.015, 0 %, 0 MiB, 81920 MiB
2026/06/10 04:09:02.016, 0 %, 531 MiB, 81920 MiB
2026/06/10 04:09:02.016, 0 %, 0 MiB, 81920 MiB
2026/06/10 04:09:07.017, 0 %, 531 MiB, 81920 MiB
2026/06/10 04:09:07.017, 0 %, 0 MiB, 81920 MiB
2026/06/10 04:09:12.018, 0 %, 531 MiB, 81920 MiB
2026/06/10 04:09:12.018, 0 %, 0 MiB, 81920 MiB
2026/06/10 04:09:17.019, 0 %, 531 MiB, 81920 MiB
2026/06/10 04:09:17.019, 0 %, 0 MiB, 81920 MiB
2026/06/10 04:09:22.020, 0 %, 531 MiB, 81920 MiB
2026/06/10 04:09:22.020, 0 %, 0 MiB, 81920 MiB
2026/06/10 04:09:27.021, 0 %, 531 MiB, 81920 MiB
2026/06/10 04:09:27.021, 0 %, 0 MiB, 81920 MiB
2026/06/10 04:09:32.022, 0 %, 531 MiB, 81920 MiB
2026/06/10 04:09:32.022, 0 %, 0 MiB, 81920 MiB
2026/06/10 04:09:37.023, 0 %, 531 MiB, 81920 MiB
2026/06/10 04:09:37.023, 0 %, 0 MiB, 81920 MiB
2026/06/10 04:09:42.024, 0 %, 531 MiB, 81920 MiB
2026/06/10 04:09:42.024, 0 %, 0 MiB, 81920 MiB
2026/06/10 04:09:47.025, 0 %, 531 MiB, 81920 MiB
2026/06/10 04:09:47.025, 0 %, 0 MiB, 81920 MiB
2026/06/10 04:09:52.026, 0 %, 531 MiB, 81920 MiB
2026/06/10 04:09:52.026, 0 %, 0 MiB, 81920 MiB
2026/06/10 04:09:57.027, 0 %, 531 MiB, 81920 MiB
2026/06/10 04:09:57.027, 0 %, 0 MiB, 81920 MiB
2026/06/10 04:10:02.028, 0 %, 531 MiB, 81920 MiB
2026/06/10 04:10:02.028, 0 %, 0 MiB, 81920 MiB
2026/06/10 04:10:07.029, 0 %, 531 MiB, 81920 MiB
2026/06/10 04:10:07.029, 0 %, 0 MiB, 81920 MiB
2026/06/10 04:10:12.030, 0 %, 531 MiB, 81920 MiB
2026/06/10 04:10:12.030, 0 %, 0 MiB, 81920 MiB
2026/06/10 04:10:17.031, 0 %, 531 MiB, 81920 MiB
2026/06/10 04:10:17.031, 0 %, 0 MiB, 81920 MiB
2026/06/10 04:10:22.032, 0 %, 531 MiB, 81920 MiB
2026/06/10 04:10:22.032, 0 %, 0 MiB, 81920 MiB
2026/06/10 04:10:27.033, 0 %, 531 MiB, 81920 MiB
2026/06/10 04:10:27.033, 0 %, 0 MiB, 81920 MiB
2026/06/10 04:10:32.034, 0 %, 531 MiB, 81920 MiB
2026/06/10 04:10:32.034, 0 %, 0 MiB, 81920 MiB
2026/06/10 04:10:37.035, 0 %, 531 MiB, 81920 MiB
2026/06/10 04:10:37.035, 0 %, 0 MiB, 81920 MiB
2026/06/10 04:10:42.036, 0 %, 531 MiB, 81920 MiB
2026/06/10 04:10:42.036, 0 %, 0 MiB, 81920 MiB
2026/06/10 04:10:47.037, 0 %, 531 MiB, 81920 MiB
2026/06/10 04:10:47.037, 0 %, 0 MiB, 81920 MiB
2026/06/10 04:10:52.038, 0 %, 531 MiB, 81920 MiB
2026/06/10 04:10:52.038, 0 %, 0 MiB, 81920 MiB
2026/06/10 04:10:57.039, 0 %, 531 MiB, 81920 MiB
2026/06/10 04:10:57.039, 0 %, 0 MiB, 81920 MiB
2026/06/10 04:11:02.040, 0 %, 531 MiB, 81920 MiB
2026/06/10 04:11:02.040, 0 %, 0 MiB, 81920 MiB
2026/06/10 04:11:07.041, 0 %, 531 MiB, 81920 MiB
2026/06/10 04:11:07.041, 0 %, 0 MiB, 81920 MiB
2026/06/10 04:11:12.042, 0 %, 531 MiB, 81920 MiB
2026/06/10 04:11:12.042, 0 %, 0 MiB, 81920 MiB
2026/06/10 04:11:17.043, 0 %, 531 MiB, 81920 MiB
2026/06/10 04:11:17.043, 0 %, 0 MiB, 81920 MiB
2026/06/10 04:11:22.044, 0 %, 531 MiB, 81920 MiB
2026/06/10 04:11:22.044, 0 %, 0 MiB, 81920 MiB
2026/06/10 04:11:27.045, 0 %, 531 MiB, 81920 MiB
2026/06/10 04:11:27.045, 0 %, 0 MiB, 81920 MiB
2026/06/10 04:11:32.046, 0 %, 531 MiB, 81920 MiB
2026/06/10 04:11:32.046, 0 %, 0 MiB, 81920 MiB
2026/06/10 04:11:37.047, 0 %, 531 MiB, 81920 MiB
2026/06/10 04:11:37.047, 0 %, 0 MiB, 81920 MiB
2026/06/10 04:11:42.048, 0 %, 531 MiB, 81920 MiB
2026/06/10 04:11:42.048, 0 %, 0 MiB, 81920 MiB
2026/06/10 04:11:47.049, 0 %, 531 MiB, 81920 MiB
2026/06/10 04:11:47.049, 0 %, 0 MiB, 81920 MiB
2026/06/10 04:11:52.050, 0 %, 531 MiB, 81920 MiB
2026/06/10 04:11:52.050, 0 %, 0 MiB, 81920 MiB
2026/06/10 04:11:57.051, 0 %, 531 MiB, 81920 MiB
2026/06/10 04:11:57.051, 0 %, 0 MiB, 81920 MiB
2026/06/10 04:12:02.052, 0 %, 531 MiB, 81920 MiB
2026/06/10 04:12:02.052, 0 %, 0 MiB, 81920 MiB
2026/06/10 04:12:07.053, 0 %, 531 MiB, 81920 MiB
2026/06/10 04:12:07.053, 0 %, 0 MiB, 81920 MiB
2026/06/10 04:12:12.054, 0 %, 531 MiB, 81920 MiB
2026/06/10 04:12:12.054, 0 %, 0 MiB, 81920 MiB
2026/06/10 04:12:17.055, 0 %, 531 MiB, 81920 MiB
2026/06/10 04:12:17.055, 0 %, 0 MiB, 81920 MiB
2026/06/10 04:12:22.056, 0 %, 531 MiB, 81920 MiB
2026/06/10 04:12:22.056, 0 %, 0 MiB, 81920 MiB
2026/06/10 04:12:27.057, 0 %, 531 MiB, 81920 MiB
2026/06/10 04:12:27.057, 0 %, 0 MiB, 81920 MiB
2026/06/10 04:12:32.058, 0 %, 531 MiB, 81920 MiB
2026/06/10 04:12:32.058, 0 %, 0 MiB, 81920 MiB
2026/06/10 04:12:37.059, 0 %, 531 MiB, 81920 MiB
2026/06/10 04:12:37.059, 0 %, 0 MiB, 81920 MiB
2026/06/10 04:12:42.060, 0 %, 531 MiB, 81920 MiB
2026/06/10 04:12:42.060, 0 %, 0 MiB, 81920 MiB
2026/06/10 04:12:47.061, 0 %, 531 MiB, 81920 MiB
2026/06/10 04:12:47.061, 0 %, 0 MiB, 81920 MiB
2026/06/10 04:12:52.062, 0 %, 531 MiB, 81920 MiB
2026/06/10 04:12:52.063, 0 %, 0 MiB, 81920 MiB
2026/06/10 04:12:57.063, 0 %, 531 MiB, 81920 MiB
2026/06/10 04:12:57.064, 0 %, 0 MiB, 81920 MiB
2026/06/10 04:13:02.065, 0 %, 531 MiB, 81920 MiB
2026/06/10 04:13:02.065, 0 %, 0 MiB, 81920 MiB
2026/06/10 04:13:07.066, 0 %, 531 MiB, 81920 MiB
2026/06/10 04:13:07.066, 0 %, 0 MiB, 81920 MiB
2026/06/10 04:13:12.067, 0 %, 531 MiB, 81920 MiB
2026/06/10 04:13:12.067, 0 %, 0 MiB, 81920 MiB
2026/06/10 04:13:17.068, 0 %, 531 MiB, 81920 MiB
2026/06/10 04:13:17.068, 0 %, 0 MiB, 81920 MiB
2026/06/10 04:13:22.069, 0 %, 531 MiB, 81920 MiB
2026/06/10 04:13:22.069, 0 %, 0 MiB, 81920 MiB
2026/06/10 04:13:27.070, 0 %, 531 MiB, 81920 MiB
2026/06/10 04:13:27.070, 0 %, 0 MiB, 81920 MiB
2026/06/10 04:13:32.071, 0 %, 531 MiB, 81920 MiB
2026/06/10 04:13:32.071, 0 %, 0 MiB, 81920 MiB
2026/06/10 04:13:37.072, 0 %, 531 MiB, 81920 MiB
2026/06/10 04:13:37.072, 0 %, 0 MiB, 81920 MiB
2026/06/10 04:13:42.073, 0 %, 531 MiB, 81920 MiB
2026/06/10 04:13:42.073, 0 %, 0 MiB, 81920 MiB
2026/06/10 04:13:47.074, 0 %, 531 MiB, 81920 MiB
2026/06/10 04:13:47.074, 0 %, 0 MiB, 81920 MiB
2026/06/10 04:13:52.075, 0 %, 531 MiB, 81920 MiB
2026/06/10 04:13:52.075, 0 %, 0 MiB, 81920 MiB
2026/06/10 04:13:57.076, 0 %, 531 MiB, 81920 MiB
2026/06/10 04:13:57.076, 0 %, 0 MiB, 81920 MiB
2026/06/10 04:14:02.077, 0 %, 531 MiB, 81920 MiB
2026/06/10 04:14:02.077, 0 %, 0 MiB, 81920 MiB
2026/06/10 04:14:07.078, 0 %, 531 MiB, 81920 MiB
2026/06/10 04:14:07.078, 0 %, 0 MiB, 81920 MiB
2026/06/10 04:14:12.079, 0 %, 531 MiB, 81920 MiB
2026/06/10 04:14:12.079, 0 %, 0 MiB, 81920 MiB
2026/06/10 04:14:17.080, 0 %, 531 MiB, 81920 MiB
2026/06/10 04:14:17.080, 0 %, 0 MiB, 81920 MiB
2026/06/10 04:14:22.081, 0 %, 531 MiB, 81920 MiB
2026/06/10 04:14:22.081, 0 %, 0 MiB, 81920 MiB
2026/06/10 04:14:27.082, 0 %, 531 MiB, 81920 MiB
2026/06/10 04:14:27.082, 0 %, 0 MiB, 81920 MiB
2026/06/10 04:14:32.083, 0 %, 531 MiB, 81920 MiB
2026/06/10 04:14:32.083, 0 %, 0 MiB, 81920 MiB
2026/06/10 04:14:37.084, 0 %, 531 MiB, 81920 MiB
2026/06/10 04:14:37.084, 0 %, 0 MiB, 81920 MiB
2026/06/10 04:14:42.085, 0 %, 531 MiB, 81920 MiB
2026/06/10 04:14:42.085, 0 %, 0 MiB, 81920 MiB
2026/06/10 04:14:47.086, 0 %, 531 MiB, 81920 MiB
2026/06/10 04:14:47.086, 0 %, 0 MiB, 81920 MiB
2026/06/10 04:14:52.087, 0 %, 531 MiB, 81920 MiB
2026/06/10 04:14:52.087, 0 %, 0 MiB, 81920 MiB
2026/06/10 04:14:57.088, 0 %, 531 MiB, 81920 MiB
2026/06/10 04:14:57.088, 0 %, 0 MiB, 81920 MiB
2026/06/10 04:15:02.089, 0 %, 531 MiB, 81920 MiB
2026/06/10 04:15:02.089, 0 %, 0 MiB, 81920 MiB
2026/06/10 04:15:07.090, 0 %, 531 MiB, 81920 MiB
2026/06/10 04:15:07.090, 0 %, 0 MiB, 81920 MiB
2026/06/10 04:15:12.091, 0 %, 531 MiB, 81920 MiB
2026/06/10 04:15:12.091, 0 %, 0 MiB, 81920 MiB
2026/06/10 04:15:17.092, 0 %, 531 MiB, 81920 MiB
2026/06/10 04:15:17.092, 0 %, 0 MiB, 81920 MiB
2026/06/10 04:15:22.093, 0 %, 531 MiB, 81920 MiB
2026/06/10 04:15:22.093, 0 %, 0 MiB, 81920 MiB
2026/06/10 04:15:27.094, 0 %, 531 MiB, 81920 MiB
2026/06/10 04:15:27.094, 0 %, 0 MiB, 81920 MiB
2026/06/10 04:15:32.095, 0 %, 531 MiB, 81920 MiB
2026/06/10 04:15:32.095, 0 %, 0 MiB, 81920 MiB
2026/06/10 04:15:37.096, 0 %, 531 MiB, 81920 MiB
2026/06/10 04:15:37.096, 0 %, 0 MiB, 81920 MiB
2026/06/10 04:15:42.097, 0 %, 531 MiB, 81920 MiB
2026/06/10 04:15:42.097, 0 %, 0 MiB, 81920 MiB
2026/06/10 04:15:47.098, 0 %, 531 MiB, 81920 MiB
2026/06/10 04:15:47.098, 0 %, 0 MiB, 81920 MiB
2026/06/10 04:15:52.099, 0 %, 531 MiB, 81920 MiB
2026/06/10 04:15:52.099, 0 %, 0 MiB, 81920 MiB
2026/06/10 04:15:57.100, 0 %, 531 MiB, 81920 MiB
2026/06/10 04:15:57.100, 0 %, 0 MiB, 81920 MiB
2026/06/10 04:16:02.101, 0 %, 531 MiB, 81920 MiB
2026/06/10 04:16:02.101, 0 %, 0 MiB, 81920 MiB
2026/06/10 04:16:07.102, 0 %, 531 MiB, 81920 MiB
2026/06/10 04:16:07.103, 0 %, 0 MiB, 81920 MiB
2026/06/10 04:16:12.103, 0 %, 531 MiB, 81920 MiB
2026/06/10 04:16:12.104, 0 %, 0 MiB, 81920 MiB
2026/06/10 04:16:17.104, 0 %, 531 MiB, 81920 MiB
2026/06/10 04:16:17.105, 0 %, 0 MiB, 81920 MiB
2026/06/10 04:16:22.105, 0 %, 531 MiB, 81920 MiB
2026/06/10 04:16:22.106, 0 %, 0 MiB, 81920 MiB
2026/06/10 04:16:27.107, 0 %, 531 MiB, 81920 MiB
2026/06/10 04:16:27.107, 0 %, 0 MiB, 81920 MiB
2026/06/10 04:16:32.108, 0 %, 531 MiB, 81920 MiB
2026/06/10 04:16:32.108, 0 %, 0 MiB, 81920 MiB
2026/06/10 04:16:37.109, 0 %, 531 MiB, 81920 MiB
2026/06/10 04:16:37.109, 0 %, 0 MiB, 81920 MiB
2026/06/10 04:16:42.110, 0 %, 531 MiB, 81920 MiB
2026/06/10 04:16:42.110, 0 %, 0 MiB, 81920 MiB
2026/06/10 04:16:47.111, 0 %, 531 MiB, 81920 MiB
2026/06/10 04:16:47.111, 0 %, 0 MiB, 81920 MiB
2026/06/10 04:16:52.112, 0 %, 531 MiB, 81920 MiB
2026/06/10 04:16:52.112, 0 %, 0 MiB, 81920 MiB
2026/06/10 04:16:57.113, 0 %, 531 MiB, 81920 MiB
2026/06/10 04:16:57.113, 0 %, 0 MiB, 81920 MiB
2026/06/10 04:17:02.114, 0 %, 531 MiB, 81920 MiB
2026/06/10 04:17:02.114, 0 %, 0 MiB, 81920 MiB
2026/06/10 04:17:07.115, 0 %, 531 MiB, 81920 MiB
2026/06/10 04:17:07.115, 0 %, 0 MiB, 81920 MiB
2026/06/10 04:17:12.116, 0 %, 497 MiB, 81920 MiB
2026/06/10 04:17:12.116, 0 %, 0 MiB, 81920 MiB
2026/06/10 04:17:17.118, 0 %, 497 MiB, 81920 MiB
2026/06/10 04:17:17.118, 0 %, 0 MiB, 81920 MiB
2026/06/10 04:17:22.119, 0 %, 497 MiB, 81920 MiB
2026/06/10 04:17:22.119, 0 %, 0 MiB, 81920 MiB
2026/06/10 04:17:27.120, 0 %, 497 MiB, 81920 MiB
2026/06/10 04:17:27.120, 0 %, 0 MiB, 81920 MiB
2026/06/10 04:17:32.121, 0 %, 497 MiB, 81920 MiB
2026/06/10 04:17:32.121, 0 %, 0 MiB, 81920 MiB
2026/06/10 04:17:37.122, 0 %, 497 MiB, 81920 MiB
2026/06/10 04:17:37.122, 0 %, 0 MiB, 81920 MiB
2026/06/10 04:17:42.123, 0 %, 497 MiB, 81920 MiB
2026/06/10 04:17:42.123, 0 %, 0 MiB, 81920 MiB
2026/06/10 04:17:47.124, 0 %, 497 MiB, 81920 MiB
2026/06/10 04:17:47.124, 0 %, 0 MiB, 81920 MiB
2026/06/10 04:17:52.125, 0 %, 497 MiB, 81920 MiB
2026/06/10 04:17:52.125, 0 %, 0 MiB, 81920 MiB
2026/06/10 04:17:57.126, 0 %, 497 MiB, 81920 MiB
2026/06/10 04:17:57.126, 0 %, 0 MiB, 81920 MiB
2026/06/10 04:18:02.127, 0 %, 497 MiB, 81920 MiB
2026/06/10 04:18:02.128, 0 %, 0 MiB, 81920 MiB
2026/06/10 04:18:07.128, 0 %, 497 MiB, 81920 MiB
2026/06/10 04:18:07.129, 0 %, 0 MiB, 81920 MiB
2026/06/10 04:18:12.129, 0 %, 497 MiB, 81920 MiB
2026/06/10 04:18:12.130, 0 %, 0 MiB, 81920 MiB
2026/06/10 04:18:17.130, 0 %, 497 MiB, 81920 MiB
2026/06/10 04:18:17.131, 0 %, 0 MiB, 81920 MiB
2026/06/10 04:18:22.131, 0 %, 497 MiB, 81920 MiB
2026/06/10 04:18:22.132, 0 %, 0 MiB, 81920 MiB
2026/06/10 04:18:27.132, 0 %, 497 MiB, 81920 MiB
2026/06/10 04:18:27.133, 0 %, 0 MiB, 81920 MiB
2026/06/10 04:18:32.133, 0 %, 497 MiB, 81920 MiB
2026/06/10 04:18:32.134, 0 %, 0 MiB, 81920 MiB
2026/06/10 04:18:37.134, 0 %, 497 MiB, 81920 MiB
2026/06/10 04:18:37.135, 0 %, 0 MiB, 81920 MiB
2026/06/10 04:18:42.136, 0 %, 497 MiB, 81920 MiB
2026/06/10 04:18:42.136, 0 %, 0 MiB, 81920 MiB
2026/06/10 04:18:47.137, 0 %, 497 MiB, 81920 MiB
2026/06/10 04:18:47.137, 0 %, 0 MiB, 81920 MiB
2026/06/10 04:18:52.138, 0 %, 497 MiB, 81920 MiB
2026/06/10 04:18:52.138, 0 %, 0 MiB, 81920 MiB
2026/06/10 04:18:57.139, 0 %, 497 MiB, 81920 MiB
2026/06/10 04:18:57.139, 0 %, 0 MiB, 81920 MiB
2026/06/10 04:19:02.140, 0 %, 497 MiB, 81920 MiB
2026/06/10 04:19:02.140, 0 %, 0 MiB, 81920 MiB
2026/06/10 04:19:07.141, 0 %, 497 MiB, 81920 MiB
2026/06/10 04:19:07.141, 0 %, 0 MiB, 81920 MiB
2026/06/10 04:19:12.142, 0 %, 497 MiB, 81920 MiB
2026/06/10 04:19:12.142, 0 %, 0 MiB, 81920 MiB
2026/06/10 04:19:17.143, 0 %, 497 MiB, 81920 MiB
2026/06/10 04:19:17.143, 0 %, 0 MiB, 81920 MiB
2026/06/10 04:19:22.144, 0 %, 497 MiB, 81920 MiB
2026/06/10 04:19:22.144, 0 %, 0 MiB, 81920 MiB
2026/06/10 04:19:27.145, 0 %, 497 MiB, 81920 MiB
2026/06/10 04:19:27.145, 0 %, 0 MiB, 81920 MiB
2026/06/10 04:19:32.146, 0 %, 497 MiB, 81920 MiB
2026/06/10 04:19:32.146, 0 %, 0 MiB, 81920 MiB
2026/06/10 04:19:37.147, 0 %, 497 MiB, 81920 MiB
2026/06/10 04:19:37.147, 0 %, 0 MiB, 81920 MiB
2026/06/10 04:19:42.148, 0 %, 497 MiB, 81920 MiB
2026/06/10 04:19:42.148, 0 %, 0 MiB, 81920 MiB
2026/06/10 04:19:47.149, 0 %, 497 MiB, 81920 MiB
2026/06/10 04:19:47.149, 0 %, 0 MiB, 81920 MiB
2026/06/10 04:19:52.150, 0 %, 497 MiB, 81920 MiB
2026/06/10 04:19:52.150, 0 %, 0 MiB, 81920 MiB
2026/06/10 04:19:57.151, 0 %, 497 MiB, 81920 MiB
2026/06/10 04:19:57.151, 0 %, 0 MiB, 81920 MiB
2026/06/10 04:20:02.152, 0 %, 497 MiB, 81920 MiB
2026/06/10 04:20:02.152, 0 %, 0 MiB, 81920 MiB
2026/06/10 04:20:07.153, 0 %, 497 MiB, 81920 MiB
2026/06/10 04:20:07.153, 0 %, 0 MiB, 81920 MiB
2026/06/10 04:20:12.154, 0 %, 497 MiB, 81920 MiB
2026/06/10 04:20:12.154, 0 %, 0 MiB, 81920 MiB
2026/06/10 04:20:17.155, 0 %, 497 MiB, 81920 MiB
2026/06/10 04:20:17.155, 0 %, 0 MiB, 81920 MiB
2026/06/10 04:20:22.157, 0 %, 497 MiB, 81920 MiB
2026/06/10 04:20:22.157, 0 %, 0 MiB, 81920 MiB
2026/06/10 04:20:27.158, 0 %, 531 MiB, 81920 MiB
2026/06/10 04:20:27.158, 0 %, 0 MiB, 81920 MiB
2026/06/10 04:20:32.158, 0 %, 531 MiB, 81920 MiB
2026/06/10 04:20:32.159, 0 %, 0 MiB, 81920 MiB
2026/06/10 04:20:37.159, 0 %, 531 MiB, 81920 MiB
2026/06/10 04:20:37.160, 0 %, 0 MiB, 81920 MiB
2026/06/10 04:20:42.160, 0 %, 531 MiB, 81920 MiB
2026/06/10 04:20:42.160, 0 %, 0 MiB, 81920 MiB
2026/06/10 04:20:47.161, 0 %, 531 MiB, 81920 MiB
2026/06/10 04:20:47.161, 0 %, 0 MiB, 81920 MiB
2026/06/10 04:20:52.162, 0 %, 531 MiB, 81920 MiB
2026/06/10 04:20:52.162, 0 %, 0 MiB, 81920 MiB
2026/06/10 04:20:57.163, 0 %, 531 MiB, 81920 MiB
2026/06/10 04:20:57.163, 0 %, 0 MiB, 81920 MiB
2026/06/10 04:21:02.164, 0 %, 531 MiB, 81920 MiB
2026/06/10 04:21:02.164, 0 %, 0 MiB, 81920 MiB
2026/06/10 04:21:07.165, 0 %, 531 MiB, 81920 MiB
2026/06/10 04:21:07.165, 0 %, 0 MiB, 81920 MiB
2026/06/10 04:21:12.166, 0 %, 531 MiB, 81920 MiB
2026/06/10 04:21:12.166, 0 %, 0 MiB, 81920 MiB
2026/06/10 04:21:17.167, 0 %, 531 MiB, 81920 MiB
2026/06/10 04:21:17.167, 0 %, 0 MiB, 81920 MiB
2026/06/10 04:21:22.167, 0 %, 531 MiB, 81920 MiB
2026/06/10 04:21:22.168, 0 %, 0 MiB, 81920 MiB
2026/06/10 04:21:27.168, 0 %, 531 MiB, 81920 MiB
2026/06/10 04:21:27.169, 0 %, 0 MiB, 81920 MiB
2026/06/10 04:21:32.169, 0 %, 531 MiB, 81920 MiB
2026/06/10 04:21:32.170, 0 %, 0 MiB, 81920 MiB
2026/06/10 04:21:37.170, 0 %, 531 MiB, 81920 MiB
2026/06/10 04:21:37.170, 0 %, 0 MiB, 81920 MiB
2026/06/10 04:21:42.171, 0 %, 531 MiB, 81920 MiB
2026/06/10 04:21:42.171, 0 %, 0 MiB, 81920 MiB
2026/06/10 04:21:47.172, 0 %, 531 MiB, 81920 MiB
2026/06/10 04:21:47.172, 0 %, 0 MiB, 81920 MiB
2026/06/10 04:21:52.173, 0 %, 531 MiB, 81920 MiB
2026/06/10 04:21:52.173, 0 %, 0 MiB, 81920 MiB
2026/06/10 04:21:57.174, 0 %, 531 MiB, 81920 MiB
2026/06/10 04:21:57.174, 0 %, 0 MiB, 81920 MiB
2026/06/10 04:22:02.175, 0 %, 531 MiB, 81920 MiB
2026/06/10 04:22:02.175, 0 %, 0 MiB, 81920 MiB
2026/06/10 04:22:07.176, 0 %, 531 MiB, 81920 MiB
2026/06/10 04:22:07.176, 0 %, 0 MiB, 81920 MiB
2026/06/10 04:22:12.177, 0 %, 531 MiB, 81920 MiB
2026/06/10 04:22:12.177, 0 %, 0 MiB, 81920 MiB
2026/06/10 04:22:17.178, 0 %, 531 MiB, 81920 MiB
2026/06/10 04:22:17.178, 0 %, 0 MiB, 81920 MiB
2026/06/10 04:22:22.179, 0 %, 531 MiB, 81920 MiB
2026/06/10 04:22:22.179, 0 %, 0 MiB, 81920 MiB
2026/06/10 04:22:27.180, 0 %, 531 MiB, 81920 MiB
2026/06/10 04:22:27.180, 0 %, 0 MiB, 81920 MiB
2026/06/10 04:22:32.181, 0 %, 531 MiB, 81920 MiB
2026/06/10 04:22:32.181, 0 %, 0 MiB, 81920 MiB
2026/06/10 04:22:37.182, 0 %, 531 MiB, 81920 MiB
2026/06/10 04:22:37.182, 0 %, 0 MiB, 81920 MiB
2026/06/10 04:22:42.183, 0 %, 531 MiB, 81920 MiB
2026/06/10 04:22:42.183, 0 %, 0 MiB, 81920 MiB
2026/06/10 04:22:47.184, 0 %, 531 MiB, 81920 MiB
2026/06/10 04:22:47.184, 0 %, 0 MiB, 81920 MiB
2026/06/10 04:22:52.185, 0 %, 531 MiB, 81920 MiB
2026/06/10 04:22:52.185, 0 %, 0 MiB, 81920 MiB
2026/06/10 04:22:57.185, 0 %, 531 MiB, 81920 MiB
2026/06/10 04:22:57.186, 0 %, 0 MiB, 81920 MiB
2026/06/10 04:23:02.186, 0 %, 531 MiB, 81920 MiB
2026/06/10 04:23:02.186, 0 %, 0 MiB, 81920 MiB
2026/06/10 04:23:07.187, 0 %, 531 MiB, 81920 MiB
2026/06/10 04:23:07.187, 0 %, 0 MiB, 81920 MiB
2026/06/10 04:23:12.188, 0 %, 531 MiB, 81920 MiB
2026/06/10 04:23:12.188, 0 %, 0 MiB, 81920 MiB
2026/06/10 04:23:17.189, 0 %, 531 MiB, 81920 MiB
2026/06/10 04:23:17.189, 0 %, 0 MiB, 81920 MiB
2026/06/10 04:23:22.190, 0 %, 531 MiB, 81920 MiB
2026/06/10 04:23:22.190, 0 %, 0 MiB, 81920 MiB
2026/06/10 04:23:27.191, 0 %, 531 MiB, 81920 MiB
2026/06/10 04:23:27.191, 0 %, 0 MiB, 81920 MiB
2026/06/10 04:23:32.192, 0 %, 531 MiB, 81920 MiB
2026/06/10 04:23:32.192, 0 %, 0 MiB, 81920 MiB
2026/06/10 04:23:37.193, 0 %, 531 MiB, 81920 MiB
2026/06/10 04:23:37.193, 0 %, 0 MiB, 81920 MiB
2026/06/10 04:23:42.194, 0 %, 531 MiB, 81920 MiB
2026/06/10 04:23:42.194, 0 %, 0 MiB, 81920 MiB
2026/06/10 04:23:47.195, 0 %, 531 MiB, 81920 MiB
2026/06/10 04:23:47.195, 0 %, 0 MiB, 81920 MiB
2026/06/10 04:23:52.196, 0 %, 531 MiB, 81920 MiB
2026/06/10 04:23:52.196, 0 %, 0 MiB, 81920 MiB
2026/06/10 04:23:57.196, 0 %, 531 MiB, 81920 MiB
2026/06/10 04:23:57.197, 0 %, 0 MiB, 81920 MiB
2026/06/10 04:24:02.197, 0 %, 531 MiB, 81920 MiB
2026/06/10 04:24:02.197, 0 %, 0 MiB, 81920 MiB
2026/06/10 04:24:07.198, 0 %, 531 MiB, 81920 MiB
2026/06/10 04:24:07.198, 0 %, 0 MiB, 81920 MiB
2026/06/10 04:24:12.199, 0 %, 531 MiB, 81920 MiB
2026/06/10 04:24:12.199, 0 %, 0 MiB, 81920 MiB
2026/06/10 04:24:17.200, 0 %, 531 MiB, 81920 MiB
2026/06/10 04:24:17.200, 0 %, 0 MiB, 81920 MiB
2026/06/10 04:24:22.201, 0 %, 531 MiB, 81920 MiB
2026/06/10 04:24:22.201, 0 %, 0 MiB, 81920 MiB
2026/06/10 04:24:27.202, 0 %, 531 MiB, 81920 MiB
2026/06/10 04:24:27.202, 0 %, 0 MiB, 81920 MiB
2026/06/10 04:24:32.203, 0 %, 531 MiB, 81920 MiB
2026/06/10 04:24:32.203, 0 %, 0 MiB, 81920 MiB
2026/06/10 04:24:37.204, 0 %, 531 MiB, 81920 MiB
2026/06/10 04:24:37.204, 0 %, 0 MiB, 81920 MiB
2026/06/10 04:24:42.205, 0 %, 531 MiB, 81920 MiB
2026/06/10 04:24:42.205, 0 %, 0 MiB, 81920 MiB
2026/06/10 04:24:47.205, 0 %, 531 MiB, 81920 MiB
2026/06/10 04:24:47.206, 0 %, 0 MiB, 81920 MiB
2026/06/10 04:24:52.206, 0 %, 531 MiB, 81920 MiB
2026/06/10 04:24:52.207, 0 %, 0 MiB, 81920 MiB
2026/06/10 04:24:57.207, 0 %, 531 MiB, 81920 MiB
2026/06/10 04:24:57.207, 0 %, 0 MiB, 81920 MiB
2026/06/10 04:25:02.208, 0 %, 531 MiB, 81920 MiB
2026/06/10 04:25:02.208, 0 %, 0 MiB, 81920 MiB
2026/06/10 04:25:07.209, 0 %, 531 MiB, 81920 MiB
2026/06/10 04:25:07.209, 0 %, 0 MiB, 81920 MiB
2026/06/10 04:25:12.210, 0 %, 531 MiB, 81920 MiB
2026/06/10 04:25:12.210, 0 %, 0 MiB, 81920 MiB
2026/06/10 04:25:17.211, 0 %, 531 MiB, 81920 MiB
2026/06/10 04:25:17.211, 0 %, 0 MiB, 81920 MiB
2026/06/10 04:25:22.212, 0 %, 531 MiB, 81920 MiB
2026/06/10 04:25:22.212, 0 %, 0 MiB, 81920 MiB
2026/06/10 04:25:27.213, 0 %, 531 MiB, 81920 MiB
2026/06/10 04:25:27.213, 0 %, 0 MiB, 81920 MiB
2026/06/10 04:25:32.214, 0 %, 531 MiB, 81920 MiB
2026/06/10 04:25:32.214, 0 %, 0 MiB, 81920 MiB
2026/06/10 04:25:37.215, 0 %, 531 MiB, 81920 MiB
2026/06/10 04:25:37.215, 0 %, 0 MiB, 81920 MiB
2026/06/10 04:25:42.216, 0 %, 531 MiB, 81920 MiB
2026/06/10 04:25:42.216, 0 %, 0 MiB, 81920 MiB
2026/06/10 04:25:47.216, 0 %, 531 MiB, 81920 MiB
2026/06/10 04:25:47.217, 0 %, 0 MiB, 81920 MiB
2026/06/10 04:25:52.217, 0 %, 531 MiB, 81920 MiB
2026/06/10 04:25:52.217, 0 %, 0 MiB, 81920 MiB
2026/06/10 04:25:57.218, 0 %, 531 MiB, 81920 MiB
2026/06/10 04:25:57.218, 0 %, 0 MiB, 81920 MiB
2026/06/10 04:26:02.219, 0 %, 531 MiB, 81920 MiB
2026/06/10 04:26:02.219, 0 %, 0 MiB, 81920 MiB
2026/06/10 04:26:07.220, 0 %, 531 MiB, 81920 MiB
2026/06/10 04:26:07.220, 0 %, 0 MiB, 81920 MiB
2026/06/10 04:26:12.221, 0 %, 531 MiB, 81920 MiB
2026/06/10 04:26:12.221, 0 %, 0 MiB, 81920 MiB
2026/06/10 04:26:17.222, 0 %, 531 MiB, 81920 MiB
2026/06/10 04:26:17.222, 0 %, 0 MiB, 81920 MiB
2026/06/10 04:26:22.223, 0 %, 531 MiB, 81920 MiB
2026/06/10 04:26:22.223, 0 %, 0 MiB, 81920 MiB
2026/06/10 04:26:27.224, 0 %, 531 MiB, 81920 MiB
2026/06/10 04:26:27.224, 0 %, 0 MiB, 81920 MiB
2026/06/10 04:26:32.225, 0 %, 531 MiB, 81920 MiB
2026/06/10 04:26:32.225, 0 %, 0 MiB, 81920 MiB
2026/06/10 04:26:37.225, 0 %, 531 MiB, 81920 MiB
2026/06/10 04:26:37.226, 0 %, 0 MiB, 81920 MiB
2026/06/10 04:26:42.226, 0 %, 531 MiB, 81920 MiB
2026/06/10 04:26:42.227, 0 %, 0 MiB, 81920 MiB
2026/06/10 04:26:47.227, 0 %, 531 MiB, 81920 MiB
2026/06/10 04:26:47.227, 0 %, 0 MiB, 81920 MiB
2026/06/10 04:26:52.228, 0 %, 531 MiB, 81920 MiB
2026/06/10 04:26:52.228, 0 %, 0 MiB, 81920 MiB
2026/06/10 04:26:57.229, 0 %, 531 MiB, 81920 MiB
2026/06/10 04:26:57.229, 0 %, 0 MiB, 81920 MiB
2026/06/10 04:27:02.230, 0 %, 531 MiB, 81920 MiB
2026/06/10 04:27:02.230, 0 %, 0 MiB, 81920 MiB
2026/06/10 04:27:07.231, 0 %, 531 MiB, 81920 MiB
2026/06/10 04:27:07.231, 0 %, 0 MiB, 81920 MiB
2026/06/10 04:27:12.232, 0 %, 531 MiB, 81920 MiB
2026/06/10 04:27:12.232, 0 %, 0 MiB, 81920 MiB
2026/06/10 04:27:17.233, 0 %, 531 MiB, 81920 MiB
2026/06/10 04:27:17.233, 0 %, 0 MiB, 81920 MiB
2026/06/10 04:27:22.234, 0 %, 531 MiB, 81920 MiB
2026/06/10 04:27:22.234, 0 %, 0 MiB, 81920 MiB
2026/06/10 04:27:27.234, 0 %, 531 MiB, 81920 MiB
2026/06/10 04:27:27.235, 0 %, 0 MiB, 81920 MiB
2026/06/10 04:27:32.235, 0 %, 531 MiB, 81920 MiB
2026/06/10 04:27:32.235, 0 %, 0 MiB, 81920 MiB
2026/06/10 04:27:37.236, 0 %, 531 MiB, 81920 MiB
2026/06/10 04:27:37.236, 0 %, 0 MiB, 81920 MiB
2026/06/10 04:27:42.237, 0 %, 531 MiB, 81920 MiB
2026/06/10 04:27:42.237, 0 %, 0 MiB, 81920 MiB
2026/06/10 04:27:47.238, 0 %, 531 MiB, 81920 MiB
2026/06/10 04:27:47.238, 0 %, 0 MiB, 81920 MiB
2026/06/10 04:27:52.239, 0 %, 531 MiB, 81920 MiB
2026/06/10 04:27:52.239, 0 %, 0 MiB, 81920 MiB
2026/06/10 04:27:57.240, 0 %, 531 MiB, 81920 MiB
2026/06/10 04:27:57.240, 0 %, 0 MiB, 81920 MiB
2026/06/10 04:28:02.241, 0 %, 531 MiB, 81920 MiB
2026/06/10 04:28:02.241, 0 %, 0 MiB, 81920 MiB
2026/06/10 04:28:07.242, 0 %, 531 MiB, 81920 MiB
2026/06/10 04:28:07.242, 0 %, 0 MiB, 81920 MiB
2026/06/10 04:28:12.243, 0 %, 531 MiB, 81920 MiB
2026/06/10 04:28:12.243, 0 %, 0 MiB, 81920 MiB
2026/06/10 04:28:17.244, 0 %, 531 MiB, 81920 MiB
2026/06/10 04:28:17.244, 0 %, 0 MiB, 81920 MiB
2026/06/10 04:28:22.244, 0 %, 531 MiB, 81920 MiB
2026/06/10 04:28:22.245, 0 %, 0 MiB, 81920 MiB
2026/06/10 04:28:27.245, 0 %, 531 MiB, 81920 MiB
2026/06/10 04:28:27.245, 0 %, 0 MiB, 81920 MiB
2026/06/10 04:28:32.246, 0 %, 531 MiB, 81920 MiB
2026/06/10 04:28:32.246, 0 %, 0 MiB, 81920 MiB
2026/06/10 04:28:37.247, 0 %, 531 MiB, 81920 MiB
2026/06/10 04:28:37.247, 0 %, 0 MiB, 81920 MiB
2026/06/10 04:28:42.248, 0 %, 531 MiB, 81920 MiB
2026/06/10 04:28:42.248, 0 %, 0 MiB, 81920 MiB
2026/06/10 04:28:47.249, 0 %, 531 MiB, 81920 MiB
2026/06/10 04:28:47.249, 0 %, 0 MiB, 81920 MiB
2026/06/10 04:28:52.250, 0 %, 531 MiB, 81920 MiB
2026/06/10 04:28:52.250, 0 %, 0 MiB, 81920 MiB
2026/06/10 04:28:57.251, 0 %, 531 MiB, 81920 MiB
2026/06/10 04:28:57.251, 0 %, 0 MiB, 81920 MiB
2026/06/10 04:29:02.252, 0 %, 531 MiB, 81920 MiB
2026/06/10 04:29:02.252, 0 %, 0 MiB, 81920 MiB
2026/06/10 04:29:07.253, 0 %, 531 MiB, 81920 MiB
2026/06/10 04:29:07.253, 0 %, 0 MiB, 81920 MiB
2026/06/10 04:29:12.253, 0 %, 531 MiB, 81920 MiB
2026/06/10 04:29:12.254, 0 %, 0 MiB, 81920 MiB
2026/06/10 04:29:17.254, 0 %, 531 MiB, 81920 MiB
2026/06/10 04:29:17.255, 0 %, 0 MiB, 81920 MiB
2026/06/10 04:29:22.255, 0 %, 531 MiB, 81920 MiB
2026/06/10 04:29:22.255, 0 %, 0 MiB, 81920 MiB
2026/06/10 04:29:27.256, 0 %, 531 MiB, 81920 MiB
2026/06/10 04:29:27.256, 0 %, 0 MiB, 81920 MiB
2026/06/10 04:29:32.257, 0 %, 531 MiB, 81920 MiB
2026/06/10 04:29:32.257, 0 %, 0 MiB, 81920 MiB
2026/06/10 04:29:37.258, 0 %, 531 MiB, 81920 MiB
2026/06/10 04:29:37.258, 0 %, 0 MiB, 81920 MiB
2026/06/10 04:29:42.259, 0 %, 531 MiB, 81920 MiB
2026/06/10 04:29:42.259, 0 %, 0 MiB, 81920 MiB
2026/06/10 04:29:47.260, 0 %, 531 MiB, 81920 MiB
2026/06/10 04:29:47.260, 0 %, 0 MiB, 81920 MiB
2026/06/10 04:29:52.261, 0 %, 531 MiB, 81920 MiB
2026/06/10 04:29:52.261, 0 %, 0 MiB, 81920 MiB
2026/06/10 04:29:57.262, 0 %, 531 MiB, 81920 MiB
2026/06/10 04:29:57.262, 0 %, 0 MiB, 81920 MiB
2026/06/10 04:30:02.263, 0 %, 531 MiB, 81920 MiB
2026/06/10 04:30:02.263, 0 %, 0 MiB, 81920 MiB
2026/06/10 04:30:07.263, 0 %, 531 MiB, 81920 MiB
2026/06/10 04:30:07.264, 0 %, 0 MiB, 81920 MiB
2026/06/10 04:30:12.264, 0 %, 531 MiB, 81920 MiB
2026/06/10 04:30:12.264, 0 %, 0 MiB, 81920 MiB
2026/06/10 04:30:17.265, 0 %, 531 MiB, 81920 MiB
2026/06/10 04:30:17.265, 0 %, 0 MiB, 81920 MiB
2026/06/10 04:30:22.266, 0 %, 531 MiB, 81920 MiB
2026/06/10 04:30:22.266, 0 %, 0 MiB, 81920 MiB
2026/06/10 04:30:27.267, 0 %, 531 MiB, 81920 MiB
2026/06/10 04:30:27.267, 0 %, 0 MiB, 81920 MiB
2026/06/10 04:30:32.268, 0 %, 531 MiB, 81920 MiB
2026/06/10 04:30:32.268, 0 %, 0 MiB, 81920 MiB
2026/06/10 04:30:37.269, 0 %, 531 MiB, 81920 MiB
2026/06/10 04:30:37.269, 0 %, 0 MiB, 81920 MiB
2026/06/10 04:30:42.270, 0 %, 531 MiB, 81920 MiB
2026/06/10 04:30:42.270, 0 %, 0 MiB, 81920 MiB
2026/06/10 04:30:47.270, 0 %, 523 MiB, 81920 MiB
2026/06/10 04:30:47.271, 0 %, 0 MiB, 81920 MiB
2026/06/10 04:30:52.271, 0 %, 497 MiB, 81920 MiB
2026/06/10 04:30:52.271, 0 %, 0 MiB, 81920 MiB
2026/06/10 04:30:57.273, 0 %, 497 MiB, 81920 MiB
2026/06/10 04:30:57.273, 0 %, 0 MiB, 81920 MiB
2026/06/10 04:31:02.274, 0 %, 497 MiB, 81920 MiB
2026/06/10 04:31:02.274, 0 %, 0 MiB, 81920 MiB
2026/06/10 04:31:07.274, 0 %, 497 MiB, 81920 MiB
2026/06/10 04:31:07.274, 0 %, 0 MiB, 81920 MiB
2026/06/10 04:31:12.275, 0 %, 497 MiB, 81920 MiB
2026/06/10 04:31:12.275, 0 %, 0 MiB, 81920 MiB
2026/06/10 04:31:17.276, 0 %, 497 MiB, 81920 MiB
2026/06/10 04:31:17.276, 0 %, 0 MiB, 81920 MiB
2026/06/10 04:31:22.277, 0 %, 497 MiB, 81920 MiB
2026/06/10 04:31:22.277, 0 %, 0 MiB, 81920 MiB
2026/06/10 04:31:27.278, 0 %, 497 MiB, 81920 MiB
2026/06/10 04:31:27.278, 0 %, 0 MiB, 81920 MiB
2026/06/10 04:31:32.278, 0 %, 497 MiB, 81920 MiB
2026/06/10 04:31:32.278, 0 %, 0 MiB, 81920 MiB
2026/06/10 04:31:37.279, 0 %, 497 MiB, 81920 MiB
2026/06/10 04:31:37.279, 0 %, 0 MiB, 81920 MiB
2026/06/10 04:31:42.280, 0 %, 497 MiB, 81920 MiB
2026/06/10 04:31:42.281, 0 %, 0 MiB, 81920 MiB
2026/06/10 04:31:47.281, 0 %, 497 MiB, 81920 MiB
2026/06/10 04:31:47.281, 0 %, 0 MiB, 81920 MiB
2026/06/10 04:31:52.282, 0 %, 497 MiB, 81920 MiB
2026/06/10 04:31:52.282, 0 %, 0 MiB, 81920 MiB
2026/06/10 04:31:57.283, 0 %, 497 MiB, 81920 MiB
2026/06/10 04:31:57.283, 0 %, 0 MiB, 81920 MiB
2026/06/10 04:32:02.284, 0 %, 497 MiB, 81920 MiB
2026/06/10 04:32:02.284, 0 %, 0 MiB, 81920 MiB
2026/06/10 04:32:07.285, 0 %, 497 MiB, 81920 MiB
2026/06/10 04:32:07.285, 0 %, 0 MiB, 81920 MiB
2026/06/10 04:32:12.286, 0 %, 497 MiB, 81920 MiB
2026/06/10 04:32:12.286, 0 %, 0 MiB, 81920 MiB
2026/06/10 04:32:17.287, 0 %, 497 MiB, 81920 MiB
2026/06/10 04:32:17.287, 0 %, 0 MiB, 81920 MiB
2026/06/10 04:32:22.287, 0 %, 497 MiB, 81920 MiB
2026/06/10 04:32:22.287, 0 %, 0 MiB, 81920 MiB
2026/06/10 04:32:27.288, 0 %, 497 MiB, 81920 MiB
2026/06/10 04:32:27.288, 0 %, 0 MiB, 81920 MiB
2026/06/10 04:32:32.289, 0 %, 497 MiB, 81920 MiB
2026/06/10 04:32:32.289, 0 %, 0 MiB, 81920 MiB
2026/06/10 04:32:37.290, 0 %, 497 MiB, 81920 MiB
2026/06/10 04:32:37.290, 0 %, 0 MiB, 81920 MiB
2026/06/10 04:32:42.291, 0 %, 497 MiB, 81920 MiB
2026/06/10 04:32:42.291, 0 %, 0 MiB, 81920 MiB
2026/06/10 04:32:47.292, 0 %, 497 MiB, 81920 MiB
2026/06/10 04:32:47.292, 0 %, 0 MiB, 81920 MiB
2026/06/10 04:32:52.292, 0 %, 497 MiB, 81920 MiB
2026/06/10 04:32:52.292, 0 %, 0 MiB, 81920 MiB
2026/06/10 04:32:57.293, 0 %, 497 MiB, 81920 MiB
2026/06/10 04:32:57.293, 0 %, 0 MiB, 81920 MiB
2026/06/10 04:33:02.294, 0 %, 497 MiB, 81920 MiB
2026/06/10 04:33:02.294, 0 %, 0 MiB, 81920 MiB
2026/06/10 04:33:07.295, 0 %, 497 MiB, 81920 MiB
2026/06/10 04:33:07.295, 0 %, 0 MiB, 81920 MiB
2026/06/10 04:33:12.296, 0 %, 497 MiB, 81920 MiB
2026/06/10 04:33:12.296, 0 %, 0 MiB, 81920 MiB
2026/06/10 04:33:17.296, 0 %, 497 MiB, 81920 MiB
2026/06/10 04:33:17.297, 0 %, 0 MiB, 81920 MiB
2026/06/10 04:33:22.298, 0 %, 497 MiB, 81920 MiB
2026/06/10 04:33:22.298, 0 %, 0 MiB, 81920 MiB
2026/06/10 04:33:27.298, 0 %, 497 MiB, 81920 MiB
2026/06/10 04:33:27.299, 0 %, 0 MiB, 81920 MiB
2026/06/10 04:33:32.299, 0 %, 497 MiB, 81920 MiB
2026/06/10 04:33:32.300, 0 %, 0 MiB, 81920 MiB
2026/06/10 04:33:37.300, 0 %, 497 MiB, 81920 MiB
2026/06/10 04:33:37.300, 0 %, 0 MiB, 81920 MiB
2026/06/10 04:33:42.301, 0 %, 497 MiB, 81920 MiB
2026/06/10 04:33:42.301, 0 %, 0 MiB, 81920 MiB
2026/06/10 04:33:47.302, 0 %, 497 MiB, 81920 MiB
2026/06/10 04:33:47.302, 0 %, 0 MiB, 81920 MiB
2026/06/10 04:33:52.303, 0 %, 497 MiB, 81920 MiB
2026/06/10 04:33:52.303, 0 %, 0 MiB, 81920 MiB
2026/06/10 04:33:57.343, 0 %, 497 MiB, 81920 MiB
2026/06/10 04:33:57.343, 0 %, 0 MiB, 81920 MiB
2026/06/10 04:34:02.344, 12 %, 567 MiB, 81920 MiB
2026/06/10 04:34:02.344, 0 %, 0 MiB, 81920 MiB
2026/06/10 04:34:07.345, 0 %, 531 MiB, 81920 MiB
2026/06/10 04:34:07.345, 0 %, 0 MiB, 81920 MiB
2026/06/10 04:34:12.345, 0 %, 531 MiB, 81920 MiB
2026/06/10 04:34:12.345, 0 %, 0 MiB, 81920 MiB
2026/06/10 04:34:17.346, 0 %, 531 MiB, 81920 MiB
2026/06/10 04:34:17.346, 0 %, 0 MiB, 81920 MiB
2026/06/10 04:34:22.346, 0 %, 531 MiB, 81920 MiB
2026/06/10 04:34:22.346, 0 %, 0 MiB, 81920 MiB
2026/06/10 04:34:27.347, 0 %, 531 MiB, 81920 MiB
2026/06/10 04:34:27.347, 0 %, 0 MiB, 81920 MiB
2026/06/10 04:34:32.348, 0 %, 531 MiB, 81920 MiB
2026/06/10 04:34:32.348, 0 %, 0 MiB, 81920 MiB
2026/06/10 04:34:37.348, 0 %, 531 MiB, 81920 MiB
2026/06/10 04:34:37.348, 0 %, 0 MiB, 81920 MiB
2026/06/10 04:34:42.349, 0 %, 531 MiB, 81920 MiB
2026/06/10 04:34:42.349, 0 %, 0 MiB, 81920 MiB
2026/06/10 04:34:47.350, 0 %, 531 MiB, 81920 MiB
2026/06/10 04:34:47.350, 0 %, 0 MiB, 81920 MiB
2026/06/10 04:34:52.350, 0 %, 531 MiB, 81920 MiB
2026/06/10 04:34:52.351, 0 %, 0 MiB, 81920 MiB
2026/06/10 04:34:57.351, 0 %, 531 MiB, 81920 MiB
2026/06/10 04:34:57.351, 0 %, 0 MiB, 81920 MiB
2026/06/10 04:35:02.352, 0 %, 531 MiB, 81920 MiB
2026/06/10 04:35:02.352, 0 %, 0 MiB, 81920 MiB
2026/06/10 04:35:07.353, 0 %, 531 MiB, 81920 MiB
2026/06/10 04:35:07.353, 0 %, 0 MiB, 81920 MiB
2026/06/10 04:35:12.353, 0 %, 531 MiB, 81920 MiB
2026/06/10 04:35:12.353, 0 %, 0 MiB, 81920 MiB
2026/06/10 04:35:17.354, 0 %, 531 MiB, 81920 MiB
2026/06/10 04:35:17.354, 0 %, 0 MiB, 81920 MiB
2026/06/10 04:35:22.355, 0 %, 531 MiB, 81920 MiB
2026/06/10 04:35:22.355, 0 %, 0 MiB, 81920 MiB
2026/06/10 04:35:27.355, 0 %, 531 MiB, 81920 MiB
2026/06/10 04:35:27.355, 0 %, 0 MiB, 81920 MiB
2026/06/10 04:35:32.356, 0 %, 531 MiB, 81920 MiB
2026/06/10 04:35:32.356, 0 %, 0 MiB, 81920 MiB
2026/06/10 04:35:37.357, 0 %, 531 MiB, 81920 MiB
2026/06/10 04:35:37.357, 0 %, 0 MiB, 81920 MiB
2026/06/10 04:35:42.358, 0 %, 531 MiB, 81920 MiB
2026/06/10 04:35:42.358, 0 %, 0 MiB, 81920 MiB
2026/06/10 04:35:47.358, 0 %, 531 MiB, 81920 MiB
2026/06/10 04:35:47.358, 0 %, 0 MiB, 81920 MiB
2026/06/10 04:35:52.359, 0 %, 531 MiB, 81920 MiB
2026/06/10 04:35:52.359, 0 %, 0 MiB, 81920 MiB
2026/06/10 04:35:57.360, 0 %, 531 MiB, 81920 MiB
2026/06/10 04:35:57.360, 0 %, 0 MiB, 81920 MiB
2026/06/10 04:36:02.360, 0 %, 531 MiB, 81920 MiB
2026/06/10 04:36:02.361, 0 %, 0 MiB, 81920 MiB
2026/06/10 04:36:07.361, 0 %, 531 MiB, 81920 MiB
2026/06/10 04:36:07.361, 0 %, 0 MiB, 81920 MiB
2026/06/10 04:36:12.362, 0 %, 531 MiB, 81920 MiB
2026/06/10 04:36:12.362, 0 %, 0 MiB, 81920 MiB
2026/06/10 04:36:17.363, 0 %, 531 MiB, 81920 MiB
2026/06/10 04:36:17.363, 0 %, 0 MiB, 81920 MiB
2026/06/10 04:36:22.363, 0 %, 531 MiB, 81920 MiB
2026/06/10 04:36:22.363, 0 %, 0 MiB, 81920 MiB
2026/06/10 04:36:27.364, 0 %, 531 MiB, 81920 MiB
2026/06/10 04:36:27.364, 0 %, 0 MiB, 81920 MiB
2026/06/10 04:36:32.365, 0 %, 531 MiB, 81920 MiB
2026/06/10 04:36:32.365, 0 %, 0 MiB, 81920 MiB
2026/06/10 04:36:37.366, 0 %, 531 MiB, 81920 MiB
2026/06/10 04:36:37.366, 0 %, 0 MiB, 81920 MiB
2026/06/10 04:36:42.366, 0 %, 531 MiB, 81920 MiB
2026/06/10 04:36:42.366, 0 %, 0 MiB, 81920 MiB
2026/06/10 04:36:47.367, 0 %, 531 MiB, 81920 MiB
2026/06/10 04:36:47.367, 0 %, 0 MiB, 81920 MiB
2026/06/10 04:36:52.367, 0 %, 531 MiB, 81920 MiB
2026/06/10 04:36:52.368, 0 %, 0 MiB, 81920 MiB
2026/06/10 04:36:57.368, 0 %, 531 MiB, 81920 MiB
2026/06/10 04:36:57.368, 0 %, 0 MiB, 81920 MiB
2026/06/10 04:37:02.369, 0 %, 531 MiB, 81920 MiB
2026/06/10 04:37:02.369, 0 %, 0 MiB, 81920 MiB
2026/06/10 04:37:07.369, 0 %, 531 MiB, 81920 MiB
2026/06/10 04:37:07.370, 0 %, 0 MiB, 81920 MiB
2026/06/10 04:37:12.370, 0 %, 531 MiB, 81920 MiB
2026/06/10 04:37:12.370, 0 %, 0 MiB, 81920 MiB
2026/06/10 04:37:17.371, 0 %, 531 MiB, 81920 MiB
2026/06/10 04:37:17.371, 0 %, 0 MiB, 81920 MiB
2026/06/10 04:37:22.371, 0 %, 531 MiB, 81920 MiB
2026/06/10 04:37:22.372, 0 %, 0 MiB, 81920 MiB
2026/06/10 04:37:27.372, 0 %, 531 MiB, 81920 MiB
2026/06/10 04:37:27.372, 0 %, 0 MiB, 81920 MiB
2026/06/10 04:37:32.373, 0 %, 531 MiB, 81920 MiB
2026/06/10 04:37:32.373, 0 %, 0 MiB, 81920 MiB
2026/06/10 04:37:37.374, 0 %, 531 MiB, 81920 MiB
2026/06/10 04:37:37.374, 0 %, 0 MiB, 81920 MiB
2026/06/10 04:37:42.374, 0 %, 531 MiB, 81920 MiB
2026/06/10 04:37:42.374, 0 %, 0 MiB, 81920 MiB
2026/06/10 04:37:47.375, 0 %, 531 MiB, 81920 MiB
2026/06/10 04:37:47.375, 0 %, 0 MiB, 81920 MiB
2026/06/10 04:37:52.376, 0 %, 531 MiB, 81920 MiB
2026/06/10 04:37:52.376, 0 %, 0 MiB, 81920 MiB
2026/06/10 04:37:57.376, 0 %, 531 MiB, 81920 MiB
2026/06/10 04:37:57.376, 0 %, 0 MiB, 81920 MiB
2026/06/10 04:38:02.377, 0 %, 531 MiB, 81920 MiB
2026/06/10 04:38:02.377, 0 %, 0 MiB, 81920 MiB
2026/06/10 04:38:07.378, 0 %, 531 MiB, 81920 MiB
2026/06/10 04:38:07.378, 0 %, 0 MiB, 81920 MiB
2026/06/10 04:38:12.378, 0 %, 531 MiB, 81920 MiB
2026/06/10 04:38:12.378, 0 %, 0 MiB, 81920 MiB
2026/06/10 04:38:17.379, 0 %, 531 MiB, 81920 MiB
2026/06/10 04:38:17.379, 0 %, 0 MiB, 81920 MiB
2026/06/10 04:38:22.380, 0 %, 531 MiB, 81920 MiB
2026/06/10 04:38:22.380, 0 %, 0 MiB, 81920 MiB
2026/06/10 04:38:27.380, 0 %, 531 MiB, 81920 MiB
2026/06/10 04:38:27.380, 0 %, 0 MiB, 81920 MiB
2026/06/10 04:38:32.381, 0 %, 531 MiB, 81920 MiB
2026/06/10 04:38:32.381, 0 %, 0 MiB, 81920 MiB
2026/06/10 04:38:37.382, 0 %, 531 MiB, 81920 MiB
2026/06/10 04:38:37.382, 0 %, 0 MiB, 81920 MiB
2026/06/10 04:38:42.382, 0 %, 531 MiB, 81920 MiB
2026/06/10 04:38:42.382, 0 %, 0 MiB, 81920 MiB
2026/06/10 04:38:47.383, 0 %, 531 MiB, 81920 MiB
2026/06/10 04:38:47.383, 0 %, 0 MiB, 81920 MiB
2026/06/10 04:38:52.383, 0 %, 531 MiB, 81920 MiB
2026/06/10 04:38:52.384, 0 %, 0 MiB, 81920 MiB
2026/06/10 04:38:57.384, 0 %, 531 MiB, 81920 MiB
2026/06/10 04:38:57.384, 0 %, 0 MiB, 81920 MiB
2026/06/10 04:39:02.385, 0 %, 531 MiB, 81920 MiB
2026/06/10 04:39:02.385, 0 %, 0 MiB, 81920 MiB
2026/06/10 04:39:07.386, 0 %, 531 MiB, 81920 MiB
2026/06/10 04:39:07.386, 0 %, 0 MiB, 81920 MiB
2026/06/10 04:39:12.386, 0 %, 531 MiB, 81920 MiB
2026/06/10 04:39:12.386, 0 %, 0 MiB, 81920 MiB
2026/06/10 04:39:17.387, 0 %, 531 MiB, 81920 MiB
2026/06/10 04:39:17.387, 0 %, 0 MiB, 81920 MiB
2026/06/10 04:39:22.388, 0 %, 531 MiB, 81920 MiB
2026/06/10 04:39:22.388, 0 %, 0 MiB, 81920 MiB
2026/06/10 04:39:27.388, 0 %, 531 MiB, 81920 MiB
2026/06/10 04:39:27.388, 0 %, 0 MiB, 81920 MiB
2026/06/10 04:39:32.389, 0 %, 531 MiB, 81920 MiB
2026/06/10 04:39:32.389, 0 %, 0 MiB, 81920 MiB
2026/06/10 04:39:37.390, 0 %, 531 MiB, 81920 MiB
2026/06/10 04:39:37.390, 0 %, 0 MiB, 81920 MiB
2026/06/10 04:39:42.391, 0 %, 531 MiB, 81920 MiB
2026/06/10 04:39:42.391, 0 %, 0 MiB, 81920 MiB
2026/06/10 04:39:47.391, 0 %, 531 MiB, 81920 MiB
2026/06/10 04:39:47.391, 0 %, 0 MiB, 81920 MiB
2026/06/10 04:39:52.392, 0 %, 531 MiB, 81920 MiB
2026/06/10 04:39:52.392, 0 %, 0 MiB, 81920 MiB
2026/06/10 04:39:57.393, 0 %, 531 MiB, 81920 MiB
2026/06/10 04:39:57.393, 0 %, 0 MiB, 81920 MiB
2026/06/10 04:40:02.394, 0 %, 531 MiB, 81920 MiB
2026/06/10 04:40:02.394, 0 %, 0 MiB, 81920 MiB
2026/06/10 04:40:07.394, 0 %, 531 MiB, 81920 MiB
2026/06/10 04:40:07.395, 0 %, 0 MiB, 81920 MiB
2026/06/10 04:40:12.395, 0 %, 531 MiB, 81920 MiB
2026/06/10 04:40:12.395, 0 %, 0 MiB, 81920 MiB
2026/06/10 04:40:17.396, 0 %, 531 MiB, 81920 MiB
2026/06/10 04:40:17.396, 0 %, 0 MiB, 81920 MiB
2026/06/10 04:40:22.396, 0 %, 531 MiB, 81920 MiB
2026/06/10 04:40:22.396, 0 %, 0 MiB, 81920 MiB
2026/06/10 04:40:27.397, 0 %, 531 MiB, 81920 MiB
2026/06/10 04:40:27.397, 0 %, 0 MiB, 81920 MiB
2026/06/10 04:40:32.398, 0 %, 531 MiB, 81920 MiB
2026/06/10 04:40:32.398, 0 %, 0 MiB, 81920 MiB
2026/06/10 04:40:37.398, 0 %, 531 MiB, 81920 MiB
2026/06/10 04:40:37.398, 0 %, 0 MiB, 81920 MiB
2026/06/10 04:40:42.399, 0 %, 531 MiB, 81920 MiB
2026/06/10 04:40:42.399, 0 %, 0 MiB, 81920 MiB
2026/06/10 04:40:47.400, 0 %, 531 MiB, 81920 MiB
2026/06/10 04:40:47.400, 0 %, 0 MiB, 81920 MiB
2026/06/10 04:40:52.401, 0 %, 531 MiB, 81920 MiB
2026/06/10 04:40:52.401, 0 %, 0 MiB, 81920 MiB
2026/06/10 04:40:57.401, 0 %, 531 MiB, 81920 MiB
2026/06/10 04:40:57.402, 0 %, 0 MiB, 81920 MiB
2026/06/10 04:41:02.402, 0 %, 531 MiB, 81920 MiB
2026/06/10 04:41:02.402, 0 %, 0 MiB, 81920 MiB
2026/06/10 04:41:07.403, 0 %, 531 MiB, 81920 MiB
2026/06/10 04:41:07.403, 0 %, 0 MiB, 81920 MiB
2026/06/10 04:41:12.403, 0 %, 531 MiB, 81920 MiB
2026/06/10 04:41:12.403, 0 %, 0 MiB, 81920 MiB
2026/06/10 04:41:17.404, 0 %, 531 MiB, 81920 MiB
2026/06/10 04:41:17.404, 0 %, 0 MiB, 81920 MiB
2026/06/10 04:41:22.404, 0 %, 531 MiB, 81920 MiB
2026/06/10 04:41:22.405, 0 %, 0 MiB, 81920 MiB
2026/06/10 04:41:27.405, 0 %, 531 MiB, 81920 MiB
2026/06/10 04:41:27.405, 0 %, 0 MiB, 81920 MiB
2026/06/10 04:41:32.406, 0 %, 531 MiB, 81920 MiB
2026/06/10 04:41:32.406, 0 %, 0 MiB, 81920 MiB
2026/06/10 04:41:37.407, 0 %, 531 MiB, 81920 MiB
2026/06/10 04:41:37.407, 0 %, 0 MiB, 81920 MiB
2026/06/10 04:41:42.407, 0 %, 531 MiB, 81920 MiB
2026/06/10 04:41:42.407, 0 %, 0 MiB, 81920 MiB
2026/06/10 04:41:47.408, 0 %, 531 MiB, 81920 MiB
2026/06/10 04:41:47.408, 0 %, 0 MiB, 81920 MiB
2026/06/10 04:41:52.409, 0 %, 531 MiB, 81920 MiB
2026/06/10 04:41:52.409, 0 %, 0 MiB, 81920 MiB
2026/06/10 04:41:57.409, 0 %, 531 MiB, 81920 MiB
2026/06/10 04:41:57.410, 0 %, 0 MiB, 81920 MiB
2026/06/10 04:42:02.410, 0 %, 531 MiB, 81920 MiB
2026/06/10 04:42:02.410, 0 %, 0 MiB, 81920 MiB
2026/06/10 04:42:07.411, 0 %, 531 MiB, 81920 MiB
2026/06/10 04:42:07.411, 0 %, 0 MiB, 81920 MiB
2026/06/10 04:42:12.412, 0 %, 531 MiB, 81920 MiB
2026/06/10 04:42:12.412, 0 %, 0 MiB, 81920 MiB
2026/06/10 04:42:17.413, 0 %, 531 MiB, 81920 MiB
2026/06/10 04:42:17.413, 0 %, 0 MiB, 81920 MiB
2026/06/10 04:42:22.414, 0 %, 531 MiB, 81920 MiB
2026/06/10 04:42:22.414, 0 %, 0 MiB, 81920 MiB
2026/06/10 04:42:27.415, 0 %, 531 MiB, 81920 MiB
2026/06/10 04:42:27.415, 0 %, 0 MiB, 81920 MiB
2026/06/10 04:42:32.416, 0 %, 531 MiB, 81920 MiB
2026/06/10 04:42:32.416, 0 %, 0 MiB, 81920 MiB
2026/06/10 04:42:37.417, 0 %, 531 MiB, 81920 MiB
2026/06/10 04:42:37.417, 0 %, 0 MiB, 81920 MiB
2026/06/10 04:42:42.417, 0 %, 531 MiB, 81920 MiB
2026/06/10 04:42:42.418, 0 %, 0 MiB, 81920 MiB
2026/06/10 04:42:47.418, 0 %, 531 MiB, 81920 MiB
2026/06/10 04:42:47.418, 0 %, 0 MiB, 81920 MiB
2026/06/10 04:42:52.419, 0 %, 531 MiB, 81920 MiB
2026/06/10 04:42:52.419, 0 %, 0 MiB, 81920 MiB
2026/06/10 04:42:57.420, 0 %, 531 MiB, 81920 MiB
2026/06/10 04:42:57.420, 0 %, 0 MiB, 81920 MiB
2026/06/10 04:43:02.421, 0 %, 531 MiB, 81920 MiB
2026/06/10 04:43:02.421, 0 %, 0 MiB, 81920 MiB
2026/06/10 04:43:07.422, 0 %, 531 MiB, 81920 MiB
2026/06/10 04:43:07.422, 0 %, 0 MiB, 81920 MiB
2026/06/10 04:43:12.423, 0 %, 531 MiB, 81920 MiB
2026/06/10 04:43:12.423, 0 %, 0 MiB, 81920 MiB
2026/06/10 04:43:17.424, 0 %, 531 MiB, 81920 MiB
2026/06/10 04:43:17.424, 0 %, 0 MiB, 81920 MiB
2026/06/10 04:43:22.424, 0 %, 531 MiB, 81920 MiB
2026/06/10 04:43:22.425, 0 %, 0 MiB, 81920 MiB
2026/06/10 04:43:27.425, 0 %, 531 MiB, 81920 MiB
2026/06/10 04:43:27.426, 0 %, 0 MiB, 81920 MiB
2026/06/10 04:43:32.426, 0 %, 531 MiB, 81920 MiB
2026/06/10 04:43:32.426, 0 %, 0 MiB, 81920 MiB
2026/06/10 04:43:37.427, 0 %, 531 MiB, 81920 MiB
2026/06/10 04:43:37.427, 0 %, 0 MiB, 81920 MiB
2026/06/10 04:43:42.428, 0 %, 531 MiB, 81920 MiB
2026/06/10 04:43:42.428, 0 %, 0 MiB, 81920 MiB
2026/06/10 04:43:47.429, 0 %, 531 MiB, 81920 MiB
2026/06/10 04:43:47.429, 0 %, 0 MiB, 81920 MiB
2026/06/10 04:43:52.430, 0 %, 531 MiB, 81920 MiB
2026/06/10 04:43:52.430, 0 %, 0 MiB, 81920 MiB
2026/06/10 04:43:57.431, 0 %, 531 MiB, 81920 MiB
2026/06/10 04:43:57.431, 0 %, 0 MiB, 81920 MiB
2026/06/10 04:44:02.431, 0 %, 531 MiB, 81920 MiB
2026/06/10 04:44:02.432, 0 %, 0 MiB, 81920 MiB
2026/06/10 04:44:07.432, 0 %, 531 MiB, 81920 MiB
2026/06/10 04:44:07.432, 0 %, 0 MiB, 81920 MiB
2026/06/10 04:44:12.433, 0 %, 531 MiB, 81920 MiB
2026/06/10 04:44:12.433, 0 %, 0 MiB, 81920 MiB
2026/06/10 04:44:17.434, 0 %, 531 MiB, 81920 MiB
2026/06/10 04:44:17.434, 0 %, 0 MiB, 81920 MiB
2026/06/10 04:44:22.435, 0 %, 497 MiB, 81920 MiB
2026/06/10 04:44:22.435, 0 %, 0 MiB, 81920 MiB
2026/06/10 04:44:27.436, 0 %, 497 MiB, 81920 MiB
2026/06/10 04:44:27.436, 0 %, 0 MiB, 81920 MiB
2026/06/10 04:44:32.438, 0 %, 497 MiB, 81920 MiB
2026/06/10 04:44:32.438, 0 %, 0 MiB, 81920 MiB
2026/06/10 04:44:37.439, 0 %, 497 MiB, 81920 MiB
2026/06/10 04:44:37.439, 0 %, 0 MiB, 81920 MiB
2026/06/10 04:44:42.440, 0 %, 497 MiB, 81920 MiB
2026/06/10 04:44:42.440, 0 %, 0 MiB, 81920 MiB
2026/06/10 04:44:47.441, 0 %, 497 MiB, 81920 MiB
2026/06/10 04:44:47.441, 0 %, 0 MiB, 81920 MiB
2026/06/10 04:44:52.442, 0 %, 497 MiB, 81920 MiB
2026/06/10 04:44:52.442, 0 %, 0 MiB, 81920 MiB
2026/06/10 04:44:57.442, 0 %, 497 MiB, 81920 MiB
2026/06/10 04:44:57.443, 0 %, 0 MiB, 81920 MiB
2026/06/10 04:45:02.443, 0 %, 497 MiB, 81920 MiB
2026/06/10 04:45:02.443, 0 %, 0 MiB, 81920 MiB
2026/06/10 04:45:07.444, 0 %, 497 MiB, 81920 MiB
2026/06/10 04:45:07.444, 0 %, 0 MiB, 81920 MiB
2026/06/10 04:45:12.445, 0 %, 497 MiB, 81920 MiB
2026/06/10 04:45:12.445, 0 %, 0 MiB, 81920 MiB
2026/06/10 04:45:17.445, 0 %, 497 MiB, 81920 MiB
2026/06/10 04:45:17.446, 0 %, 0 MiB, 81920 MiB
2026/06/10 04:45:22.446, 0 %, 497 MiB, 81920 MiB
2026/06/10 04:45:22.446, 0 %, 0 MiB, 81920 MiB
2026/06/10 04:45:27.447, 0 %, 497 MiB, 81920 MiB
2026/06/10 04:45:27.447, 0 %, 0 MiB, 81920 MiB
2026/06/10 04:45:32.448, 0 %, 497 MiB, 81920 MiB
2026/06/10 04:45:32.448, 0 %, 0 MiB, 81920 MiB
2026/06/10 04:45:37.449, 0 %, 497 MiB, 81920 MiB
2026/06/10 04:45:37.449, 0 %, 0 MiB, 81920 MiB
2026/06/10 04:45:42.449, 0 %, 497 MiB, 81920 MiB
2026/06/10 04:45:42.449, 0 %, 0 MiB, 81920 MiB
2026/06/10 04:45:47.450, 0 %, 497 MiB, 81920 MiB
2026/06/10 04:45:47.450, 0 %, 0 MiB, 81920 MiB
2026/06/10 04:45:52.451, 0 %, 497 MiB, 81920 MiB
2026/06/10 04:45:52.451, 0 %, 0 MiB, 81920 MiB
2026/06/10 04:45:57.451, 0 %, 497 MiB, 81920 MiB
2026/06/10 04:45:57.451, 0 %, 0 MiB, 81920 MiB
2026/06/10 04:46:02.452, 0 %, 497 MiB, 81920 MiB
2026/06/10 04:46:02.452, 0 %, 0 MiB, 81920 MiB
2026/06/10 04:46:07.453, 0 %, 497 MiB, 81920 MiB
2026/06/10 04:46:07.453, 0 %, 0 MiB, 81920 MiB
2026/06/10 04:46:12.453, 0 %, 497 MiB, 81920 MiB
2026/06/10 04:46:12.453, 0 %, 0 MiB, 81920 MiB
2026/06/10 04:46:17.454, 0 %, 497 MiB, 81920 MiB
2026/06/10 04:46:17.454, 0 %, 0 MiB, 81920 MiB
2026/06/10 04:46:22.455, 0 %, 497 MiB, 81920 MiB
2026/06/10 04:46:22.455, 0 %, 0 MiB, 81920 MiB
2026/06/10 04:46:27.456, 0 %, 497 MiB, 81920 MiB
2026/06/10 04:46:27.456, 0 %, 0 MiB, 81920 MiB
2026/06/10 04:46:32.456, 0 %, 497 MiB, 81920 MiB
2026/06/10 04:46:32.456, 0 %, 0 MiB, 81920 MiB
2026/06/10 04:46:37.457, 0 %, 497 MiB, 81920 MiB
2026/06/10 04:46:37.457, 0 %, 0 MiB, 81920 MiB
2026/06/10 04:46:42.458, 0 %, 497 MiB, 81920 MiB
2026/06/10 04:46:42.458, 0 %, 0 MiB, 81920 MiB
2026/06/10 04:46:47.458, 0 %, 497 MiB, 81920 MiB
2026/06/10 04:46:47.459, 0 %, 0 MiB, 81920 MiB
2026/06/10 04:46:52.459, 0 %, 497 MiB, 81920 MiB
2026/06/10 04:46:52.459, 0 %, 0 MiB, 81920 MiB
2026/06/10 04:46:57.460, 0 %, 497 MiB, 81920 MiB
2026/06/10 04:46:57.460, 0 %, 0 MiB, 81920 MiB
2026/06/10 04:47:02.461, 0 %, 497 MiB, 81920 MiB
2026/06/10 04:47:02.461, 0 %, 0 MiB, 81920 MiB
2026/06/10 04:47:07.462, 0 %, 497 MiB, 81920 MiB
2026/06/10 04:47:07.462, 0 %, 0 MiB, 81920 MiB
2026/06/10 04:47:12.463, 0 %, 497 MiB, 81920 MiB
2026/06/10 04:47:12.463, 0 %, 0 MiB, 81920 MiB
2026/06/10 04:47:17.464, 0 %, 497 MiB, 81920 MiB
2026/06/10 04:47:17.464, 0 %, 0 MiB, 81920 MiB
2026/06/10 04:47:22.464, 0 %, 497 MiB, 81920 MiB
2026/06/10 04:47:22.465, 0 %, 0 MiB, 81920 MiB
2026/06/10 04:47:27.465, 0 %, 497 MiB, 81920 MiB
2026/06/10 04:47:27.465, 0 %, 0 MiB, 81920 MiB
2026/06/10 04:47:32.466, 0 %, 497 MiB, 81920 MiB
2026/06/10 04:47:32.466, 0 %, 0 MiB, 81920 MiB
2026/06/10 04:47:37.467, 30 %, 531 MiB, 81920 MiB
2026/06/10 04:47:37.467, 0 %, 0 MiB, 81920 MiB
2026/06/10 04:47:42.468, 0 %, 531 MiB, 81920 MiB
2026/06/10 04:47:42.468, 0 %, 0 MiB, 81920 MiB
2026/06/10 04:47:47.469, 0 %, 531 MiB, 81920 MiB
2026/06/10 04:47:47.469, 0 %, 0 MiB, 81920 MiB
2026/06/10 04:47:52.469, 0 %, 531 MiB, 81920 MiB
2026/06/10 04:47:52.469, 0 %, 0 MiB, 81920 MiB
2026/06/10 04:47:57.470, 0 %, 531 MiB, 81920 MiB
2026/06/10 04:47:57.470, 0 %, 0 MiB, 81920 MiB
2026/06/10 04:48:02.471, 0 %, 531 MiB, 81920 MiB
2026/06/10 04:48:02.471, 0 %, 0 MiB, 81920 MiB
2026/06/10 04:48:07.471, 0 %, 531 MiB, 81920 MiB
2026/06/10 04:48:07.472, 0 %, 0 MiB, 81920 MiB
2026/06/10 04:48:12.472, 0 %, 531 MiB, 81920 MiB
2026/06/10 04:48:12.472, 0 %, 0 MiB, 81920 MiB
2026/06/10 04:48:17.473, 0 %, 531 MiB, 81920 MiB
2026/06/10 04:48:17.473, 0 %, 0 MiB, 81920 MiB
2026/06/10 04:48:22.474, 0 %, 531 MiB, 81920 MiB
2026/06/10 04:48:22.474, 0 %, 0 MiB, 81920 MiB
2026/06/10 04:48:27.474, 0 %, 531 MiB, 81920 MiB
2026/06/10 04:48:27.474, 0 %, 0 MiB, 81920 MiB
2026/06/10 04:48:32.475, 0 %, 531 MiB, 81920 MiB
2026/06/10 04:48:32.475, 0 %, 0 MiB, 81920 MiB
2026/06/10 04:48:37.475, 0 %, 531 MiB, 81920 MiB
2026/06/10 04:48:37.476, 0 %, 0 MiB, 81920 MiB
2026/06/10 04:48:42.476, 0 %, 531 MiB, 81920 MiB
2026/06/10 04:48:42.476, 0 %, 0 MiB, 81920 MiB
2026/06/10 04:48:47.477, 0 %, 531 MiB, 81920 MiB
2026/06/10 04:48:47.477, 0 %, 0 MiB, 81920 MiB
2026/06/10 04:48:52.477, 0 %, 531 MiB, 81920 MiB
2026/06/10 04:48:52.477, 0 %, 0 MiB, 81920 MiB
2026/06/10 04:48:57.478, 0 %, 531 MiB, 81920 MiB
2026/06/10 04:48:57.478, 0 %, 0 MiB, 81920 MiB
2026/06/10 04:49:02.479, 0 %, 531 MiB, 81920 MiB
2026/06/10 04:49:02.479, 0 %, 0 MiB, 81920 MiB
2026/06/10 04:49:07.479, 0 %, 531 MiB, 81920 MiB
2026/06/10 04:49:07.479, 0 %, 0 MiB, 81920 MiB
2026/06/10 04:49:12.480, 0 %, 531 MiB, 81920 MiB
2026/06/10 04:49:12.480, 0 %, 0 MiB, 81920 MiB
2026/06/10 04:49:17.481, 0 %, 531 MiB, 81920 MiB
2026/06/10 04:49:17.481, 0 %, 0 MiB, 81920 MiB
2026/06/10 04:49:22.481, 0 %, 531 MiB, 81920 MiB
2026/06/10 04:49:22.482, 0 %, 0 MiB, 81920 MiB
2026/06/10 04:49:27.482, 0 %, 531 MiB, 81920 MiB
2026/06/10 04:49:27.482, 0 %, 0 MiB, 81920 MiB
2026/06/10 04:49:32.483, 0 %, 531 MiB, 81920 MiB
2026/06/10 04:49:32.483, 0 %, 0 MiB, 81920 MiB
2026/06/10 04:49:37.484, 0 %, 531 MiB, 81920 MiB
2026/06/10 04:49:37.484, 0 %, 0 MiB, 81920 MiB
2026/06/10 04:49:42.484, 0 %, 531 MiB, 81920 MiB
2026/06/10 04:49:42.484, 0 %, 0 MiB, 81920 MiB
2026/06/10 04:49:47.485, 0 %, 531 MiB, 81920 MiB
2026/06/10 04:49:47.485, 0 %, 0 MiB, 81920 MiB
2026/06/10 04:49:52.485, 0 %, 531 MiB, 81920 MiB
2026/06/10 04:49:52.486, 0 %, 0 MiB, 81920 MiB
2026/06/10 04:49:57.486, 0 %, 531 MiB, 81920 MiB
2026/06/10 04:49:57.486, 0 %, 0 MiB, 81920 MiB
2026/06/10 04:50:02.487, 0 %, 531 MiB, 81920 MiB
2026/06/10 04:50:02.487, 0 %, 0 MiB, 81920 MiB
2026/06/10 04:50:07.488, 0 %, 531 MiB, 81920 MiB
2026/06/10 04:50:07.488, 0 %, 0 MiB, 81920 MiB
2026/06/10 04:50:12.488, 0 %, 531 MiB, 81920 MiB
2026/06/10 04:50:12.489, 0 %, 0 MiB, 81920 MiB
2026/06/10 04:50:17.489, 0 %, 531 MiB, 81920 MiB
2026/06/10 04:50:17.489, 0 %, 0 MiB, 81920 MiB
2026/06/10 04:50:22.490, 0 %, 531 MiB, 81920 MiB
2026/06/10 04:50:22.490, 0 %, 0 MiB, 81920 MiB
2026/06/10 04:50:27.491, 0 %, 531 MiB, 81920 MiB
2026/06/10 04:50:27.491, 0 %, 0 MiB, 81920 MiB
2026/06/10 04:50:32.492, 0 %, 531 MiB, 81920 MiB
2026/06/10 04:50:32.492, 0 %, 0 MiB, 81920 MiB
2026/06/10 04:50:37.493, 0 %, 531 MiB, 81920 MiB
2026/06/10 04:50:37.493, 0 %, 0 MiB, 81920 MiB
2026/06/10 04:50:42.493, 0 %, 531 MiB, 81920 MiB
2026/06/10 04:50:42.493, 0 %, 0 MiB, 81920 MiB
2026/06/10 04:50:47.494, 0 %, 531 MiB, 81920 MiB
2026/06/10 04:50:47.494, 0 %, 0 MiB, 81920 MiB
2026/06/10 04:50:52.495, 0 %, 531 MiB, 81920 MiB
2026/06/10 04:50:52.495, 0 %, 0 MiB, 81920 MiB
2026/06/10 04:50:57.495, 0 %, 531 MiB, 81920 MiB
2026/06/10 04:50:57.496, 0 %, 0 MiB, 81920 MiB
2026/06/10 04:51:02.496, 0 %, 531 MiB, 81920 MiB
2026/06/10 04:51:02.496, 0 %, 0 MiB, 81920 MiB
2026/06/10 04:51:07.497, 0 %, 531 MiB, 81920 MiB
2026/06/10 04:51:07.497, 0 %, 0 MiB, 81920 MiB
2026/06/10 04:51:12.498, 0 %, 531 MiB, 81920 MiB
2026/06/10 04:51:12.498, 0 %, 0 MiB, 81920 MiB
2026/06/10 04:51:17.498, 0 %, 531 MiB, 81920 MiB
2026/06/10 04:51:17.498, 0 %, 0 MiB, 81920 MiB
2026/06/10 04:51:22.499, 0 %, 531 MiB, 81920 MiB
2026/06/10 04:51:22.499, 0 %, 0 MiB, 81920 MiB
2026/06/10 04:51:27.500, 0 %, 531 MiB, 81920 MiB
2026/06/10 04:51:27.500, 0 %, 0 MiB, 81920 MiB
2026/06/10 04:51:32.500, 0 %, 531 MiB, 81920 MiB
2026/06/10 04:51:32.500, 0 %, 0 MiB, 81920 MiB
2026/06/10 04:51:37.501, 0 %, 531 MiB, 81920 MiB
2026/06/10 04:51:37.501, 0 %, 0 MiB, 81920 MiB
2026/06/10 04:51:42.502, 0 %, 531 MiB, 81920 MiB
2026/06/10 04:51:42.502, 0 %, 0 MiB, 81920 MiB
2026/06/10 04:51:47.503, 0 %, 531 MiB, 81920 MiB
2026/06/10 04:51:47.503, 0 %, 0 MiB, 81920 MiB
2026/06/10 04:51:52.503, 0 %, 531 MiB, 81920 MiB
2026/06/10 04:51:52.504, 0 %, 0 MiB, 81920 MiB
2026/06/10 04:51:57.504, 0 %, 531 MiB, 81920 MiB
2026/06/10 04:51:57.504, 0 %, 0 MiB, 81920 MiB
2026/06/10 04:52:02.505, 0 %, 531 MiB, 81920 MiB
2026/06/10 04:52:02.505, 0 %, 0 MiB, 81920 MiB
2026/06/10 04:52:07.506, 0 %, 531 MiB, 81920 MiB
2026/06/10 04:52:07.506, 0 %, 0 MiB, 81920 MiB
2026/06/10 04:52:12.507, 0 %, 531 MiB, 81920 MiB
2026/06/10 04:52:12.507, 0 %, 0 MiB, 81920 MiB
2026/06/10 04:52:17.508, 0 %, 531 MiB, 81920 MiB
2026/06/10 04:52:17.508, 0 %, 0 MiB, 81920 MiB
2026/06/10 04:52:22.508, 0 %, 531 MiB, 81920 MiB
2026/06/10 04:52:22.508, 0 %, 0 MiB, 81920 MiB
2026/06/10 04:52:27.509, 0 %, 531 MiB, 81920 MiB
2026/06/10 04:52:27.509, 0 %, 0 MiB, 81920 MiB
2026/06/10 04:52:32.510, 0 %, 531 MiB, 81920 MiB
2026/06/10 04:52:32.510, 0 %, 0 MiB, 81920 MiB
2026/06/10 04:52:37.511, 0 %, 531 MiB, 81920 MiB
2026/06/10 04:52:37.511, 0 %, 0 MiB, 81920 MiB
2026/06/10 04:52:42.511, 0 %, 531 MiB, 81920 MiB
2026/06/10 04:52:42.512, 0 %, 0 MiB, 81920 MiB
2026/06/10 04:52:47.512, 0 %, 531 MiB, 81920 MiB
2026/06/10 04:52:47.512, 0 %, 0 MiB, 81920 MiB
2026/06/10 04:52:52.513, 0 %, 531 MiB, 81920 MiB
2026/06/10 04:52:52.513, 0 %, 0 MiB, 81920 MiB
2026/06/10 04:52:57.514, 0 %, 531 MiB, 81920 MiB
2026/06/10 04:52:57.514, 0 %, 0 MiB, 81920 MiB
2026/06/10 04:53:02.515, 0 %, 531 MiB, 81920 MiB
2026/06/10 04:53:02.515, 0 %, 0 MiB, 81920 MiB
2026/06/10 04:53:07.515, 0 %, 531 MiB, 81920 MiB
2026/06/10 04:53:07.515, 0 %, 0 MiB, 81920 MiB
2026/06/10 04:53:12.516, 0 %, 531 MiB, 81920 MiB
2026/06/10 04:53:12.516, 0 %, 0 MiB, 81920 MiB
2026/06/10 04:53:17.517, 0 %, 531 MiB, 81920 MiB
2026/06/10 04:53:17.517, 0 %, 0 MiB, 81920 MiB
2026/06/10 04:53:22.518, 0 %, 531 MiB, 81920 MiB
2026/06/10 04:53:22.518, 0 %, 0 MiB, 81920 MiB
2026/06/10 04:53:27.519, 0 %, 531 MiB, 81920 MiB
2026/06/10 04:53:27.519, 0 %, 0 MiB, 81920 MiB
2026/06/10 04:53:32.519, 0 %, 531 MiB, 81920 MiB
2026/06/10 04:53:32.520, 0 %, 0 MiB, 81920 MiB
2026/06/10 04:53:37.520, 0 %, 531 MiB, 81920 MiB
2026/06/10 04:53:37.520, 0 %, 0 MiB, 81920 MiB
2026/06/10 04:53:42.521, 0 %, 531 MiB, 81920 MiB
2026/06/10 04:53:42.521, 0 %, 0 MiB, 81920 MiB
2026/06/10 04:53:47.522, 0 %, 531 MiB, 81920 MiB
2026/06/10 04:53:47.522, 0 %, 0 MiB, 81920 MiB
2026/06/10 04:53:52.523, 0 %, 531 MiB, 81920 MiB
2026/06/10 04:53:52.523, 0 %, 0 MiB, 81920 MiB
2026/06/10 04:53:57.523, 0 %, 531 MiB, 81920 MiB
2026/06/10 04:53:57.524, 0 %, 0 MiB, 81920 MiB
2026/06/10 04:54:02.524, 0 %, 531 MiB, 81920 MiB
2026/06/10 04:54:02.524, 0 %, 0 MiB, 81920 MiB
2026/06/10 04:54:07.525, 0 %, 531 MiB, 81920 MiB
2026/06/10 04:54:07.525, 0 %, 0 MiB, 81920 MiB
2026/06/10 04:54:12.526, 0 %, 531 MiB, 81920 MiB
2026/06/10 04:54:12.526, 0 %, 0 MiB, 81920 MiB
2026/06/10 04:54:17.527, 0 %, 531 MiB, 81920 MiB
2026/06/10 04:54:17.527, 0 %, 0 MiB, 81920 MiB
2026/06/10 04:54:22.528, 0 %, 531 MiB, 81920 MiB
2026/06/10 04:54:22.528, 0 %, 0 MiB, 81920 MiB
2026/06/10 04:54:27.528, 0 %, 531 MiB, 81920 MiB
2026/06/10 04:54:27.528, 0 %, 0 MiB, 81920 MiB
2026/06/10 04:54:32.529, 0 %, 531 MiB, 81920 MiB
2026/06/10 04:54:32.529, 0 %, 0 MiB, 81920 MiB
2026/06/10 04:54:37.530, 0 %, 531 MiB, 81920 MiB
2026/06/10 04:54:37.530, 0 %, 0 MiB, 81920 MiB
2026/06/10 04:54:42.531, 0 %, 531 MiB, 81920 MiB
2026/06/10 04:54:42.531, 0 %, 0 MiB, 81920 MiB
2026/06/10 04:54:47.531, 0 %, 531 MiB, 81920 MiB
2026/06/10 04:54:47.531, 0 %, 0 MiB, 81920 MiB
2026/06/10 04:54:52.532, 0 %, 531 MiB, 81920 MiB
2026/06/10 04:54:52.532, 0 %, 0 MiB, 81920 MiB
2026/06/10 04:54:57.533, 0 %, 531 MiB, 81920 MiB
2026/06/10 04:54:57.533, 0 %, 0 MiB, 81920 MiB
2026/06/10 04:55:02.533, 0 %, 531 MiB, 81920 MiB
2026/06/10 04:55:02.534, 0 %, 0 MiB, 81920 MiB
2026/06/10 04:55:07.534, 0 %, 531 MiB, 81920 MiB
2026/06/10 04:55:07.534, 0 %, 0 MiB, 81920 MiB
2026/06/10 04:55:12.535, 0 %, 531 MiB, 81920 MiB
2026/06/10 04:55:12.535, 0 %, 0 MiB, 81920 MiB
2026/06/10 04:55:17.536, 0 %, 531 MiB, 81920 MiB
2026/06/10 04:55:17.536, 0 %, 0 MiB, 81920 MiB
2026/06/10 04:55:22.536, 0 %, 531 MiB, 81920 MiB
2026/06/10 04:55:22.536, 0 %, 0 MiB, 81920 MiB
2026/06/10 04:55:27.537, 0 %, 531 MiB, 81920 MiB
2026/06/10 04:55:27.537, 0 %, 0 MiB, 81920 MiB
2026/06/10 04:55:32.538, 0 %, 531 MiB, 81920 MiB
2026/06/10 04:55:32.538, 0 %, 0 MiB, 81920 MiB
2026/06/10 04:55:37.539, 0 %, 531 MiB, 81920 MiB
2026/06/10 04:55:37.539, 0 %, 0 MiB, 81920 MiB
2026/06/10 04:55:42.540, 0 %, 531 MiB, 81920 MiB
2026/06/10 04:55:42.540, 0 %, 0 MiB, 81920 MiB
2026/06/10 04:55:47.541, 0 %, 531 MiB, 81920 MiB
2026/06/10 04:55:47.541, 0 %, 0 MiB, 81920 MiB
2026/06/10 04:55:52.542, 0 %, 531 MiB, 81920 MiB
2026/06/10 04:55:52.542, 0 %, 0 MiB, 81920 MiB
2026/06/10 04:55:57.542, 0 %, 531 MiB, 81920 MiB
2026/06/10 04:55:57.543, 0 %, 0 MiB, 81920 MiB
2026/06/10 04:56:02.543, 0 %, 531 MiB, 81920 MiB
2026/06/10 04:56:02.543, 0 %, 0 MiB, 81920 MiB
2026/06/10 04:56:07.544, 0 %, 531 MiB, 81920 MiB
2026/06/10 04:56:07.544, 0 %, 0 MiB, 81920 MiB
2026/06/10 04:56:12.545, 0 %, 531 MiB, 81920 MiB
2026/06/10 04:56:12.545, 0 %, 0 MiB, 81920 MiB
2026/06/10 04:56:17.546, 0 %, 531 MiB, 81920 MiB
2026/06/10 04:56:17.546, 0 %, 0 MiB, 81920 MiB
2026/06/10 04:56:22.547, 0 %, 531 MiB, 81920 MiB
2026/06/10 04:56:22.547, 0 %, 0 MiB, 81920 MiB
2026/06/10 04:56:27.548, 0 %, 531 MiB, 81920 MiB
2026/06/10 04:56:27.548, 0 %, 0 MiB, 81920 MiB
2026/06/10 04:56:32.549, 0 %, 531 MiB, 81920 MiB
2026/06/10 04:56:32.549, 0 %, 0 MiB, 81920 MiB
2026/06/10 04:56:37.550, 0 %, 531 MiB, 81920 MiB
2026/06/10 04:56:37.550, 0 %, 0 MiB, 81920 MiB
2026/06/10 04:56:42.550, 0 %, 531 MiB, 81920 MiB
2026/06/10 04:56:42.551, 0 %, 0 MiB, 81920 MiB
2026/06/10 04:56:47.551, 0 %, 531 MiB, 81920 MiB
2026/06/10 04:56:47.552, 0 %, 0 MiB, 81920 MiB
2026/06/10 04:56:52.552, 0 %, 531 MiB, 81920 MiB
2026/06/10 04:56:52.552, 0 %, 0 MiB, 81920 MiB
2026/06/10 04:56:57.553, 0 %, 531 MiB, 81920 MiB
2026/06/10 04:56:57.553, 0 %, 0 MiB, 81920 MiB
2026/06/10 04:57:02.554, 0 %, 531 MiB, 81920 MiB
2026/06/10 04:57:02.554, 0 %, 0 MiB, 81920 MiB
2026/06/10 04:57:07.555, 0 %, 531 MiB, 81920 MiB
2026/06/10 04:57:07.555, 0 %, 0 MiB, 81920 MiB
2026/06/10 04:57:12.556, 0 %, 531 MiB, 81920 MiB
2026/06/10 04:57:12.556, 0 %, 0 MiB, 81920 MiB
2026/06/10 04:57:17.557, 0 %, 531 MiB, 81920 MiB
2026/06/10 04:57:17.557, 0 %, 0 MiB, 81920 MiB
2026/06/10 04:57:22.558, 0 %, 531 MiB, 81920 MiB
2026/06/10 04:57:22.558, 0 %, 0 MiB, 81920 MiB
2026/06/10 04:57:27.558, 0 %, 531 MiB, 81920 MiB
2026/06/10 04:57:27.559, 0 %, 0 MiB, 81920 MiB
2026/06/10 04:57:32.559, 0 %, 531 MiB, 81920 MiB
2026/06/10 04:57:32.559, 0 %, 0 MiB, 81920 MiB
2026/06/10 04:57:37.560, 0 %, 531 MiB, 81920 MiB
2026/06/10 04:57:37.560, 0 %, 0 MiB, 81920 MiB
2026/06/10 04:57:42.561, 0 %, 531 MiB, 81920 MiB
2026/06/10 04:57:42.561, 0 %, 0 MiB, 81920 MiB
2026/06/10 04:57:47.562, 0 %, 531 MiB, 81920 MiB
2026/06/10 04:57:47.562, 0 %, 0 MiB, 81920 MiB
2026/06/10 04:57:52.563, 0 %, 531 MiB, 81920 MiB
2026/06/10 04:57:52.563, 0 %, 0 MiB, 81920 MiB
2026/06/10 04:57:57.564, 0 %, 497 MiB, 81920 MiB
2026/06/10 04:57:57.564, 0 %, 0 MiB, 81920 MiB
2026/06/10 04:58:02.565, 0 %, 497 MiB, 81920 MiB
2026/06/10 04:58:02.566, 0 %, 0 MiB, 81920 MiB
2026/06/10 04:58:07.566, 0 %, 497 MiB, 81920 MiB
2026/06/10 04:58:07.566, 0 %, 0 MiB, 81920 MiB
2026/06/10 04:58:12.567, 0 %, 497 MiB, 81920 MiB
2026/06/10 04:58:12.567, 0 %, 0 MiB, 81920 MiB
2026/06/10 04:58:17.568, 0 %, 497 MiB, 81920 MiB
2026/06/10 04:58:17.568, 0 %, 0 MiB, 81920 MiB
2026/06/10 04:58:22.569, 0 %, 497 MiB, 81920 MiB
2026/06/10 04:58:22.569, 0 %, 0 MiB, 81920 MiB
2026/06/10 04:58:27.584, 0 %, 497 MiB, 81920 MiB
2026/06/10 04:58:27.585, 0 %, 0 MiB, 81920 MiB
2026/06/10 04:58:32.586, 0 %, 497 MiB, 81920 MiB
2026/06/10 04:58:32.586, 0 %, 0 MiB, 81920 MiB
2026/06/10 04:58:37.587, 0 %, 497 MiB, 81920 MiB
2026/06/10 04:58:37.587, 0 %, 0 MiB, 81920 MiB
2026/06/10 04:58:42.588, 0 %, 497 MiB, 81920 MiB
2026/06/10 04:58:42.588, 0 %, 0 MiB, 81920 MiB
2026/06/10 04:58:47.588, 0 %, 497 MiB, 81920 MiB
2026/06/10 04:58:47.589, 0 %, 0 MiB, 81920 MiB
2026/06/10 04:58:52.590, 0 %, 497 MiB, 81920 MiB
2026/06/10 04:58:52.590, 0 %, 0 MiB, 81920 MiB
2026/06/10 04:58:57.591, 0 %, 497 MiB, 81920 MiB
2026/06/10 04:58:57.591, 0 %, 0 MiB, 81920 MiB
2026/06/10 04:59:02.592, 0 %, 497 MiB, 81920 MiB
2026/06/10 04:59:02.593, 0 %, 0 MiB, 81920 MiB
2026/06/10 04:59:07.594, 0 %, 497 MiB, 81920 MiB
2026/06/10 04:59:07.594, 0 %, 0 MiB, 81920 MiB
2026/06/10 04:59:12.595, 0 %, 497 MiB, 81920 MiB
2026/06/10 04:59:12.595, 0 %, 0 MiB, 81920 MiB
2026/06/10 04:59:17.596, 0 %, 497 MiB, 81920 MiB
2026/06/10 04:59:17.596, 0 %, 0 MiB, 81920 MiB
2026/06/10 04:59:22.596, 0 %, 497 MiB, 81920 MiB
2026/06/10 04:59:22.597, 0 %, 0 MiB, 81920 MiB
2026/06/10 04:59:27.598, 0 %, 497 MiB, 81920 MiB
2026/06/10 04:59:27.598, 0 %, 0 MiB, 81920 MiB
2026/06/10 04:59:32.599, 0 %, 497 MiB, 81920 MiB
2026/06/10 04:59:32.599, 0 %, 0 MiB, 81920 MiB
2026/06/10 04:59:37.600, 0 %, 497 MiB, 81920 MiB
2026/06/10 04:59:37.600, 0 %, 0 MiB, 81920 MiB
2026/06/10 04:59:42.601, 0 %, 497 MiB, 81920 MiB
2026/06/10 04:59:42.601, 0 %, 0 MiB, 81920 MiB
2026/06/10 04:59:47.602, 0 %, 497 MiB, 81920 MiB
2026/06/10 04:59:47.602, 0 %, 0 MiB, 81920 MiB
2026/06/10 04:59:52.603, 0 %, 497 MiB, 81920 MiB
2026/06/10 04:59:52.603, 0 %, 0 MiB, 81920 MiB
2026/06/10 04:59:57.604, 0 %, 497 MiB, 81920 MiB
2026/06/10 04:59:57.604, 0 %, 0 MiB, 81920 MiB
2026/06/10 05:00:02.605, 0 %, 497 MiB, 81920 MiB
2026/06/10 05:00:02.605, 0 %, 0 MiB, 81920 MiB
2026/06/10 05:00:07.606, 0 %, 497 MiB, 81920 MiB
2026/06/10 05:00:07.606, 0 %, 0 MiB, 81920 MiB
2026/06/10 05:00:12.607, 0 %, 497 MiB, 81920 MiB
2026/06/10 05:00:12.607, 0 %, 0 MiB, 81920 MiB
2026/06/10 05:00:17.608, 0 %, 497 MiB, 81920 MiB
2026/06/10 05:00:17.609, 0 %, 0 MiB, 81920 MiB
2026/06/10 05:00:22.609, 0 %, 497 MiB, 81920 MiB
2026/06/10 05:00:22.610, 0 %, 0 MiB, 81920 MiB
2026/06/10 05:00:27.611, 0 %, 497 MiB, 81920 MiB
2026/06/10 05:00:27.611, 0 %, 0 MiB, 81920 MiB
2026/06/10 05:00:32.611, 0 %, 497 MiB, 81920 MiB
2026/06/10 05:00:32.611, 0 %, 0 MiB, 81920 MiB
2026/06/10 05:00:37.612, 0 %, 497 MiB, 81920 MiB
2026/06/10 05:00:37.612, 0 %, 0 MiB, 81920 MiB
2026/06/10 05:00:42.614, 0 %, 497 MiB, 81920 MiB
2026/06/10 05:00:42.614, 0 %, 0 MiB, 81920 MiB
2026/06/10 05:00:47.615, 0 %, 497 MiB, 81920 MiB
2026/06/10 05:00:47.615, 0 %, 0 MiB, 81920 MiB
2026/06/10 05:00:52.616, 0 %, 497 MiB, 81920 MiB
2026/06/10 05:00:52.616, 0 %, 0 MiB, 81920 MiB
2026/06/10 05:00:57.617, 0 %, 497 MiB, 81920 MiB
2026/06/10 05:00:57.617, 0 %, 0 MiB, 81920 MiB
2026/06/10 05:01:02.618, 0 %, 497 MiB, 81920 MiB
2026/06/10 05:01:02.618, 0 %, 0 MiB, 81920 MiB
2026/06/10 05:01:07.618, 0 %, 531 MiB, 81920 MiB
2026/06/10 05:01:07.619, 0 %, 0 MiB, 81920 MiB
2026/06/10 05:01:12.620, 0 %, 531 MiB, 81920 MiB
2026/06/10 05:01:12.620, 0 %, 0 MiB, 81920 MiB
2026/06/10 05:01:17.620, 0 %, 531 MiB, 81920 MiB
2026/06/10 05:01:17.621, 0 %, 0 MiB, 81920 MiB
2026/06/10 05:01:22.621, 0 %, 531 MiB, 81920 MiB
2026/06/10 05:01:22.622, 0 %, 0 MiB, 81920 MiB
2026/06/10 05:01:27.622, 0 %, 531 MiB, 81920 MiB
2026/06/10 05:01:27.622, 0 %, 0 MiB, 81920 MiB
2026/06/10 05:01:32.623, 0 %, 531 MiB, 81920 MiB
2026/06/10 05:01:32.623, 0 %, 0 MiB, 81920 MiB
2026/06/10 05:01:37.624, 0 %, 531 MiB, 81920 MiB
2026/06/10 05:01:37.624, 0 %, 0 MiB, 81920 MiB
2026/06/10 05:01:42.625, 0 %, 531 MiB, 81920 MiB
2026/06/10 05:01:42.625, 0 %, 0 MiB, 81920 MiB
2026/06/10 05:01:47.626, 0 %, 531 MiB, 81920 MiB
2026/06/10 05:01:47.626, 0 %, 0 MiB, 81920 MiB
2026/06/10 05:01:52.627, 0 %, 531 MiB, 81920 MiB
2026/06/10 05:01:52.627, 0 %, 0 MiB, 81920 MiB
2026/06/10 05:01:57.628, 0 %, 531 MiB, 81920 MiB
2026/06/10 05:01:57.628, 0 %, 0 MiB, 81920 MiB
2026/06/10 05:02:02.629, 0 %, 531 MiB, 81920 MiB
2026/06/10 05:02:02.629, 0 %, 0 MiB, 81920 MiB
2026/06/10 05:02:07.630, 0 %, 531 MiB, 81920 MiB
2026/06/10 05:02:07.630, 0 %, 0 MiB, 81920 MiB
2026/06/10 05:02:12.631, 0 %, 531 MiB, 81920 MiB
2026/06/10 05:02:12.631, 0 %, 0 MiB, 81920 MiB
2026/06/10 05:02:17.632, 0 %, 531 MiB, 81920 MiB
2026/06/10 05:02:17.632, 0 %, 0 MiB, 81920 MiB
2026/06/10 05:02:22.633, 0 %, 531 MiB, 81920 MiB
2026/06/10 05:02:22.633, 0 %, 0 MiB, 81920 MiB
2026/06/10 05:02:27.633, 0 %, 531 MiB, 81920 MiB
2026/06/10 05:02:27.634, 0 %, 0 MiB, 81920 MiB
2026/06/10 05:02:32.634, 0 %, 531 MiB, 81920 MiB
2026/06/10 05:02:32.635, 0 %, 0 MiB, 81920 MiB
2026/06/10 05:02:37.635, 0 %, 531 MiB, 81920 MiB
2026/06/10 05:02:37.635, 0 %, 0 MiB, 81920 MiB
2026/06/10 05:02:42.636, 0 %, 531 MiB, 81920 MiB
2026/06/10 05:02:42.636, 0 %, 0 MiB, 81920 MiB
2026/06/10 05:02:47.637, 0 %, 531 MiB, 81920 MiB
2026/06/10 05:02:47.637, 0 %, 0 MiB, 81920 MiB
2026/06/10 05:02:52.638, 0 %, 531 MiB, 81920 MiB
2026/06/10 05:02:52.638, 0 %, 0 MiB, 81920 MiB
2026/06/10 05:02:57.639, 0 %, 531 MiB, 81920 MiB
2026/06/10 05:02:57.639, 0 %, 0 MiB, 81920 MiB
2026/06/10 05:03:02.640, 0 %, 531 MiB, 81920 MiB
2026/06/10 05:03:02.640, 0 %, 0 MiB, 81920 MiB
2026/06/10 05:03:07.641, 0 %, 531 MiB, 81920 MiB
2026/06/10 05:03:07.641, 0 %, 0 MiB, 81920 MiB
2026/06/10 05:03:12.642, 0 %, 531 MiB, 81920 MiB
2026/06/10 05:03:12.642, 0 %, 0 MiB, 81920 MiB
2026/06/10 05:03:17.643, 0 %, 531 MiB, 81920 MiB
2026/06/10 05:03:17.643, 0 %, 0 MiB, 81920 MiB
2026/06/10 05:03:22.644, 0 %, 531 MiB, 81920 MiB
2026/06/10 05:03:22.644, 0 %, 0 MiB, 81920 MiB
2026/06/10 05:03:27.645, 0 %, 531 MiB, 81920 MiB
2026/06/10 05:03:27.645, 0 %, 0 MiB, 81920 MiB
2026/06/10 05:03:32.646, 0 %, 531 MiB, 81920 MiB
2026/06/10 05:03:32.646, 0 %, 0 MiB, 81920 MiB
2026/06/10 05:03:37.646, 0 %, 531 MiB, 81920 MiB
2026/06/10 05:03:37.647, 0 %, 0 MiB, 81920 MiB
2026/06/10 05:03:42.647, 0 %, 531 MiB, 81920 MiB
2026/06/10 05:03:42.647, 0 %, 0 MiB, 81920 MiB
2026/06/10 05:03:47.648, 0 %, 531 MiB, 81920 MiB
2026/06/10 05:03:47.648, 0 %, 0 MiB, 81920 MiB
2026/06/10 05:03:52.649, 0 %, 531 MiB, 81920 MiB
2026/06/10 05:03:52.649, 0 %, 0 MiB, 81920 MiB
2026/06/10 05:03:57.650, 0 %, 531 MiB, 81920 MiB
2026/06/10 05:03:57.650, 0 %, 0 MiB, 81920 MiB
2026/06/10 05:04:02.651, 0 %, 531 MiB, 81920 MiB
2026/06/10 05:04:02.651, 0 %, 0 MiB, 81920 MiB
2026/06/10 05:04:07.652, 0 %, 531 MiB, 81920 MiB
2026/06/10 05:04:07.652, 0 %, 0 MiB, 81920 MiB
2026/06/10 05:04:12.653, 0 %, 531 MiB, 81920 MiB
2026/06/10 05:04:12.653, 0 %, 0 MiB, 81920 MiB
2026/06/10 05:04:17.654, 0 %, 531 MiB, 81920 MiB
2026/06/10 05:04:17.654, 0 %, 0 MiB, 81920 MiB
2026/06/10 05:04:22.655, 0 %, 531 MiB, 81920 MiB
2026/06/10 05:04:22.655, 0 %, 0 MiB, 81920 MiB
2026/06/10 05:04:27.656, 0 %, 531 MiB, 81920 MiB
2026/06/10 05:04:27.656, 0 %, 0 MiB, 81920 MiB
2026/06/10 05:04:32.657, 0 %, 531 MiB, 81920 MiB
2026/06/10 05:04:32.657, 0 %, 0 MiB, 81920 MiB
2026/06/10 05:04:37.658, 0 %, 531 MiB, 81920 MiB
2026/06/10 05:04:37.658, 0 %, 0 MiB, 81920 MiB
2026/06/10 05:04:42.658, 0 %, 531 MiB, 81920 MiB
2026/06/10 05:04:42.659, 0 %, 0 MiB, 81920 MiB
2026/06/10 05:04:47.659, 0 %, 531 MiB, 81920 MiB
2026/06/10 05:04:47.660, 0 %, 0 MiB, 81920 MiB
2026/06/10 05:04:52.660, 0 %, 531 MiB, 81920 MiB
2026/06/10 05:04:52.660, 0 %, 0 MiB, 81920 MiB
2026/06/10 05:04:57.661, 0 %, 531 MiB, 81920 MiB
2026/06/10 05:04:57.661, 0 %, 0 MiB, 81920 MiB
2026/06/10 05:05:02.662, 0 %, 531 MiB, 81920 MiB
2026/06/10 05:05:02.662, 0 %, 0 MiB, 81920 MiB
2026/06/10 05:05:07.663, 0 %, 531 MiB, 81920 MiB
2026/06/10 05:05:07.663, 0 %, 0 MiB, 81920 MiB
2026/06/10 05:05:12.664, 0 %, 531 MiB, 81920 MiB
2026/06/10 05:05:12.664, 0 %, 0 MiB, 81920 MiB
2026/06/10 05:05:17.665, 0 %, 531 MiB, 81920 MiB
2026/06/10 05:05:17.665, 0 %, 0 MiB, 81920 MiB
2026/06/10 05:05:22.666, 0 %, 531 MiB, 81920 MiB
2026/06/10 05:05:22.666, 0 %, 0 MiB, 81920 MiB
2026/06/10 05:05:27.667, 0 %, 531 MiB, 81920 MiB
2026/06/10 05:05:27.667, 0 %, 0 MiB, 81920 MiB
2026/06/10 05:05:32.668, 0 %, 531 MiB, 81920 MiB
2026/06/10 05:05:32.668, 0 %, 0 MiB, 81920 MiB
2026/06/10 05:05:37.669, 0 %, 531 MiB, 81920 MiB
2026/06/10 05:05:37.669, 0 %, 0 MiB, 81920 MiB
2026/06/10 05:05:42.670, 0 %, 531 MiB, 81920 MiB
2026/06/10 05:05:42.670, 0 %, 0 MiB, 81920 MiB
2026/06/10 05:05:47.671, 0 %, 531 MiB, 81920 MiB
2026/06/10 05:05:47.671, 0 %, 0 MiB, 81920 MiB
2026/06/10 05:05:52.672, 0 %, 531 MiB, 81920 MiB
2026/06/10 05:05:52.672, 0 %, 0 MiB, 81920 MiB
2026/06/10 05:05:57.672, 0 %, 531 MiB, 81920 MiB
2026/06/10 05:05:57.673, 0 %, 0 MiB, 81920 MiB
2026/06/10 05:06:02.673, 0 %, 531 MiB, 81920 MiB
2026/06/10 05:06:02.674, 0 %, 0 MiB, 81920 MiB
2026/06/10 05:06:07.674, 0 %, 531 MiB, 81920 MiB
2026/06/10 05:06:07.674, 0 %, 0 MiB, 81920 MiB
2026/06/10 05:06:12.675, 0 %, 531 MiB, 81920 MiB
2026/06/10 05:06:12.675, 0 %, 0 MiB, 81920 MiB
2026/06/10 05:06:17.676, 0 %, 531 MiB, 81920 MiB
2026/06/10 05:06:17.676, 0 %, 0 MiB, 81920 MiB
2026/06/10 05:06:22.677, 0 %, 531 MiB, 81920 MiB
2026/06/10 05:06:22.677, 0 %, 0 MiB, 81920 MiB
2026/06/10 05:06:27.678, 0 %, 531 MiB, 81920 MiB
2026/06/10 05:06:27.678, 0 %, 0 MiB, 81920 MiB
2026/06/10 05:06:32.679, 0 %, 531 MiB, 81920 MiB
2026/06/10 05:06:32.679, 0 %, 0 MiB, 81920 MiB
2026/06/10 05:06:37.680, 0 %, 531 MiB, 81920 MiB
2026/06/10 05:06:37.680, 0 %, 0 MiB, 81920 MiB
2026/06/10 05:06:42.681, 0 %, 531 MiB, 81920 MiB
2026/06/10 05:06:42.681, 0 %, 0 MiB, 81920 MiB
2026/06/10 05:06:47.682, 0 %, 531 MiB, 81920 MiB
2026/06/10 05:06:47.682, 0 %, 0 MiB, 81920 MiB
2026/06/10 05:06:52.683, 0 %, 531 MiB, 81920 MiB
2026/06/10 05:06:52.683, 0 %, 0 MiB, 81920 MiB
2026/06/10 05:06:57.684, 0 %, 531 MiB, 81920 MiB
2026/06/10 05:06:57.684, 0 %, 0 MiB, 81920 MiB
2026/06/10 05:07:02.685, 0 %, 531 MiB, 81920 MiB
2026/06/10 05:07:02.685, 0 %, 0 MiB, 81920 MiB
2026/06/10 05:07:07.686, 0 %, 531 MiB, 81920 MiB
2026/06/10 05:07:07.686, 0 %, 0 MiB, 81920 MiB
2026/06/10 05:07:12.686, 0 %, 531 MiB, 81920 MiB
2026/06/10 05:07:12.687, 0 %, 0 MiB, 81920 MiB
2026/06/10 05:07:17.687, 0 %, 531 MiB, 81920 MiB
2026/06/10 05:07:17.687, 0 %, 0 MiB, 81920 MiB
2026/06/10 05:07:22.688, 0 %, 531 MiB, 81920 MiB
2026/06/10 05:07:22.688, 0 %, 0 MiB, 81920 MiB
2026/06/10 05:07:27.689, 0 %, 531 MiB, 81920 MiB
2026/06/10 05:07:27.689, 0 %, 0 MiB, 81920 MiB
2026/06/10 05:07:32.690, 0 %, 531 MiB, 81920 MiB
2026/06/10 05:07:32.690, 0 %, 0 MiB, 81920 MiB
2026/06/10 05:07:37.691, 0 %, 531 MiB, 81920 MiB
2026/06/10 05:07:37.691, 0 %, 0 MiB, 81920 MiB
2026/06/10 05:07:42.692, 0 %, 531 MiB, 81920 MiB
2026/06/10 05:07:42.692, 0 %, 0 MiB, 81920 MiB
2026/06/10 05:07:47.693, 0 %, 531 MiB, 81920 MiB
2026/06/10 05:07:47.693, 0 %, 0 MiB, 81920 MiB
2026/06/10 05:07:52.694, 0 %, 531 MiB, 81920 MiB
2026/06/10 05:07:52.694, 0 %, 0 MiB, 81920 MiB
2026/06/10 05:07:57.695, 0 %, 531 MiB, 81920 MiB
2026/06/10 05:07:57.695, 0 %, 0 MiB, 81920 MiB
2026/06/10 05:08:02.696, 0 %, 531 MiB, 81920 MiB
2026/06/10 05:08:02.696, 0 %, 0 MiB, 81920 MiB
2026/06/10 05:08:07.697, 0 %, 531 MiB, 81920 MiB
2026/06/10 05:08:07.697, 0 %, 0 MiB, 81920 MiB
2026/06/10 05:08:12.698, 0 %, 531 MiB, 81920 MiB
2026/06/10 05:08:12.698, 0 %, 0 MiB, 81920 MiB
2026/06/10 05:08:17.699, 0 %, 531 MiB, 81920 MiB
2026/06/10 05:08:17.699, 0 %, 0 MiB, 81920 MiB
2026/06/10 05:08:22.700, 0 %, 531 MiB, 81920 MiB
2026/06/10 05:08:22.700, 0 %, 0 MiB, 81920 MiB
2026/06/10 05:08:27.701, 0 %, 531 MiB, 81920 MiB
2026/06/10 05:08:27.701, 0 %, 0 MiB, 81920 MiB
2026/06/10 05:08:32.702, 0 %, 531 MiB, 81920 MiB
2026/06/10 05:08:32.702, 0 %, 0 MiB, 81920 MiB
2026/06/10 05:08:37.702, 0 %, 531 MiB, 81920 MiB
2026/06/10 05:08:37.703, 0 %, 0 MiB, 81920 MiB
2026/06/10 05:08:42.703, 0 %, 531 MiB, 81920 MiB
2026/06/10 05:08:42.704, 0 %, 0 MiB, 81920 MiB
2026/06/10 05:08:47.704, 0 %, 531 MiB, 81920 MiB
2026/06/10 05:08:47.705, 0 %, 0 MiB, 81920 MiB
2026/06/10 05:08:52.705, 0 %, 531 MiB, 81920 MiB
2026/06/10 05:08:52.705, 0 %, 0 MiB, 81920 MiB
2026/06/10 05:08:57.706, 0 %, 531 MiB, 81920 MiB
2026/06/10 05:08:57.706, 0 %, 0 MiB, 81920 MiB
2026/06/10 05:09:02.707, 0 %, 531 MiB, 81920 MiB
2026/06/10 05:09:02.707, 0 %, 0 MiB, 81920 MiB
2026/06/10 05:09:07.708, 0 %, 531 MiB, 81920 MiB
2026/06/10 05:09:07.708, 0 %, 0 MiB, 81920 MiB
2026/06/10 05:09:12.709, 0 %, 531 MiB, 81920 MiB
2026/06/10 05:09:12.709, 0 %, 0 MiB, 81920 MiB
2026/06/10 05:09:17.710, 0 %, 531 MiB, 81920 MiB
2026/06/10 05:09:17.710, 0 %, 0 MiB, 81920 MiB
2026/06/10 05:09:22.711, 0 %, 531 MiB, 81920 MiB
2026/06/10 05:09:22.711, 0 %, 0 MiB, 81920 MiB
2026/06/10 05:09:27.712, 0 %, 531 MiB, 81920 MiB
2026/06/10 05:09:27.712, 0 %, 0 MiB, 81920 MiB
2026/06/10 05:09:32.713, 0 %, 531 MiB, 81920 MiB
2026/06/10 05:09:32.713, 0 %, 0 MiB, 81920 MiB
2026/06/10 05:09:37.714, 0 %, 531 MiB, 81920 MiB
2026/06/10 05:09:37.714, 0 %, 0 MiB, 81920 MiB
2026/06/10 05:09:42.715, 0 %, 531 MiB, 81920 MiB
2026/06/10 05:09:42.715, 0 %, 0 MiB, 81920 MiB
2026/06/10 05:09:47.716, 0 %, 531 MiB, 81920 MiB
2026/06/10 05:09:47.716, 0 %, 0 MiB, 81920 MiB
2026/06/10 05:09:52.717, 0 %, 531 MiB, 81920 MiB
2026/06/10 05:09:52.717, 0 %, 0 MiB, 81920 MiB
2026/06/10 05:09:57.717, 0 %, 531 MiB, 81920 MiB
2026/06/10 05:09:57.718, 0 %, 0 MiB, 81920 MiB
2026/06/10 05:10:02.718, 0 %, 531 MiB, 81920 MiB
2026/06/10 05:10:02.719, 0 %, 0 MiB, 81920 MiB
2026/06/10 05:10:07.719, 0 %, 531 MiB, 81920 MiB
2026/06/10 05:10:07.719, 0 %, 0 MiB, 81920 MiB
2026/06/10 05:10:12.720, 0 %, 531 MiB, 81920 MiB
2026/06/10 05:10:12.720, 0 %, 0 MiB, 81920 MiB
2026/06/10 05:10:17.721, 0 %, 531 MiB, 81920 MiB
2026/06/10 05:10:17.721, 0 %, 0 MiB, 81920 MiB
2026/06/10 05:10:22.722, 0 %, 531 MiB, 81920 MiB
2026/06/10 05:10:22.722, 0 %, 0 MiB, 81920 MiB
2026/06/10 05:10:27.723, 0 %, 531 MiB, 81920 MiB
2026/06/10 05:10:27.723, 0 %, 0 MiB, 81920 MiB
2026/06/10 05:10:32.724, 0 %, 531 MiB, 81920 MiB
2026/06/10 05:10:32.724, 0 %, 0 MiB, 81920 MiB
2026/06/10 05:10:37.725, 0 %, 531 MiB, 81920 MiB
2026/06/10 05:10:37.725, 0 %, 0 MiB, 81920 MiB
2026/06/10 05:10:42.726, 0 %, 531 MiB, 81920 MiB
2026/06/10 05:10:42.726, 0 %, 0 MiB, 81920 MiB
2026/06/10 05:10:47.727, 0 %, 531 MiB, 81920 MiB
2026/06/10 05:10:47.727, 0 %, 0 MiB, 81920 MiB
2026/06/10 05:10:52.728, 0 %, 531 MiB, 81920 MiB
2026/06/10 05:10:52.728, 0 %, 0 MiB, 81920 MiB
2026/06/10 05:10:57.729, 0 %, 531 MiB, 81920 MiB
2026/06/10 05:10:57.729, 0 %, 0 MiB, 81920 MiB
2026/06/10 05:11:02.730, 0 %, 531 MiB, 81920 MiB
2026/06/10 05:11:02.730, 0 %, 0 MiB, 81920 MiB
2026/06/10 05:11:07.730, 0 %, 531 MiB, 81920 MiB
2026/06/10 05:11:07.731, 0 %, 0 MiB, 81920 MiB
2026/06/10 05:11:12.731, 0 %, 531 MiB, 81920 MiB
2026/06/10 05:11:12.731, 0 %, 0 MiB, 81920 MiB
2026/06/10 05:11:17.732, 0 %, 531 MiB, 81920 MiB
2026/06/10 05:11:17.732, 0 %, 0 MiB, 81920 MiB
2026/06/10 05:11:22.733, 0 %, 531 MiB, 81920 MiB
2026/06/10 05:11:22.733, 0 %, 0 MiB, 81920 MiB
2026/06/10 05:11:27.734, 0 %, 497 MiB, 81920 MiB
2026/06/10 05:11:27.734, 0 %, 0 MiB, 81920 MiB
2026/06/10 05:11:32.736, 0 %, 497 MiB, 81920 MiB
2026/06/10 05:11:32.736, 0 %, 0 MiB, 81920 MiB
2026/06/10 05:11:37.736, 0 %, 497 MiB, 81920 MiB
2026/06/10 05:11:37.737, 0 %, 0 MiB, 81920 MiB
2026/06/10 05:11:42.737, 0 %, 497 MiB, 81920 MiB
2026/06/10 05:11:42.738, 0 %, 0 MiB, 81920 MiB
2026/06/10 05:11:47.738, 0 %, 497 MiB, 81920 MiB
2026/06/10 05:11:47.738, 0 %, 0 MiB, 81920 MiB
2026/06/10 05:11:52.739, 0 %, 497 MiB, 81920 MiB
2026/06/10 05:11:52.739, 0 %, 0 MiB, 81920 MiB
2026/06/10 05:11:57.740, 0 %, 497 MiB, 81920 MiB
2026/06/10 05:11:57.740, 0 %, 0 MiB, 81920 MiB
2026/06/10 05:12:02.741, 0 %, 497 MiB, 81920 MiB
2026/06/10 05:12:02.741, 0 %, 0 MiB, 81920 MiB
2026/06/10 05:12:07.742, 0 %, 497 MiB, 81920 MiB
2026/06/10 05:12:07.742, 0 %, 0 MiB, 81920 MiB
2026/06/10 05:12:12.743, 0 %, 497 MiB, 81920 MiB
2026/06/10 05:12:12.744, 0 %, 0 MiB, 81920 MiB
2026/06/10 05:12:17.745, 0 %, 497 MiB, 81920 MiB
2026/06/10 05:12:17.745, 0 %, 0 MiB, 81920 MiB
2026/06/10 05:12:22.746, 0 %, 497 MiB, 81920 MiB
2026/06/10 05:12:22.746, 0 %, 0 MiB, 81920 MiB
2026/06/10 05:12:27.747, 0 %, 497 MiB, 81920 MiB
2026/06/10 05:12:27.747, 0 %, 0 MiB, 81920 MiB
2026/06/10 05:12:32.747, 0 %, 497 MiB, 81920 MiB
2026/06/10 05:12:32.748, 0 %, 0 MiB, 81920 MiB
2026/06/10 05:12:37.749, 0 %, 497 MiB, 81920 MiB
2026/06/10 05:12:37.749, 0 %, 0 MiB, 81920 MiB
2026/06/10 05:12:42.750, 0 %, 497 MiB, 81920 MiB
2026/06/10 05:12:42.750, 0 %, 0 MiB, 81920 MiB
2026/06/10 05:12:47.751, 0 %, 497 MiB, 81920 MiB
2026/06/10 05:12:47.751, 0 %, 0 MiB, 81920 MiB
2026/06/10 05:12:52.752, 0 %, 497 MiB, 81920 MiB
2026/06/10 05:12:52.752, 0 %, 0 MiB, 81920 MiB
2026/06/10 05:12:57.753, 0 %, 497 MiB, 81920 MiB
2026/06/10 05:12:57.753, 0 %, 0 MiB, 81920 MiB
2026/06/10 05:13:02.754, 0 %, 497 MiB, 81920 MiB
2026/06/10 05:13:02.754, 0 %, 0 MiB, 81920 MiB
2026/06/10 05:13:07.755, 0 %, 497 MiB, 81920 MiB
2026/06/10 05:13:07.755, 0 %, 0 MiB, 81920 MiB
2026/06/10 05:13:12.756, 0 %, 497 MiB, 81920 MiB
2026/06/10 05:13:12.756, 0 %, 0 MiB, 81920 MiB
2026/06/10 05:13:17.757, 0 %, 497 MiB, 81920 MiB
2026/06/10 05:13:17.757, 0 %, 0 MiB, 81920 MiB
2026/06/10 05:13:22.758, 0 %, 497 MiB, 81920 MiB
2026/06/10 05:13:22.758, 0 %, 0 MiB, 81920 MiB
2026/06/10 05:13:27.759, 0 %, 497 MiB, 81920 MiB
2026/06/10 05:13:27.760, 0 %, 0 MiB, 81920 MiB
2026/06/10 05:13:32.760, 0 %, 497 MiB, 81920 MiB
2026/06/10 05:13:32.761, 0 %, 0 MiB, 81920 MiB
2026/06/10 05:13:37.762, 0 %, 497 MiB, 81920 MiB
2026/06/10 05:13:37.762, 0 %, 0 MiB, 81920 MiB
2026/06/10 05:13:42.762, 0 %, 497 MiB, 81920 MiB
2026/06/10 05:13:42.763, 0 %, 0 MiB, 81920 MiB
2026/06/10 05:13:47.764, 0 %, 497 MiB, 81920 MiB
2026/06/10 05:13:47.764, 0 %, 0 MiB, 81920 MiB
2026/06/10 05:13:52.765, 0 %, 497 MiB, 81920 MiB
2026/06/10 05:13:52.765, 0 %, 0 MiB, 81920 MiB
2026/06/10 05:13:57.766, 0 %, 497 MiB, 81920 MiB
2026/06/10 05:13:57.766, 0 %, 0 MiB, 81920 MiB
2026/06/10 05:14:02.767, 0 %, 497 MiB, 81920 MiB
2026/06/10 05:14:02.767, 0 %, 0 MiB, 81920 MiB
2026/06/10 05:14:07.768, 0 %, 497 MiB, 81920 MiB
2026/06/10 05:14:07.768, 0 %, 0 MiB, 81920 MiB
2026/06/10 05:14:12.768, 0 %, 497 MiB, 81920 MiB
2026/06/10 05:14:12.769, 0 %, 0 MiB, 81920 MiB
2026/06/10 05:14:17.769, 0 %, 497 MiB, 81920 MiB
2026/06/10 05:14:17.769, 0 %, 0 MiB, 81920 MiB
2026/06/10 05:14:22.770, 0 %, 497 MiB, 81920 MiB
2026/06/10 05:14:22.770, 0 %, 0 MiB, 81920 MiB
2026/06/10 05:14:27.771, 0 %, 497 MiB, 81920 MiB
2026/06/10 05:14:27.771, 0 %, 0 MiB, 81920 MiB
2026/06/10 05:14:32.772, 0 %, 497 MiB, 81920 MiB
2026/06/10 05:14:32.772, 0 %, 0 MiB, 81920 MiB
2026/06/10 05:14:37.772, 0 %, 531 MiB, 81920 MiB
2026/06/10 05:14:37.772, 0 %, 0 MiB, 81920 MiB
2026/06/10 05:14:42.773, 0 %, 531 MiB, 81920 MiB
2026/06/10 05:14:42.773, 0 %, 0 MiB, 81920 MiB
2026/06/10 05:14:47.774, 0 %, 531 MiB, 81920 MiB
2026/06/10 05:14:47.774, 0 %, 0 MiB, 81920 MiB
2026/06/10 05:14:52.774, 0 %, 531 MiB, 81920 MiB
2026/06/10 05:14:52.774, 0 %, 0 MiB, 81920 MiB
2026/06/10 05:14:57.775, 0 %, 531 MiB, 81920 MiB
2026/06/10 05:14:57.775, 0 %, 0 MiB, 81920 MiB
2026/06/10 05:15:02.775, 0 %, 531 MiB, 81920 MiB
2026/06/10 05:15:02.776, 0 %, 0 MiB, 81920 MiB
2026/06/10 05:15:07.776, 0 %, 531 MiB, 81920 MiB
2026/06/10 05:15:07.776, 0 %, 0 MiB, 81920 MiB
2026/06/10 05:15:12.777, 0 %, 531 MiB, 81920 MiB
2026/06/10 05:15:12.777, 0 %, 0 MiB, 81920 MiB
2026/06/10 05:15:17.777, 0 %, 531 MiB, 81920 MiB
2026/06/10 05:15:17.777, 0 %, 0 MiB, 81920 MiB
2026/06/10 05:15:22.778, 0 %, 531 MiB, 81920 MiB
2026/06/10 05:15:22.778, 0 %, 0 MiB, 81920 MiB
2026/06/10 05:15:27.779, 0 %, 531 MiB, 81920 MiB
2026/06/10 05:15:27.779, 0 %, 0 MiB, 81920 MiB
2026/06/10 05:15:32.779, 0 %, 531 MiB, 81920 MiB
2026/06/10 05:15:32.779, 0 %, 0 MiB, 81920 MiB
2026/06/10 05:15:37.780, 0 %, 531 MiB, 81920 MiB
2026/06/10 05:15:37.780, 0 %, 0 MiB, 81920 MiB
2026/06/10 05:15:42.781, 0 %, 531 MiB, 81920 MiB
2026/06/10 05:15:42.781, 0 %, 0 MiB, 81920 MiB
2026/06/10 05:15:47.781, 0 %, 531 MiB, 81920 MiB
2026/06/10 05:15:47.781, 0 %, 0 MiB, 81920 MiB
2026/06/10 05:15:52.782, 0 %, 531 MiB, 81920 MiB
2026/06/10 05:15:52.782, 0 %, 0 MiB, 81920 MiB
2026/06/10 05:15:57.783, 0 %, 531 MiB, 81920 MiB
2026/06/10 05:15:57.783, 0 %, 0 MiB, 81920 MiB
2026/06/10 05:16:02.783, 0 %, 531 MiB, 81920 MiB
2026/06/10 05:16:02.783, 0 %, 0 MiB, 81920 MiB
2026/06/10 05:16:07.784, 0 %, 531 MiB, 81920 MiB
2026/06/10 05:16:07.784, 0 %, 0 MiB, 81920 MiB
2026/06/10 05:16:12.785, 0 %, 531 MiB, 81920 MiB
2026/06/10 05:16:12.785, 0 %, 0 MiB, 81920 MiB
2026/06/10 05:16:17.785, 0 %, 531 MiB, 81920 MiB
2026/06/10 05:16:17.785, 0 %, 0 MiB, 81920 MiB
2026/06/10 05:16:22.786, 0 %, 531 MiB, 81920 MiB
2026/06/10 05:16:22.786, 0 %, 0 MiB, 81920 MiB
2026/06/10 05:16:27.786, 0 %, 531 MiB, 81920 MiB
2026/06/10 05:16:27.787, 0 %, 0 MiB, 81920 MiB
2026/06/10 05:16:32.787, 0 %, 531 MiB, 81920 MiB
2026/06/10 05:16:32.787, 0 %, 0 MiB, 81920 MiB
2026/06/10 05:16:37.788, 0 %, 531 MiB, 81920 MiB
2026/06/10 05:16:37.788, 0 %, 0 MiB, 81920 MiB
2026/06/10 05:16:42.788, 0 %, 531 MiB, 81920 MiB
2026/06/10 05:16:42.789, 0 %, 0 MiB, 81920 MiB
2026/06/10 05:16:47.789, 0 %, 531 MiB, 81920 MiB
2026/06/10 05:16:47.789, 0 %, 0 MiB, 81920 MiB
2026/06/10 05:16:52.790, 0 %, 531 MiB, 81920 MiB
2026/06/10 05:16:52.790, 0 %, 0 MiB, 81920 MiB
2026/06/10 05:16:57.790, 0 %, 531 MiB, 81920 MiB
2026/06/10 05:16:57.791, 0 %, 0 MiB, 81920 MiB
2026/06/10 05:17:02.791, 0 %, 531 MiB, 81920 MiB
2026/06/10 05:17:02.791, 0 %, 0 MiB, 81920 MiB
2026/06/10 05:17:07.792, 0 %, 531 MiB, 81920 MiB
2026/06/10 05:17:07.792, 0 %, 0 MiB, 81920 MiB
2026/06/10 05:17:12.793, 0 %, 531 MiB, 81920 MiB
2026/06/10 05:17:12.793, 0 %, 0 MiB, 81920 MiB
2026/06/10 05:17:17.793, 0 %, 531 MiB, 81920 MiB
2026/06/10 05:17:17.793, 0 %, 0 MiB, 81920 MiB
2026/06/10 05:17:22.794, 0 %, 531 MiB, 81920 MiB
2026/06/10 05:17:22.794, 0 %, 0 MiB, 81920 MiB
2026/06/10 05:17:27.794, 0 %, 531 MiB, 81920 MiB
2026/06/10 05:17:27.795, 0 %, 0 MiB, 81920 MiB
2026/06/10 05:17:32.795, 0 %, 531 MiB, 81920 MiB
2026/06/10 05:17:32.795, 0 %, 0 MiB, 81920 MiB
2026/06/10 05:17:37.796, 0 %, 531 MiB, 81920 MiB
2026/06/10 05:17:37.796, 0 %, 0 MiB, 81920 MiB
2026/06/10 05:17:42.796, 0 %, 531 MiB, 81920 MiB
2026/06/10 05:17:42.796, 0 %, 0 MiB, 81920 MiB
2026/06/10 05:17:47.797, 0 %, 531 MiB, 81920 MiB
2026/06/10 05:17:47.797, 0 %, 0 MiB, 81920 MiB
2026/06/10 05:17:52.798, 0 %, 531 MiB, 81920 MiB
2026/06/10 05:17:52.798, 0 %, 0 MiB, 81920 MiB
2026/06/10 05:17:57.798, 0 %, 531 MiB, 81920 MiB
2026/06/10 05:17:57.799, 0 %, 0 MiB, 81920 MiB
2026/06/10 05:18:02.799, 0 %, 531 MiB, 81920 MiB
2026/06/10 05:18:02.799, 0 %, 0 MiB, 81920 MiB
2026/06/10 05:18:07.800, 0 %, 531 MiB, 81920 MiB
2026/06/10 05:18:07.800, 0 %, 0 MiB, 81920 MiB
2026/06/10 05:18:12.800, 0 %, 531 MiB, 81920 MiB
2026/06/10 05:18:12.801, 0 %, 0 MiB, 81920 MiB
2026/06/10 05:18:17.801, 0 %, 531 MiB, 81920 MiB
2026/06/10 05:18:17.801, 0 %, 0 MiB, 81920 MiB
2026/06/10 05:18:22.802, 0 %, 531 MiB, 81920 MiB
2026/06/10 05:18:22.802, 0 %, 0 MiB, 81920 MiB
2026/06/10 05:18:27.802, 0 %, 531 MiB, 81920 MiB
2026/06/10 05:18:27.803, 0 %, 0 MiB, 81920 MiB
2026/06/10 05:18:32.803, 0 %, 531 MiB, 81920 MiB
2026/06/10 05:18:32.803, 0 %, 0 MiB, 81920 MiB
2026/06/10 05:18:37.804, 0 %, 531 MiB, 81920 MiB
2026/06/10 05:18:37.804, 0 %, 0 MiB, 81920 MiB
2026/06/10 05:18:42.805, 0 %, 531 MiB, 81920 MiB
2026/06/10 05:18:42.805, 0 %, 0 MiB, 81920 MiB
2026/06/10 05:18:47.805, 0 %, 531 MiB, 81920 MiB
2026/06/10 05:18:47.805, 0 %, 0 MiB, 81920 MiB
2026/06/10 05:18:52.806, 0 %, 531 MiB, 81920 MiB
2026/06/10 05:18:52.806, 0 %, 0 MiB, 81920 MiB
2026/06/10 05:18:57.806, 0 %, 531 MiB, 81920 MiB
2026/06/10 05:18:57.807, 0 %, 0 MiB, 81920 MiB
2026/06/10 05:19:02.807, 0 %, 531 MiB, 81920 MiB
2026/06/10 05:19:02.807, 0 %, 0 MiB, 81920 MiB
2026/06/10 05:19:07.808, 0 %, 531 MiB, 81920 MiB
2026/06/10 05:19:07.808, 0 %, 0 MiB, 81920 MiB
2026/06/10 05:19:12.809, 0 %, 531 MiB, 81920 MiB
2026/06/10 05:19:12.809, 0 %, 0 MiB, 81920 MiB
2026/06/10 05:19:17.809, 0 %, 531 MiB, 81920 MiB
2026/06/10 05:19:17.809, 0 %, 0 MiB, 81920 MiB
2026/06/10 05:19:22.810, 0 %, 531 MiB, 81920 MiB
2026/06/10 05:19:22.810, 0 %, 0 MiB, 81920 MiB
2026/06/10 05:19:27.811, 0 %, 531 MiB, 81920 MiB
2026/06/10 05:19:27.811, 0 %, 0 MiB, 81920 MiB
2026/06/10 05:19:32.811, 0 %, 531 MiB, 81920 MiB
2026/06/10 05:19:32.811, 0 %, 0 MiB, 81920 MiB
2026/06/10 05:19:37.812, 0 %, 531 MiB, 81920 MiB
2026/06/10 05:19:37.812, 0 %, 0 MiB, 81920 MiB
2026/06/10 05:19:42.813, 0 %, 531 MiB, 81920 MiB
2026/06/10 05:19:42.813, 0 %, 0 MiB, 81920 MiB
2026/06/10 05:19:47.813, 0 %, 531 MiB, 81920 MiB
2026/06/10 05:19:47.813, 0 %, 0 MiB, 81920 MiB
2026/06/10 05:19:52.814, 0 %, 531 MiB, 81920 MiB
2026/06/10 05:19:52.814, 0 %, 0 MiB, 81920 MiB
2026/06/10 05:19:57.815, 0 %, 531 MiB, 81920 MiB
2026/06/10 05:19:57.815, 0 %, 0 MiB, 81920 MiB
2026/06/10 05:20:02.815, 0 %, 531 MiB, 81920 MiB
2026/06/10 05:20:02.815, 0 %, 0 MiB, 81920 MiB
2026/06/10 05:20:07.816, 0 %, 531 MiB, 81920 MiB
2026/06/10 05:20:07.816, 0 %, 0 MiB, 81920 MiB
2026/06/10 05:20:12.817, 0 %, 531 MiB, 81920 MiB
2026/06/10 05:20:12.817, 0 %, 0 MiB, 81920 MiB
2026/06/10 05:20:17.817, 0 %, 531 MiB, 81920 MiB
2026/06/10 05:20:17.817, 0 %, 0 MiB, 81920 MiB
2026/06/10 05:20:22.818, 0 %, 531 MiB, 81920 MiB
2026/06/10 05:20:22.818, 0 %, 0 MiB, 81920 MiB
2026/06/10 05:20:27.819, 0 %, 531 MiB, 81920 MiB
2026/06/10 05:20:27.819, 0 %, 0 MiB, 81920 MiB
2026/06/10 05:20:32.819, 0 %, 531 MiB, 81920 MiB
2026/06/10 05:20:32.819, 0 %, 0 MiB, 81920 MiB
2026/06/10 05:20:37.820, 0 %, 531 MiB, 81920 MiB
2026/06/10 05:20:37.820, 0 %, 0 MiB, 81920 MiB
2026/06/10 05:20:42.821, 0 %, 531 MiB, 81920 MiB
2026/06/10 05:20:42.821, 0 %, 0 MiB, 81920 MiB
2026/06/10 05:20:47.821, 0 %, 531 MiB, 81920 MiB
2026/06/10 05:20:47.821, 0 %, 0 MiB, 81920 MiB
2026/06/10 05:20:52.822, 0 %, 531 MiB, 81920 MiB
2026/06/10 05:20:52.822, 0 %, 0 MiB, 81920 MiB
2026/06/10 05:20:57.823, 0 %, 531 MiB, 81920 MiB
2026/06/10 05:20:57.823, 0 %, 0 MiB, 81920 MiB
2026/06/10 05:21:02.823, 0 %, 531 MiB, 81920 MiB
2026/06/10 05:21:02.823, 0 %, 0 MiB, 81920 MiB
2026/06/10 05:21:07.824, 0 %, 531 MiB, 81920 MiB
2026/06/10 05:21:07.824, 0 %, 0 MiB, 81920 MiB
2026/06/10 05:21:12.825, 0 %, 531 MiB, 81920 MiB
2026/06/10 05:21:12.825, 0 %, 0 MiB, 81920 MiB
2026/06/10 05:21:17.826, 0 %, 531 MiB, 81920 MiB
2026/06/10 05:21:17.826, 0 %, 0 MiB, 81920 MiB
2026/06/10 05:21:22.826, 0 %, 531 MiB, 81920 MiB
2026/06/10 05:21:22.826, 0 %, 0 MiB, 81920 MiB
2026/06/10 05:21:27.827, 0 %, 531 MiB, 81920 MiB
2026/06/10 05:21:27.827, 0 %, 0 MiB, 81920 MiB
2026/06/10 05:21:32.827, 0 %, 531 MiB, 81920 MiB
2026/06/10 05:21:32.827, 0 %, 0 MiB, 81920 MiB
2026/06/10 05:21:37.828, 0 %, 531 MiB, 81920 MiB
2026/06/10 05:21:37.828, 0 %, 0 MiB, 81920 MiB
2026/06/10 05:21:42.829, 0 %, 531 MiB, 81920 MiB
2026/06/10 05:21:42.829, 0 %, 0 MiB, 81920 MiB
2026/06/10 05:21:47.829, 0 %, 531 MiB, 81920 MiB
2026/06/10 05:21:47.829, 0 %, 0 MiB, 81920 MiB
2026/06/10 05:21:52.830, 0 %, 531 MiB, 81920 MiB
2026/06/10 05:21:52.830, 0 %, 0 MiB, 81920 MiB
2026/06/10 05:21:57.831, 0 %, 531 MiB, 81920 MiB
2026/06/10 05:21:57.831, 0 %, 0 MiB, 81920 MiB
2026/06/10 05:22:02.831, 0 %, 531 MiB, 81920 MiB
2026/06/10 05:22:02.831, 0 %, 0 MiB, 81920 MiB
2026/06/10 05:22:07.832, 0 %, 531 MiB, 81920 MiB
2026/06/10 05:22:07.832, 0 %, 0 MiB, 81920 MiB
2026/06/10 05:22:12.833, 0 %, 531 MiB, 81920 MiB
2026/06/10 05:22:12.833, 0 %, 0 MiB, 81920 MiB
2026/06/10 05:22:17.833, 0 %, 531 MiB, 81920 MiB
2026/06/10 05:22:17.833, 0 %, 0 MiB, 81920 MiB
2026/06/10 05:22:22.834, 0 %, 531 MiB, 81920 MiB
2026/06/10 05:22:22.834, 0 %, 0 MiB, 81920 MiB
2026/06/10 05:22:27.835, 0 %, 531 MiB, 81920 MiB
2026/06/10 05:22:27.835, 0 %, 0 MiB, 81920 MiB
2026/06/10 05:22:32.835, 0 %, 531 MiB, 81920 MiB
2026/06/10 05:22:32.836, 0 %, 0 MiB, 81920 MiB
2026/06/10 05:22:37.836, 0 %, 531 MiB, 81920 MiB
2026/06/10 05:22:37.836, 0 %, 0 MiB, 81920 MiB
2026/06/10 05:22:42.837, 0 %, 531 MiB, 81920 MiB
2026/06/10 05:22:42.837, 0 %, 0 MiB, 81920 MiB
2026/06/10 05:22:47.837, 0 %, 531 MiB, 81920 MiB
2026/06/10 05:22:47.838, 0 %, 0 MiB, 81920 MiB
2026/06/10 05:22:52.838, 0 %, 531 MiB, 81920 MiB
2026/06/10 05:22:52.838, 0 %, 0 MiB, 81920 MiB
2026/06/10 05:22:57.839, 0 %, 531 MiB, 81920 MiB
2026/06/10 05:22:57.839, 0 %, 0 MiB, 81920 MiB
2026/06/10 05:23:02.839, 0 %, 531 MiB, 81920 MiB
2026/06/10 05:23:02.839, 0 %, 0 MiB, 81920 MiB
2026/06/10 05:23:07.840, 0 %, 531 MiB, 81920 MiB
2026/06/10 05:23:07.840, 0 %, 0 MiB, 81920 MiB
2026/06/10 05:23:12.841, 0 %, 531 MiB, 81920 MiB
2026/06/10 05:23:12.841, 0 %, 0 MiB, 81920 MiB
2026/06/10 05:23:17.841, 0 %, 531 MiB, 81920 MiB
2026/06/10 05:23:17.842, 0 %, 0 MiB, 81920 MiB
2026/06/10 05:23:22.842, 0 %, 531 MiB, 81920 MiB
2026/06/10 05:23:22.842, 0 %, 0 MiB, 81920 MiB
2026/06/10 05:23:27.843, 0 %, 531 MiB, 81920 MiB
2026/06/10 05:23:27.843, 0 %, 0 MiB, 81920 MiB
2026/06/10 05:23:32.843, 0 %, 531 MiB, 81920 MiB
2026/06/10 05:23:32.844, 0 %, 0 MiB, 81920 MiB
2026/06/10 05:23:37.844, 0 %, 531 MiB, 81920 MiB
2026/06/10 05:23:37.844, 0 %, 0 MiB, 81920 MiB
2026/06/10 05:23:42.845, 0 %, 531 MiB, 81920 MiB
2026/06/10 05:23:42.845, 0 %, 0 MiB, 81920 MiB
2026/06/10 05:23:47.845, 0 %, 531 MiB, 81920 MiB
2026/06/10 05:23:47.846, 0 %, 0 MiB, 81920 MiB
2026/06/10 05:23:52.846, 0 %, 531 MiB, 81920 MiB
2026/06/10 05:23:52.846, 0 %, 0 MiB, 81920 MiB
2026/06/10 05:23:57.847, 0 %, 531 MiB, 81920 MiB
2026/06/10 05:23:57.847, 0 %, 0 MiB, 81920 MiB
2026/06/10 05:24:02.847, 0 %, 531 MiB, 81920 MiB
2026/06/10 05:24:02.848, 0 %, 0 MiB, 81920 MiB
2026/06/10 05:24:07.848, 0 %, 531 MiB, 81920 MiB
2026/06/10 05:24:07.848, 0 %, 0 MiB, 81920 MiB
2026/06/10 05:24:12.849, 0 %, 531 MiB, 81920 MiB
2026/06/10 05:24:12.849, 0 %, 0 MiB, 81920 MiB
2026/06/10 05:24:17.850, 0 %, 531 MiB, 81920 MiB
2026/06/10 05:24:17.850, 0 %, 0 MiB, 81920 MiB
2026/06/10 05:24:22.850, 0 %, 531 MiB, 81920 MiB
2026/06/10 05:24:22.850, 0 %, 0 MiB, 81920 MiB
2026/06/10 05:24:27.851, 0 %, 531 MiB, 81920 MiB
2026/06/10 05:24:27.851, 0 %, 0 MiB, 81920 MiB
2026/06/10 05:24:32.851, 0 %, 531 MiB, 81920 MiB
2026/06/10 05:24:32.852, 0 %, 0 MiB, 81920 MiB
2026/06/10 05:24:37.852, 0 %, 531 MiB, 81920 MiB
2026/06/10 05:24:37.852, 0 %, 0 MiB, 81920 MiB
2026/06/10 05:24:42.853, 0 %, 531 MiB, 81920 MiB
2026/06/10 05:24:42.853, 0 %, 0 MiB, 81920 MiB
2026/06/10 05:24:47.853, 0 %, 531 MiB, 81920 MiB
2026/06/10 05:24:47.854, 0 %, 0 MiB, 81920 MiB
2026/06/10 05:24:52.854, 0 %, 497 MiB, 81920 MiB
2026/06/10 05:24:52.854, 0 %, 0 MiB, 81920 MiB
2026/06/10 05:24:57.855, 0 %, 497 MiB, 81920 MiB
2026/06/10 05:24:57.856, 0 %, 0 MiB, 81920 MiB
2026/06/10 05:25:02.856, 0 %, 497 MiB, 81920 MiB
2026/06/10 05:25:02.856, 0 %, 0 MiB, 81920 MiB
2026/06/10 05:25:07.857, 0 %, 497 MiB, 81920 MiB
2026/06/10 05:25:07.857, 0 %, 0 MiB, 81920 MiB
2026/06/10 05:25:12.858, 0 %, 497 MiB, 81920 MiB
2026/06/10 05:25:12.858, 0 %, 0 MiB, 81920 MiB
2026/06/10 05:25:17.859, 0 %, 497 MiB, 81920 MiB
2026/06/10 05:25:17.859, 0 %, 0 MiB, 81920 MiB
2026/06/10 05:25:22.860, 0 %, 497 MiB, 81920 MiB
2026/06/10 05:25:22.861, 0 %, 0 MiB, 81920 MiB
2026/06/10 05:25:27.861, 0 %, 497 MiB, 81920 MiB
2026/06/10 05:25:27.862, 0 %, 0 MiB, 81920 MiB
2026/06/10 05:25:32.863, 0 %, 497 MiB, 81920 MiB
2026/06/10 05:25:32.863, 0 %, 0 MiB, 81920 MiB
2026/06/10 05:25:37.864, 0 %, 497 MiB, 81920 MiB
2026/06/10 05:25:37.864, 0 %, 0 MiB, 81920 MiB
2026/06/10 05:25:42.864, 0 %, 497 MiB, 81920 MiB
2026/06/10 05:25:42.865, 0 %, 0 MiB, 81920 MiB
2026/06/10 05:25:47.866, 0 %, 497 MiB, 81920 MiB
2026/06/10 05:25:47.866, 0 %, 0 MiB, 81920 MiB
2026/06/10 05:25:52.867, 0 %, 497 MiB, 81920 MiB
2026/06/10 05:25:52.867, 0 %, 0 MiB, 81920 MiB
2026/06/10 05:25:57.868, 0 %, 497 MiB, 81920 MiB
2026/06/10 05:25:57.868, 0 %, 0 MiB, 81920 MiB
2026/06/10 05:26:02.869, 0 %, 497 MiB, 81920 MiB
2026/06/10 05:26:02.869, 0 %, 0 MiB, 81920 MiB
2026/06/10 05:26:07.870, 0 %, 497 MiB, 81920 MiB
2026/06/10 05:26:07.870, 0 %, 0 MiB, 81920 MiB
2026/06/10 05:26:12.871, 0 %, 497 MiB, 81920 MiB
2026/06/10 05:26:12.871, 0 %, 0 MiB, 81920 MiB
2026/06/10 05:26:17.872, 0 %, 497 MiB, 81920 MiB
2026/06/10 05:26:17.872, 0 %, 0 MiB, 81920 MiB
2026/06/10 05:26:22.873, 0 %, 497 MiB, 81920 MiB
2026/06/10 05:26:22.873, 0 %, 0 MiB, 81920 MiB
2026/06/10 05:26:27.874, 0 %, 497 MiB, 81920 MiB
2026/06/10 05:26:27.874, 0 %, 0 MiB, 81920 MiB
2026/06/10 05:26:32.875, 0 %, 497 MiB, 81920 MiB
2026/06/10 05:26:32.875, 0 %, 0 MiB, 81920 MiB
2026/06/10 05:26:37.875, 0 %, 497 MiB, 81920 MiB
2026/06/10 05:26:37.876, 0 %, 0 MiB, 81920 MiB
2026/06/10 05:26:42.876, 0 %, 497 MiB, 81920 MiB
2026/06/10 05:26:42.876, 0 %, 0 MiB, 81920 MiB
2026/06/10 05:26:47.877, 0 %, 497 MiB, 81920 MiB
2026/06/10 05:26:47.877, 0 %, 0 MiB, 81920 MiB
2026/06/10 05:26:52.878, 0 %, 497 MiB, 81920 MiB
2026/06/10 05:26:52.878, 0 %, 0 MiB, 81920 MiB
2026/06/10 05:26:57.878, 0 %, 497 MiB, 81920 MiB
2026/06/10 05:26:57.878, 0 %, 0 MiB, 81920 MiB
2026/06/10 05:27:02.879, 0 %, 497 MiB, 81920 MiB
2026/06/10 05:27:02.879, 0 %, 0 MiB, 81920 MiB
2026/06/10 05:27:07.880, 0 %, 497 MiB, 81920 MiB
2026/06/10 05:27:07.880, 0 %, 0 MiB, 81920 MiB
2026/06/10 05:27:12.880, 0 %, 497 MiB, 81920 MiB
2026/06/10 05:27:12.881, 0 %, 0 MiB, 81920 MiB
2026/06/10 05:27:17.881, 0 %, 497 MiB, 81920 MiB
2026/06/10 05:27:17.882, 0 %, 0 MiB, 81920 MiB
2026/06/10 05:27:22.882, 0 %, 497 MiB, 81920 MiB
2026/06/10 05:27:22.882, 0 %, 0 MiB, 81920 MiB
2026/06/10 05:27:27.883, 0 %, 497 MiB, 81920 MiB
2026/06/10 05:27:27.883, 0 %, 0 MiB, 81920 MiB
2026/06/10 05:27:32.884, 0 %, 497 MiB, 81920 MiB
2026/06/10 05:27:32.884, 0 %, 0 MiB, 81920 MiB
2026/06/10 05:27:37.885, 0 %, 497 MiB, 81920 MiB
2026/06/10 05:27:37.885, 0 %, 0 MiB, 81920 MiB
2026/06/10 05:27:42.885, 0 %, 497 MiB, 81920 MiB
2026/06/10 05:27:42.886, 0 %, 0 MiB, 81920 MiB
2026/06/10 05:27:47.886, 0 %, 497 MiB, 81920 MiB
2026/06/10 05:27:47.886, 0 %, 0 MiB, 81920 MiB
2026/06/10 05:27:52.887, 0 %, 497 MiB, 81920 MiB
2026/06/10 05:27:52.887, 0 %, 0 MiB, 81920 MiB
2026/06/10 05:27:57.888, 0 %, 497 MiB, 81920 MiB
2026/06/10 05:27:57.888, 0 %, 0 MiB, 81920 MiB
2026/06/10 05:28:02.889, 0 %, 497 MiB, 81920 MiB
2026/06/10 05:28:02.889, 0 %, 0 MiB, 81920 MiB
2026/06/10 05:28:07.889, 20 %, 567 MiB, 81920 MiB
2026/06/10 05:28:07.889, 0 %, 0 MiB, 81920 MiB
2026/06/10 05:28:12.890, 0 %, 531 MiB, 81920 MiB
2026/06/10 05:28:12.890, 0 %, 0 MiB, 81920 MiB
2026/06/10 05:28:17.890, 0 %, 531 MiB, 81920 MiB
2026/06/10 05:28:17.891, 0 %, 0 MiB, 81920 MiB
2026/06/10 05:28:22.891, 0 %, 531 MiB, 81920 MiB
2026/06/10 05:28:22.891, 0 %, 0 MiB, 81920 MiB
2026/06/10 05:28:27.892, 0 %, 531 MiB, 81920 MiB
2026/06/10 05:28:27.892, 0 %, 0 MiB, 81920 MiB
2026/06/10 05:28:32.892, 0 %, 531 MiB, 81920 MiB
2026/06/10 05:28:32.893, 0 %, 0 MiB, 81920 MiB
2026/06/10 05:28:37.893, 0 %, 531 MiB, 81920 MiB
2026/06/10 05:28:37.893, 0 %, 0 MiB, 81920 MiB
2026/06/10 05:28:42.894, 0 %, 531 MiB, 81920 MiB
2026/06/10 05:28:42.894, 0 %, 0 MiB, 81920 MiB
2026/06/10 05:28:47.895, 0 %, 531 MiB, 81920 MiB
2026/06/10 05:28:47.895, 0 %, 0 MiB, 81920 MiB
2026/06/10 05:28:52.895, 0 %, 531 MiB, 81920 MiB
2026/06/10 05:28:52.895, 0 %, 0 MiB, 81920 MiB
2026/06/10 05:28:57.896, 0 %, 531 MiB, 81920 MiB
2026/06/10 05:28:57.896, 0 %, 0 MiB, 81920 MiB
2026/06/10 05:29:02.897, 0 %, 531 MiB, 81920 MiB
2026/06/10 05:29:02.897, 0 %, 0 MiB, 81920 MiB
2026/06/10 05:29:07.898, 0 %, 531 MiB, 81920 MiB
2026/06/10 05:29:07.898, 0 %, 0 MiB, 81920 MiB
2026/06/10 05:29:12.898, 0 %, 531 MiB, 81920 MiB
2026/06/10 05:29:12.899, 0 %, 0 MiB, 81920 MiB
2026/06/10 05:29:17.899, 0 %, 531 MiB, 81920 MiB
2026/06/10 05:29:17.899, 0 %, 0 MiB, 81920 MiB
2026/06/10 05:29:22.900, 0 %, 531 MiB, 81920 MiB
2026/06/10 05:29:22.900, 0 %, 0 MiB, 81920 MiB
2026/06/10 05:29:27.901, 0 %, 531 MiB, 81920 MiB
2026/06/10 05:29:27.901, 0 %, 0 MiB, 81920 MiB
2026/06/10 05:29:32.902, 0 %, 531 MiB, 81920 MiB
2026/06/10 05:29:32.902, 0 %, 0 MiB, 81920 MiB
2026/06/10 05:29:37.902, 0 %, 531 MiB, 81920 MiB
2026/06/10 05:29:37.902, 0 %, 0 MiB, 81920 MiB
2026/06/10 05:29:42.903, 0 %, 531 MiB, 81920 MiB
2026/06/10 05:29:42.903, 0 %, 0 MiB, 81920 MiB
2026/06/10 05:29:47.904, 0 %, 531 MiB, 81920 MiB
2026/06/10 05:29:47.904, 0 %, 0 MiB, 81920 MiB
2026/06/10 05:29:52.905, 0 %, 531 MiB, 81920 MiB
2026/06/10 05:29:52.905, 0 %, 0 MiB, 81920 MiB
2026/06/10 05:29:57.906, 0 %, 531 MiB, 81920 MiB
2026/06/10 05:29:57.906, 0 %, 0 MiB, 81920 MiB
2026/06/10 05:30:02.906, 0 %, 531 MiB, 81920 MiB
2026/06/10 05:30:02.906, 0 %, 0 MiB, 81920 MiB
2026/06/10 05:30:07.907, 0 %, 531 MiB, 81920 MiB
2026/06/10 05:30:07.907, 0 %, 0 MiB, 81920 MiB
2026/06/10 05:30:12.908, 0 %, 531 MiB, 81920 MiB
2026/06/10 05:30:12.908, 0 %, 0 MiB, 81920 MiB
2026/06/10 05:30:17.908, 0 %, 531 MiB, 81920 MiB
2026/06/10 05:30:17.908, 0 %, 0 MiB, 81920 MiB
2026/06/10 05:30:22.909, 0 %, 531 MiB, 81920 MiB
2026/06/10 05:30:22.909, 0 %, 0 MiB, 81920 MiB
2026/06/10 05:30:27.910, 0 %, 531 MiB, 81920 MiB
2026/06/10 05:30:27.910, 0 %, 0 MiB, 81920 MiB
2026/06/10 05:30:32.910, 0 %, 531 MiB, 81920 MiB
2026/06/10 05:30:32.911, 0 %, 0 MiB, 81920 MiB
2026/06/10 05:30:37.911, 0 %, 531 MiB, 81920 MiB
2026/06/10 05:30:37.911, 0 %, 0 MiB, 81920 MiB
2026/06/10 05:30:42.912, 0 %, 531 MiB, 81920 MiB
2026/06/10 05:30:42.912, 0 %, 0 MiB, 81920 MiB
2026/06/10 05:30:47.913, 0 %, 531 MiB, 81920 MiB
2026/06/10 05:30:47.913, 0 %, 0 MiB, 81920 MiB
2026/06/10 05:30:52.914, 0 %, 531 MiB, 81920 MiB
2026/06/10 05:30:52.914, 0 %, 0 MiB, 81920 MiB
2026/06/10 05:30:57.915, 0 %, 531 MiB, 81920 MiB
2026/06/10 05:30:57.915, 0 %, 0 MiB, 81920 MiB
2026/06/10 05:31:02.916, 0 %, 531 MiB, 81920 MiB
2026/06/10 05:31:02.916, 0 %, 0 MiB, 81920 MiB
2026/06/10 05:31:07.917, 0 %, 531 MiB, 81920 MiB
2026/06/10 05:31:07.917, 0 %, 0 MiB, 81920 MiB
2026/06/10 05:31:12.917, 0 %, 531 MiB, 81920 MiB
2026/06/10 05:31:12.917, 0 %, 0 MiB, 81920 MiB
2026/06/10 05:31:17.918, 0 %, 531 MiB, 81920 MiB
2026/06/10 05:31:17.918, 0 %, 0 MiB, 81920 MiB
2026/06/10 05:31:22.919, 0 %, 531 MiB, 81920 MiB
2026/06/10 05:31:22.919, 0 %, 0 MiB, 81920 MiB
2026/06/10 05:31:27.920, 0 %, 531 MiB, 81920 MiB
2026/06/10 05:31:27.920, 0 %, 0 MiB, 81920 MiB
2026/06/10 05:31:32.921, 0 %, 531 MiB, 81920 MiB
2026/06/10 05:31:32.921, 0 %, 0 MiB, 81920 MiB
2026/06/10 05:31:37.922, 0 %, 531 MiB, 81920 MiB
2026/06/10 05:31:37.922, 0 %, 0 MiB, 81920 MiB
2026/06/10 05:31:42.922, 0 %, 531 MiB, 81920 MiB
2026/06/10 05:31:42.922, 0 %, 0 MiB, 81920 MiB
2026/06/10 05:31:47.923, 0 %, 531 MiB, 81920 MiB
2026/06/10 05:31:47.923, 0 %, 0 MiB, 81920 MiB
2026/06/10 05:31:52.924, 0 %, 531 MiB, 81920 MiB
2026/06/10 05:31:52.924, 0 %, 0 MiB, 81920 MiB
2026/06/10 05:31:57.925, 0 %, 531 MiB, 81920 MiB
2026/06/10 05:31:57.925, 0 %, 0 MiB, 81920 MiB
2026/06/10 05:32:02.925, 0 %, 531 MiB, 81920 MiB
2026/06/10 05:32:02.926, 0 %, 0 MiB, 81920 MiB
2026/06/10 05:32:07.926, 0 %, 531 MiB, 81920 MiB
2026/06/10 05:32:07.926, 0 %, 0 MiB, 81920 MiB
2026/06/10 05:32:12.927, 0 %, 531 MiB, 81920 MiB
2026/06/10 05:32:12.927, 0 %, 0 MiB, 81920 MiB
2026/06/10 05:32:17.928, 0 %, 531 MiB, 81920 MiB
2026/06/10 05:32:17.928, 0 %, 0 MiB, 81920 MiB
2026/06/10 05:32:22.928, 0 %, 531 MiB, 81920 MiB
2026/06/10 05:32:22.928, 0 %, 0 MiB, 81920 MiB
2026/06/10 05:32:27.929, 0 %, 531 MiB, 81920 MiB
2026/06/10 05:32:27.929, 0 %, 0 MiB, 81920 MiB
2026/06/10 05:32:32.930, 0 %, 531 MiB, 81920 MiB
2026/06/10 05:32:32.930, 0 %, 0 MiB, 81920 MiB
2026/06/10 05:32:37.931, 0 %, 531 MiB, 81920 MiB
2026/06/10 05:32:37.931, 0 %, 0 MiB, 81920 MiB
2026/06/10 05:32:42.931, 0 %, 531 MiB, 81920 MiB
2026/06/10 05:32:42.931, 0 %, 0 MiB, 81920 MiB
2026/06/10 05:32:47.932, 0 %, 531 MiB, 81920 MiB
2026/06/10 05:32:47.932, 0 %, 0 MiB, 81920 MiB
2026/06/10 05:32:52.933, 0 %, 531 MiB, 81920 MiB
2026/06/10 05:32:52.933, 0 %, 0 MiB, 81920 MiB
2026/06/10 05:32:57.933, 0 %, 531 MiB, 81920 MiB
2026/06/10 05:32:57.934, 0 %, 0 MiB, 81920 MiB
2026/06/10 05:33:02.934, 0 %, 531 MiB, 81920 MiB
2026/06/10 05:33:02.934, 0 %, 0 MiB, 81920 MiB
2026/06/10 05:33:07.935, 0 %, 531 MiB, 81920 MiB
2026/06/10 05:33:07.935, 0 %, 0 MiB, 81920 MiB
2026/06/10 05:33:12.936, 0 %, 531 MiB, 81920 MiB
2026/06/10 05:33:12.936, 0 %, 0 MiB, 81920 MiB
2026/06/10 05:33:17.937, 0 %, 531 MiB, 81920 MiB
2026/06/10 05:33:17.937, 0 %, 0 MiB, 81920 MiB
2026/06/10 05:33:22.938, 0 %, 531 MiB, 81920 MiB
2026/06/10 05:33:22.938, 0 %, 0 MiB, 81920 MiB
2026/06/10 05:33:27.938, 0 %, 531 MiB, 81920 MiB
2026/06/10 05:33:27.938, 0 %, 0 MiB, 81920 MiB
2026/06/10 05:33:32.939, 0 %, 531 MiB, 81920 MiB
2026/06/10 05:33:32.939, 0 %, 0 MiB, 81920 MiB
2026/06/10 05:33:37.940, 0 %, 531 MiB, 81920 MiB
2026/06/10 05:33:37.940, 0 %, 0 MiB, 81920 MiB
2026/06/10 05:33:42.940, 0 %, 531 MiB, 81920 MiB
2026/06/10 05:33:42.941, 0 %, 0 MiB, 81920 MiB
2026/06/10 05:33:47.941, 0 %, 531 MiB, 81920 MiB
2026/06/10 05:33:47.941, 0 %, 0 MiB, 81920 MiB
2026/06/10 05:33:52.942, 0 %, 531 MiB, 81920 MiB
2026/06/10 05:33:52.942, 0 %, 0 MiB, 81920 MiB
2026/06/10 05:33:57.943, 0 %, 531 MiB, 81920 MiB
2026/06/10 05:33:57.943, 0 %, 0 MiB, 81920 MiB
2026/06/10 05:34:02.943, 0 %, 531 MiB, 81920 MiB
2026/06/10 05:34:02.943, 0 %, 0 MiB, 81920 MiB
2026/06/10 05:34:07.944, 0 %, 531 MiB, 81920 MiB
2026/06/10 05:34:07.944, 0 %, 0 MiB, 81920 MiB
2026/06/10 05:34:12.945, 0 %, 531 MiB, 81920 MiB
2026/06/10 05:34:12.945, 0 %, 0 MiB, 81920 MiB
2026/06/10 05:34:17.945, 0 %, 531 MiB, 81920 MiB
2026/06/10 05:34:17.945, 0 %, 0 MiB, 81920 MiB
2026/06/10 05:34:22.946, 0 %, 531 MiB, 81920 MiB
2026/06/10 05:34:22.946, 0 %, 0 MiB, 81920 MiB
2026/06/10 05:34:27.947, 0 %, 531 MiB, 81920 MiB
2026/06/10 05:34:27.947, 0 %, 0 MiB, 81920 MiB
2026/06/10 05:34:32.948, 0 %, 531 MiB, 81920 MiB
2026/06/10 05:34:32.948, 0 %, 0 MiB, 81920 MiB
2026/06/10 05:34:37.949, 0 %, 531 MiB, 81920 MiB
2026/06/10 05:34:37.949, 0 %, 0 MiB, 81920 MiB
2026/06/10 05:34:42.950, 0 %, 531 MiB, 81920 MiB
2026/06/10 05:34:42.950, 0 %, 0 MiB, 81920 MiB
2026/06/10 05:34:47.950, 0 %, 531 MiB, 81920 MiB
2026/06/10 05:34:47.950, 0 %, 0 MiB, 81920 MiB
2026/06/10 05:34:52.951, 0 %, 531 MiB, 81920 MiB
2026/06/10 05:34:52.951, 0 %, 0 MiB, 81920 MiB
2026/06/10 05:34:57.952, 0 %, 531 MiB, 81920 MiB
2026/06/10 05:34:57.952, 0 %, 0 MiB, 81920 MiB
2026/06/10 05:35:02.953, 0 %, 531 MiB, 81920 MiB
2026/06/10 05:35:02.953, 0 %, 0 MiB, 81920 MiB
2026/06/10 05:35:07.954, 0 %, 531 MiB, 81920 MiB
2026/06/10 05:35:07.954, 0 %, 0 MiB, 81920 MiB
2026/06/10 05:35:12.955, 0 %, 531 MiB, 81920 MiB
2026/06/10 05:35:12.955, 0 %, 0 MiB, 81920 MiB
2026/06/10 05:35:17.955, 0 %, 531 MiB, 81920 MiB
2026/06/10 05:35:17.956, 0 %, 0 MiB, 81920 MiB
2026/06/10 05:35:22.956, 0 %, 531 MiB, 81920 MiB
2026/06/10 05:35:22.956, 0 %, 0 MiB, 81920 MiB
2026/06/10 05:35:27.957, 0 %, 531 MiB, 81920 MiB
2026/06/10 05:35:27.957, 0 %, 0 MiB, 81920 MiB
2026/06/10 05:35:32.958, 0 %, 531 MiB, 81920 MiB
2026/06/10 05:35:32.958, 0 %, 0 MiB, 81920 MiB
2026/06/10 05:35:37.959, 0 %, 531 MiB, 81920 MiB
2026/06/10 05:35:37.959, 0 %, 0 MiB, 81920 MiB
2026/06/10 05:35:42.960, 0 %, 531 MiB, 81920 MiB
2026/06/10 05:35:42.960, 0 %, 0 MiB, 81920 MiB
2026/06/10 05:35:47.960, 0 %, 531 MiB, 81920 MiB
2026/06/10 05:35:47.960, 0 %, 0 MiB, 81920 MiB
2026/06/10 05:35:52.961, 0 %, 531 MiB, 81920 MiB
2026/06/10 05:35:52.961, 0 %, 0 MiB, 81920 MiB
2026/06/10 05:35:57.962, 0 %, 531 MiB, 81920 MiB
2026/06/10 05:35:57.962, 0 %, 0 MiB, 81920 MiB
2026/06/10 05:36:02.963, 0 %, 531 MiB, 81920 MiB
2026/06/10 05:36:02.963, 0 %, 0 MiB, 81920 MiB
2026/06/10 05:36:07.964, 0 %, 531 MiB, 81920 MiB
2026/06/10 05:36:07.964, 0 %, 0 MiB, 81920 MiB
2026/06/10 05:36:12.965, 0 %, 531 MiB, 81920 MiB
2026/06/10 05:36:12.965, 0 %, 0 MiB, 81920 MiB
2026/06/10 05:36:17.965, 0 %, 531 MiB, 81920 MiB
2026/06/10 05:36:17.966, 0 %, 0 MiB, 81920 MiB
2026/06/10 05:36:22.966, 0 %, 531 MiB, 81920 MiB
2026/06/10 05:36:22.966, 0 %, 0 MiB, 81920 MiB
2026/06/10 05:36:27.967, 0 %, 531 MiB, 81920 MiB
2026/06/10 05:36:27.967, 0 %, 0 MiB, 81920 MiB
2026/06/10 05:36:32.968, 0 %, 531 MiB, 81920 MiB
2026/06/10 05:36:32.968, 0 %, 0 MiB, 81920 MiB
2026/06/10 05:36:37.969, 0 %, 531 MiB, 81920 MiB
2026/06/10 05:36:37.969, 0 %, 0 MiB, 81920 MiB
2026/06/10 05:36:42.970, 0 %, 531 MiB, 81920 MiB
2026/06/10 05:36:42.970, 0 %, 0 MiB, 81920 MiB
2026/06/10 05:36:47.971, 0 %, 531 MiB, 81920 MiB
2026/06/10 05:36:47.971, 0 %, 0 MiB, 81920 MiB
2026/06/10 05:36:52.972, 0 %, 531 MiB, 81920 MiB
2026/06/10 05:36:52.972, 0 %, 0 MiB, 81920 MiB
2026/06/10 05:36:57.973, 0 %, 531 MiB, 81920 MiB
2026/06/10 05:36:57.973, 0 %, 0 MiB, 81920 MiB
2026/06/10 05:37:02.974, 0 %, 531 MiB, 81920 MiB
2026/06/10 05:37:02.974, 0 %, 0 MiB, 81920 MiB
2026/06/10 05:37:07.974, 0 %, 531 MiB, 81920 MiB
2026/06/10 05:37:07.975, 0 %, 0 MiB, 81920 MiB
2026/06/10 05:37:12.975, 0 %, 531 MiB, 81920 MiB
2026/06/10 05:37:12.975, 0 %, 0 MiB, 81920 MiB
2026/06/10 05:37:17.976, 0 %, 531 MiB, 81920 MiB
2026/06/10 05:37:17.976, 0 %, 0 MiB, 81920 MiB
2026/06/10 05:37:22.977, 0 %, 531 MiB, 81920 MiB
2026/06/10 05:37:22.977, 0 %, 0 MiB, 81920 MiB
2026/06/10 05:37:27.978, 0 %, 531 MiB, 81920 MiB
2026/06/10 05:37:27.978, 0 %, 0 MiB, 81920 MiB
2026/06/10 05:37:32.979, 0 %, 531 MiB, 81920 MiB
2026/06/10 05:37:32.979, 0 %, 0 MiB, 81920 MiB
2026/06/10 05:37:37.980, 0 %, 531 MiB, 81920 MiB
2026/06/10 05:37:37.980, 0 %, 0 MiB, 81920 MiB
2026/06/10 05:37:42.980, 0 %, 531 MiB, 81920 MiB
2026/06/10 05:37:42.981, 0 %, 0 MiB, 81920 MiB
2026/06/10 05:37:47.981, 0 %, 531 MiB, 81920 MiB
2026/06/10 05:37:47.981, 0 %, 0 MiB, 81920 MiB
2026/06/10 05:37:52.982, 0 %, 531 MiB, 81920 MiB
2026/06/10 05:37:52.982, 0 %, 0 MiB, 81920 MiB
2026/06/10 05:37:57.983, 0 %, 531 MiB, 81920 MiB
2026/06/10 05:37:57.983, 0 %, 0 MiB, 81920 MiB
2026/06/10 05:38:02.984, 0 %, 531 MiB, 81920 MiB
2026/06/10 05:38:02.984, 0 %, 0 MiB, 81920 MiB
2026/06/10 05:38:07.985, 0 %, 531 MiB, 81920 MiB
2026/06/10 05:38:07.985, 0 %, 0 MiB, 81920 MiB
2026/06/10 05:38:12.986, 0 %, 531 MiB, 81920 MiB
2026/06/10 05:38:12.986, 0 %, 0 MiB, 81920 MiB
2026/06/10 05:38:17.987, 0 %, 531 MiB, 81920 MiB
2026/06/10 05:38:17.987, 0 %, 0 MiB, 81920 MiB
2026/06/10 05:38:22.988, 0 %, 531 MiB, 81920 MiB
2026/06/10 05:38:22.988, 0 %, 0 MiB, 81920 MiB
2026/06/10 05:38:28.048, 0 %, 497 MiB, 81920 MiB
2026/06/10 05:38:28.048, 0 %, 0 MiB, 81920 MiB
2026/06/10 05:38:33.050, 0 %, 497 MiB, 81920 MiB
2026/06/10 05:38:33.050, 0 %, 0 MiB, 81920 MiB
2026/06/10 05:38:38.051, 0 %, 497 MiB, 81920 MiB
2026/06/10 05:38:38.051, 0 %, 0 MiB, 81920 MiB
2026/06/10 05:38:43.052, 0 %, 497 MiB, 81920 MiB
2026/06/10 05:38:43.052, 0 %, 0 MiB, 81920 MiB
2026/06/10 05:38:48.053, 0 %, 497 MiB, 81920 MiB
2026/06/10 05:38:48.053, 0 %, 0 MiB, 81920 MiB
2026/06/10 05:38:53.054, 0 %, 497 MiB, 81920 MiB
2026/06/10 05:38:53.054, 0 %, 0 MiB, 81920 MiB
2026/06/10 05:38:58.055, 0 %, 497 MiB, 81920 MiB
2026/06/10 05:38:58.055, 0 %, 0 MiB, 81920 MiB
2026/06/10 05:39:03.056, 0 %, 497 MiB, 81920 MiB
2026/06/10 05:39:03.056, 0 %, 0 MiB, 81920 MiB
2026/06/10 05:39:08.057, 0 %, 497 MiB, 81920 MiB
2026/06/10 05:39:08.057, 0 %, 0 MiB, 81920 MiB
2026/06/10 05:39:13.058, 0 %, 497 MiB, 81920 MiB
2026/06/10 05:39:13.058, 0 %, 0 MiB, 81920 MiB
2026/06/10 05:39:18.059, 0 %, 497 MiB, 81920 MiB
2026/06/10 05:39:18.059, 0 %, 0 MiB, 81920 MiB
2026/06/10 05:39:23.060, 0 %, 497 MiB, 81920 MiB
2026/06/10 05:39:23.060, 0 %, 0 MiB, 81920 MiB
2026/06/10 05:39:28.061, 0 %, 497 MiB, 81920 MiB
2026/06/10 05:39:28.061, 0 %, 0 MiB, 81920 MiB
2026/06/10 05:39:33.062, 0 %, 497 MiB, 81920 MiB
2026/06/10 05:39:33.062, 0 %, 0 MiB, 81920 MiB
2026/06/10 05:39:38.063, 0 %, 497 MiB, 81920 MiB
2026/06/10 05:39:38.063, 0 %, 0 MiB, 81920 MiB
2026/06/10 05:39:43.064, 0 %, 497 MiB, 81920 MiB
2026/06/10 05:39:43.064, 0 %, 0 MiB, 81920 MiB
2026/06/10 05:39:48.065, 0 %, 497 MiB, 81920 MiB
2026/06/10 05:39:48.065, 0 %, 0 MiB, 81920 MiB
2026/06/10 05:39:53.066, 0 %, 497 MiB, 81920 MiB
2026/06/10 05:39:53.066, 0 %, 0 MiB, 81920 MiB
2026/06/10 05:39:58.067, 0 %, 497 MiB, 81920 MiB
2026/06/10 05:39:58.067, 0 %, 0 MiB, 81920 MiB
2026/06/10 05:40:03.068, 0 %, 497 MiB, 81920 MiB
2026/06/10 05:40:03.068, 0 %, 0 MiB, 81920 MiB
2026/06/10 05:40:08.069, 0 %, 497 MiB, 81920 MiB
2026/06/10 05:40:08.069, 0 %, 0 MiB, 81920 MiB
2026/06/10 05:40:13.070, 0 %, 497 MiB, 81920 MiB
2026/06/10 05:40:13.070, 0 %, 0 MiB, 81920 MiB
2026/06/10 05:40:18.071, 0 %, 497 MiB, 81920 MiB
2026/06/10 05:40:18.071, 0 %, 0 MiB, 81920 MiB
2026/06/10 05:40:23.072, 0 %, 497 MiB, 81920 MiB
2026/06/10 05:40:23.072, 0 %, 0 MiB, 81920 MiB
2026/06/10 05:40:28.073, 0 %, 497 MiB, 81920 MiB
2026/06/10 05:40:28.073, 0 %, 0 MiB, 81920 MiB
2026/06/10 05:40:33.074, 0 %, 497 MiB, 81920 MiB
2026/06/10 05:40:33.074, 0 %, 0 MiB, 81920 MiB
2026/06/10 05:40:38.075, 0 %, 497 MiB, 81920 MiB
2026/06/10 05:40:38.075, 0 %, 0 MiB, 81920 MiB
2026/06/10 05:40:43.076, 0 %, 497 MiB, 81920 MiB
2026/06/10 05:40:43.076, 0 %, 0 MiB, 81920 MiB
2026/06/10 05:40:48.077, 0 %, 497 MiB, 81920 MiB
2026/06/10 05:40:48.077, 0 %, 0 MiB, 81920 MiB
2026/06/10 05:40:53.078, 0 %, 497 MiB, 81920 MiB
2026/06/10 05:40:53.078, 0 %, 0 MiB, 81920 MiB
2026/06/10 05:40:58.079, 0 %, 497 MiB, 81920 MiB
2026/06/10 05:40:58.079, 0 %, 0 MiB, 81920 MiB
2026/06/10 05:41:03.080, 0 %, 497 MiB, 81920 MiB
2026/06/10 05:41:03.080, 0 %, 0 MiB, 81920 MiB
2026/06/10 05:41:08.081, 0 %, 497 MiB, 81920 MiB
2026/06/10 05:41:08.081, 0 %, 0 MiB, 81920 MiB
2026/06/10 05:41:13.082, 0 %, 497 MiB, 81920 MiB
2026/06/10 05:41:13.082, 0 %, 0 MiB, 81920 MiB
2026/06/10 05:41:18.083, 0 %, 497 MiB, 81920 MiB
2026/06/10 05:41:18.083, 0 %, 0 MiB, 81920 MiB
2026/06/10 05:41:23.084, 0 %, 497 MiB, 81920 MiB
2026/06/10 05:41:23.084, 0 %, 0 MiB, 81920 MiB
2026/06/10 05:41:28.085, 0 %, 497 MiB, 81920 MiB
2026/06/10 05:41:28.085, 0 %, 0 MiB, 81920 MiB
2026/06/10 05:41:33.086, 0 %, 497 MiB, 81920 MiB
2026/06/10 05:41:33.086, 0 %, 0 MiB, 81920 MiB
2026/06/10 05:41:38.087, 38 %, 567 MiB, 81920 MiB
2026/06/10 05:41:38.087, 0 %, 0 MiB, 81920 MiB
2026/06/10 05:41:43.088, 0 %, 531 MiB, 81920 MiB
2026/06/10 05:41:43.088, 0 %, 0 MiB, 81920 MiB
2026/06/10 05:41:48.089, 0 %, 531 MiB, 81920 MiB
2026/06/10 05:41:48.089, 0 %, 0 MiB, 81920 MiB
2026/06/10 05:41:53.090, 0 %, 531 MiB, 81920 MiB
2026/06/10 05:41:53.090, 0 %, 0 MiB, 81920 MiB
2026/06/10 05:41:58.091, 0 %, 531 MiB, 81920 MiB
2026/06/10 05:41:58.091, 0 %, 0 MiB, 81920 MiB
2026/06/10 05:42:03.092, 0 %, 531 MiB, 81920 MiB
2026/06/10 05:42:03.092, 0 %, 0 MiB, 81920 MiB
2026/06/10 05:42:08.093, 0 %, 531 MiB, 81920 MiB
2026/06/10 05:42:08.093, 0 %, 0 MiB, 81920 MiB
2026/06/10 05:42:13.094, 0 %, 531 MiB, 81920 MiB
2026/06/10 05:42:13.094, 0 %, 0 MiB, 81920 MiB
2026/06/10 05:42:18.094, 0 %, 531 MiB, 81920 MiB
2026/06/10 05:42:18.095, 0 %, 0 MiB, 81920 MiB
2026/06/10 05:42:23.095, 0 %, 531 MiB, 81920 MiB
2026/06/10 05:42:23.095, 0 %, 0 MiB, 81920 MiB
2026/06/10 05:42:28.096, 0 %, 531 MiB, 81920 MiB
2026/06/10 05:42:28.096, 0 %, 0 MiB, 81920 MiB
2026/06/10 05:42:33.097, 0 %, 531 MiB, 81920 MiB
2026/06/10 05:42:33.097, 0 %, 0 MiB, 81920 MiB
2026/06/10 05:42:38.098, 0 %, 531 MiB, 81920 MiB
2026/06/10 05:42:38.098, 0 %, 0 MiB, 81920 MiB
2026/06/10 05:42:43.099, 0 %, 531 MiB, 81920 MiB
2026/06/10 05:42:43.099, 0 %, 0 MiB, 81920 MiB
2026/06/10 05:42:48.100, 0 %, 531 MiB, 81920 MiB
2026/06/10 05:42:48.100, 0 %, 0 MiB, 81920 MiB
2026/06/10 05:42:53.101, 0 %, 531 MiB, 81920 MiB
2026/06/10 05:42:53.101, 0 %, 0 MiB, 81920 MiB
2026/06/10 05:42:58.102, 0 %, 531 MiB, 81920 MiB
2026/06/10 05:42:58.102, 0 %, 0 MiB, 81920 MiB
2026/06/10 05:43:03.103, 0 %, 531 MiB, 81920 MiB
2026/06/10 05:43:03.103, 0 %, 0 MiB, 81920 MiB
2026/06/10 05:43:08.103, 0 %, 531 MiB, 81920 MiB
2026/06/10 05:43:08.104, 0 %, 0 MiB, 81920 MiB
2026/06/10 05:43:13.104, 0 %, 531 MiB, 81920 MiB
2026/06/10 05:43:13.104, 0 %, 0 MiB, 81920 MiB
2026/06/10 05:43:18.105, 0 %, 531 MiB, 81920 MiB
2026/06/10 05:43:18.105, 0 %, 0 MiB, 81920 MiB
2026/06/10 05:43:23.106, 0 %, 531 MiB, 81920 MiB
2026/06/10 05:43:23.106, 0 %, 0 MiB, 81920 MiB
2026/06/10 05:43:28.107, 0 %, 531 MiB, 81920 MiB
2026/06/10 05:43:28.107, 0 %, 0 MiB, 81920 MiB
2026/06/10 05:43:33.108, 0 %, 531 MiB, 81920 MiB
2026/06/10 05:43:33.108, 0 %, 0 MiB, 81920 MiB
2026/06/10 05:43:38.109, 0 %, 531 MiB, 81920 MiB
2026/06/10 05:43:38.109, 0 %, 0 MiB, 81920 MiB
2026/06/10 05:43:43.110, 0 %, 531 MiB, 81920 MiB
2026/06/10 05:43:43.110, 0 %, 0 MiB, 81920 MiB
2026/06/10 05:43:48.111, 0 %, 531 MiB, 81920 MiB
2026/06/10 05:43:48.111, 0 %, 0 MiB, 81920 MiB
2026/06/10 05:43:53.112, 0 %, 531 MiB, 81920 MiB
2026/06/10 05:43:53.112, 0 %, 0 MiB, 81920 MiB
2026/06/10 05:43:58.112, 0 %, 531 MiB, 81920 MiB
2026/06/10 05:43:58.113, 0 %, 0 MiB, 81920 MiB
2026/06/10 05:44:03.113, 0 %, 531 MiB, 81920 MiB
2026/06/10 05:44:03.113, 0 %, 0 MiB, 81920 MiB
2026/06/10 05:44:08.114, 0 %, 531 MiB, 81920 MiB
2026/06/10 05:44:08.114, 0 %, 0 MiB, 81920 MiB
2026/06/10 05:44:13.115, 0 %, 531 MiB, 81920 MiB
2026/06/10 05:44:13.115, 0 %, 0 MiB, 81920 MiB
2026/06/10 05:44:18.116, 0 %, 531 MiB, 81920 MiB
2026/06/10 05:44:18.116, 0 %, 0 MiB, 81920 MiB
2026/06/10 05:44:23.117, 0 %, 531 MiB, 81920 MiB
2026/06/10 05:44:23.117, 0 %, 0 MiB, 81920 MiB
2026/06/10 05:44:28.118, 0 %, 531 MiB, 81920 MiB
2026/06/10 05:44:28.118, 0 %, 0 MiB, 81920 MiB
2026/06/10 05:44:33.119, 0 %, 531 MiB, 81920 MiB
2026/06/10 05:44:33.119, 0 %, 0 MiB, 81920 MiB
2026/06/10 05:44:38.120, 0 %, 531 MiB, 81920 MiB
2026/06/10 05:44:38.120, 0 %, 0 MiB, 81920 MiB
2026/06/10 05:44:43.120, 0 %, 531 MiB, 81920 MiB
2026/06/10 05:44:43.121, 0 %, 0 MiB, 81920 MiB
2026/06/10 05:44:48.121, 0 %, 531 MiB, 81920 MiB
2026/06/10 05:44:48.121, 0 %, 0 MiB, 81920 MiB
2026/06/10 05:44:53.122, 0 %, 531 MiB, 81920 MiB
2026/06/10 05:44:53.122, 0 %, 0 MiB, 81920 MiB
2026/06/10 05:44:58.123, 0 %, 531 MiB, 81920 MiB
2026/06/10 05:44:58.123, 0 %, 0 MiB, 81920 MiB
2026/06/10 05:45:03.124, 0 %, 531 MiB, 81920 MiB
2026/06/10 05:45:03.124, 0 %, 0 MiB, 81920 MiB
2026/06/10 05:45:08.125, 0 %, 531 MiB, 81920 MiB
2026/06/10 05:45:08.125, 0 %, 0 MiB, 81920 MiB
2026/06/10 05:45:13.126, 0 %, 531 MiB, 81920 MiB
2026/06/10 05:45:13.126, 0 %, 0 MiB, 81920 MiB
2026/06/10 05:45:18.127, 0 %, 531 MiB, 81920 MiB
2026/06/10 05:45:18.127, 0 %, 0 MiB, 81920 MiB
2026/06/10 05:45:23.128, 0 %, 531 MiB, 81920 MiB
2026/06/10 05:45:23.128, 0 %, 0 MiB, 81920 MiB
2026/06/10 05:45:28.129, 0 %, 531 MiB, 81920 MiB
2026/06/10 05:45:28.129, 0 %, 0 MiB, 81920 MiB
2026/06/10 05:45:33.129, 0 %, 531 MiB, 81920 MiB
2026/06/10 05:45:33.130, 0 %, 0 MiB, 81920 MiB
2026/06/10 05:45:38.130, 0 %, 531 MiB, 81920 MiB
2026/06/10 05:45:38.130, 0 %, 0 MiB, 81920 MiB
2026/06/10 05:45:43.131, 0 %, 531 MiB, 81920 MiB
2026/06/10 05:45:43.131, 0 %, 0 MiB, 81920 MiB
2026/06/10 05:45:48.132, 0 %, 531 MiB, 81920 MiB
2026/06/10 05:45:48.132, 0 %, 0 MiB, 81920 MiB
2026/06/10 05:45:53.133, 0 %, 531 MiB, 81920 MiB
2026/06/10 05:45:53.133, 0 %, 0 MiB, 81920 MiB
2026/06/10 05:45:58.134, 0 %, 531 MiB, 81920 MiB
2026/06/10 05:45:58.134, 0 %, 0 MiB, 81920 MiB
2026/06/10 05:46:03.135, 0 %, 531 MiB, 81920 MiB
2026/06/10 05:46:03.135, 0 %, 0 MiB, 81920 MiB
2026/06/10 05:46:08.136, 0 %, 531 MiB, 81920 MiB
2026/06/10 05:46:08.136, 0 %, 0 MiB, 81920 MiB
2026/06/10 05:46:13.137, 0 %, 531 MiB, 81920 MiB
2026/06/10 05:46:13.137, 0 %, 0 MiB, 81920 MiB
2026/06/10 05:46:18.137, 0 %, 531 MiB, 81920 MiB
2026/06/10 05:46:18.138, 0 %, 0 MiB, 81920 MiB
2026/06/10 05:46:23.138, 0 %, 531 MiB, 81920 MiB
2026/06/10 05:46:23.138, 0 %, 0 MiB, 81920 MiB
2026/06/10 05:46:28.139, 0 %, 531 MiB, 81920 MiB
2026/06/10 05:46:28.139, 0 %, 0 MiB, 81920 MiB
2026/06/10 05:46:33.140, 0 %, 531 MiB, 81920 MiB
2026/06/10 05:46:33.140, 0 %, 0 MiB, 81920 MiB
2026/06/10 05:46:38.141, 0 %, 531 MiB, 81920 MiB
2026/06/10 05:46:38.141, 0 %, 0 MiB, 81920 MiB
2026/06/10 05:46:43.142, 0 %, 531 MiB, 81920 MiB
2026/06/10 05:46:43.142, 0 %, 0 MiB, 81920 MiB
2026/06/10 05:46:48.143, 0 %, 531 MiB, 81920 MiB
2026/06/10 05:46:48.143, 0 %, 0 MiB, 81920 MiB
2026/06/10 05:46:53.144, 0 %, 531 MiB, 81920 MiB
2026/06/10 05:46:53.144, 0 %, 0 MiB, 81920 MiB
2026/06/10 05:46:58.145, 0 %, 531 MiB, 81920 MiB
2026/06/10 05:46:58.145, 0 %, 0 MiB, 81920 MiB
2026/06/10 05:47:03.145, 0 %, 531 MiB, 81920 MiB
2026/06/10 05:47:03.146, 0 %, 0 MiB, 81920 MiB
2026/06/10 05:47:08.146, 0 %, 531 MiB, 81920 MiB
2026/06/10 05:47:08.146, 0 %, 0 MiB, 81920 MiB
2026/06/10 05:47:13.147, 0 %, 531 MiB, 81920 MiB
2026/06/10 05:47:13.147, 0 %, 0 MiB, 81920 MiB
2026/06/10 05:47:18.148, 0 %, 531 MiB, 81920 MiB
2026/06/10 05:47:18.148, 0 %, 0 MiB, 81920 MiB
2026/06/10 05:47:23.149, 0 %, 531 MiB, 81920 MiB
2026/06/10 05:47:23.149, 0 %, 0 MiB, 81920 MiB
2026/06/10 05:47:28.150, 0 %, 531 MiB, 81920 MiB
2026/06/10 05:47:28.150, 0 %, 0 MiB, 81920 MiB
2026/06/10 05:47:33.151, 0 %, 531 MiB, 81920 MiB
2026/06/10 05:47:33.151, 0 %, 0 MiB, 81920 MiB
2026/06/10 05:47:38.152, 0 %, 531 MiB, 81920 MiB
2026/06/10 05:47:38.152, 0 %, 0 MiB, 81920 MiB
2026/06/10 05:47:43.153, 0 %, 531 MiB, 81920 MiB
2026/06/10 05:47:43.153, 0 %, 0 MiB, 81920 MiB
2026/06/10 05:47:48.154, 0 %, 531 MiB, 81920 MiB
2026/06/10 05:47:48.154, 0 %, 0 MiB, 81920 MiB
2026/06/10 05:47:53.155, 0 %, 531 MiB, 81920 MiB
2026/06/10 05:47:53.155, 0 %, 0 MiB, 81920 MiB
2026/06/10 05:47:58.155, 0 %, 531 MiB, 81920 MiB
2026/06/10 05:47:58.156, 0 %, 0 MiB, 81920 MiB
2026/06/10 05:48:03.156, 0 %, 531 MiB, 81920 MiB
2026/06/10 05:48:03.156, 0 %, 0 MiB, 81920 MiB
2026/06/10 05:48:08.157, 0 %, 531 MiB, 81920 MiB
2026/06/10 05:48:08.157, 0 %, 0 MiB, 81920 MiB
2026/06/10 05:48:13.158, 0 %, 531 MiB, 81920 MiB
2026/06/10 05:48:13.158, 0 %, 0 MiB, 81920 MiB
2026/06/10 05:48:18.159, 0 %, 531 MiB, 81920 MiB
2026/06/10 05:48:18.159, 0 %, 0 MiB, 81920 MiB
2026/06/10 05:48:23.160, 0 %, 531 MiB, 81920 MiB
2026/06/10 05:48:23.160, 0 %, 0 MiB, 81920 MiB
2026/06/10 05:48:28.161, 0 %, 531 MiB, 81920 MiB
2026/06/10 05:48:28.161, 0 %, 0 MiB, 81920 MiB
2026/06/10 05:48:33.162, 0 %, 531 MiB, 81920 MiB
2026/06/10 05:48:33.162, 0 %, 0 MiB, 81920 MiB
2026/06/10 05:48:38.163, 0 %, 531 MiB, 81920 MiB
2026/06/10 05:48:38.163, 0 %, 0 MiB, 81920 MiB
2026/06/10 05:48:43.163, 0 %, 531 MiB, 81920 MiB
2026/06/10 05:48:43.164, 0 %, 0 MiB, 81920 MiB
2026/06/10 05:48:48.164, 0 %, 531 MiB, 81920 MiB
2026/06/10 05:48:48.165, 0 %, 0 MiB, 81920 MiB
2026/06/10 05:48:53.165, 0 %, 531 MiB, 81920 MiB
2026/06/10 05:48:53.165, 0 %, 0 MiB, 81920 MiB
2026/06/10 05:48:58.166, 0 %, 531 MiB, 81920 MiB
2026/06/10 05:48:58.166, 0 %, 0 MiB, 81920 MiB
2026/06/10 05:49:03.167, 0 %, 531 MiB, 81920 MiB
2026/06/10 05:49:03.167, 0 %, 0 MiB, 81920 MiB
2026/06/10 05:49:08.168, 0 %, 531 MiB, 81920 MiB
2026/06/10 05:49:08.168, 0 %, 0 MiB, 81920 MiB
2026/06/10 05:49:13.169, 0 %, 531 MiB, 81920 MiB
2026/06/10 05:49:13.169, 0 %, 0 MiB, 81920 MiB
2026/06/10 05:49:18.170, 0 %, 531 MiB, 81920 MiB
2026/06/10 05:49:18.170, 0 %, 0 MiB, 81920 MiB
2026/06/10 05:49:23.171, 0 %, 531 MiB, 81920 MiB
2026/06/10 05:49:23.171, 0 %, 0 MiB, 81920 MiB
2026/06/10 05:49:28.172, 0 %, 531 MiB, 81920 MiB
2026/06/10 05:49:28.172, 0 %, 0 MiB, 81920 MiB
2026/06/10 05:49:33.173, 0 %, 531 MiB, 81920 MiB
2026/06/10 05:49:33.173, 0 %, 0 MiB, 81920 MiB
2026/06/10 05:49:38.173, 0 %, 531 MiB, 81920 MiB
2026/06/10 05:49:38.174, 0 %, 0 MiB, 81920 MiB
2026/06/10 05:49:43.174, 0 %, 531 MiB, 81920 MiB
2026/06/10 05:49:43.174, 0 %, 0 MiB, 81920 MiB
2026/06/10 05:49:48.175, 0 %, 531 MiB, 81920 MiB
2026/06/10 05:49:48.175, 0 %, 0 MiB, 81920 MiB
2026/06/10 05:49:53.176, 0 %, 531 MiB, 81920 MiB
2026/06/10 05:49:53.176, 0 %, 0 MiB, 81920 MiB
2026/06/10 05:49:58.177, 0 %, 531 MiB, 81920 MiB
2026/06/10 05:49:58.177, 0 %, 0 MiB, 81920 MiB
2026/06/10 05:50:03.178, 0 %, 531 MiB, 81920 MiB
2026/06/10 05:50:03.178, 0 %, 0 MiB, 81920 MiB
2026/06/10 05:50:08.179, 0 %, 531 MiB, 81920 MiB
2026/06/10 05:50:08.179, 0 %, 0 MiB, 81920 MiB
2026/06/10 05:50:13.180, 0 %, 531 MiB, 81920 MiB
2026/06/10 05:50:13.180, 0 %, 0 MiB, 81920 MiB
2026/06/10 05:50:18.181, 0 %, 531 MiB, 81920 MiB
2026/06/10 05:50:18.181, 0 %, 0 MiB, 81920 MiB
2026/06/10 05:50:23.182, 0 %, 531 MiB, 81920 MiB
2026/06/10 05:50:23.182, 0 %, 0 MiB, 81920 MiB
2026/06/10 05:50:28.182, 0 %, 531 MiB, 81920 MiB
2026/06/10 05:50:28.183, 0 %, 0 MiB, 81920 MiB
2026/06/10 05:50:33.183, 0 %, 531 MiB, 81920 MiB
2026/06/10 05:50:33.183, 0 %, 0 MiB, 81920 MiB
2026/06/10 05:50:38.184, 0 %, 531 MiB, 81920 MiB
2026/06/10 05:50:38.184, 0 %, 0 MiB, 81920 MiB
2026/06/10 05:50:43.185, 0 %, 531 MiB, 81920 MiB
2026/06/10 05:50:43.185, 0 %, 0 MiB, 81920 MiB
2026/06/10 05:50:48.186, 0 %, 531 MiB, 81920 MiB
2026/06/10 05:50:48.186, 0 %, 0 MiB, 81920 MiB
2026/06/10 05:50:53.187, 0 %, 531 MiB, 81920 MiB
2026/06/10 05:50:53.187, 0 %, 0 MiB, 81920 MiB
2026/06/10 05:50:58.188, 0 %, 531 MiB, 81920 MiB
2026/06/10 05:50:58.188, 0 %, 0 MiB, 81920 MiB
2026/06/10 05:51:03.189, 0 %, 531 MiB, 81920 MiB
2026/06/10 05:51:03.189, 0 %, 0 MiB, 81920 MiB
2026/06/10 05:51:08.190, 0 %, 531 MiB, 81920 MiB
2026/06/10 05:51:08.190, 0 %, 0 MiB, 81920 MiB
2026/06/10 05:51:13.191, 0 %, 531 MiB, 81920 MiB
2026/06/10 05:51:13.191, 0 %, 0 MiB, 81920 MiB
2026/06/10 05:51:18.191, 0 %, 531 MiB, 81920 MiB
2026/06/10 05:51:18.192, 0 %, 0 MiB, 81920 MiB
2026/06/10 05:51:23.192, 0 %, 531 MiB, 81920 MiB
2026/06/10 05:51:23.192, 0 %, 0 MiB, 81920 MiB
2026/06/10 05:51:28.193, 0 %, 531 MiB, 81920 MiB
2026/06/10 05:51:28.193, 0 %, 0 MiB, 81920 MiB
2026/06/10 05:51:33.194, 0 %, 531 MiB, 81920 MiB
2026/06/10 05:51:33.194, 0 %, 0 MiB, 81920 MiB
2026/06/10 05:51:38.195, 0 %, 531 MiB, 81920 MiB
2026/06/10 05:51:38.195, 0 %, 0 MiB, 81920 MiB
2026/06/10 05:51:43.196, 0 %, 531 MiB, 81920 MiB
2026/06/10 05:51:43.196, 0 %, 0 MiB, 81920 MiB
2026/06/10 05:51:48.197, 0 %, 531 MiB, 81920 MiB
2026/06/10 05:51:48.197, 0 %, 0 MiB, 81920 MiB
2026/06/10 05:51:53.198, 0 %, 531 MiB, 81920 MiB
2026/06/10 05:51:53.198, 0 %, 0 MiB, 81920 MiB
2026/06/10 05:51:58.199, 0 %, 531 MiB, 81920 MiB
2026/06/10 05:51:58.199, 0 %, 0 MiB, 81920 MiB
2026/06/10 05:52:03.199, 0 %, 419 MiB, 81920 MiB
2026/06/10 05:52:03.199, 0 %, 0 MiB, 81920 MiB
2026/06/10 05:52:08.200, 0 %, 417 MiB, 81920 MiB
2026/06/10 05:52:08.200, 0 %, 0 MiB, 81920 MiB
2026/06/10 05:52:13.201, 0 %, 417 MiB, 81920 MiB
2026/06/10 05:52:13.201, 0 %, 0 MiB, 81920 MiB
2026/06/10 05:52:18.202, 0 %, 417 MiB, 81920 MiB
2026/06/10 05:52:18.202, 0 %, 0 MiB, 81920 MiB
